Date,USD_PolicyRate,USD_OIS_ON,USD_GC_ON,GBP_PolicyRate,GBP_OIS_ON,GBP_GC_ON,EUR_PolicyRate,EUR_OIS_ON,EUR_GC_ON,JPY_PolicyRate,JPY_OIS_ON,JPY_GC_ON
31-Dec-1998,NaN,NaN,NaN,NaN,NaN,NaN,NaN,NaN,NaN,NaN,NaN,NaN
01-Jan-1999,NaN,NaN,NaN,NaN,NaN,NaN,NaN,NaN,NaN,NaN,NaN,NaN
04-Jan-1999,NaN,NaN,NaN,NaN,NaN,NaN,NaN,NaN,NaN,NaN,NaN,NaN
05-Jan-1999,NaN,NaN,NaN,NaN,NaN,NaN,NaN,NaN,NaN,NaN,NaN,NaN
06-Jan-1999,NaN,NaN,NaN,NaN,NaN,NaN,NaN,NaN,NaN,NaN,NaN,NaN
07-Jan-1999,NaN,NaN,NaN,NaN,NaN,NaN,NaN,NaN,NaN,NaN,NaN,NaN
08-Jan-1999,NaN,NaN,NaN,NaN,NaN,NaN,NaN,NaN,NaN,NaN,NaN,NaN
11-Jan-1999,NaN,NaN,NaN,NaN,NaN,NaN,NaN,NaN,NaN,NaN,NaN,NaN
12-Jan-1999,NaN,NaN,NaN,NaN,NaN,NaN,NaN,NaN,NaN,NaN,NaN,NaN
13-Jan-1999,NaN,NaN,NaN,NaN,NaN,NaN,NaN,NaN,NaN,NaN,NaN,NaN
14-Jan-1999,NaN,NaN,NaN,NaN,NaN,NaN,NaN,NaN,NaN,NaN,NaN,NaN
15-Jan-1999,NaN,NaN,NaN,NaN,NaN,NaN,NaN,NaN,NaN,NaN,NaN,NaN
18-Jan-1999,NaN,NaN,NaN,NaN,NaN,NaN,NaN,NaN,NaN,NaN,NaN,NaN
19-Jan-1999,NaN,NaN,NaN,NaN,NaN,NaN,NaN,NaN,NaN,NaN,NaN,NaN
20-Jan-1999,NaN,NaN,NaN,NaN,NaN,NaN,NaN,NaN,NaN,NaN,NaN,NaN
21-Jan-1999,NaN,NaN,NaN,NaN,NaN,NaN,NaN,NaN,NaN,NaN,NaN,NaN
22-Jan-1999,NaN,NaN,NaN,NaN,NaN,NaN,NaN,NaN,NaN,NaN,NaN,NaN
25-Jan-1999,NaN,NaN,NaN,NaN,NaN,NaN,NaN,NaN,NaN,NaN,NaN,NaN
26-Jan-1999,NaN,NaN,NaN,NaN,NaN,NaN,NaN,NaN,NaN,NaN,NaN,NaN
27-Jan-1999,NaN,NaN,NaN,NaN,NaN,NaN,NaN,NaN,NaN,NaN,NaN,NaN
28-Jan-1999,NaN,NaN,NaN,NaN,NaN,NaN,NaN,NaN,NaN,NaN,NaN,NaN
29-Jan-1999,NaN,NaN,NaN,NaN,NaN,NaN,NaN,NaN,NaN,NaN,NaN,NaN
01-Feb-1999,NaN,NaN,NaN,NaN,NaN,NaN,NaN,NaN,NaN,NaN,NaN,NaN
02-Feb-1999,NaN,NaN,NaN,NaN,NaN,NaN,NaN,NaN,NaN,NaN,NaN,NaN
03-Feb-1999,NaN,NaN,NaN,NaN,NaN,NaN,NaN,NaN,NaN,NaN,NaN,NaN
04-Feb-1999,NaN,NaN,NaN,NaN,NaN,NaN,NaN,NaN,NaN,NaN,NaN,NaN
05-Feb-1999,NaN,NaN,NaN,NaN,NaN,NaN,NaN,NaN,NaN,NaN,NaN,NaN
08-Feb-1999,NaN,NaN,NaN,NaN,NaN,NaN,NaN,NaN,NaN,NaN,NaN,NaN
09-Feb-1999,NaN,NaN,NaN,NaN,NaN,NaN,NaN,NaN,NaN,NaN,NaN,NaN
10-Feb-1999,NaN,NaN,NaN,NaN,NaN,NaN,NaN,NaN,NaN,NaN,NaN,NaN
11-Feb-1999,NaN,NaN,NaN,NaN,NaN,NaN,NaN,NaN,NaN,NaN,NaN,NaN
12-Feb-1999,NaN,NaN,NaN,NaN,NaN,NaN,NaN,NaN,NaN,NaN,NaN,NaN
15-Feb-1999,NaN,NaN,NaN,NaN,NaN,NaN,NaN,NaN,NaN,NaN,NaN,NaN
16-Feb-1999,NaN,NaN,NaN,NaN,NaN,NaN,NaN,NaN,NaN,NaN,NaN,NaN
17-Feb-1999,NaN,NaN,NaN,NaN,NaN,NaN,NaN,NaN,NaN,NaN,NaN,NaN
18-Feb-1999,NaN,NaN,NaN,NaN,NaN,NaN,NaN,NaN,NaN,NaN,NaN,NaN
19-Feb-1999,NaN,NaN,NaN,NaN,NaN,NaN,NaN,NaN,NaN,NaN,NaN,NaN
22-Feb-1999,NaN,NaN,NaN,NaN,NaN,NaN,NaN,NaN,NaN,NaN,NaN,NaN
23-Feb-1999,NaN,NaN,NaN,NaN,NaN,NaN,NaN,NaN,NaN,NaN,NaN,NaN
24-Feb-1999,NaN,NaN,NaN,NaN,NaN,NaN,NaN,NaN,NaN,NaN,NaN,NaN
25-Feb-1999,NaN,NaN,NaN,NaN,NaN,NaN,NaN,NaN,NaN,NaN,NaN,NaN
26-Feb-1999,NaN,NaN,NaN,NaN,NaN,NaN,NaN,NaN,NaN,NaN,NaN,NaN
01-Mar-1999,NaN,NaN,NaN,NaN,NaN,NaN,NaN,NaN,NaN,NaN,NaN,NaN
02-Mar-1999,NaN,NaN,NaN,NaN,NaN,NaN,NaN,NaN,NaN,NaN,NaN,NaN
03-Mar-1999,NaN,NaN,NaN,NaN,NaN,NaN,NaN,NaN,NaN,NaN,NaN,NaN
04-Mar-1999,NaN,NaN,NaN,NaN,NaN,NaN,NaN,NaN,NaN,NaN,NaN,NaN
05-Mar-1999,NaN,NaN,NaN,NaN,NaN,NaN,NaN,NaN,NaN,NaN,NaN,NaN
08-Mar-1999,NaN,NaN,NaN,NaN,NaN,NaN,NaN,NaN,NaN,NaN,NaN,NaN
09-Mar-1999,NaN,NaN,NaN,NaN,NaN,NaN,NaN,NaN,NaN,NaN,NaN,NaN
10-Mar-1999,NaN,NaN,NaN,NaN,NaN,NaN,NaN,NaN,NaN,NaN,NaN,NaN
11-Mar-1999,NaN,NaN,NaN,NaN,NaN,NaN,NaN,NaN,NaN,NaN,NaN,NaN
12-Mar-1999,NaN,NaN,NaN,NaN,NaN,NaN,NaN,NaN,NaN,NaN,NaN,NaN
15-Mar-1999,NaN,NaN,NaN,NaN,NaN,NaN,NaN,NaN,NaN,NaN,NaN,NaN
16-Mar-1999,NaN,NaN,NaN,NaN,NaN,NaN,NaN,NaN,NaN,NaN,NaN,NaN
17-Mar-1999,NaN,NaN,NaN,NaN,NaN,NaN,NaN,NaN,NaN,NaN,NaN,NaN
18-Mar-1999,NaN,NaN,NaN,NaN,NaN,NaN,NaN,NaN,NaN,NaN,NaN,NaN
19-Mar-1999,NaN,NaN,NaN,NaN,NaN,NaN,NaN,NaN,NaN,NaN,NaN,NaN
22-Mar-1999,NaN,NaN,NaN,NaN,NaN,NaN,NaN,NaN,NaN,NaN,NaN,NaN
23-Mar-1999,NaN,NaN,NaN,NaN,NaN,NaN,NaN,NaN,NaN,NaN,NaN,NaN
24-Mar-1999,NaN,NaN,NaN,NaN,NaN,NaN,NaN,NaN,NaN,NaN,NaN,NaN
25-Mar-1999,NaN,NaN,NaN,NaN,NaN,NaN,NaN,NaN,NaN,NaN,NaN,NaN
26-Mar-1999,NaN,NaN,NaN,NaN,NaN,NaN,NaN,NaN,NaN,NaN,NaN,NaN
29-Mar-1999,NaN,NaN,NaN,NaN,NaN,NaN,NaN,NaN,NaN,NaN,NaN,NaN
30-Mar-1999,NaN,NaN,NaN,NaN,NaN,NaN,NaN,NaN,NaN,NaN,NaN,NaN
31-Mar-1999,NaN,NaN,NaN,NaN,NaN,NaN,NaN,NaN,NaN,NaN,NaN,NaN
01-Apr-1999,NaN,NaN,NaN,NaN,NaN,NaN,NaN,NaN,NaN,NaN,NaN,NaN
02-Apr-1999,NaN,NaN,NaN,NaN,NaN,NaN,NaN,NaN,NaN,NaN,NaN,NaN
05-Apr-1999,NaN,NaN,NaN,NaN,NaN,NaN,NaN,NaN,NaN,NaN,NaN,NaN
06-Apr-1999,NaN,NaN,NaN,NaN,NaN,NaN,NaN,NaN,NaN,NaN,NaN,NaN
07-Apr-1999,NaN,NaN,NaN,NaN,NaN,NaN,NaN,NaN,NaN,NaN,NaN,NaN
08-Apr-1999,NaN,NaN,NaN,NaN,NaN,NaN,NaN,NaN,NaN,NaN,NaN,NaN
09-Apr-1999,NaN,NaN,NaN,NaN,NaN,NaN,NaN,NaN,NaN,NaN,NaN,NaN
12-Apr-1999,NaN,NaN,NaN,NaN,NaN,NaN,NaN,NaN,NaN,NaN,NaN,NaN
13-Apr-1999,NaN,NaN,NaN,NaN,NaN,NaN,NaN,NaN,NaN,NaN,NaN,NaN
14-Apr-1999,NaN,NaN,NaN,NaN,NaN,NaN,NaN,NaN,NaN,NaN,NaN,NaN
15-Apr-1999,NaN,NaN,NaN,NaN,NaN,NaN,NaN,NaN,NaN,NaN,NaN,NaN
16-Apr-1999,NaN,NaN,NaN,NaN,NaN,NaN,NaN,NaN,NaN,NaN,NaN,NaN
19-Apr-1999,NaN,NaN,NaN,NaN,NaN,NaN,NaN,NaN,NaN,NaN,NaN,NaN
20-Apr-1999,NaN,NaN,NaN,NaN,NaN,NaN,NaN,NaN,NaN,NaN,NaN,NaN
21-Apr-1999,NaN,NaN,NaN,NaN,NaN,NaN,NaN,NaN,NaN,NaN,NaN,NaN
22-Apr-1999,NaN,NaN,NaN,NaN,NaN,NaN,NaN,NaN,NaN,NaN,NaN,NaN
23-Apr-1999,NaN,NaN,NaN,NaN,NaN,NaN,NaN,NaN,NaN,NaN,NaN,NaN
26-Apr-1999,NaN,NaN,NaN,NaN,NaN,NaN,NaN,NaN,NaN,NaN,NaN,NaN
27-Apr-1999,NaN,NaN,NaN,NaN,NaN,NaN,NaN,NaN,NaN,NaN,NaN,NaN
28-Apr-1999,NaN,NaN,NaN,NaN,NaN,NaN,NaN,NaN,NaN,NaN,NaN,NaN
29-Apr-1999,NaN,NaN,NaN,NaN,NaN,NaN,NaN,NaN,NaN,NaN,NaN,NaN
30-Apr-1999,NaN,NaN,NaN,NaN,NaN,NaN,NaN,NaN,NaN,NaN,NaN,NaN
03-May-1999,NaN,NaN,NaN,NaN,NaN,NaN,NaN,NaN,NaN,NaN,NaN,NaN
04-May-1999,NaN,NaN,NaN,NaN,NaN,NaN,NaN,NaN,NaN,NaN,NaN,NaN
05-May-1999,NaN,NaN,NaN,NaN,NaN,NaN,NaN,NaN,NaN,NaN,NaN,NaN
06-May-1999,NaN,NaN,NaN,NaN,NaN,NaN,NaN,NaN,NaN,NaN,NaN,NaN
07-May-1999,NaN,NaN,NaN,NaN,NaN,NaN,NaN,NaN,NaN,NaN,NaN,NaN
10-May-1999,NaN,NaN,NaN,NaN,NaN,NaN,NaN,NaN,NaN,NaN,NaN,NaN
11-May-1999,NaN,NaN,NaN,NaN,NaN,NaN,NaN,NaN,NaN,NaN,NaN,NaN
12-May-1999,NaN,NaN,NaN,NaN,NaN,NaN,NaN,NaN,NaN,NaN,NaN,NaN
13-May-1999,NaN,NaN,NaN,NaN,NaN,NaN,NaN,NaN,NaN,NaN,NaN,NaN
14-May-1999,NaN,NaN,NaN,NaN,NaN,NaN,NaN,NaN,NaN,NaN,NaN,NaN
17-May-1999,NaN,NaN,NaN,NaN,NaN,NaN,NaN,NaN,NaN,NaN,NaN,NaN
18-May-1999,NaN,NaN,NaN,NaN,NaN,NaN,NaN,NaN,NaN,NaN,NaN,NaN
19-May-1999,NaN,NaN,NaN,NaN,NaN,NaN,NaN,NaN,NaN,NaN,NaN,NaN
20-May-1999,NaN,NaN,NaN,NaN,NaN,NaN,NaN,NaN,NaN,NaN,NaN,NaN
21-May-1999,NaN,NaN,NaN,NaN,NaN,NaN,NaN,NaN,NaN,NaN,NaN,NaN
24-May-1999,NaN,NaN,NaN,NaN,NaN,NaN,NaN,NaN,NaN,NaN,NaN,NaN
25-May-1999,NaN,NaN,NaN,NaN,NaN,NaN,NaN,NaN,NaN,NaN,NaN,NaN
26-May-1999,NaN,NaN,NaN,NaN,NaN,NaN,NaN,NaN,NaN,NaN,NaN,NaN
27-May-1999,NaN,NaN,NaN,NaN,NaN,NaN,NaN,NaN,NaN,NaN,NaN,NaN
28-May-1999,NaN,NaN,NaN,NaN,NaN,NaN,NaN,NaN,NaN,NaN,NaN,NaN
31-May-1999,NaN,NaN,NaN,NaN,NaN,NaN,NaN,NaN,NaN,NaN,NaN,NaN
01-Jun-1999,NaN,NaN,NaN,NaN,NaN,NaN,NaN,NaN,NaN,NaN,NaN,NaN
02-Jun-1999,NaN,NaN,NaN,NaN,NaN,NaN,NaN,NaN,NaN,NaN,NaN,NaN
03-Jun-1999,NaN,NaN,NaN,NaN,NaN,NaN,NaN,NaN,NaN,NaN,NaN,NaN
04-Jun-1999,NaN,NaN,NaN,NaN,NaN,NaN,NaN,NaN,NaN,NaN,NaN,NaN
07-Jun-1999,NaN,NaN,NaN,NaN,NaN,NaN,NaN,NaN,NaN,NaN,NaN,NaN
08-Jun-1999,NaN,NaN,NaN,NaN,NaN,NaN,NaN,NaN,NaN,NaN,NaN,NaN
09-Jun-1999,NaN,NaN,NaN,NaN,NaN,NaN,NaN,NaN,NaN,NaN,NaN,NaN
10-Jun-1999,NaN,NaN,NaN,NaN,NaN,NaN,NaN,NaN,NaN,NaN,NaN,NaN
11-Jun-1999,NaN,NaN,NaN,NaN,NaN,NaN,NaN,NaN,NaN,NaN,NaN,NaN
14-Jun-1999,NaN,NaN,NaN,NaN,NaN,NaN,NaN,NaN,NaN,NaN,NaN,NaN
15-Jun-1999,NaN,NaN,NaN,NaN,NaN,NaN,NaN,NaN,NaN,NaN,NaN,NaN
16-Jun-1999,NaN,NaN,NaN,NaN,NaN,NaN,NaN,NaN,NaN,NaN,NaN,NaN
17-Jun-1999,NaN,NaN,NaN,NaN,NaN,NaN,NaN,NaN,NaN,NaN,NaN,NaN
18-Jun-1999,NaN,NaN,NaN,NaN,NaN,NaN,NaN,NaN,NaN,NaN,NaN,NaN
21-Jun-1999,NaN,NaN,NaN,NaN,NaN,NaN,NaN,NaN,NaN,NaN,NaN,NaN
22-Jun-1999,NaN,NaN,NaN,NaN,NaN,NaN,NaN,NaN,NaN,NaN,NaN,NaN
23-Jun-1999,NaN,NaN,NaN,NaN,NaN,NaN,NaN,NaN,NaN,NaN,NaN,NaN
24-Jun-1999,NaN,NaN,NaN,NaN,NaN,NaN,NaN,NaN,NaN,NaN,NaN,NaN
25-Jun-1999,NaN,NaN,NaN,NaN,NaN,NaN,NaN,NaN,NaN,NaN,NaN,NaN
28-Jun-1999,NaN,NaN,NaN,NaN,NaN,NaN,NaN,NaN,NaN,NaN,NaN,NaN
29-Jun-1999,NaN,NaN,NaN,NaN,NaN,NaN,NaN,NaN,NaN,NaN,NaN,NaN
30-Jun-1999,NaN,NaN,NaN,NaN,NaN,NaN,NaN,NaN,NaN,NaN,NaN,NaN
01-Jul-1999,NaN,NaN,NaN,NaN,NaN,NaN,NaN,NaN,NaN,NaN,NaN,NaN
02-Jul-1999,NaN,NaN,NaN,NaN,NaN,NaN,NaN,NaN,NaN,NaN,NaN,NaN
05-Jul-1999,NaN,NaN,NaN,NaN,NaN,NaN,NaN,NaN,NaN,NaN,NaN,NaN
06-Jul-1999,NaN,NaN,NaN,NaN,NaN,NaN,NaN,NaN,NaN,NaN,NaN,NaN
07-Jul-1999,NaN,NaN,NaN,NaN,NaN,NaN,NaN,NaN,NaN,NaN,NaN,NaN
08-Jul-1999,NaN,NaN,NaN,NaN,NaN,NaN,NaN,NaN,NaN,NaN,NaN,NaN
09-Jul-1999,NaN,NaN,NaN,NaN,NaN,NaN,NaN,NaN,NaN,NaN,NaN,NaN
12-Jul-1999,NaN,NaN,NaN,NaN,NaN,NaN,NaN,NaN,NaN,NaN,NaN,NaN
13-Jul-1999,NaN,NaN,NaN,NaN,NaN,NaN,NaN,NaN,NaN,NaN,NaN,NaN
14-Jul-1999,NaN,NaN,NaN,NaN,NaN,NaN,NaN,NaN,NaN,NaN,NaN,NaN
15-Jul-1999,NaN,NaN,NaN,NaN,NaN,NaN,NaN,NaN,NaN,NaN,NaN,NaN
16-Jul-1999,NaN,NaN,NaN,NaN,NaN,NaN,NaN,NaN,NaN,NaN,NaN,NaN
19-Jul-1999,NaN,NaN,NaN,NaN,NaN,NaN,NaN,NaN,NaN,NaN,NaN,NaN
20-Jul-1999,NaN,NaN,NaN,NaN,NaN,NaN,NaN,NaN,NaN,NaN,NaN,NaN
21-Jul-1999,NaN,NaN,NaN,NaN,NaN,NaN,NaN,NaN,NaN,NaN,NaN,NaN
22-Jul-1999,NaN,NaN,NaN,NaN,NaN,NaN,NaN,NaN,NaN,NaN,NaN,NaN
23-Jul-1999,NaN,NaN,NaN,NaN,NaN,NaN,NaN,NaN,NaN,NaN,NaN,NaN
26-Jul-1999,NaN,NaN,NaN,NaN,NaN,NaN,NaN,NaN,NaN,NaN,NaN,NaN
27-Jul-1999,NaN,NaN,NaN,NaN,NaN,NaN,NaN,NaN,NaN,NaN,NaN,NaN
28-Jul-1999,NaN,NaN,NaN,NaN,NaN,NaN,NaN,NaN,NaN,NaN,NaN,NaN
29-Jul-1999,NaN,NaN,NaN,NaN,NaN,NaN,NaN,NaN,NaN,NaN,NaN,NaN
30-Jul-1999,NaN,NaN,NaN,NaN,NaN,NaN,NaN,NaN,NaN,NaN,NaN,NaN
02-Aug-1999,NaN,NaN,NaN,NaN,NaN,NaN,NaN,NaN,NaN,NaN,NaN,NaN
03-Aug-1999,NaN,NaN,NaN,NaN,NaN,NaN,NaN,NaN,NaN,NaN,NaN,NaN
04-Aug-1999,NaN,NaN,NaN,NaN,NaN,NaN,NaN,NaN,NaN,NaN,NaN,NaN
05-Aug-1999,NaN,NaN,NaN,NaN,NaN,NaN,NaN,NaN,NaN,NaN,NaN,NaN
06-Aug-1999,NaN,NaN,NaN,NaN,NaN,NaN,NaN,NaN,NaN,NaN,NaN,NaN
09-Aug-1999,NaN,NaN,NaN,NaN,NaN,NaN,NaN,NaN,NaN,NaN,NaN,NaN
10-Aug-1999,NaN,NaN,NaN,NaN,NaN,NaN,NaN,NaN,NaN,NaN,NaN,NaN
11-Aug-1999,NaN,NaN,NaN,NaN,NaN,NaN,NaN,NaN,NaN,NaN,NaN,NaN
12-Aug-1999,NaN,NaN,NaN,NaN,NaN,NaN,NaN,NaN,NaN,NaN,NaN,NaN
13-Aug-1999,NaN,NaN,NaN,NaN,NaN,NaN,NaN,NaN,NaN,NaN,NaN,NaN
16-Aug-1999,NaN,NaN,NaN,NaN,NaN,NaN,NaN,NaN,NaN,NaN,NaN,NaN
17-Aug-1999,NaN,NaN,NaN,NaN,NaN,NaN,NaN,NaN,NaN,NaN,NaN,NaN
18-Aug-1999,NaN,NaN,NaN,NaN,NaN,NaN,NaN,NaN,NaN,NaN,NaN,NaN
19-Aug-1999,NaN,NaN,NaN,NaN,NaN,NaN,NaN,NaN,NaN,NaN,NaN,NaN
20-Aug-1999,NaN,NaN,NaN,NaN,NaN,NaN,NaN,NaN,NaN,NaN,NaN,NaN
23-Aug-1999,NaN,NaN,NaN,NaN,NaN,NaN,NaN,NaN,NaN,NaN,NaN,NaN
24-Aug-1999,NaN,NaN,NaN,NaN,NaN,NaN,NaN,NaN,NaN,NaN,NaN,NaN
25-Aug-1999,NaN,NaN,NaN,NaN,NaN,NaN,NaN,NaN,NaN,NaN,NaN,NaN
26-Aug-1999,NaN,NaN,NaN,NaN,NaN,NaN,NaN,NaN,NaN,NaN,NaN,NaN
27-Aug-1999,NaN,NaN,NaN,NaN,NaN,NaN,NaN,NaN,NaN,NaN,NaN,NaN
30-Aug-1999,NaN,NaN,NaN,NaN,NaN,NaN,NaN,NaN,NaN,NaN,NaN,NaN
31-Aug-1999,NaN,NaN,NaN,NaN,NaN,NaN,NaN,NaN,NaN,NaN,NaN,NaN
01-Sep-1999,NaN,NaN,NaN,NaN,NaN,NaN,NaN,NaN,NaN,NaN,NaN,NaN
02-Sep-1999,NaN,NaN,NaN,NaN,NaN,NaN,NaN,NaN,NaN,NaN,NaN,NaN
03-Sep-1999,NaN,NaN,NaN,NaN,NaN,NaN,NaN,NaN,NaN,NaN,NaN,NaN
06-Sep-1999,NaN,NaN,NaN,NaN,NaN,NaN,NaN,NaN,NaN,NaN,NaN,NaN
07-Sep-1999,NaN,NaN,NaN,NaN,NaN,NaN,NaN,NaN,NaN,NaN,NaN,NaN
08-Sep-1999,NaN,NaN,NaN,NaN,NaN,NaN,NaN,NaN,NaN,NaN,NaN,NaN
09-Sep-1999,NaN,NaN,NaN,NaN,NaN,NaN,NaN,NaN,NaN,NaN,NaN,NaN
10-Sep-1999,NaN,NaN,NaN,NaN,NaN,NaN,NaN,NaN,NaN,NaN,NaN,NaN
13-Sep-1999,NaN,NaN,NaN,NaN,NaN,NaN,NaN,NaN,NaN,NaN,NaN,NaN
14-Sep-1999,NaN,NaN,NaN,NaN,NaN,NaN,NaN,NaN,NaN,NaN,NaN,NaN
15-Sep-1999,NaN,NaN,NaN,NaN,NaN,NaN,NaN,NaN,NaN,NaN,NaN,NaN
16-Sep-1999,NaN,NaN,NaN,NaN,NaN,NaN,NaN,NaN,NaN,NaN,NaN,NaN
17-Sep-1999,NaN,NaN,NaN,NaN,NaN,NaN,NaN,NaN,NaN,NaN,NaN,NaN
20-Sep-1999,NaN,NaN,NaN,NaN,NaN,NaN,NaN,NaN,NaN,NaN,NaN,NaN
21-Sep-1999,NaN,NaN,NaN,NaN,NaN,NaN,NaN,NaN,NaN,NaN,NaN,NaN
22-Sep-1999,NaN,NaN,NaN,NaN,NaN,NaN,NaN,NaN,NaN,NaN,NaN,NaN
23-Sep-1999,NaN,NaN,NaN,NaN,NaN,NaN,NaN,NaN,NaN,NaN,NaN,NaN
24-Sep-1999,NaN,NaN,NaN,NaN,NaN,NaN,NaN,NaN,NaN,NaN,NaN,NaN
27-Sep-1999,NaN,NaN,NaN,NaN,NaN,NaN,NaN,NaN,NaN,NaN,NaN,NaN
28-Sep-1999,NaN,NaN,NaN,NaN,NaN,NaN,NaN,NaN,NaN,NaN,NaN,NaN
29-Sep-1999,NaN,NaN,NaN,NaN,NaN,NaN,NaN,NaN,NaN,NaN,NaN,NaN
30-Sep-1999,NaN,NaN,NaN,NaN,NaN,NaN,NaN,NaN,NaN,NaN,NaN,NaN
01-Oct-1999,NaN,NaN,NaN,NaN,NaN,NaN,NaN,NaN,NaN,NaN,NaN,NaN
04-Oct-1999,NaN,NaN,NaN,NaN,NaN,NaN,NaN,NaN,NaN,NaN,NaN,NaN
05-Oct-1999,NaN,NaN,NaN,NaN,NaN,NaN,NaN,NaN,NaN,NaN,NaN,NaN
06-Oct-1999,NaN,NaN,NaN,NaN,NaN,NaN,NaN,NaN,NaN,NaN,NaN,NaN
07-Oct-1999,NaN,NaN,NaN,NaN,NaN,NaN,NaN,NaN,NaN,NaN,NaN,NaN
08-Oct-1999,NaN,NaN,NaN,NaN,NaN,NaN,NaN,NaN,NaN,NaN,NaN,NaN
11-Oct-1999,NaN,NaN,NaN,NaN,NaN,NaN,NaN,NaN,NaN,NaN,NaN,NaN
12-Oct-1999,NaN,NaN,NaN,NaN,NaN,NaN,NaN,NaN,NaN,NaN,NaN,NaN
13-Oct-1999,NaN,NaN,NaN,NaN,NaN,NaN,NaN,NaN,NaN,NaN,NaN,NaN
14-Oct-1999,NaN,NaN,NaN,NaN,NaN,NaN,NaN,NaN,NaN,NaN,NaN,NaN
15-Oct-1999,NaN,NaN,NaN,NaN,NaN,NaN,NaN,NaN,NaN,NaN,NaN,NaN
18-Oct-1999,NaN,NaN,NaN,NaN,NaN,NaN,NaN,NaN,NaN,NaN,NaN,NaN
19-Oct-1999,NaN,NaN,NaN,NaN,NaN,NaN,NaN,NaN,NaN,NaN,NaN,NaN
20-Oct-1999,NaN,NaN,NaN,NaN,NaN,NaN,NaN,NaN,NaN,NaN,NaN,NaN
21-Oct-1999,NaN,NaN,NaN,NaN,NaN,NaN,NaN,NaN,NaN,NaN,NaN,NaN
22-Oct-1999,NaN,NaN,NaN,NaN,NaN,NaN,NaN,NaN,NaN,NaN,NaN,NaN
25-Oct-1999,NaN,NaN,NaN,NaN,NaN,NaN,NaN,NaN,NaN,NaN,NaN,NaN
26-Oct-1999,NaN,NaN,NaN,NaN,NaN,NaN,NaN,NaN,NaN,NaN,NaN,NaN
27-Oct-1999,NaN,NaN,NaN,NaN,NaN,NaN,NaN,NaN,NaN,NaN,NaN,NaN
28-Oct-1999,NaN,NaN,NaN,NaN,NaN,NaN,NaN,NaN,NaN,NaN,NaN,NaN
29-Oct-1999,NaN,NaN,NaN,NaN,NaN,NaN,NaN,NaN,NaN,NaN,NaN,NaN
01-Nov-1999,NaN,NaN,NaN,NaN,NaN,NaN,NaN,NaN,NaN,NaN,NaN,NaN
02-Nov-1999,NaN,NaN,NaN,NaN,NaN,NaN,NaN,NaN,NaN,NaN,NaN,NaN
03-Nov-1999,NaN,NaN,NaN,NaN,NaN,NaN,NaN,NaN,NaN,NaN,NaN,NaN
04-Nov-1999,NaN,NaN,NaN,NaN,NaN,NaN,NaN,NaN,NaN,NaN,NaN,NaN
05-Nov-1999,NaN,NaN,NaN,NaN,NaN,NaN,NaN,NaN,NaN,NaN,NaN,NaN
08-Nov-1999,NaN,NaN,NaN,NaN,NaN,NaN,NaN,NaN,NaN,NaN,NaN,NaN
09-Nov-1999,NaN,NaN,NaN,NaN,NaN,NaN,NaN,NaN,NaN,NaN,NaN,NaN
10-Nov-1999,NaN,NaN,NaN,NaN,NaN,NaN,NaN,NaN,NaN,NaN,NaN,NaN
11-Nov-1999,NaN,NaN,NaN,NaN,NaN,NaN,NaN,NaN,NaN,NaN,NaN,NaN
12-Nov-1999,NaN,NaN,NaN,NaN,NaN,NaN,NaN,NaN,NaN,NaN,NaN,NaN
15-Nov-1999,NaN,NaN,NaN,NaN,NaN,NaN,NaN,NaN,NaN,NaN,NaN,NaN
16-Nov-1999,NaN,NaN,NaN,NaN,NaN,NaN,NaN,NaN,NaN,NaN,NaN,NaN
17-Nov-1999,NaN,NaN,NaN,NaN,NaN,NaN,NaN,NaN,NaN,NaN,NaN,NaN
18-Nov-1999,NaN,NaN,NaN,NaN,NaN,NaN,NaN,NaN,NaN,NaN,NaN,NaN
19-Nov-1999,NaN,NaN,NaN,NaN,NaN,NaN,NaN,NaN,NaN,NaN,NaN,NaN
22-Nov-1999,NaN,NaN,NaN,NaN,NaN,NaN,NaN,NaN,NaN,NaN,NaN,NaN
23-Nov-1999,NaN,NaN,NaN,NaN,NaN,NaN,NaN,NaN,NaN,NaN,NaN,NaN
24-Nov-1999,NaN,NaN,NaN,NaN,NaN,NaN,NaN,NaN,NaN,NaN,NaN,NaN
25-Nov-1999,NaN,NaN,NaN,NaN,NaN,NaN,NaN,NaN,NaN,NaN,NaN,NaN
26-Nov-1999,NaN,NaN,NaN,NaN,NaN,NaN,NaN,NaN,NaN,NaN,NaN,NaN
29-Nov-1999,NaN,NaN,NaN,NaN,NaN,NaN,NaN,NaN,NaN,NaN,NaN,NaN
30-Nov-1999,NaN,NaN,NaN,NaN,NaN,NaN,NaN,NaN,NaN,NaN,NaN,NaN
01-Dec-1999,NaN,NaN,NaN,NaN,NaN,NaN,NaN,NaN,NaN,NaN,NaN,NaN
02-Dec-1999,NaN,NaN,NaN,NaN,NaN,NaN,NaN,NaN,NaN,NaN,NaN,NaN
03-Dec-1999,NaN,NaN,NaN,NaN,NaN,NaN,NaN,NaN,NaN,NaN,NaN,NaN
06-Dec-1999,NaN,NaN,NaN,NaN,NaN,NaN,NaN,NaN,NaN,NaN,NaN,NaN
07-Dec-1999,NaN,NaN,NaN,NaN,NaN,NaN,NaN,NaN,NaN,NaN,NaN,NaN
08-Dec-1999,NaN,NaN,NaN,NaN,NaN,NaN,NaN,NaN,NaN,NaN,NaN,NaN
09-Dec-1999,NaN,NaN,NaN,NaN,NaN,NaN,NaN,NaN,NaN,NaN,NaN,NaN
10-Dec-1999,NaN,NaN,NaN,NaN,NaN,NaN,NaN,NaN,NaN,NaN,NaN,NaN
13-Dec-1999,NaN,NaN,NaN,NaN,NaN,NaN,NaN,NaN,NaN,NaN,NaN,NaN
14-Dec-1999,NaN,NaN,NaN,NaN,NaN,NaN,NaN,NaN,NaN,NaN,NaN,NaN
15-Dec-1999,NaN,NaN,NaN,NaN,NaN,NaN,NaN,NaN,NaN,NaN,NaN,NaN
16-Dec-1999,NaN,NaN,NaN,NaN,NaN,NaN,NaN,NaN,NaN,NaN,NaN,NaN
17-Dec-1999,NaN,NaN,NaN,NaN,NaN,NaN,NaN,NaN,NaN,NaN,NaN,NaN
20-Dec-1999,NaN,NaN,NaN,NaN,NaN,NaN,NaN,NaN,NaN,NaN,NaN,NaN
21-Dec-1999,NaN,NaN,NaN,NaN,NaN,NaN,NaN,NaN,NaN,NaN,NaN,NaN
22-Dec-1999,NaN,NaN,NaN,NaN,NaN,NaN,NaN,NaN,NaN,NaN,NaN,NaN
23-Dec-1999,NaN,NaN,NaN,NaN,NaN,NaN,NaN,NaN,NaN,NaN,NaN,NaN
24-Dec-1999,NaN,NaN,NaN,NaN,NaN,NaN,NaN,NaN,NaN,NaN,NaN,NaN
27-Dec-1999,NaN,NaN,NaN,NaN,NaN,NaN,NaN,NaN,NaN,NaN,NaN,NaN
28-Dec-1999,NaN,NaN,NaN,NaN,NaN,NaN,NaN,NaN,NaN,NaN,NaN,NaN
29-Dec-1999,NaN,NaN,NaN,NaN,NaN,NaN,NaN,NaN,NaN,NaN,NaN,NaN
30-Dec-1999,NaN,NaN,NaN,NaN,NaN,NaN,NaN,NaN,NaN,NaN,NaN,NaN
31-Dec-1999,3.99,NaN,NaN,5.5,NaN,NaN,NaN,NaN,NaN,0,NaN,NaN
03-Jan-2000,5.43,NaN,NaN,5.5,NaN,NaN,3,NaN,NaN,0,NaN,NaN
04-Jan-2000,5.38,NaN,NaN,5.5,NaN,NaN,3,NaN,NaN,0,NaN,NaN
05-Jan-2000,5.41,NaN,NaN,5.5,NaN,NaN,3,NaN,NaN,0,NaN,NaN
06-Jan-2000,5.54,NaN,NaN,5.5,NaN,NaN,3,NaN,NaN,0,NaN,NaN
07-Jan-2000,5.61,NaN,NaN,5.5,NaN,NaN,3,NaN,NaN,0,NaN,NaN
10-Jan-2000,5.74,NaN,NaN,5.5,NaN,NaN,3,NaN,NaN,0,NaN,NaN
11-Jan-2000,5.63,NaN,NaN,5.5,NaN,NaN,3,NaN,NaN,0,NaN,NaN
12-Jan-2000,5.59,NaN,NaN,5.5,NaN,NaN,3,NaN,NaN,0,NaN,NaN
13-Jan-2000,5.58,NaN,NaN,5.75,NaN,NaN,3,NaN,NaN,0,NaN,NaN
14-Jan-2000,5.56,NaN,NaN,5.75,NaN,NaN,3,NaN,NaN,0,NaN,NaN
17-Jan-2000,5.56,NaN,NaN,5.75,NaN,NaN,3,NaN,NaN,0,NaN,NaN
18-Jan-2000,5.83,NaN,NaN,5.75,NaN,NaN,3,NaN,NaN,0,NaN,NaN
19-Jan-2000,5.47,NaN,NaN,5.75,NaN,NaN,3,NaN,NaN,0,NaN,NaN
20-Jan-2000,5.44,NaN,NaN,5.75,NaN,NaN,3,NaN,NaN,0,NaN,NaN
21-Jan-2000,5.36,NaN,NaN,5.75,NaN,NaN,3,NaN,NaN,0,NaN,NaN
24-Jan-2000,5.53,NaN,NaN,5.75,NaN,NaN,3,NaN,NaN,0,NaN,NaN
25-Jan-2000,5.46,NaN,NaN,5.75,NaN,NaN,3,NaN,NaN,0,NaN,NaN
26-Jan-2000,5.52,NaN,NaN,5.75,NaN,NaN,3,NaN,NaN,0,NaN,NaN
27-Jan-2000,5.61,NaN,NaN,5.75,NaN,NaN,3,NaN,NaN,0,NaN,NaN
28-Jan-2000,5.58,NaN,NaN,5.75,NaN,NaN,3,NaN,NaN,0,NaN,NaN
31-Jan-2000,5.87,NaN,NaN,5.75,NaN,NaN,3,NaN,NaN,0,NaN,NaN
01-Feb-2000,5.79,NaN,NaN,5.75,NaN,NaN,3,NaN,NaN,0,NaN,NaN
02-Feb-2000,5.64,NaN,NaN,5.75,NaN,NaN,3,NaN,NaN,0,NaN,NaN
03-Feb-2000,5.71,NaN,NaN,5.75,NaN,NaN,3.25,NaN,NaN,0,NaN,NaN
04-Feb-2000,5.7,NaN,NaN,5.75,NaN,NaN,3.25,NaN,NaN,0,NaN,NaN
07-Feb-2000,5.76,NaN,NaN,5.75,NaN,NaN,3.25,NaN,NaN,0,NaN,NaN
08-Feb-2000,5.67,NaN,NaN,5.75,NaN,NaN,3.25,NaN,NaN,0,NaN,NaN
09-Feb-2000,5.76,NaN,NaN,5.75,NaN,NaN,3.25,NaN,NaN,0,NaN,NaN
10-Feb-2000,5.79,NaN,NaN,6,NaN,NaN,3.25,NaN,NaN,0,NaN,NaN
11-Feb-2000,5.71,NaN,NaN,6,NaN,NaN,3.25,NaN,NaN,0,NaN,NaN
14-Feb-2000,5.79,NaN,NaN,6,NaN,NaN,3.25,NaN,NaN,0,NaN,NaN
15-Feb-2000,5.85,NaN,NaN,6,NaN,NaN,3.25,NaN,NaN,0,NaN,NaN
16-Feb-2000,5.67,NaN,NaN,6,NaN,NaN,3.25,NaN,NaN,0,NaN,NaN
17-Feb-2000,5.66,NaN,NaN,6,NaN,NaN,3.25,NaN,NaN,0,NaN,NaN
18-Feb-2000,5.7,NaN,NaN,6,NaN,NaN,3.25,NaN,NaN,0,NaN,NaN
21-Feb-2000,5.7,NaN,NaN,6,NaN,NaN,3.25,NaN,NaN,0,NaN,NaN
22-Feb-2000,5.81,NaN,NaN,6,NaN,NaN,3.25,NaN,NaN,0,NaN,NaN
23-Feb-2000,5.77,NaN,NaN,6,NaN,NaN,3.25,NaN,NaN,0,NaN,NaN
24-Feb-2000,5.76,NaN,NaN,6,NaN,NaN,3.25,NaN,NaN,0,NaN,NaN
25-Feb-2000,5.73,NaN,NaN,6,NaN,NaN,3.25,NaN,NaN,0,NaN,NaN
28-Feb-2000,5.81,NaN,NaN,6,NaN,NaN,3.25,NaN,NaN,0,NaN,NaN
29-Feb-2000,5.85,NaN,NaN,6,NaN,NaN,3.25,NaN,NaN,0,NaN,NaN
01-Mar-2000,5.78,NaN,NaN,6,NaN,NaN,3.25,NaN,NaN,0,NaN,NaN
02-Mar-2000,5.76,NaN,NaN,6,NaN,NaN,3.25,NaN,NaN,0,NaN,NaN
03-Mar-2000,5.72,NaN,NaN,6,NaN,NaN,3.25,NaN,NaN,0,NaN,NaN
06-Mar-2000,5.73,NaN,NaN,6,NaN,NaN,3.25,NaN,NaN,0,NaN,NaN
07-Mar-2000,5.68,NaN,NaN,6,NaN,NaN,3.25,NaN,NaN,0,NaN,NaN
08-Mar-2000,5.77,NaN,NaN,6,NaN,NaN,3.25,NaN,NaN,0,NaN,NaN
09-Mar-2000,5.79,NaN,NaN,6,NaN,NaN,3.25,NaN,NaN,0,NaN,NaN
10-Mar-2000,5.75,NaN,NaN,6,NaN,NaN,3.25,NaN,NaN,0,NaN,NaN
13-Mar-2000,5.81,NaN,NaN,6,NaN,NaN,3.25,NaN,NaN,0,NaN,NaN
14-Mar-2000,5.8,NaN,NaN,6,NaN,NaN,3.25,NaN,NaN,0,NaN,NaN
15-Mar-2000,5.9,NaN,NaN,6,NaN,NaN,3.25,NaN,NaN,0,NaN,NaN
16-Mar-2000,5.77,NaN,NaN,6,NaN,NaN,3.5,NaN,NaN,0,NaN,NaN
17-Mar-2000,5.76,NaN,NaN,6,NaN,NaN,3.5,NaN,NaN,0,NaN,NaN
20-Mar-2000,5.82,NaN,NaN,6,NaN,NaN,3.5,NaN,NaN,0,NaN,NaN
21-Mar-2000,5.81,NaN,NaN,6,NaN,NaN,3.5,NaN,NaN,0,NaN,NaN
22-Mar-2000,6.02,NaN,NaN,6,NaN,NaN,3.5,NaN,NaN,0,NaN,NaN
23-Mar-2000,6.04,NaN,NaN,6,NaN,NaN,3.5,NaN,NaN,0,NaN,NaN
24-Mar-2000,5.98,NaN,NaN,6,NaN,NaN,3.5,NaN,NaN,0,NaN,NaN
27-Mar-2000,6.07,NaN,NaN,6,NaN,NaN,3.5,NaN,NaN,0,NaN,NaN
28-Mar-2000,6.02,NaN,NaN,6,NaN,NaN,3.5,NaN,NaN,0,NaN,NaN
29-Mar-2000,5.98,NaN,NaN,6,NaN,NaN,3.5,NaN,NaN,0,NaN,NaN
30-Mar-2000,6.11,NaN,NaN,6,NaN,NaN,3.5,NaN,NaN,0,NaN,NaN
31-Mar-2000,6.17,NaN,NaN,6,NaN,NaN,3.5,NaN,NaN,0,NaN,NaN
03-Apr-2000,6.15,NaN,NaN,6,NaN,NaN,3.5,NaN,NaN,0,NaN,NaN
04-Apr-2000,5.98,NaN,NaN,6,NaN,NaN,3.5,NaN,NaN,0,NaN,NaN
05-Apr-2000,6.08,NaN,NaN,6,NaN,NaN,3.5,NaN,NaN,0,NaN,NaN
06-Apr-2000,6.05,NaN,NaN,6,NaN,NaN,3.5,NaN,NaN,0,NaN,NaN
07-Apr-2000,5.95,NaN,NaN,6,NaN,NaN,3.5,NaN,NaN,0,NaN,NaN
10-Apr-2000,6.05,NaN,NaN,6,NaN,NaN,3.5,NaN,NaN,0,NaN,NaN
11-Apr-2000,5.97,NaN,NaN,6,NaN,NaN,3.5,NaN,NaN,0,NaN,NaN
12-Apr-2000,5.93,NaN,NaN,6,NaN,NaN,3.5,NaN,NaN,0,NaN,NaN
13-Apr-2000,5.97,NaN,NaN,6,NaN,NaN,3.5,NaN,NaN,0,NaN,NaN
14-Apr-2000,6.08,NaN,NaN,6,NaN,NaN,3.5,NaN,NaN,0,NaN,NaN
17-Apr-2000,6.18,NaN,NaN,6,NaN,NaN,3.5,NaN,NaN,0,NaN,NaN
18-Apr-2000,5.93,NaN,NaN,6,NaN,NaN,3.5,NaN,NaN,0,NaN,NaN
19-Apr-2000,5.93,NaN,NaN,6,NaN,NaN,3.5,NaN,NaN,0,NaN,NaN
20-Apr-2000,6.05,NaN,NaN,6,NaN,NaN,3.5,NaN,NaN,0,NaN,NaN
21-Apr-2000,5.94,NaN,NaN,6,NaN,NaN,3.5,NaN,NaN,0,NaN,NaN
24-Apr-2000,5.9,NaN,NaN,6,NaN,NaN,3.5,NaN,NaN,0,NaN,NaN
25-Apr-2000,5.99,NaN,NaN,6,NaN,NaN,3.5,NaN,NaN,0,NaN,NaN
26-Apr-2000,6,NaN,NaN,6,NaN,NaN,3.5,NaN,NaN,0,NaN,NaN
27-Apr-2000,6,NaN,NaN,6,NaN,NaN,3.75,NaN,NaN,0,NaN,NaN
28-Apr-2000,6.06,NaN,NaN,6,NaN,NaN,3.75,NaN,NaN,0,NaN,NaN
01-May-2000,6.17,NaN,NaN,6,NaN,NaN,3.75,NaN,NaN,0,NaN,NaN
02-May-2000,6.05,NaN,NaN,6,NaN,NaN,3.75,NaN,NaN,0,NaN,NaN
03-May-2000,6.05,NaN,NaN,6,NaN,NaN,3.75,NaN,NaN,0,NaN,NaN
04-May-2000,6.05,NaN,NaN,6,NaN,NaN,3.75,NaN,NaN,0,NaN,NaN
05-May-2000,5.94,NaN,NaN,6,NaN,NaN,3.75,NaN,NaN,0,NaN,NaN
08-May-2000,6.01,NaN,NaN,6,NaN,NaN,3.75,NaN,NaN,0,NaN,NaN
09-May-2000,5.92,NaN,NaN,6,NaN,NaN,3.75,NaN,NaN,0,NaN,NaN
10-May-2000,5.95,NaN,NaN,6,NaN,NaN,3.75,NaN,NaN,0,NaN,NaN
11-May-2000,6.05,NaN,NaN,6,NaN,NaN,3.75,NaN,NaN,0,NaN,NaN
12-May-2000,6.11,NaN,NaN,6,NaN,NaN,3.75,NaN,NaN,0,NaN,NaN
15-May-2000,6.34,NaN,NaN,6,NaN,NaN,3.75,NaN,NaN,0,NaN,NaN
16-May-2000,6.13,NaN,NaN,6,NaN,NaN,3.75,NaN,NaN,0,NaN,NaN
17-May-2000,6.25,NaN,NaN,6,NaN,NaN,3.75,NaN,NaN,0,NaN,NaN
18-May-2000,6.49,NaN,NaN,6,NaN,NaN,3.75,NaN,NaN,0,NaN,NaN
19-May-2000,6.51,NaN,NaN,6,NaN,NaN,3.75,NaN,NaN,0,NaN,NaN
22-May-2000,6.52,NaN,NaN,6,NaN,NaN,3.75,NaN,NaN,0,NaN,NaN
23-May-2000,6.47,NaN,NaN,6,NaN,NaN,3.75,NaN,NaN,0,NaN,NaN
24-May-2000,6.48,NaN,NaN,6,NaN,NaN,3.75,NaN,NaN,0,NaN,NaN
25-May-2000,6.56,NaN,NaN,6,NaN,NaN,3.75,NaN,NaN,0,NaN,NaN
26-May-2000,6.4,NaN,NaN,6,NaN,NaN,3.75,NaN,NaN,0,NaN,NaN
29-May-2000,6.4,NaN,NaN,6,NaN,NaN,3.75,NaN,NaN,0,NaN,NaN
30-May-2000,6.71,NaN,NaN,6,NaN,NaN,3.75,NaN,NaN,0,NaN,NaN
31-May-2000,6.83,NaN,NaN,6,NaN,NaN,3.75,NaN,NaN,0,NaN,NaN
01-Jun-2000,6.65,NaN,NaN,6,NaN,NaN,3.75,NaN,NaN,0,NaN,NaN
02-Jun-2000,6.44,NaN,NaN,6,NaN,NaN,3.75,NaN,NaN,0,NaN,NaN
05-Jun-2000,6.51,NaN,NaN,6,NaN,NaN,3.75,NaN,NaN,0,NaN,NaN
06-Jun-2000,6.47,NaN,NaN,6,NaN,NaN,3.75,NaN,NaN,0,NaN,NaN
07-Jun-2000,6.5,NaN,NaN,6,NaN,NaN,3.75,NaN,NaN,0,NaN,NaN
08-Jun-2000,6.54,NaN,NaN,6,NaN,NaN,4.25,NaN,NaN,0,NaN,NaN
09-Jun-2000,6.47,NaN,NaN,6,NaN,NaN,4.25,NaN,NaN,0,NaN,NaN
12-Jun-2000,6.54,NaN,NaN,6,NaN,NaN,4.25,NaN,NaN,0,NaN,NaN
13-Jun-2000,6.46,NaN,NaN,6,NaN,NaN,4.25,NaN,NaN,0,NaN,NaN
14-Jun-2000,6.54,NaN,NaN,6,NaN,NaN,4.25,NaN,NaN,0,NaN,NaN
15-Jun-2000,6.7,NaN,NaN,6,NaN,NaN,4.25,NaN,NaN,0,NaN,NaN
16-Jun-2000,6.46,NaN,NaN,6,NaN,NaN,4.25,NaN,NaN,0,NaN,NaN
19-Jun-2000,6.51,NaN,NaN,6,NaN,NaN,4.25,NaN,NaN,0,NaN,NaN
20-Jun-2000,6.49,NaN,NaN,6,NaN,NaN,4.25,NaN,NaN,0,NaN,NaN
21-Jun-2000,6.47,NaN,NaN,6,NaN,NaN,4.25,NaN,NaN,0,NaN,NaN
22-Jun-2000,6.52,NaN,NaN,6,NaN,NaN,4.25,NaN,NaN,0,NaN,NaN
23-Jun-2000,6.51,NaN,NaN,6,NaN,NaN,4.25,NaN,NaN,0,NaN,NaN
26-Jun-2000,6.63,NaN,NaN,6,NaN,NaN,4.25,NaN,NaN,0,NaN,NaN
27-Jun-2000,6.56,NaN,NaN,6,NaN,NaN,4.25,NaN,NaN,0,NaN,NaN
28-Jun-2000,6.5,NaN,NaN,6,NaN,NaN,4.25,NaN,NaN,0,NaN,NaN
29-Jun-2000,6.76,NaN,NaN,6,NaN,NaN,4.25,NaN,NaN,0,NaN,NaN
30-Jun-2000,6.86,NaN,NaN,6,NaN,NaN,4.25,NaN,NaN,0,NaN,NaN
03-Jul-2000,7.03,NaN,NaN,6,NaN,NaN,4.25,NaN,NaN,0,NaN,NaN
04-Jul-2000,7.03,NaN,NaN,6,NaN,NaN,4.25,NaN,NaN,0,NaN,NaN
05-Jul-2000,6.52,NaN,NaN,6,NaN,NaN,4.25,NaN,NaN,0,NaN,NaN
06-Jul-2000,6.51,NaN,NaN,6,NaN,NaN,4.25,NaN,NaN,0,NaN,NaN
07-Jul-2000,6.42,NaN,NaN,6,NaN,NaN,4.25,NaN,NaN,0,NaN,NaN
10-Jul-2000,6.51,NaN,NaN,6,NaN,NaN,4.25,NaN,NaN,0,NaN,NaN
11-Jul-2000,6.39,NaN,NaN,6,NaN,NaN,4.25,NaN,NaN,0,NaN,NaN
12-Jul-2000,6.38,NaN,NaN,6,NaN,NaN,4.25,NaN,NaN,0,NaN,NaN
13-Jul-2000,6.5,NaN,NaN,6,NaN,NaN,4.25,NaN,NaN,0,NaN,NaN
14-Jul-2000,6.51,NaN,NaN,6,NaN,NaN,4.25,NaN,NaN,0,NaN,NaN
17-Jul-2000,6.58,NaN,NaN,6,NaN,NaN,4.25,NaN,NaN,0,NaN,NaN
18-Jul-2000,6.47,NaN,NaN,6,NaN,NaN,4.25,NaN,NaN,0,NaN,NaN
19-Jul-2000,6.45,NaN,NaN,6,NaN,NaN,4.25,NaN,NaN,0,NaN,NaN
20-Jul-2000,6.52,NaN,NaN,6,NaN,NaN,4.25,NaN,NaN,0,NaN,NaN
21-Jul-2000,6.51,NaN,NaN,6,NaN,NaN,4.25,NaN,NaN,0,NaN,NaN
24-Jul-2000,6.52,NaN,NaN,6,NaN,NaN,4.25,NaN,NaN,0,NaN,NaN
25-Jul-2000,6.46,NaN,NaN,6,NaN,NaN,4.25,NaN,NaN,0,NaN,NaN
26-Jul-2000,6.49,NaN,NaN,6,NaN,NaN,4.25,NaN,NaN,0,NaN,NaN
27-Jul-2000,6.52,NaN,NaN,6,NaN,NaN,4.25,NaN,NaN,0,NaN,NaN
28-Jul-2000,6.44,NaN,NaN,6,NaN,NaN,4.25,NaN,NaN,0,NaN,NaN
31-Jul-2000,6.64,NaN,NaN,6,NaN,NaN,4.25,NaN,NaN,0,NaN,NaN
01-Aug-2000,6.51,NaN,NaN,6,NaN,NaN,4.25,NaN,NaN,0,NaN,NaN
02-Aug-2000,6.42,NaN,NaN,6,NaN,NaN,4.25,NaN,NaN,0,NaN,NaN
03-Aug-2000,6.45,NaN,NaN,6,NaN,NaN,4.25,NaN,NaN,0,NaN,NaN
04-Aug-2000,6.44,NaN,NaN,6,NaN,NaN,4.25,NaN,NaN,0,NaN,NaN
07-Aug-2000,6.46,NaN,NaN,6,NaN,NaN,4.25,NaN,NaN,0,NaN,NaN
08-Aug-2000,6.44,NaN,NaN,6,NaN,NaN,4.25,NaN,NaN,0,NaN,NaN
09-Aug-2000,6.48,NaN,NaN,6,NaN,NaN,4.25,NaN,NaN,0,NaN,NaN
10-Aug-2000,6.52,NaN,NaN,6,NaN,NaN,4.25,NaN,NaN,0,NaN,NaN
11-Aug-2000,6.5,NaN,NaN,6,NaN,NaN,4.25,NaN,NaN,0.25,NaN,NaN
14-Aug-2000,6.58,NaN,NaN,6,NaN,NaN,4.25,NaN,NaN,0.25,NaN,NaN
15-Aug-2000,6.63,NaN,NaN,6,NaN,NaN,4.25,NaN,NaN,0.25,NaN,NaN
16-Aug-2000,6.48,NaN,NaN,6,NaN,NaN,4.25,NaN,NaN,0.25,NaN,NaN
17-Aug-2000,6.47,NaN,NaN,6,NaN,NaN,4.25,NaN,NaN,0.25,NaN,NaN
18-Aug-2000,6.44,NaN,NaN,6,NaN,NaN,4.25,NaN,NaN,0.25,NaN,NaN
21-Aug-2000,6.48,NaN,NaN,6,NaN,NaN,4.25,NaN,NaN,0.25,NaN,NaN
22-Aug-2000,6.42,NaN,NaN,6,NaN,NaN,4.25,NaN,NaN,0.25,NaN,NaN
23-Aug-2000,6.5,NaN,NaN,6,NaN,NaN,4.25,NaN,NaN,0.25,NaN,NaN
24-Aug-2000,6.56,NaN,NaN,6,NaN,NaN,4.25,NaN,NaN,0.25,NaN,NaN
25-Aug-2000,6.54,NaN,NaN,6,NaN,NaN,4.25,NaN,NaN,0.25,NaN,NaN
28-Aug-2000,6.57,NaN,NaN,6,NaN,NaN,4.25,NaN,NaN,0.25,NaN,NaN
29-Aug-2000,6.51,NaN,NaN,6,NaN,NaN,4.25,NaN,NaN,0.25,NaN,NaN
30-Aug-2000,6.51,NaN,NaN,6,NaN,NaN,4.25,NaN,NaN,0.25,NaN,NaN
31-Aug-2000,6.65,NaN,NaN,6,NaN,NaN,4.5,NaN,NaN,0.25,NaN,NaN
01-Sep-2000,6.52,NaN,NaN,6,NaN,NaN,4.5,NaN,NaN,0.25,NaN,NaN
04-Sep-2000,6.52,NaN,NaN,6,NaN,NaN,4.5,NaN,NaN,0.25,NaN,NaN
05-Sep-2000,6.61,NaN,NaN,6,NaN,NaN,4.5,NaN,NaN,0.25,NaN,NaN
06-Sep-2000,6.56,NaN,NaN,6,NaN,NaN,4.5,NaN,NaN,0.25,NaN,NaN
07-Sep-2000,6.53,NaN,NaN,6,NaN,NaN,4.5,NaN,NaN,0.25,NaN,NaN
08-Sep-2000,6.5,NaN,NaN,6,NaN,NaN,4.5,NaN,NaN,0.25,NaN,NaN
11-Sep-2000,6.5,NaN,NaN,6,NaN,NaN,4.5,NaN,NaN,0.25,NaN,NaN
12-Sep-2000,6.47,NaN,NaN,6,NaN,NaN,4.5,NaN,NaN,0.25,NaN,NaN
13-Sep-2000,6.47,NaN,NaN,6,NaN,NaN,4.5,NaN,NaN,0.25,NaN,NaN
14-Sep-2000,6.5,NaN,NaN,6,NaN,NaN,4.5,NaN,NaN,0.25,NaN,NaN
15-Sep-2000,6.55,NaN,NaN,6,NaN,NaN,4.5,NaN,NaN,0.25,NaN,NaN
18-Sep-2000,6.44,NaN,NaN,6,NaN,NaN,4.5,NaN,NaN,0.25,NaN,NaN
19-Sep-2000,6.4,NaN,NaN,6,NaN,NaN,4.5,NaN,NaN,0.25,NaN,NaN
20-Sep-2000,6.5,NaN,NaN,6,NaN,NaN,4.5,NaN,NaN,0.25,NaN,NaN
21-Sep-2000,6.53,NaN,NaN,6,NaN,NaN,4.5,NaN,NaN,0.25,NaN,NaN
22-Sep-2000,6.48,NaN,NaN,6,NaN,NaN,4.5,NaN,NaN,0.25,NaN,NaN
25-Sep-2000,6.54,NaN,NaN,6,NaN,NaN,4.5,NaN,NaN,0.25,NaN,NaN
26-Sep-2000,6.5,NaN,NaN,6,NaN,NaN,4.5,NaN,NaN,0.25,NaN,NaN
27-Sep-2000,6.5,NaN,NaN,6,NaN,NaN,4.5,NaN,NaN,0.25,NaN,NaN
28-Sep-2000,6.59,NaN,NaN,6,NaN,NaN,4.5,NaN,NaN,0.25,NaN,NaN
29-Sep-2000,6.6,NaN,NaN,6,NaN,NaN,4.5,NaN,NaN,0.25,NaN,NaN
02-Oct-2000,6.68,NaN,NaN,6,NaN,NaN,4.5,NaN,NaN,0.25,NaN,NaN
03-Oct-2000,6.46,NaN,NaN,6,NaN,NaN,4.5,NaN,NaN,0.25,NaN,NaN
04-Oct-2000,6.51,NaN,NaN,6,NaN,NaN,4.5,NaN,NaN,0.25,NaN,NaN
05-Oct-2000,6.54,NaN,NaN,6,NaN,NaN,4.75,NaN,NaN,0.25,NaN,NaN
06-Oct-2000,6.43,NaN,NaN,6,NaN,NaN,4.75,NaN,NaN,0.25,NaN,NaN
09-Oct-2000,6.43,NaN,NaN,6,NaN,NaN,4.75,NaN,NaN,0.25,NaN,NaN
10-Oct-2000,6.57,NaN,NaN,6,NaN,NaN,4.75,NaN,NaN,0.25,NaN,NaN
11-Oct-2000,6.46,NaN,NaN,6,NaN,NaN,4.75,NaN,NaN,0.25,NaN,NaN
12-Oct-2000,6.47,NaN,NaN,6,NaN,NaN,4.75,NaN,NaN,0.25,NaN,NaN
13-Oct-2000,6.46,NaN,NaN,6,NaN,NaN,4.75,NaN,NaN,0.25,NaN,NaN
16-Oct-2000,6.59,NaN,NaN,6,NaN,NaN,4.75,NaN,NaN,0.25,NaN,NaN
17-Oct-2000,6.45,NaN,NaN,6,NaN,NaN,4.75,NaN,NaN,0.25,NaN,NaN
18-Oct-2000,6.53,NaN,NaN,6,NaN,NaN,4.75,NaN,NaN,0.25,NaN,NaN
19-Oct-2000,6.54,NaN,NaN,6,NaN,NaN,4.75,NaN,NaN,0.25,NaN,NaN
20-Oct-2000,6.5,NaN,NaN,6,NaN,NaN,4.75,NaN,NaN,0.25,NaN,NaN
23-Oct-2000,6.53,NaN,NaN,6,NaN,NaN,4.75,NaN,NaN,0.25,NaN,NaN
24-Oct-2000,6.49,NaN,NaN,6,NaN,NaN,4.75,NaN,NaN,0.25,NaN,NaN
25-Oct-2000,6.53,NaN,NaN,6,NaN,NaN,4.75,NaN,NaN,0.25,NaN,NaN
26-Oct-2000,6.53,NaN,NaN,6,NaN,NaN,4.75,NaN,NaN,0.25,NaN,NaN
27-Oct-2000,6.51,NaN,NaN,6,NaN,NaN,4.75,NaN,NaN,0.25,NaN,NaN
30-Oct-2000,6.59,NaN,NaN,6,NaN,NaN,4.75,NaN,NaN,0.25,NaN,NaN
31-Oct-2000,6.59,NaN,NaN,6,NaN,NaN,4.75,NaN,NaN,0.25,NaN,NaN
01-Nov-2000,6.61,NaN,NaN,6,NaN,NaN,4.75,NaN,NaN,0.25,NaN,NaN
02-Nov-2000,6.54,NaN,NaN,6,NaN,NaN,4.75,NaN,NaN,0.25,NaN,NaN
03-Nov-2000,6.48,NaN,NaN,6,NaN,NaN,4.75,NaN,NaN,0.25,NaN,NaN
06-Nov-2000,6.49,NaN,NaN,6,NaN,NaN,4.75,NaN,NaN,0.25,NaN,NaN
07-Nov-2000,6.48,NaN,NaN,6,NaN,NaN,4.75,NaN,NaN,0.25,NaN,NaN
08-Nov-2000,6.51,NaN,NaN,6,NaN,NaN,4.75,NaN,NaN,0.25,NaN,NaN
09-Nov-2000,6.52,NaN,NaN,6,NaN,NaN,4.75,NaN,NaN,0.25,NaN,NaN
10-Nov-2000,6.48,NaN,NaN,6,NaN,NaN,4.75,NaN,NaN,0.25,NaN,NaN
13-Nov-2000,6.55,NaN,NaN,6,NaN,NaN,4.75,NaN,NaN,0.25,NaN,NaN
14-Nov-2000,6.52,NaN,NaN,6,NaN,NaN,4.75,NaN,NaN,0.25,NaN,NaN
15-Nov-2000,6.61,NaN,NaN,6,NaN,NaN,4.75,NaN,NaN,0.25,NaN,NaN
16-Nov-2000,6.55,NaN,NaN,6,NaN,NaN,4.75,NaN,NaN,0.25,NaN,NaN
17-Nov-2000,6.48,NaN,NaN,6,NaN,NaN,4.75,NaN,NaN,0.25,NaN,NaN
20-Nov-2000,6.52,NaN,NaN,6,NaN,NaN,4.75,NaN,NaN,0.25,NaN,NaN
21-Nov-2000,6.5,NaN,NaN,6,NaN,NaN,4.75,NaN,NaN,0.25,NaN,NaN
22-Nov-2000,6.58,NaN,NaN,6,NaN,NaN,4.75,NaN,NaN,0.25,NaN,NaN
23-Nov-2000,6.58,NaN,NaN,6,NaN,NaN,4.75,NaN,NaN,0.25,NaN,NaN
24-Nov-2000,6.49,NaN,NaN,6,NaN,NaN,4.75,NaN,NaN,0.25,NaN,NaN
27-Nov-2000,6.5,NaN,NaN,6,NaN,NaN,4.75,NaN,NaN,0.25,NaN,NaN
28-Nov-2000,6.46,NaN,NaN,6,NaN,NaN,4.75,NaN,NaN,0.25,NaN,NaN
29-Nov-2000,6.5,NaN,NaN,6,NaN,NaN,4.75,NaN,NaN,0.25,NaN,NaN
30-Nov-2000,6.62,NaN,NaN,6,NaN,NaN,4.75,NaN,NaN,0.25,NaN,NaN
01-Dec-2000,6.6,NaN,NaN,6,NaN,NaN,4.75,NaN,NaN,0.25,NaN,NaN
04-Dec-2000,6.57,NaN,NaN,6,NaN,NaN,4.75,NaN,NaN,0.25,NaN,NaN
05-Dec-2000,6.51,NaN,NaN,6,NaN,NaN,4.75,NaN,NaN,0.25,NaN,NaN
06-Dec-2000,6.48,NaN,NaN,6,NaN,NaN,4.75,NaN,NaN,0.25,NaN,NaN
07-Dec-2000,6.49,NaN,NaN,6,NaN,NaN,4.75,NaN,NaN,0.25,NaN,NaN
08-Dec-2000,6.47,NaN,NaN,6,NaN,NaN,4.75,NaN,NaN,0.25,NaN,NaN
11-Dec-2000,6.49,NaN,NaN,6,NaN,NaN,4.75,NaN,NaN,0.25,NaN,NaN
12-Dec-2000,6.43,NaN,NaN,6,NaN,NaN,4.75,NaN,NaN,0.25,NaN,NaN
13-Dec-2000,6.47,NaN,NaN,6,NaN,NaN,4.75,NaN,NaN,0.25,NaN,NaN
14-Dec-2000,6.53,NaN,NaN,6,NaN,NaN,4.75,NaN,NaN,0.25,NaN,NaN
15-Dec-2000,6.58,NaN,NaN,6,NaN,NaN,4.75,NaN,NaN,0.25,NaN,NaN
18-Dec-2000,6.5,NaN,NaN,6,NaN,NaN,4.75,NaN,NaN,0.25,NaN,NaN
19-Dec-2000,6.47,NaN,NaN,6,NaN,NaN,4.75,NaN,NaN,0.25,NaN,NaN
20-Dec-2000,6.47,NaN,NaN,6,NaN,NaN,4.75,NaN,NaN,0.25,NaN,NaN
21-Dec-2000,6.48,NaN,NaN,6,NaN,NaN,4.75,NaN,NaN,0.25,NaN,NaN
22-Dec-2000,6.44,NaN,NaN,6,NaN,NaN,4.75,NaN,NaN,0.25,NaN,NaN
25-Dec-2000,6.44,NaN,NaN,6,NaN,NaN,4.75,NaN,NaN,0.25,NaN,NaN
26-Dec-2000,6.58,NaN,NaN,6,NaN,NaN,4.75,NaN,NaN,0.25,NaN,NaN
27-Dec-2000,6.53,NaN,NaN,6,NaN,NaN,4.75,NaN,NaN,0.25,NaN,NaN
28-Dec-2000,6.53,NaN,NaN,6,NaN,NaN,4.75,NaN,NaN,0.25,NaN,NaN
29-Dec-2000,5.41,NaN,NaN,6,NaN,NaN,4.75,NaN,NaN,0.25,NaN,NaN
01-Jan-2001,5.41,NaN,NaN,6,NaN,NaN,4.75,NaN,NaN,0.25,NaN,NaN
02-Jan-2001,6.67,NaN,NaN,6,NaN,NaN,4.75,NaN,NaN,0.25,NaN,NaN
03-Jan-2001,6.35,NaN,NaN,6,NaN,NaN,4.75,NaN,NaN,0.25,NaN,NaN
04-Jan-2001,5.92,NaN,NaN,6,NaN,NaN,4.75,NaN,NaN,0.25,NaN,NaN
05-Jan-2001,5.83,NaN,NaN,6,NaN,NaN,4.75,NaN,NaN,0.25,NaN,NaN
08-Jan-2001,5.98,NaN,NaN,6,NaN,NaN,4.75,NaN,NaN,0.25,NaN,NaN
09-Jan-2001,5.95,NaN,NaN,6,NaN,NaN,4.75,NaN,NaN,0.25,NaN,NaN
10-Jan-2001,6.06,NaN,NaN,6,NaN,NaN,4.75,NaN,NaN,0.25,NaN,NaN
11-Jan-2001,6.05,NaN,NaN,6,NaN,NaN,4.75,NaN,NaN,0.25,NaN,NaN
12-Jan-2001,5.98,NaN,NaN,6,NaN,NaN,4.75,NaN,NaN,0.25,NaN,NaN
15-Jan-2001,5.98,NaN,NaN,6,NaN,NaN,4.75,NaN,NaN,0.25,NaN,NaN
16-Jan-2001,6.2,NaN,NaN,6,NaN,NaN,4.75,NaN,NaN,0.25,NaN,NaN
17-Jan-2001,5.94,NaN,NaN,6,NaN,NaN,4.75,NaN,NaN,0.25,NaN,NaN
18-Jan-2001,5.93,NaN,NaN,6,NaN,NaN,4.75,NaN,NaN,0.25,NaN,NaN
19-Jan-2001,5.92,NaN,NaN,6,NaN,NaN,4.75,NaN,NaN,0.25,NaN,NaN
22-Jan-2001,6,NaN,NaN,6,NaN,NaN,4.75,NaN,NaN,0.25,NaN,NaN
23-Jan-2001,5.97,NaN,NaN,6,NaN,NaN,4.75,NaN,NaN,0.25,NaN,NaN
24-Jan-2001,6.05,NaN,NaN,6,NaN,NaN,4.75,NaN,NaN,0.25,NaN,NaN
25-Jan-2001,6.1,NaN,NaN,6,NaN,NaN,4.75,NaN,NaN,0.25,NaN,NaN
26-Jan-2001,5.96,NaN,NaN,6,NaN,NaN,4.75,NaN,NaN,0.25,NaN,NaN
29-Jan-2001,5.98,NaN,NaN,6,NaN,NaN,4.75,NaN,NaN,0.25,NaN,NaN
30-Jan-2001,5.9,NaN,NaN,6,NaN,NaN,4.75,NaN,NaN,0.25,NaN,NaN
31-Jan-2001,5.74,NaN,NaN,6,NaN,NaN,4.75,NaN,NaN,0.25,NaN,NaN
01-Feb-2001,5.57,NaN,NaN,6,NaN,NaN,4.75,NaN,NaN,0.25,NaN,NaN
02-Feb-2001,5.5,NaN,NaN,6,NaN,NaN,4.75,NaN,NaN,0.25,NaN,NaN
05-Feb-2001,5.52,NaN,NaN,6,NaN,NaN,4.75,NaN,NaN,0.25,NaN,NaN
06-Feb-2001,5.48,NaN,NaN,6,NaN,NaN,4.75,NaN,NaN,0.25,NaN,NaN
07-Feb-2001,5.5,NaN,NaN,6,NaN,NaN,4.75,NaN,NaN,0.25,NaN,NaN
08-Feb-2001,5.5,NaN,NaN,5.75,NaN,NaN,4.75,NaN,NaN,0.25,NaN,NaN
09-Feb-2001,5.44,NaN,NaN,5.75,NaN,NaN,4.75,NaN,NaN,0.25,NaN,NaN
12-Feb-2001,5.48,NaN,NaN,5.75,NaN,NaN,4.75,NaN,NaN,0.25,NaN,NaN
13-Feb-2001,5.46,NaN,NaN,5.75,NaN,NaN,4.75,NaN,NaN,0.25,NaN,NaN
14-Feb-2001,5.5,NaN,NaN,5.75,NaN,NaN,4.75,NaN,NaN,0.25,NaN,NaN
15-Feb-2001,5.57,NaN,NaN,5.75,NaN,NaN,4.75,NaN,NaN,0.25,NaN,NaN
16-Feb-2001,5.46,NaN,NaN,5.75,NaN,NaN,4.75,NaN,NaN,0.25,NaN,NaN
19-Feb-2001,5.46,NaN,NaN,5.75,NaN,NaN,4.75,NaN,NaN,0.25,NaN,NaN
20-Feb-2001,5.57,NaN,NaN,5.75,NaN,NaN,4.75,NaN,NaN,0.25,NaN,NaN
21-Feb-2001,5.5,NaN,NaN,5.75,NaN,NaN,4.75,NaN,NaN,0.25,NaN,NaN
22-Feb-2001,5.52,NaN,NaN,5.75,NaN,NaN,4.75,NaN,NaN,0.25,NaN,NaN
23-Feb-2001,5.46,NaN,NaN,5.75,NaN,NaN,4.75,NaN,NaN,0.25,NaN,NaN
26-Feb-2001,5.55,NaN,NaN,5.75,NaN,NaN,4.75,NaN,NaN,0.25,NaN,NaN
27-Feb-2001,5.49,NaN,NaN,5.75,NaN,NaN,4.75,NaN,NaN,0.25,NaN,NaN
28-Feb-2001,5.59,NaN,NaN,5.75,NaN,NaN,4.75,NaN,NaN,0.15,NaN,NaN
01-Mar-2001,5.59,NaN,NaN,5.75,NaN,NaN,4.75,NaN,NaN,0.15,NaN,NaN
02-Mar-2001,5.52,NaN,NaN,5.75,NaN,NaN,4.75,NaN,NaN,0.15,NaN,NaN
05-Mar-2001,5.52,NaN,NaN,5.75,NaN,NaN,4.75,NaN,NaN,0.15,NaN,NaN
06-Mar-2001,5.39,NaN,NaN,5.75,NaN,NaN,4.75,NaN,NaN,0.15,NaN,NaN
07-Mar-2001,5.34,NaN,NaN,5.75,NaN,NaN,4.75,NaN,NaN,0.15,NaN,NaN
08-Mar-2001,5.46,NaN,NaN,5.75,NaN,NaN,4.75,NaN,NaN,0.15,NaN,NaN
09-Mar-2001,5.42,NaN,NaN,5.75,NaN,NaN,4.75,NaN,NaN,0.15,NaN,NaN
12-Mar-2001,5.5,NaN,NaN,5.75,NaN,NaN,4.75,NaN,NaN,0.15,NaN,NaN
13-Mar-2001,5.5,NaN,NaN,5.75,NaN,NaN,4.75,NaN,NaN,0.15,NaN,NaN
14-Mar-2001,5.48,NaN,NaN,5.75,NaN,NaN,4.75,NaN,NaN,0.15,NaN,NaN
15-Mar-2001,5.52,NaN,NaN,5.75,NaN,NaN,4.75,NaN,NaN,0.15,NaN,NaN
16-Mar-2001,5.4,NaN,NaN,5.75,NaN,NaN,4.75,NaN,NaN,0.15,NaN,NaN
19-Mar-2001,5.38,NaN,NaN,5.75,NaN,NaN,4.75,NaN,NaN,0.15,NaN,NaN
20-Mar-2001,5.14,NaN,NaN,5.75,NaN,NaN,4.75,NaN,NaN,0.15,NaN,NaN
21-Mar-2001,5.05,NaN,NaN,5.75,NaN,NaN,4.75,NaN,NaN,0.15,NaN,NaN
22-Mar-2001,5.04,NaN,NaN,5.75,NaN,NaN,4.75,NaN,NaN,0.15,NaN,NaN
23-Mar-2001,4.94,NaN,NaN,5.75,NaN,NaN,4.75,NaN,NaN,0.15,NaN,NaN
26-Mar-2001,5.03,NaN,NaN,5.75,NaN,NaN,4.75,NaN,NaN,0.15,NaN,NaN
27-Mar-2001,5.04,NaN,NaN,5.75,NaN,NaN,4.75,NaN,NaN,0.15,NaN,NaN
28-Mar-2001,5.05,NaN,NaN,5.75,NaN,NaN,4.75,NaN,NaN,0.15,NaN,NaN
29-Mar-2001,5.19,NaN,NaN,5.75,NaN,NaN,4.75,NaN,NaN,0.15,NaN,NaN
30-Mar-2001,5.29,NaN,NaN,5.75,NaN,NaN,4.75,NaN,NaN,0.15,NaN,NaN
02-Apr-2001,5.3,NaN,NaN,5.75,NaN,NaN,4.75,NaN,NaN,0.15,NaN,NaN
03-Apr-2001,5.1,NaN,NaN,5.75,NaN,NaN,4.75,NaN,NaN,0.15,NaN,NaN
04-Apr-2001,5.01,NaN,NaN,5.75,NaN,NaN,4.75,NaN,NaN,0.15,NaN,NaN
05-Apr-2001,5.04,NaN,NaN,5.5,NaN,NaN,4.75,NaN,NaN,0.15,NaN,NaN
06-Apr-2001,4.94,NaN,NaN,5.5,NaN,NaN,4.75,NaN,NaN,0.15,NaN,NaN
09-Apr-2001,4.98,NaN,NaN,5.5,NaN,NaN,4.75,NaN,NaN,0.15,NaN,NaN
10-Apr-2001,4.96,NaN,NaN,5.5,NaN,NaN,4.75,NaN,NaN,0.15,NaN,NaN
11-Apr-2001,4.95,NaN,NaN,5.5,NaN,NaN,4.75,NaN,NaN,0.15,NaN,NaN
12-Apr-2001,5.02,NaN,NaN,5.5,NaN,NaN,4.75,NaN,NaN,0.15,NaN,NaN
13-Apr-2001,5.01,NaN,NaN,5.5,NaN,NaN,4.75,NaN,NaN,0.15,NaN,NaN
16-Apr-2001,5.17,NaN,NaN,5.5,NaN,NaN,4.75,NaN,NaN,0.15,NaN,NaN
17-Apr-2001,4.99,NaN,NaN,5.5,NaN,NaN,4.75,NaN,NaN,0.15,NaN,NaN
18-Apr-2001,4.67,NaN,NaN,5.5,NaN,NaN,4.75,NaN,NaN,0.15,NaN,NaN
19-Apr-2001,4.47,NaN,NaN,5.5,NaN,NaN,4.75,NaN,NaN,0.15,NaN,NaN
20-Apr-2001,4.38,NaN,NaN,5.5,NaN,NaN,4.75,NaN,NaN,0.15,NaN,NaN
23-Apr-2001,4.4,NaN,NaN,5.5,NaN,NaN,4.75,NaN,NaN,0.15,NaN,NaN
24-Apr-2001,4.41,NaN,NaN,5.5,NaN,NaN,4.75,NaN,NaN,0.15,NaN,NaN
25-Apr-2001,4.54,NaN,NaN,5.5,NaN,NaN,4.75,NaN,NaN,0.15,NaN,NaN
26-Apr-2001,4.57,NaN,NaN,5.5,NaN,NaN,4.75,NaN,NaN,0.15,NaN,NaN
27-Apr-2001,4.51,NaN,NaN,5.5,NaN,NaN,4.75,NaN,NaN,0.15,NaN,NaN
30-Apr-2001,4.67,NaN,NaN,5.5,NaN,NaN,4.75,NaN,NaN,0.15,NaN,NaN
01-May-2001,4.61,NaN,NaN,5.5,NaN,NaN,4.75,NaN,NaN,0.15,NaN,NaN
02-May-2001,4.35,NaN,NaN,5.5,NaN,NaN,4.75,NaN,NaN,0.15,NaN,NaN
03-May-2001,4.48,NaN,NaN,5.5,NaN,NaN,4.75,NaN,NaN,0.15,NaN,NaN
04-May-2001,4.41,NaN,NaN,5.5,NaN,NaN,4.75,NaN,NaN,0.15,NaN,NaN
07-May-2001,4.47,NaN,NaN,5.5,NaN,NaN,4.75,NaN,NaN,0.15,NaN,NaN
08-May-2001,4.41,NaN,NaN,5.5,NaN,NaN,4.75,NaN,NaN,0.15,NaN,NaN
09-May-2001,4.43,NaN,NaN,5.5,NaN,NaN,4.75,NaN,NaN,0.15,NaN,NaN
10-May-2001,4.51,NaN,NaN,5.25,NaN,NaN,4.5,NaN,NaN,0.15,NaN,NaN
11-May-2001,4.47,NaN,NaN,5.25,NaN,NaN,4.5,NaN,NaN,0.15,NaN,NaN
14-May-2001,4.43,NaN,NaN,5.25,NaN,NaN,4.5,NaN,NaN,0.15,NaN,NaN
15-May-2001,4.22,NaN,NaN,5.25,NaN,NaN,4.5,NaN,NaN,0.15,NaN,NaN
16-May-2001,4.04,NaN,NaN,5.25,NaN,NaN,4.5,NaN,NaN,0.15,NaN,NaN
17-May-2001,4.04,NaN,NaN,5.25,NaN,NaN,4.5,NaN,NaN,0.15,NaN,NaN
18-May-2001,3.95,NaN,NaN,5.25,NaN,NaN,4.5,NaN,NaN,0.15,NaN,NaN
21-May-2001,4.02,NaN,NaN,5.25,NaN,NaN,4.5,NaN,NaN,0.15,NaN,NaN
22-May-2001,3.99,NaN,NaN,5.25,NaN,NaN,4.5,NaN,NaN,0.15,NaN,NaN
23-May-2001,3.97,NaN,NaN,5.25,NaN,NaN,4.5,NaN,NaN,0.15,NaN,NaN
24-May-2001,3.98,NaN,NaN,5.25,NaN,NaN,4.5,NaN,NaN,0.15,NaN,NaN
25-May-2001,3.94,NaN,NaN,5.25,NaN,NaN,4.5,NaN,NaN,0.15,NaN,NaN
28-May-2001,3.94,NaN,NaN,5.25,NaN,NaN,4.5,NaN,NaN,0.15,NaN,NaN
29-May-2001,4.09,NaN,NaN,5.25,NaN,NaN,4.5,NaN,NaN,0.15,NaN,NaN
30-May-2001,4.05,NaN,NaN,5.25,NaN,NaN,4.5,NaN,NaN,0.15,NaN,NaN
31-May-2001,4.24,NaN,NaN,5.25,NaN,NaN,4.5,NaN,NaN,0.15,NaN,NaN
01-Jun-2001,4.14,NaN,NaN,5.25,NaN,NaN,4.5,NaN,NaN,0.15,NaN,NaN
04-Jun-2001,4.03,NaN,NaN,5.25,NaN,NaN,4.5,NaN,NaN,0.15,NaN,NaN
05-Jun-2001,3.93,NaN,NaN,5.25,NaN,NaN,4.5,NaN,NaN,0.15,NaN,NaN
06-Jun-2001,3.91,NaN,NaN,5.25,NaN,NaN,4.5,NaN,NaN,0.15,NaN,NaN
07-Jun-2001,3.92,NaN,NaN,5.25,NaN,NaN,4.5,NaN,NaN,0.15,NaN,NaN
08-Jun-2001,4.02,NaN,NaN,5.25,NaN,NaN,4.5,NaN,NaN,0.15,NaN,NaN
11-Jun-2001,4.03,NaN,NaN,5.25,NaN,NaN,4.5,NaN,NaN,0.15,NaN,NaN
12-Jun-2001,3.98,NaN,NaN,5.25,NaN,NaN,4.5,NaN,NaN,0.15,NaN,NaN
13-Jun-2001,4.04,NaN,NaN,5.25,NaN,NaN,4.5,NaN,NaN,0.15,NaN,NaN
14-Jun-2001,4.03,NaN,NaN,5.25,NaN,NaN,4.5,NaN,NaN,0.15,NaN,NaN
15-Jun-2001,3.94,NaN,NaN,5.25,NaN,NaN,4.5,NaN,NaN,0.15,NaN,NaN
18-Jun-2001,3.91,NaN,NaN,5.25,NaN,NaN,4.5,NaN,NaN,0.15,NaN,NaN
19-Jun-2001,3.91,NaN,NaN,5.25,NaN,NaN,4.5,NaN,NaN,0.15,NaN,NaN
20-Jun-2001,3.98,NaN,NaN,5.25,NaN,NaN,4.5,NaN,NaN,0.15,NaN,NaN
21-Jun-2001,4.02,NaN,NaN,5.25,NaN,NaN,4.5,NaN,NaN,0.15,NaN,NaN
22-Jun-2001,3.98,NaN,NaN,5.25,NaN,NaN,4.5,NaN,NaN,0.15,NaN,NaN
25-Jun-2001,3.97,NaN,NaN,5.25,NaN,NaN,4.5,NaN,NaN,0.15,NaN,NaN
26-Jun-2001,3.75,NaN,NaN,5.25,NaN,NaN,4.5,NaN,NaN,0.15,NaN,NaN
27-Jun-2001,3.68,NaN,NaN,5.25,NaN,NaN,4.5,NaN,NaN,0.15,NaN,NaN
28-Jun-2001,3.86,NaN,NaN,5.25,NaN,NaN,4.5,NaN,NaN,0.15,NaN,NaN
29-Jun-2001,3.95,NaN,NaN,5.25,NaN,NaN,4.5,NaN,NaN,0.15,NaN,NaN
02-Jul-2001,4.11,NaN,NaN,5.25,NaN,NaN,4.5,NaN,NaN,0.15,NaN,NaN
03-Jul-2001,3.69,NaN,NaN,5.25,NaN,NaN,4.5,NaN,NaN,0.15,NaN,NaN
04-Jul-2001,3.69,NaN,NaN,5.25,NaN,NaN,4.5,NaN,NaN,0.15,NaN,NaN
05-Jul-2001,3.72,NaN,NaN,5.25,NaN,NaN,4.5,NaN,NaN,0.15,NaN,NaN
06-Jul-2001,3.6,NaN,NaN,5.25,NaN,NaN,4.5,NaN,NaN,0.15,NaN,NaN
09-Jul-2001,3.67,NaN,NaN,5.25,NaN,NaN,4.5,NaN,NaN,0.15,NaN,NaN
10-Jul-2001,3.71,NaN,NaN,5.25,NaN,NaN,4.5,NaN,NaN,0.15,NaN,NaN
11-Jul-2001,3.78,NaN,NaN,5.25,NaN,NaN,4.5,NaN,NaN,0.15,NaN,NaN
12-Jul-2001,3.78,NaN,NaN,5.25,NaN,NaN,4.5,NaN,NaN,0.15,NaN,NaN
13-Jul-2001,3.75,NaN,NaN,5.25,NaN,NaN,4.5,NaN,NaN,0.15,NaN,NaN
16-Jul-2001,3.82,NaN,NaN,5.25,NaN,NaN,4.5,NaN,NaN,0.15,NaN,NaN
17-Jul-2001,3.71,NaN,NaN,5.25,NaN,NaN,4.5,NaN,NaN,0.15,NaN,NaN
18-Jul-2001,3.73,NaN,NaN,5.25,NaN,NaN,4.5,NaN,NaN,0.15,NaN,NaN
19-Jul-2001,3.77,NaN,NaN,5.25,NaN,NaN,4.5,NaN,NaN,0.15,NaN,NaN
20-Jul-2001,3.8,NaN,NaN,5.25,NaN,NaN,4.5,NaN,NaN,0.15,NaN,NaN
23-Jul-2001,3.82,NaN,NaN,5.25,NaN,NaN,4.5,NaN,NaN,0.15,NaN,NaN
24-Jul-2001,3.82,NaN,NaN,5.25,NaN,NaN,4.5,NaN,NaN,0.15,NaN,NaN
25-Jul-2001,3.89,NaN,NaN,5.25,NaN,NaN,4.5,NaN,NaN,0.15,NaN,NaN
26-Jul-2001,3.87,NaN,NaN,5.25,NaN,NaN,4.5,NaN,NaN,0.15,NaN,NaN
27-Jul-2001,3.75,NaN,NaN,5.25,NaN,NaN,4.5,NaN,NaN,0.15,NaN,NaN
30-Jul-2001,3.79,NaN,NaN,5.25,NaN,NaN,4.5,NaN,NaN,0.15,NaN,NaN
31-Jul-2001,3.82,NaN,NaN,5.25,NaN,NaN,4.5,NaN,NaN,0.15,NaN,NaN
01-Aug-2001,3.79,NaN,NaN,5.25,NaN,NaN,4.5,NaN,NaN,0.15,NaN,NaN
02-Aug-2001,3.68,NaN,NaN,5,NaN,NaN,4.5,NaN,NaN,0.15,NaN,NaN
03-Aug-2001,3.69,NaN,NaN,5,NaN,NaN,4.5,NaN,NaN,0.15,NaN,NaN
06-Aug-2001,3.73,NaN,NaN,5,NaN,NaN,4.5,NaN,NaN,0.15,NaN,NaN
07-Aug-2001,3.69,NaN,NaN,5,NaN,NaN,4.5,NaN,NaN,0.15,NaN,NaN
08-Aug-2001,3.75,NaN,NaN,5,NaN,NaN,4.5,NaN,NaN,0.15,NaN,NaN
09-Aug-2001,3.77,NaN,NaN,5,NaN,NaN,4.5,NaN,NaN,0.15,NaN,NaN
10-Aug-2001,3.7,NaN,NaN,5,NaN,NaN,4.5,NaN,NaN,0.15,NaN,NaN
13-Aug-2001,3.79,NaN,NaN,5,NaN,NaN,4.5,NaN,NaN,0.15,NaN,NaN
14-Aug-2001,3.76,NaN,NaN,5,NaN,NaN,4.5,NaN,NaN,0.15,NaN,NaN
15-Aug-2001,3.83,NaN,NaN,5,NaN,NaN,4.5,NaN,NaN,0.15,NaN,NaN
16-Aug-2001,3.75,NaN,NaN,5,NaN,NaN,4.5,NaN,NaN,0.15,NaN,NaN
17-Aug-2001,3.66,NaN,NaN,5,NaN,NaN,4.5,NaN,NaN,0.15,NaN,NaN
20-Aug-2001,3.64,NaN,NaN,5,NaN,NaN,4.5,NaN,NaN,0.15,NaN,NaN
21-Aug-2001,3.53,NaN,NaN,5,NaN,NaN,4.5,NaN,NaN,0.15,NaN,NaN
22-Aug-2001,3.51,NaN,NaN,5,NaN,NaN,4.5,NaN,NaN,0.15,NaN,NaN
23-Aug-2001,3.55,NaN,NaN,5,NaN,NaN,4.5,NaN,NaN,0.15,NaN,NaN
24-Aug-2001,3.51,NaN,NaN,5,NaN,NaN,4.5,NaN,NaN,0.15,NaN,NaN
27-Aug-2001,3.54,NaN,NaN,5,NaN,NaN,4.5,NaN,NaN,0.15,NaN,NaN
28-Aug-2001,3.5,NaN,NaN,5,NaN,NaN,4.5,NaN,NaN,0.15,NaN,NaN
29-Aug-2001,3.5,NaN,NaN,5,NaN,NaN,4.5,NaN,NaN,0.15,NaN,NaN
30-Aug-2001,3.58,NaN,NaN,5,NaN,NaN,4.25,NaN,NaN,0.15,NaN,NaN
31-Aug-2001,3.66,NaN,NaN,5,NaN,NaN,4.25,NaN,NaN,0.15,NaN,NaN
03-Sep-2001,3.66,NaN,NaN,5,NaN,NaN,4.25,NaN,NaN,0.15,NaN,NaN
04-Sep-2001,3.67,NaN,NaN,5,NaN,NaN,4.25,NaN,NaN,0.15,NaN,NaN
05-Sep-2001,3.49,NaN,NaN,5,NaN,NaN,4.25,NaN,NaN,0.15,NaN,NaN
06-Sep-2001,3.52,NaN,NaN,5,NaN,NaN,4.25,NaN,NaN,0.15,NaN,NaN
07-Sep-2001,3.44,NaN,NaN,5,NaN,NaN,4.25,NaN,NaN,0.15,NaN,NaN
10-Sep-2001,3.5,NaN,NaN,5,NaN,NaN,4.25,NaN,NaN,0.15,NaN,NaN
11-Sep-2001,3.5,NaN,NaN,5,NaN,NaN,4.25,NaN,NaN,0.15,NaN,NaN
12-Sep-2001,3.56,NaN,NaN,5,NaN,NaN,4.25,NaN,NaN,0.15,NaN,NaN
13-Sep-2001,3.31,NaN,NaN,5,NaN,NaN,4.25,NaN,NaN,0.15,NaN,NaN
14-Sep-2001,3.13,NaN,NaN,5,NaN,NaN,4.25,NaN,NaN,0.15,NaN,NaN
17-Sep-2001,2.13,NaN,NaN,5,NaN,NaN,3.75,NaN,NaN,0.15,NaN,NaN
18-Sep-2001,1.25,NaN,NaN,4.75,NaN,NaN,3.75,NaN,NaN,0.15,NaN,NaN
19-Sep-2001,1.19,NaN,NaN,4.75,NaN,NaN,3.75,NaN,NaN,0.15,NaN,NaN
20-Sep-2001,2.22,NaN,NaN,4.75,NaN,NaN,3.75,NaN,NaN,0.15,NaN,NaN
21-Sep-2001,3.11,NaN,NaN,4.75,NaN,NaN,3.75,NaN,NaN,0.15,NaN,NaN
24-Sep-2001,3.31,NaN,NaN,4.75,NaN,NaN,3.75,NaN,NaN,0.15,NaN,NaN
25-Sep-2001,3.11,NaN,NaN,4.75,NaN,NaN,3.75,NaN,NaN,0.15,NaN,NaN
26-Sep-2001,2.96,NaN,NaN,4.75,NaN,NaN,3.75,NaN,NaN,0.15,NaN,NaN
27-Sep-2001,3.08,NaN,NaN,4.75,NaN,NaN,3.75,NaN,NaN,0.15,NaN,NaN
28-Sep-2001,2.75,NaN,NaN,4.75,NaN,NaN,3.75,NaN,NaN,0.15,NaN,NaN
01-Oct-2001,3.02,NaN,NaN,4.75,NaN,NaN,3.75,NaN,NaN,0.15,NaN,NaN
02-Oct-2001,2.35,NaN,NaN,4.75,NaN,NaN,3.75,NaN,NaN,0.15,NaN,NaN
03-Oct-2001,2.27,NaN,NaN,4.75,NaN,NaN,3.75,NaN,NaN,0.15,NaN,NaN
04-Oct-2001,2.45,NaN,NaN,4.5,NaN,NaN,3.75,NaN,NaN,0.15,NaN,NaN
05-Oct-2001,2.42,NaN,NaN,4.5,NaN,NaN,3.75,NaN,NaN,0.15,NaN,NaN
08-Oct-2001,2.42,NaN,NaN,4.5,NaN,NaN,3.75,NaN,NaN,0.15,NaN,NaN
09-Oct-2001,2.5,NaN,NaN,4.5,NaN,NaN,3.75,NaN,NaN,0.15,NaN,NaN
10-Oct-2001,2.42,NaN,NaN,4.5,NaN,NaN,3.75,NaN,NaN,0.15,NaN,NaN
11-Oct-2001,2.42,NaN,NaN,4.5,NaN,NaN,3.75,NaN,NaN,0.15,NaN,NaN
12-Oct-2001,2.39,NaN,NaN,4.5,NaN,NaN,3.75,NaN,NaN,0.15,NaN,NaN
15-Oct-2001,2.51,NaN,NaN,4.5,NaN,NaN,3.75,NaN,NaN,0.15,NaN,NaN
16-Oct-2001,2.47,NaN,NaN,4.5,NaN,NaN,3.75,NaN,NaN,0.15,NaN,NaN
17-Oct-2001,2.51,NaN,NaN,4.5,NaN,NaN,3.75,NaN,NaN,0.15,NaN,NaN
18-Oct-2001,2.5,NaN,NaN,4.5,NaN,NaN,3.75,NaN,NaN,0.15,NaN,NaN
19-Oct-2001,2.47,NaN,NaN,4.5,NaN,NaN,3.75,NaN,NaN,0.15,NaN,NaN
22-Oct-2001,2.52,NaN,NaN,4.5,NaN,NaN,3.75,NaN,NaN,0.15,NaN,NaN
23-Oct-2001,2.48,NaN,NaN,4.5,NaN,NaN,3.75,NaN,NaN,0.15,NaN,NaN
24-Oct-2001,2.53,NaN,NaN,4.5,NaN,NaN,3.75,NaN,NaN,0.15,NaN,NaN
25-Oct-2001,2.54,NaN,NaN,4.5,NaN,NaN,3.75,NaN,NaN,0.15,NaN,NaN
26-Oct-2001,2.51,NaN,NaN,4.5,NaN,NaN,3.75,NaN,NaN,0.15,NaN,NaN
29-Oct-2001,2.55,NaN,NaN,4.5,NaN,NaN,3.75,NaN,NaN,0.15,NaN,NaN
30-Oct-2001,2.55,NaN,NaN,4.5,NaN,NaN,3.75,NaN,NaN,0.15,NaN,NaN
31-Oct-2001,2.66,NaN,NaN,4.5,NaN,NaN,3.75,NaN,NaN,0.15,NaN,NaN
01-Nov-2001,2.61,NaN,NaN,4.5,NaN,NaN,3.75,NaN,NaN,0.15,NaN,NaN
02-Nov-2001,2.43,NaN,NaN,4.5,NaN,NaN,3.75,NaN,NaN,0.15,NaN,NaN
05-Nov-2001,2.45,NaN,NaN,4.5,NaN,NaN,3.75,NaN,NaN,0.15,NaN,NaN
06-Nov-2001,2.13,NaN,NaN,4.5,NaN,NaN,3.75,NaN,NaN,0.15,NaN,NaN
07-Nov-2001,2.04,NaN,NaN,4.5,NaN,NaN,3.75,NaN,NaN,0.15,NaN,NaN
08-Nov-2001,2.03,NaN,NaN,4,NaN,NaN,3.25,NaN,NaN,0.15,NaN,NaN
09-Nov-2001,1.98,NaN,NaN,4,NaN,NaN,3.25,NaN,NaN,0.15,NaN,NaN
12-Nov-2001,1.98,NaN,NaN,4,NaN,NaN,3.25,NaN,NaN,0.15,NaN,NaN
13-Nov-2001,2.1,NaN,NaN,4,NaN,NaN,3.25,NaN,NaN,0.15,NaN,NaN
14-Nov-2001,2.16,NaN,NaN,4,NaN,NaN,3.25,NaN,NaN,0.15,NaN,NaN
15-Nov-2001,2.22,NaN,NaN,4,NaN,NaN,3.25,NaN,NaN,0.15,NaN,NaN
16-Nov-2001,1.98,NaN,NaN,4,NaN,NaN,3.25,NaN,NaN,0.15,NaN,NaN
19-Nov-2001,2.01,NaN,NaN,4,NaN,NaN,3.25,NaN,NaN,0.15,NaN,NaN
20-Nov-2001,1.97,NaN,NaN,4,NaN,NaN,3.25,NaN,NaN,0.15,NaN,NaN
21-Nov-2001,1.93,NaN,NaN,4,NaN,NaN,3.25,NaN,NaN,0.15,NaN,NaN
22-Nov-2001,1.93,NaN,NaN,4,NaN,NaN,3.25,NaN,NaN,0.15,NaN,NaN
23-Nov-2001,1.88,NaN,NaN,4,NaN,NaN,3.25,NaN,NaN,0.15,NaN,NaN
26-Nov-2001,2.04,NaN,NaN,4,NaN,NaN,3.25,NaN,NaN,0.15,NaN,NaN
27-Nov-2001,2.01,NaN,NaN,4,NaN,NaN,3.25,NaN,NaN,0.15,NaN,NaN
28-Nov-2001,2.04,NaN,NaN,4,NaN,NaN,3.25,NaN,NaN,0.15,NaN,NaN
29-Nov-2001,2.09,NaN,NaN,4,NaN,NaN,3.25,NaN,NaN,0.15,NaN,NaN
30-Nov-2001,2.06,NaN,NaN,4,NaN,NaN,3.25,NaN,NaN,0.15,NaN,NaN
03-Dec-2001,2.05,NaN,NaN,4,NaN,NaN,3.25,NaN,NaN,0.15,NaN,NaN
04-Dec-2001,1.93,NaN,NaN,4,NaN,NaN,3.25,NaN,NaN,0.15,NaN,NaN
05-Dec-2001,1.89,NaN,NaN,4,NaN,NaN,3.25,NaN,NaN,0.15,NaN,NaN
06-Dec-2001,1.87,NaN,NaN,4,NaN,NaN,3.25,NaN,NaN,0.15,NaN,NaN
07-Dec-2001,1.92,NaN,NaN,4,NaN,NaN,3.25,NaN,NaN,0.15,NaN,NaN
10-Dec-2001,1.9,NaN,NaN,4,NaN,NaN,3.25,NaN,NaN,0.15,NaN,NaN
11-Dec-2001,1.8,NaN,NaN,4,NaN,NaN,3.25,NaN,NaN,0.15,NaN,NaN
12-Dec-2001,1.81,NaN,NaN,4,NaN,NaN,3.25,NaN,NaN,0.15,NaN,NaN
13-Dec-2001,1.86,NaN,NaN,4,NaN,NaN,3.25,NaN,NaN,0.15,NaN,NaN
14-Dec-2001,1.88,NaN,NaN,4,NaN,NaN,3.25,NaN,NaN,0.15,NaN,NaN
17-Dec-2001,1.93,NaN,NaN,4,NaN,NaN,3.25,NaN,NaN,0.15,NaN,NaN
18-Dec-2001,1.71,NaN,NaN,4,NaN,NaN,3.25,NaN,NaN,0.15,NaN,NaN
19-Dec-2001,1.71,NaN,NaN,4,NaN,NaN,3.25,NaN,NaN,0.15,NaN,NaN
20-Dec-2001,1.79,NaN,NaN,4,NaN,NaN,3.25,NaN,NaN,0.15,NaN,NaN
21-Dec-2001,1.78,NaN,NaN,4,NaN,NaN,3.25,NaN,NaN,0.15,NaN,NaN
24-Dec-2001,1.68,NaN,NaN,4,NaN,NaN,3.25,NaN,NaN,0.15,NaN,NaN
25-Dec-2001,1.68,NaN,NaN,4,NaN,NaN,3.25,NaN,NaN,0.15,NaN,NaN
26-Dec-2001,1.89,NaN,NaN,4,NaN,NaN,3.25,NaN,NaN,0.15,NaN,NaN
27-Dec-2001,1.85,NaN,NaN,4,NaN,NaN,3.25,NaN,NaN,0.15,NaN,NaN
28-Dec-2001,1.54,NaN,NaN,4,NaN,NaN,3.25,NaN,NaN,0.15,NaN,NaN
31-Dec-2001,1.52,NaN,NaN,4,NaN,NaN,3.25,NaN,NaN,0.15,NaN,NaN
01-Jan-2002,1.52,NaN,NaN,4,NaN,NaN,3.25,NaN,NaN,0.15,NaN,NaN
02-Jan-2002,1.92,NaN,NaN,4,NaN,NaN,3.25,NaN,NaN,0.15,NaN,NaN
03-Jan-2002,1.72,NaN,NaN,4,NaN,NaN,3.25,NaN,NaN,0.15,NaN,NaN
04-Jan-2002,1.61,NaN,NaN,4,NaN,NaN,3.25,NaN,NaN,0.15,NaN,NaN
07-Jan-2002,1.61,NaN,NaN,4,NaN,NaN,3.25,NaN,NaN,0.15,NaN,NaN
08-Jan-2002,1.61,NaN,NaN,4,NaN,NaN,3.25,NaN,NaN,0.15,NaN,NaN
09-Jan-2002,1.74,NaN,NaN,4,NaN,NaN,3.25,NaN,NaN,0.15,NaN,NaN
10-Jan-2002,1.81,NaN,NaN,4,NaN,NaN,3.25,NaN,NaN,0.15,NaN,NaN
11-Jan-2002,1.71,NaN,NaN,4,NaN,NaN,3.25,NaN,NaN,0.15,NaN,NaN
14-Jan-2002,1.78,NaN,NaN,4,NaN,NaN,3.25,NaN,NaN,0.15,NaN,NaN
15-Jan-2002,1.75,NaN,NaN,4,NaN,NaN,3.25,NaN,NaN,0.15,NaN,NaN
16-Jan-2002,1.69,NaN,NaN,4,NaN,NaN,3.25,NaN,NaN,0.15,NaN,NaN
17-Jan-2002,1.68,NaN,NaN,4,NaN,NaN,3.25,NaN,NaN,0.15,NaN,NaN
18-Jan-2002,1.71,NaN,NaN,4,NaN,NaN,3.25,NaN,NaN,0.15,NaN,NaN
21-Jan-2002,1.71,NaN,NaN,4,NaN,NaN,3.25,NaN,NaN,0.15,NaN,NaN
22-Jan-2002,1.84,NaN,NaN,4,NaN,NaN,3.25,NaN,NaN,0.15,NaN,NaN
23-Jan-2002,1.81,NaN,NaN,4,NaN,NaN,3.25,NaN,NaN,0.15,NaN,NaN
24-Jan-2002,1.8,NaN,NaN,4,NaN,NaN,3.25,NaN,NaN,0.15,NaN,NaN
25-Jan-2002,1.78,NaN,NaN,4,NaN,NaN,3.25,NaN,NaN,0.15,NaN,NaN
28-Jan-2002,1.79,NaN,NaN,4,NaN,NaN,3.25,NaN,NaN,0.15,NaN,NaN
29-Jan-2002,1.78,NaN,NaN,4,NaN,NaN,3.25,NaN,NaN,0.15,NaN,NaN
30-Jan-2002,1.78,NaN,NaN,4,NaN,NaN,3.25,NaN,NaN,0.15,NaN,NaN
31-Jan-2002,1.85,NaN,NaN,4,NaN,NaN,3.25,NaN,NaN,0.15,NaN,NaN
01-Feb-2002,1.77,NaN,NaN,4,NaN,NaN,3.25,NaN,NaN,0.15,NaN,NaN
04-Feb-2002,1.74,NaN,NaN,4,NaN,NaN,3.25,NaN,NaN,0.15,NaN,NaN
05-Feb-2002,1.64,NaN,NaN,4,NaN,NaN,3.25,NaN,NaN,0.15,NaN,NaN
06-Feb-2002,1.66,NaN,NaN,4,NaN,NaN,3.25,NaN,NaN,0.15,NaN,NaN
07-Feb-2002,1.74,NaN,NaN,4,NaN,NaN,3.25,NaN,NaN,0.15,NaN,NaN
08-Feb-2002,1.69,NaN,NaN,4,NaN,NaN,3.25,NaN,NaN,0.15,NaN,NaN
11-Feb-2002,1.76,NaN,NaN,4,NaN,NaN,3.25,NaN,NaN,0.15,NaN,NaN
12-Feb-2002,1.72,NaN,NaN,4,NaN,NaN,3.25,NaN,NaN,0.15,NaN,NaN
13-Feb-2002,1.75,NaN,NaN,4,NaN,NaN,3.25,NaN,NaN,0.15,NaN,NaN
14-Feb-2002,1.81,NaN,NaN,4,NaN,NaN,3.25,NaN,NaN,0.15,NaN,NaN
15-Feb-2002,1.73,NaN,NaN,4,NaN,NaN,3.25,NaN,NaN,0.15,NaN,NaN
18-Feb-2002,1.73,NaN,NaN,4,NaN,NaN,3.25,NaN,NaN,0.15,NaN,NaN
19-Feb-2002,1.77,NaN,NaN,4,NaN,NaN,3.25,NaN,NaN,0.15,NaN,NaN
20-Feb-2002,1.76,NaN,NaN,4,NaN,NaN,3.25,NaN,NaN,0.15,NaN,NaN
21-Feb-2002,1.77,NaN,NaN,4,NaN,NaN,3.25,NaN,NaN,0.15,NaN,NaN
22-Feb-2002,1.71,NaN,NaN,4,NaN,NaN,3.25,NaN,NaN,0.15,NaN,NaN
25-Feb-2002,1.8,NaN,NaN,4,NaN,NaN,3.25,NaN,NaN,0.15,NaN,NaN
26-Feb-2002,1.77,NaN,NaN,4,NaN,NaN,3.25,NaN,NaN,0.15,NaN,NaN
27-Feb-2002,1.76,NaN,NaN,4,NaN,NaN,3.25,NaN,NaN,0.15,NaN,NaN
28-Feb-2002,1.83,NaN,NaN,4,NaN,NaN,3.25,NaN,NaN,0.15,NaN,NaN
01-Mar-2002,1.78,NaN,NaN,4,NaN,NaN,3.25,NaN,NaN,0.15,NaN,NaN
04-Mar-2002,1.68,NaN,NaN,4,NaN,NaN,3.25,NaN,NaN,0.15,NaN,NaN
05-Mar-2002,1.63,NaN,NaN,4,NaN,NaN,3.25,NaN,NaN,0.15,NaN,NaN
06-Mar-2002,1.71,NaN,NaN,4,NaN,NaN,3.25,NaN,NaN,0.15,NaN,NaN
07-Mar-2002,1.77,NaN,NaN,4,NaN,NaN,3.25,NaN,NaN,0.15,NaN,NaN
08-Mar-2002,1.69,NaN,NaN,4,NaN,NaN,3.25,NaN,NaN,0.15,NaN,NaN
11-Mar-2002,1.75,NaN,NaN,4,NaN,NaN,3.25,NaN,NaN,0.15,NaN,NaN
12-Mar-2002,1.68,NaN,NaN,4,NaN,NaN,3.25,NaN,NaN,0.15,NaN,NaN
13-Mar-2002,1.73,NaN,NaN,4,NaN,NaN,3.25,NaN,NaN,0.15,NaN,NaN
14-Mar-2002,1.79,NaN,NaN,4,NaN,NaN,3.25,NaN,NaN,0.15,NaN,NaN
15-Mar-2002,1.8,NaN,NaN,4,NaN,NaN,3.25,NaN,NaN,0.15,NaN,NaN
18-Mar-2002,1.71,NaN,NaN,4,NaN,NaN,3.25,NaN,NaN,0.15,NaN,NaN
19-Mar-2002,1.67,NaN,NaN,4,NaN,NaN,3.25,NaN,NaN,0.15,NaN,NaN
20-Mar-2002,1.78,NaN,NaN,4,NaN,NaN,3.25,NaN,NaN,0.15,NaN,NaN
21-Mar-2002,1.74,NaN,NaN,4,NaN,NaN,3.25,NaN,NaN,0.15,NaN,NaN
22-Mar-2002,1.68,NaN,NaN,4,NaN,NaN,3.25,NaN,NaN,0.15,NaN,NaN
25-Mar-2002,1.75,NaN,NaN,4,NaN,NaN,3.25,NaN,NaN,0.15,NaN,NaN
26-Mar-2002,1.71,NaN,NaN,4,NaN,NaN,3.25,NaN,NaN,0.15,NaN,NaN
27-Mar-2002,1.69,NaN,NaN,4,NaN,NaN,3.25,NaN,NaN,0.15,NaN,NaN
28-Mar-2002,1.77,NaN,NaN,4,NaN,NaN,3.25,NaN,NaN,0.15,NaN,NaN
29-Mar-2002,1.74,NaN,NaN,4,NaN,NaN,3.25,NaN,NaN,0.15,NaN,NaN
01-Apr-2002,1.88,NaN,NaN,4,NaN,NaN,3.25,NaN,NaN,0.15,NaN,NaN
02-Apr-2002,1.74,NaN,NaN,4,NaN,NaN,3.25,NaN,NaN,0.15,NaN,NaN
03-Apr-2002,1.81,NaN,NaN,4,NaN,NaN,3.25,NaN,NaN,0.15,NaN,NaN
04-Apr-2002,1.74,NaN,NaN,4,NaN,NaN,3.25,NaN,NaN,0.15,NaN,NaN
05-Apr-2002,1.7,NaN,NaN,4,NaN,NaN,3.25,NaN,NaN,0.15,NaN,NaN
08-Apr-2002,1.72,NaN,NaN,4,NaN,NaN,3.25,NaN,NaN,0.15,NaN,NaN
09-Apr-2002,1.68,NaN,NaN,4,NaN,NaN,3.25,NaN,NaN,0.15,NaN,NaN
10-Apr-2002,1.73,NaN,NaN,4,NaN,NaN,3.25,NaN,NaN,0.15,NaN,NaN
11-Apr-2002,1.83,NaN,NaN,4,NaN,NaN,3.25,NaN,NaN,0.15,NaN,NaN
12-Apr-2002,1.79,NaN,NaN,4,NaN,NaN,3.25,NaN,NaN,0.15,NaN,NaN
15-Apr-2002,1.84,NaN,NaN,4,NaN,NaN,3.25,NaN,NaN,0.15,NaN,NaN
16-Apr-2002,1.68,NaN,NaN,4,NaN,NaN,3.25,NaN,NaN,0.15,NaN,NaN
17-Apr-2002,1.73,NaN,NaN,4,NaN,NaN,3.25,NaN,NaN,0.15,NaN,NaN
18-Apr-2002,1.71,NaN,NaN,4,NaN,NaN,3.25,NaN,NaN,0.15,NaN,NaN
19-Apr-2002,1.67,NaN,NaN,4,NaN,NaN,3.25,NaN,NaN,0.15,NaN,NaN
22-Apr-2002,1.73,NaN,NaN,4,NaN,NaN,3.25,NaN,NaN,0.15,NaN,NaN
23-Apr-2002,1.71,NaN,NaN,4,NaN,NaN,3.25,NaN,NaN,0.15,NaN,NaN
24-Apr-2002,1.76,NaN,NaN,4,NaN,NaN,3.25,NaN,NaN,0.15,NaN,NaN
25-Apr-2002,1.82,NaN,NaN,4,NaN,NaN,3.25,NaN,NaN,0.15,NaN,NaN
26-Apr-2002,1.79,NaN,NaN,4,NaN,NaN,3.25,NaN,NaN,0.15,NaN,NaN
29-Apr-2002,1.81,NaN,NaN,4,NaN,NaN,3.25,NaN,NaN,0.15,NaN,NaN
30-Apr-2002,1.82,NaN,NaN,4,NaN,NaN,3.25,NaN,NaN,0.15,NaN,NaN
01-May-2002,1.88,NaN,NaN,4,NaN,NaN,3.25,NaN,NaN,0.15,NaN,NaN
02-May-2002,1.79,NaN,NaN,4,NaN,NaN,3.25,NaN,NaN,0.15,NaN,NaN
03-May-2002,1.73,NaN,NaN,4,NaN,NaN,3.25,NaN,NaN,0.15,NaN,NaN
06-May-2002,1.75,NaN,NaN,4,NaN,NaN,3.25,NaN,NaN,0.15,NaN,NaN
07-May-2002,1.72,NaN,NaN,4,NaN,NaN,3.25,NaN,NaN,0.15,NaN,NaN
08-May-2002,1.71,NaN,NaN,4,NaN,NaN,3.25,NaN,NaN,0.15,NaN,NaN
09-May-2002,1.74,NaN,NaN,4,NaN,NaN,3.25,NaN,NaN,0.15,NaN,NaN
10-May-2002,1.74,NaN,NaN,4,NaN,NaN,3.25,NaN,NaN,0.15,NaN,NaN
13-May-2002,1.75,NaN,NaN,4,NaN,NaN,3.25,NaN,NaN,0.15,NaN,NaN
14-May-2002,1.69,NaN,NaN,4,NaN,NaN,3.25,NaN,NaN,0.15,NaN,NaN
15-May-2002,1.84,NaN,NaN,4,NaN,NaN,3.25,NaN,NaN,0.15,NaN,NaN
16-May-2002,1.76,NaN,NaN,4,NaN,NaN,3.25,NaN,NaN,0.15,NaN,NaN
17-May-2002,1.7,NaN,NaN,4,NaN,NaN,3.25,NaN,NaN,0.15,NaN,NaN
20-May-2002,1.72,NaN,NaN,4,NaN,NaN,3.25,NaN,NaN,0.15,NaN,NaN
21-May-2002,1.68,NaN,NaN,4,NaN,NaN,3.25,NaN,NaN,0.15,NaN,NaN
22-May-2002,1.73,NaN,NaN,4,NaN,NaN,3.25,NaN,NaN,0.15,NaN,NaN
23-May-2002,1.76,NaN,NaN,4,NaN,NaN,3.25,NaN,NaN,0.15,NaN,NaN
24-May-2002,1.75,NaN,NaN,4,NaN,NaN,3.25,NaN,NaN,0.15,NaN,NaN
27-May-2002,1.75,NaN,NaN,4,NaN,NaN,3.25,NaN,NaN,0.15,NaN,NaN
28-May-2002,1.88,NaN,NaN,4,NaN,NaN,3.25,NaN,NaN,0.15,NaN,NaN
29-May-2002,1.79,NaN,NaN,4,NaN,NaN,3.25,NaN,NaN,0.15,NaN,NaN
30-May-2002,1.8,NaN,NaN,4,NaN,NaN,3.25,NaN,NaN,0.15,NaN,NaN
31-May-2002,1.79,NaN,NaN,4,NaN,NaN,3.25,NaN,NaN,0.15,NaN,NaN
03-Jun-2002,1.83,NaN,NaN,4,NaN,NaN,3.25,NaN,NaN,0.15,NaN,NaN
04-Jun-2002,1.73,NaN,NaN,4,NaN,NaN,3.25,NaN,NaN,0.15,NaN,NaN
05-Jun-2002,1.7,NaN,NaN,4,NaN,NaN,3.25,NaN,NaN,0.15,NaN,NaN
06-Jun-2002,1.75,NaN,NaN,4,NaN,NaN,3.25,NaN,NaN,0.15,NaN,NaN
07-Jun-2002,1.73,NaN,NaN,4,NaN,NaN,3.25,NaN,NaN,0.15,NaN,NaN
10-Jun-2002,1.76,NaN,NaN,4,NaN,NaN,3.25,NaN,NaN,0.15,NaN,NaN
11-Jun-2002,1.72,NaN,NaN,4,NaN,NaN,3.25,NaN,NaN,0.15,NaN,NaN
12-Jun-2002,1.75,NaN,NaN,4,NaN,NaN,3.25,NaN,NaN,0.15,NaN,NaN
13-Jun-2002,1.76,NaN,NaN,4,NaN,NaN,3.25,NaN,NaN,0.15,NaN,NaN
14-Jun-2002,1.75,NaN,NaN,4,NaN,NaN,3.25,NaN,NaN,0.15,NaN,NaN
17-Jun-2002,1.82,NaN,NaN,4,NaN,NaN,3.25,NaN,NaN,0.15,NaN,NaN
18-Jun-2002,1.71,NaN,NaN,4,NaN,NaN,3.25,NaN,NaN,0.15,NaN,NaN
19-Jun-2002,1.69,NaN,NaN,4,NaN,NaN,3.25,NaN,NaN,0.15,NaN,NaN
20-Jun-2002,1.75,NaN,NaN,4,NaN,NaN,3.25,NaN,NaN,0.15,NaN,NaN
21-Jun-2002,1.74,NaN,NaN,4,NaN,NaN,3.25,NaN,NaN,0.15,NaN,NaN
24-Jun-2002,1.77,NaN,NaN,4,NaN,NaN,3.25,NaN,NaN,0.15,NaN,NaN
25-Jun-2002,1.75,NaN,NaN,4,NaN,NaN,3.25,NaN,NaN,0.15,NaN,NaN
26-Jun-2002,1.78,NaN,NaN,4,NaN,NaN,3.25,NaN,NaN,0.15,NaN,NaN
27-Jun-2002,1.81,NaN,NaN,4,NaN,NaN,3.25,NaN,NaN,0.15,NaN,NaN
28-Jun-2002,1.73,NaN,NaN,4,NaN,NaN,3.25,NaN,NaN,0.15,NaN,NaN
01-Jul-2002,1.83,NaN,NaN,4,NaN,NaN,3.25,NaN,NaN,0.15,NaN,NaN
02-Jul-2002,1.72,NaN,NaN,4,NaN,NaN,3.25,NaN,NaN,0.15,NaN,NaN
03-Jul-2002,1.71,NaN,NaN,4,NaN,NaN,3.25,NaN,NaN,0.15,NaN,NaN
04-Jul-2002,1.71,NaN,NaN,4,NaN,NaN,3.25,NaN,NaN,0.15,NaN,NaN
05-Jul-2002,1.72,NaN,NaN,4,NaN,NaN,3.25,NaN,NaN,0.15,NaN,NaN
08-Jul-2002,1.75,NaN,NaN,4,NaN,NaN,3.25,NaN,NaN,0.15,NaN,NaN
09-Jul-2002,1.72,NaN,NaN,4,NaN,NaN,3.25,NaN,NaN,0.15,NaN,NaN
10-Jul-2002,1.74,NaN,NaN,4,NaN,NaN,3.25,NaN,NaN,0.15,NaN,NaN
11-Jul-2002,1.76,NaN,NaN,4,NaN,NaN,3.25,NaN,NaN,0.15,NaN,NaN
12-Jul-2002,1.71,NaN,NaN,4,NaN,NaN,3.25,NaN,NaN,0.15,NaN,NaN
15-Jul-2002,1.83,NaN,NaN,4,NaN,NaN,3.25,NaN,NaN,0.15,NaN,NaN
16-Jul-2002,1.72,NaN,NaN,4,NaN,NaN,3.25,NaN,NaN,0.15,NaN,NaN
17-Jul-2002,1.71,NaN,NaN,4,NaN,NaN,3.25,NaN,NaN,0.15,NaN,NaN
18-Jul-2002,1.74,NaN,NaN,4,NaN,NaN,3.25,NaN,NaN,0.15,NaN,NaN
19-Jul-2002,1.72,NaN,NaN,4,NaN,NaN,3.25,NaN,NaN,0.15,NaN,NaN
22-Jul-2002,1.77,NaN,NaN,4,NaN,NaN,3.25,NaN,NaN,0.15,NaN,NaN
23-Jul-2002,1.73,NaN,NaN,4,NaN,NaN,3.25,NaN,NaN,0.15,NaN,NaN
24-Jul-2002,1.67,NaN,NaN,4,NaN,NaN,3.25,NaN,NaN,0.15,NaN,NaN
25-Jul-2002,1.75,NaN,NaN,4,NaN,NaN,3.25,NaN,NaN,0.15,NaN,NaN
26-Jul-2002,1.69,NaN,NaN,4,NaN,NaN,3.25,NaN,NaN,0.15,NaN,NaN
29-Jul-2002,1.75,NaN,NaN,4,NaN,NaN,3.25,NaN,NaN,0.15,NaN,NaN
30-Jul-2002,1.71,NaN,NaN,4,NaN,NaN,3.25,NaN,NaN,0.15,NaN,NaN
31-Jul-2002,1.76,NaN,NaN,4,NaN,NaN,3.25,NaN,NaN,0.15,NaN,NaN
01-Aug-2002,1.79,NaN,NaN,4,NaN,NaN,3.25,NaN,NaN,0.15,NaN,NaN
02-Aug-2002,1.72,NaN,NaN,4,NaN,NaN,3.25,NaN,NaN,0.15,NaN,NaN
05-Aug-2002,1.77,NaN,NaN,4,NaN,NaN,3.25,NaN,NaN,0.15,NaN,NaN
06-Aug-2002,1.74,NaN,NaN,4,NaN,NaN,3.25,NaN,NaN,0.15,NaN,NaN
07-Aug-2002,1.71,NaN,NaN,4,NaN,NaN,3.25,NaN,NaN,0.15,NaN,NaN
08-Aug-2002,1.71,NaN,NaN,4,NaN,NaN,3.25,NaN,NaN,0.15,NaN,NaN
09-Aug-2002,1.68,NaN,NaN,4,NaN,NaN,3.25,NaN,NaN,0.15,NaN,NaN
12-Aug-2002,1.76,NaN,NaN,4,NaN,NaN,3.25,NaN,NaN,0.15,NaN,NaN
13-Aug-2002,1.74,NaN,NaN,4,NaN,NaN,3.25,NaN,NaN,0.15,NaN,NaN
14-Aug-2002,1.78,NaN,NaN,4,NaN,NaN,3.25,NaN,NaN,0.15,NaN,NaN
15-Aug-2002,1.87,NaN,NaN,4,NaN,NaN,3.25,NaN,NaN,0.15,NaN,NaN
16-Aug-2002,1.7,NaN,NaN,4,NaN,NaN,3.25,NaN,NaN,0.15,NaN,NaN
19-Aug-2002,1.72,NaN,NaN,4,NaN,NaN,3.25,NaN,NaN,0.15,NaN,NaN
20-Aug-2002,1.7,NaN,NaN,4,NaN,NaN,3.25,NaN,NaN,0.15,NaN,NaN
21-Aug-2002,1.72,NaN,NaN,4,NaN,NaN,3.25,NaN,NaN,0.15,NaN,NaN
22-Aug-2002,1.73,NaN,NaN,4,NaN,NaN,3.25,NaN,NaN,0.15,NaN,NaN
23-Aug-2002,1.72,NaN,NaN,4,NaN,NaN,3.25,NaN,NaN,0.15,NaN,NaN
26-Aug-2002,1.81,NaN,NaN,4,NaN,NaN,3.25,NaN,NaN,0.15,NaN,NaN
27-Aug-2002,1.79,NaN,NaN,4,NaN,NaN,3.25,NaN,NaN,0.15,NaN,NaN
28-Aug-2002,1.8,NaN,NaN,4,NaN,NaN,3.25,NaN,NaN,0.15,NaN,NaN
29-Aug-2002,1.82,NaN,NaN,4,NaN,NaN,3.25,NaN,NaN,0.15,NaN,NaN
30-Aug-2002,1.81,NaN,NaN,4,NaN,NaN,3.25,NaN,NaN,0.15,NaN,NaN
02-Sep-2002,1.81,NaN,NaN,4,NaN,NaN,3.25,NaN,NaN,0.15,NaN,NaN
03-Sep-2002,1.87,NaN,NaN,4,NaN,NaN,3.25,NaN,NaN,0.15,NaN,NaN
04-Sep-2002,1.74,NaN,NaN,4,NaN,NaN,3.25,NaN,NaN,0.15,NaN,NaN
05-Sep-2002,1.75,NaN,NaN,4,NaN,NaN,3.25,NaN,NaN,0.15,NaN,NaN
06-Sep-2002,1.71,NaN,NaN,4,NaN,NaN,3.25,NaN,NaN,0.15,NaN,NaN
09-Sep-2002,1.76,NaN,NaN,4,NaN,NaN,3.25,NaN,NaN,0.15,NaN,NaN
10-Sep-2002,1.74,NaN,NaN,4,NaN,NaN,3.25,NaN,NaN,0.15,NaN,NaN
11-Sep-2002,1.72,NaN,NaN,4,NaN,NaN,3.25,NaN,NaN,0.15,NaN,NaN
12-Sep-2002,1.74,NaN,NaN,4,NaN,NaN,3.25,NaN,NaN,0.15,NaN,NaN
13-Sep-2002,1.72,NaN,NaN,4,NaN,NaN,3.25,NaN,NaN,0.15,NaN,NaN
16-Sep-2002,1.83,NaN,NaN,4,NaN,NaN,3.25,NaN,NaN,0.15,NaN,NaN
17-Sep-2002,1.72,NaN,NaN,4,NaN,NaN,3.25,NaN,NaN,0.15,NaN,NaN
18-Sep-2002,1.68,NaN,NaN,4,NaN,NaN,3.25,NaN,NaN,0.15,NaN,NaN
19-Sep-2002,1.69,NaN,NaN,4,NaN,NaN,3.25,NaN,NaN,0.15,NaN,NaN
20-Sep-2002,1.7,NaN,NaN,4,NaN,NaN,3.25,NaN,NaN,0.15,NaN,NaN
23-Sep-2002,1.74,NaN,NaN,4,NaN,NaN,3.25,NaN,NaN,0.15,NaN,NaN
24-Sep-2002,1.75,NaN,NaN,4,NaN,NaN,3.25,NaN,NaN,0.15,NaN,NaN
25-Sep-2002,1.79,NaN,NaN,4,NaN,NaN,3.25,NaN,NaN,0.15,NaN,NaN
26-Sep-2002,1.8,NaN,NaN,4,NaN,NaN,3.25,NaN,NaN,0.15,NaN,NaN
27-Sep-2002,1.78,NaN,NaN,4,NaN,NaN,3.25,NaN,NaN,0.15,NaN,NaN
30-Sep-2002,1.85,NaN,NaN,4,NaN,NaN,3.25,NaN,NaN,0.15,NaN,NaN
01-Oct-2002,1.85,NaN,NaN,4,NaN,NaN,3.25,NaN,NaN,0.15,NaN,NaN
02-Oct-2002,1.75,NaN,NaN,4,NaN,NaN,3.25,NaN,NaN,0.15,NaN,NaN
03-Oct-2002,1.76,NaN,NaN,4,NaN,NaN,3.25,NaN,NaN,0.15,NaN,NaN
04-Oct-2002,1.72,NaN,NaN,4,NaN,NaN,3.25,NaN,NaN,0.15,NaN,NaN
07-Oct-2002,1.74,NaN,NaN,4,NaN,NaN,3.25,NaN,NaN,0.15,NaN,NaN
08-Oct-2002,1.72,NaN,NaN,4,NaN,NaN,3.25,NaN,NaN,0.15,NaN,NaN
09-Oct-2002,1.73,NaN,NaN,4,NaN,NaN,3.25,NaN,NaN,0.15,NaN,NaN
10-Oct-2002,1.75,NaN,NaN,4,NaN,NaN,3.25,NaN,NaN,0.15,NaN,NaN
11-Oct-2002,1.73,NaN,NaN,4,NaN,NaN,3.25,NaN,NaN,0.15,NaN,NaN
14-Oct-2002,1.73,NaN,NaN,4,NaN,NaN,3.25,NaN,NaN,0.15,NaN,NaN
15-Oct-2002,1.88,NaN,NaN,4,NaN,NaN,3.25,NaN,NaN,0.15,NaN,NaN
16-Oct-2002,1.73,NaN,NaN,4,NaN,NaN,3.25,NaN,NaN,0.15,NaN,NaN
17-Oct-2002,1.74,NaN,NaN,4,NaN,NaN,3.25,NaN,NaN,0.15,NaN,NaN
18-Oct-2002,1.71,NaN,NaN,4,NaN,NaN,3.25,NaN,NaN,0.15,NaN,NaN
21-Oct-2002,1.73,NaN,NaN,4,NaN,NaN,3.25,NaN,NaN,0.15,NaN,NaN
22-Oct-2002,1.71,NaN,NaN,4,NaN,NaN,3.25,NaN,NaN,0.15,NaN,NaN
23-Oct-2002,1.76,NaN,NaN,4,NaN,NaN,3.25,NaN,NaN,0.15,NaN,NaN
24-Oct-2002,1.8,NaN,NaN,4,NaN,NaN,3.25,NaN,NaN,0.15,NaN,NaN
25-Oct-2002,1.82,NaN,NaN,4,NaN,NaN,3.25,NaN,NaN,0.15,NaN,NaN
28-Oct-2002,1.79,NaN,NaN,4,NaN,NaN,3.25,NaN,NaN,0.15,NaN,NaN
29-Oct-2002,1.75,NaN,NaN,4,NaN,NaN,3.25,NaN,NaN,0.15,NaN,NaN
30-Oct-2002,1.72,NaN,NaN,4,NaN,NaN,3.25,NaN,NaN,0.15,NaN,NaN
31-Oct-2002,1.82,NaN,NaN,4,NaN,NaN,3.25,NaN,NaN,0.15,NaN,NaN
01-Nov-2002,1.74,NaN,NaN,4,NaN,NaN,3.25,NaN,NaN,0.15,NaN,NaN
04-Nov-2002,1.71,NaN,NaN,4,NaN,NaN,3.25,NaN,NaN,0.15,NaN,NaN
05-Nov-2002,1.64,NaN,NaN,4,NaN,NaN,3.25,NaN,NaN,0.15,NaN,NaN
06-Nov-2002,1.48,NaN,NaN,4,NaN,NaN,3.25,NaN,NaN,0.15,NaN,NaN
07-Nov-2002,1.27,NaN,NaN,4,NaN,NaN,3.25,NaN,NaN,0.15,NaN,NaN
08-Nov-2002,1.18,NaN,NaN,4,NaN,NaN,3.25,NaN,NaN,0.15,NaN,NaN
11-Nov-2002,1.18,NaN,NaN,4,NaN,NaN,3.25,NaN,NaN,0.15,NaN,NaN
12-Nov-2002,1.29,NaN,NaN,4,NaN,NaN,3.25,NaN,NaN,0.15,NaN,NaN
13-Nov-2002,1.17,NaN,NaN,4,NaN,NaN,3.25,NaN,NaN,0.15,NaN,NaN
14-Nov-2002,1.29,NaN,NaN,4,NaN,NaN,3.25,NaN,NaN,0.15,NaN,NaN
15-Nov-2002,1.35,NaN,NaN,4,NaN,NaN,3.25,NaN,NaN,0.15,NaN,NaN
18-Nov-2002,1.21,NaN,NaN,4,NaN,NaN,3.25,NaN,NaN,0.15,NaN,NaN
19-Nov-2002,1.2,NaN,NaN,4,NaN,NaN,3.25,NaN,NaN,0.15,NaN,NaN
20-Nov-2002,1.23,NaN,NaN,4,NaN,NaN,3.25,NaN,NaN,0.15,NaN,NaN
21-Nov-2002,1.27,NaN,NaN,4,NaN,NaN,3.25,NaN,NaN,0.15,NaN,NaN
22-Nov-2002,1.25,NaN,NaN,4,NaN,NaN,3.25,NaN,NaN,0.15,NaN,NaN
25-Nov-2002,1.32,NaN,NaN,4,NaN,NaN,3.25,NaN,NaN,0.15,NaN,NaN
26-Nov-2002,1.26,NaN,NaN,4,NaN,NaN,3.25,NaN,NaN,0.15,NaN,NaN
27-Nov-2002,1.27,NaN,NaN,4,NaN,NaN,3.25,NaN,NaN,0.15,NaN,NaN
28-Nov-2002,1.27,NaN,NaN,4,NaN,NaN,3.25,NaN,NaN,0.15,NaN,NaN
29-Nov-2002,1.23,NaN,NaN,4,NaN,NaN,3.25,NaN,NaN,0.15,NaN,NaN
02-Dec-2002,1.27,NaN,NaN,4,NaN,NaN,3.25,NaN,NaN,0.15,NaN,NaN
03-Dec-2002,1.24,NaN,NaN,4,NaN,NaN,3.25,NaN,NaN,0.15,NaN,NaN
04-Dec-2002,1.23,NaN,NaN,4,NaN,NaN,3.25,NaN,NaN,0.15,NaN,NaN
05-Dec-2002,1.24,NaN,NaN,4,NaN,NaN,2.75,NaN,NaN,0.15,NaN,NaN
06-Dec-2002,1.21,NaN,NaN,4,NaN,NaN,2.75,NaN,NaN,0.15,NaN,NaN
09-Dec-2002,1.22,NaN,NaN,4,NaN,NaN,2.75,NaN,NaN,0.15,NaN,NaN
10-Dec-2002,1.22,NaN,NaN,4,NaN,NaN,2.75,NaN,NaN,0.15,NaN,NaN
11-Dec-2002,1.29,NaN,NaN,4,NaN,NaN,2.75,NaN,NaN,0.15,NaN,NaN
12-Dec-2002,1.29,NaN,NaN,4,NaN,NaN,2.75,NaN,NaN,0.15,NaN,NaN
13-Dec-2002,1.25,NaN,NaN,4,NaN,NaN,2.75,NaN,NaN,0.15,NaN,NaN
16-Dec-2002,1.36,NaN,NaN,4,NaN,NaN,2.75,NaN,NaN,0.15,NaN,NaN
17-Dec-2002,1.26,NaN,NaN,4,NaN,NaN,2.75,NaN,NaN,0.15,NaN,NaN
18-Dec-2002,1.25,NaN,NaN,4,NaN,NaN,2.75,NaN,NaN,0.15,NaN,NaN
19-Dec-2002,1.28,NaN,NaN,4,NaN,NaN,2.75,NaN,NaN,0.15,NaN,NaN
20-Dec-2002,1.26,NaN,NaN,4,NaN,NaN,2.75,NaN,NaN,0.15,NaN,NaN
23-Dec-2002,1.28,NaN,NaN,4,NaN,NaN,2.75,NaN,NaN,0.15,NaN,NaN
24-Dec-2002,1.15,NaN,NaN,4,NaN,NaN,2.75,NaN,NaN,0.15,NaN,NaN
25-Dec-2002,1.15,NaN,NaN,4,NaN,NaN,2.75,NaN,NaN,0.15,NaN,NaN
26-Dec-2002,1.28,NaN,NaN,4,NaN,NaN,2.75,NaN,NaN,0.15,NaN,NaN
27-Dec-2002,1.2,NaN,NaN,4,NaN,NaN,2.75,NaN,NaN,0.15,NaN,NaN
30-Dec-2002,1.23,NaN,NaN,4,NaN,NaN,2.75,NaN,NaN,0.15,NaN,NaN
31-Dec-2002,1.16,NaN,NaN,4,NaN,NaN,2.75,NaN,NaN,0.15,NaN,NaN
01-Jan-2003,1.16,NaN,NaN,4,NaN,NaN,2.75,NaN,NaN,0.15,NaN,NaN
02-Jan-2003,1.3,NaN,NaN,4,NaN,NaN,2.75,NaN,NaN,0.15,NaN,NaN
03-Jan-2003,1.12,NaN,NaN,4,NaN,NaN,2.75,NaN,NaN,0.15,NaN,NaN
06-Jan-2003,1.22,NaN,NaN,4,NaN,NaN,2.75,NaN,NaN,0.15,NaN,NaN
07-Jan-2003,1.2,NaN,NaN,4,NaN,NaN,2.75,NaN,NaN,0.15,NaN,NaN
08-Jan-2003,1.29,NaN,NaN,4,NaN,NaN,2.75,NaN,NaN,0.15,NaN,NaN
09-Jan-2003,1.29,NaN,NaN,4,NaN,NaN,2.75,NaN,NaN,0.15,NaN,NaN
10-Jan-2003,1.25,NaN,NaN,4,NaN,NaN,2.75,NaN,NaN,0.15,NaN,NaN
13-Jan-2003,1.26,NaN,NaN,4,NaN,NaN,2.75,NaN,NaN,0.15,NaN,NaN
14-Jan-2003,1.24,NaN,NaN,4,NaN,NaN,2.75,NaN,NaN,0.15,NaN,NaN
15-Jan-2003,1.3,NaN,NaN,4,NaN,NaN,2.75,NaN,NaN,0.15,NaN,NaN
16-Jan-2003,1.24,NaN,NaN,4,NaN,NaN,2.75,NaN,NaN,0.15,NaN,NaN
17-Jan-2003,1.2,NaN,NaN,4,NaN,NaN,2.75,NaN,NaN,0.15,NaN,NaN
20-Jan-2003,1.2,NaN,NaN,4,NaN,NaN,2.75,NaN,NaN,0.15,NaN,NaN
21-Jan-2003,1.31,NaN,NaN,4,NaN,NaN,2.75,NaN,NaN,0.15,NaN,NaN
22-Jan-2003,1.26,NaN,NaN,4,NaN,NaN,2.75,NaN,NaN,0.15,NaN,NaN
23-Jan-2003,1.27,NaN,NaN,4,NaN,NaN,2.75,NaN,NaN,0.15,NaN,NaN
24-Jan-2003,1.21,NaN,NaN,4,NaN,NaN,2.75,NaN,NaN,0.15,NaN,NaN
27-Jan-2003,1.3,NaN,NaN,4,NaN,NaN,2.75,NaN,NaN,0.15,NaN,NaN
28-Jan-2003,1.23,NaN,NaN,4,NaN,NaN,2.75,NaN,NaN,0.15,NaN,NaN
29-Jan-2003,1.26,NaN,NaN,4,NaN,NaN,2.75,NaN,NaN,0.15,NaN,NaN
30-Jan-2003,1.29,NaN,NaN,4,NaN,NaN,2.75,NaN,NaN,0.15,NaN,NaN
31-Jan-2003,1.33,NaN,NaN,4,NaN,NaN,2.75,NaN,NaN,0.15,NaN,NaN
03-Feb-2003,1.3,NaN,NaN,4,NaN,NaN,2.75,NaN,NaN,0.15,NaN,NaN
04-Feb-2003,1.21,NaN,NaN,4,NaN,NaN,2.75,NaN,NaN,0.15,NaN,NaN
05-Feb-2003,1.21,NaN,NaN,4,NaN,NaN,2.75,NaN,NaN,0.15,NaN,NaN
06-Feb-2003,1.23,NaN,NaN,3.75,NaN,NaN,2.75,NaN,NaN,0.15,NaN,NaN
07-Feb-2003,1.21,NaN,NaN,3.75,NaN,NaN,2.75,NaN,NaN,0.15,NaN,NaN
10-Feb-2003,1.25,NaN,NaN,3.75,NaN,NaN,2.75,NaN,NaN,0.15,NaN,NaN
11-Feb-2003,1.22,NaN,NaN,3.75,NaN,NaN,2.75,NaN,NaN,0.15,NaN,NaN
12-Feb-2003,1.23,NaN,NaN,3.75,NaN,NaN,2.75,NaN,NaN,0.15,NaN,NaN
13-Feb-2003,1.28,NaN,NaN,3.75,NaN,NaN,2.75,NaN,NaN,0.15,NaN,NaN
14-Feb-2003,1.3,NaN,NaN,3.75,NaN,NaN,2.75,NaN,NaN,0.15,NaN,NaN
17-Feb-2003,1.3,NaN,NaN,3.75,NaN,NaN,2.75,NaN,NaN,0.15,NaN,NaN
18-Feb-2003,1.35,NaN,NaN,3.75,NaN,NaN,2.75,NaN,NaN,0.15,NaN,NaN
19-Feb-2003,1.24,NaN,NaN,3.75,NaN,NaN,2.75,NaN,NaN,0.15,NaN,NaN
20-Feb-2003,1.25,NaN,NaN,3.75,NaN,NaN,2.75,NaN,NaN,0.15,NaN,NaN
21-Feb-2003,1.21,NaN,NaN,3.75,NaN,NaN,2.75,NaN,NaN,0.15,NaN,NaN
24-Feb-2003,1.25,NaN,NaN,3.75,NaN,NaN,2.75,NaN,NaN,0.15,NaN,NaN
25-Feb-2003,1.28,NaN,NaN,3.75,NaN,NaN,2.75,NaN,NaN,0.15,NaN,NaN
26-Feb-2003,1.28,NaN,NaN,3.75,NaN,NaN,2.75,NaN,NaN,0.15,NaN,NaN
27-Feb-2003,1.31,NaN,NaN,3.75,NaN,NaN,2.75,NaN,NaN,0.15,NaN,NaN
28-Feb-2003,1.33,NaN,NaN,3.75,NaN,NaN,2.75,NaN,NaN,0.15,NaN,NaN
03-Mar-2003,1.33,NaN,NaN,3.75,NaN,NaN,2.75,NaN,NaN,0.15,NaN,NaN
04-Mar-2003,1.2,NaN,NaN,3.75,NaN,NaN,2.75,NaN,NaN,0.15,NaN,NaN
05-Mar-2003,1.22,NaN,NaN,3.75,NaN,NaN,2.75,NaN,NaN,0.15,NaN,NaN
06-Mar-2003,1.23,NaN,NaN,3.75,NaN,NaN,2.5,NaN,NaN,0.15,NaN,NaN
07-Mar-2003,1.2,NaN,NaN,3.75,NaN,NaN,2.5,NaN,NaN,0.15,NaN,NaN
10-Mar-2003,1.23,NaN,NaN,3.75,NaN,NaN,2.5,NaN,NaN,0.15,NaN,NaN
11-Mar-2003,1.21,NaN,NaN,3.75,NaN,NaN,2.5,NaN,NaN,0.15,NaN,NaN
12-Mar-2003,1.23,NaN,NaN,3.75,NaN,NaN,2.5,NaN,NaN,0.15,NaN,NaN
13-Mar-2003,1.31,NaN,NaN,3.75,NaN,NaN,2.5,NaN,NaN,0.15,NaN,NaN
14-Mar-2003,1.3,NaN,NaN,3.75,NaN,NaN,2.5,NaN,NaN,0.15,NaN,NaN
17-Mar-2003,1.31,NaN,NaN,3.75,NaN,NaN,2.5,NaN,NaN,0.15,NaN,NaN
18-Mar-2003,1.2,NaN,NaN,3.75,NaN,NaN,2.5,NaN,NaN,0.15,NaN,NaN
19-Mar-2003,1.2,NaN,NaN,3.75,NaN,NaN,2.5,NaN,NaN,0.15,NaN,NaN
20-Mar-2003,1.23,NaN,NaN,3.75,NaN,NaN,2.5,NaN,NaN,0.15,NaN,NaN
21-Mar-2003,1.2,NaN,NaN,3.75,NaN,NaN,2.5,NaN,NaN,0.15,NaN,NaN
24-Mar-2003,1.23,NaN,NaN,3.75,NaN,NaN,2.5,NaN,NaN,0.15,NaN,NaN
25-Mar-2003,1.24,NaN,NaN,3.75,NaN,NaN,2.5,NaN,NaN,0.15,NaN,NaN
26-Mar-2003,1.26,NaN,NaN,3.75,NaN,NaN,2.5,NaN,NaN,0.15,NaN,NaN
27-Mar-2003,1.29,NaN,NaN,3.75,NaN,NaN,2.5,NaN,NaN,0.15,NaN,NaN
28-Mar-2003,1.26,NaN,NaN,3.75,NaN,NaN,2.5,NaN,NaN,0.15,NaN,NaN
31-Mar-2003,1.38,NaN,NaN,3.75,NaN,NaN,2.5,NaN,NaN,0.15,NaN,NaN
01-Apr-2003,1.29,NaN,NaN,3.75,NaN,NaN,2.5,NaN,NaN,0.15,NaN,NaN
02-Apr-2003,1.19,NaN,NaN,3.75,NaN,NaN,2.5,NaN,NaN,0.15,NaN,NaN
03-Apr-2003,1.24,NaN,NaN,3.75,NaN,NaN,2.5,NaN,NaN,0.15,NaN,NaN
04-Apr-2003,1.22,NaN,NaN,3.75,NaN,NaN,2.5,NaN,NaN,0.15,NaN,NaN
07-Apr-2003,1.25,NaN,NaN,3.75,NaN,NaN,2.5,NaN,NaN,0.15,NaN,NaN
08-Apr-2003,1.22,NaN,NaN,3.75,NaN,NaN,2.5,NaN,NaN,0.15,NaN,NaN
09-Apr-2003,1.24,NaN,NaN,3.75,NaN,NaN,2.5,NaN,NaN,0.15,NaN,NaN
10-Apr-2003,1.27,NaN,NaN,3.75,NaN,NaN,2.5,NaN,NaN,0.15,NaN,NaN
11-Apr-2003,1.24,NaN,NaN,3.75,NaN,NaN,2.5,NaN,NaN,0.15,NaN,NaN
14-Apr-2003,1.32,NaN,NaN,3.75,NaN,NaN,2.5,NaN,NaN,0.15,NaN,NaN
15-Apr-2003,1.34,NaN,NaN,3.75,NaN,NaN,2.5,NaN,NaN,0.15,NaN,NaN
16-Apr-2003,1.26,NaN,NaN,3.75,NaN,NaN,2.5,NaN,NaN,0.15,NaN,NaN
17-Apr-2003,1.28,NaN,NaN,3.75,NaN,NaN,2.5,NaN,NaN,0.15,NaN,NaN
18-Apr-2003,1.24,NaN,NaN,3.75,NaN,NaN,2.5,NaN,NaN,0.15,NaN,NaN
21-Apr-2003,1.29,NaN,NaN,3.75,NaN,NaN,2.5,NaN,NaN,0.15,NaN,NaN
22-Apr-2003,1.26,NaN,NaN,3.75,NaN,NaN,2.5,NaN,NaN,0.15,NaN,NaN
23-Apr-2003,1.24,NaN,NaN,3.75,NaN,NaN,2.5,NaN,NaN,0.15,NaN,NaN
24-Apr-2003,1.24,NaN,NaN,3.75,NaN,NaN,2.5,NaN,NaN,0.15,NaN,NaN
25-Apr-2003,1.28,NaN,NaN,3.75,NaN,NaN,2.5,NaN,NaN,0.15,NaN,NaN
28-Apr-2003,1.29,NaN,NaN,3.75,NaN,NaN,2.5,NaN,NaN,0.15,NaN,NaN
29-Apr-2003,1.27,NaN,NaN,3.75,NaN,NaN,2.5,NaN,NaN,0.15,NaN,NaN
30-Apr-2003,1.31,NaN,NaN,3.75,NaN,NaN,2.5,NaN,NaN,0.15,NaN,NaN
01-May-2003,1.3,NaN,NaN,3.75,NaN,NaN,2.5,NaN,NaN,0.15,NaN,NaN
02-May-2003,1.24,NaN,NaN,3.75,NaN,NaN,2.5,NaN,NaN,0.15,NaN,NaN
05-May-2003,1.27,NaN,NaN,3.75,NaN,NaN,2.5,NaN,NaN,0.15,NaN,NaN
06-May-2003,1.28,NaN,NaN,3.75,NaN,NaN,2.5,NaN,NaN,0.15,NaN,NaN
07-May-2003,1.28,NaN,NaN,3.75,NaN,NaN,2.5,NaN,NaN,0.15,NaN,NaN
08-May-2003,1.27,NaN,NaN,3.75,NaN,NaN,2.5,NaN,NaN,0.15,NaN,NaN
09-May-2003,1.24,NaN,NaN,3.75,NaN,NaN,2.5,NaN,NaN,0.15,NaN,NaN
12-May-2003,1.25,NaN,NaN,3.75,NaN,NaN,2.5,NaN,NaN,0.15,NaN,NaN
13-May-2003,1.23,NaN,NaN,3.75,NaN,NaN,2.5,NaN,NaN,0.15,NaN,NaN
14-May-2003,1.3,NaN,NaN,3.75,NaN,NaN,2.5,NaN,NaN,0.15,NaN,NaN
15-May-2003,1.36,NaN,NaN,3.75,NaN,NaN,2.5,NaN,NaN,0.15,NaN,NaN
16-May-2003,1.26,NaN,NaN,3.75,NaN,NaN,2.5,NaN,NaN,0.15,NaN,NaN
19-May-2003,1.26,NaN,NaN,3.75,NaN,NaN,2.5,NaN,NaN,0.15,NaN,NaN
20-May-2003,1.23,NaN,NaN,3.75,NaN,NaN,2.5,NaN,NaN,0.15,NaN,NaN
21-May-2003,1.23,NaN,NaN,3.75,NaN,NaN,2.5,NaN,NaN,0.15,NaN,NaN
22-May-2003,1.25,NaN,NaN,3.75,NaN,NaN,2.5,NaN,NaN,0.15,NaN,NaN
23-May-2003,1.21,NaN,NaN,3.75,NaN,NaN,2.5,NaN,NaN,0.15,NaN,NaN
26-May-2003,1.21,NaN,NaN,3.75,NaN,NaN,2.5,NaN,NaN,0.15,NaN,NaN
27-May-2003,1.32,NaN,NaN,3.75,NaN,NaN,2.5,NaN,NaN,0.15,NaN,NaN
28-May-2003,1.29,NaN,NaN,3.75,NaN,NaN,2.5,NaN,NaN,0.15,NaN,NaN
29-May-2003,1.29,NaN,NaN,3.75,NaN,NaN,2.5,NaN,NaN,0.15,NaN,NaN
30-May-2003,1.28,NaN,NaN,3.75,NaN,NaN,2.5,NaN,NaN,0.15,NaN,NaN
02-Jun-2003,1.27,NaN,NaN,3.75,NaN,NaN,2.5,NaN,NaN,0.15,NaN,NaN
03-Jun-2003,1.21,NaN,NaN,3.75,NaN,NaN,2.5,NaN,NaN,0.15,NaN,NaN
04-Jun-2003,1.22,NaN,NaN,3.75,NaN,NaN,2.5,NaN,NaN,0.15,NaN,NaN
05-Jun-2003,1.26,NaN,NaN,3.75,NaN,NaN,2,NaN,NaN,0.15,NaN,NaN
06-Jun-2003,1.24,NaN,NaN,3.75,NaN,NaN,2,NaN,NaN,0.15,NaN,NaN
09-Jun-2003,1.25,NaN,NaN,3.75,NaN,NaN,2,NaN,NaN,0.15,NaN,NaN
10-Jun-2003,1.22,NaN,NaN,3.75,NaN,NaN,2,NaN,NaN,0.15,NaN,NaN
11-Jun-2003,1.25,NaN,NaN,3.75,NaN,NaN,2,NaN,NaN,0.15,NaN,NaN
12-Jun-2003,1.25,NaN,NaN,3.75,NaN,NaN,2,NaN,NaN,0.15,NaN,NaN
13-Jun-2003,1.24,NaN,NaN,3.75,NaN,NaN,2,NaN,NaN,0.15,NaN,NaN
16-Jun-2003,1.33,NaN,NaN,3.75,NaN,NaN,2,NaN,NaN,0.15,NaN,NaN
17-Jun-2003,1.24,NaN,NaN,3.75,NaN,NaN,2,NaN,NaN,0.15,NaN,NaN
18-Jun-2003,1.22,NaN,NaN,3.75,NaN,NaN,2,NaN,NaN,0.15,NaN,NaN
19-Jun-2003,1.22,NaN,NaN,3.75,NaN,NaN,2,NaN,NaN,0.15,NaN,NaN
20-Jun-2003,1.23,NaN,NaN,3.75,NaN,NaN,2,NaN,NaN,0.15,NaN,NaN
23-Jun-2003,1.21,NaN,NaN,3.75,NaN,NaN,2,NaN,NaN,0.15,NaN,NaN
24-Jun-2003,1.15,NaN,NaN,3.75,NaN,NaN,2,NaN,NaN,0.15,NaN,NaN
25-Jun-2003,1.18,NaN,NaN,3.75,NaN,NaN,2,NaN,NaN,0.15,NaN,NaN
26-Jun-2003,1.1,NaN,NaN,3.75,NaN,NaN,2,NaN,NaN,0.15,NaN,NaN
27-Jun-2003,1.08,NaN,NaN,3.75,NaN,NaN,2,NaN,NaN,0.15,NaN,NaN
30-Jun-2003,1.45,NaN,NaN,3.75,NaN,NaN,2,NaN,NaN,0.15,NaN,NaN
01-Jul-2003,1.11,NaN,NaN,3.75,NaN,NaN,2,NaN,NaN,0.15,NaN,NaN
02-Jul-2003,1.01,NaN,NaN,3.75,NaN,NaN,2,NaN,NaN,0.15,NaN,NaN
03-Jul-2003,0.96,NaN,NaN,3.75,NaN,NaN,2,NaN,NaN,0.15,NaN,NaN
04-Jul-2003,0.96,NaN,NaN,3.75,NaN,NaN,2,NaN,NaN,0.15,NaN,NaN
07-Jul-2003,1,NaN,NaN,3.75,NaN,NaN,2,NaN,NaN,0.15,NaN,NaN
08-Jul-2003,0.93,NaN,NaN,3.75,NaN,NaN,2,NaN,NaN,0.15,NaN,NaN
09-Jul-2003,0.96,NaN,NaN,3.75,NaN,NaN,2,NaN,NaN,0.15,NaN,NaN
10-Jul-2003,1,NaN,NaN,3.5,NaN,NaN,2,NaN,NaN,0.15,NaN,NaN
11-Jul-2003,0.98,NaN,NaN,3.5,NaN,NaN,2,NaN,NaN,0.15,NaN,NaN
14-Jul-2003,1.07,NaN,NaN,3.5,NaN,NaN,2,NaN,NaN,0.15,NaN,NaN
15-Jul-2003,1.13,NaN,NaN,3.5,NaN,NaN,2,NaN,NaN,0.15,NaN,NaN
16-Jul-2003,1.01,NaN,NaN,3.5,NaN,NaN,2,NaN,NaN,0.15,NaN,NaN
17-Jul-2003,1.02,NaN,NaN,3.5,NaN,NaN,2,NaN,NaN,0.15,NaN,NaN
18-Jul-2003,0.99,NaN,NaN,3.5,NaN,NaN,2,NaN,NaN,0.15,NaN,NaN
21-Jul-2003,1.02,NaN,NaN,3.5,NaN,NaN,2,NaN,NaN,0.15,NaN,NaN
22-Jul-2003,1,NaN,NaN,3.5,NaN,NaN,2,NaN,NaN,0.15,NaN,NaN
23-Jul-2003,1.05,NaN,NaN,3.5,NaN,NaN,2,NaN,NaN,0.15,NaN,NaN
24-Jul-2003,1.04,NaN,NaN,3.5,NaN,NaN,2,NaN,NaN,0.15,NaN,NaN
25-Jul-2003,1.03,NaN,NaN,3.5,NaN,NaN,2,NaN,NaN,0.15,NaN,NaN
28-Jul-2003,1.05,NaN,NaN,3.5,NaN,NaN,2,NaN,NaN,0.15,NaN,NaN
29-Jul-2003,1.04,NaN,NaN,3.5,NaN,NaN,2,NaN,NaN,0.15,NaN,NaN
30-Jul-2003,1.03,NaN,NaN,3.5,NaN,NaN,2,NaN,NaN,0.15,NaN,NaN
31-Jul-2003,1.04,NaN,NaN,3.5,NaN,NaN,2,NaN,NaN,0.15,NaN,NaN
01-Aug-2003,1,NaN,NaN,3.5,NaN,NaN,2,NaN,NaN,0.15,NaN,NaN
04-Aug-2003,1,NaN,NaN,3.5,NaN,NaN,2,NaN,NaN,0.15,NaN,NaN
05-Aug-2003,0.86,NaN,NaN,3.5,NaN,NaN,2,NaN,NaN,0.15,NaN,NaN
06-Aug-2003,0.88,NaN,NaN,3.5,NaN,NaN,2,NaN,NaN,0.15,NaN,NaN
07-Aug-2003,0.95,NaN,NaN,3.5,NaN,NaN,2,NaN,NaN,0.15,NaN,NaN
08-Aug-2003,0.96,NaN,NaN,3.5,NaN,NaN,2,NaN,NaN,0.15,NaN,NaN
11-Aug-2003,1.02,NaN,NaN,3.5,NaN,NaN,2,NaN,NaN,0.15,NaN,NaN
12-Aug-2003,0.99,NaN,NaN,3.5,NaN,NaN,2,NaN,NaN,0.15,NaN,NaN
13-Aug-2003,1.01,NaN,NaN,3.5,NaN,NaN,2,NaN,NaN,0.15,NaN,NaN
14-Aug-2003,1.22,NaN,NaN,3.5,NaN,NaN,2,NaN,NaN,0.15,NaN,NaN
15-Aug-2003,1.39,NaN,NaN,3.5,NaN,NaN,2,NaN,NaN,0.15,NaN,NaN
18-Aug-2003,1.03,NaN,NaN,3.5,NaN,NaN,2,NaN,NaN,0.15,NaN,NaN
19-Aug-2003,0.93,NaN,NaN,3.5,NaN,NaN,2,NaN,NaN,0.15,NaN,NaN
20-Aug-2003,0.89,NaN,NaN,3.5,NaN,NaN,2,NaN,NaN,0.15,NaN,NaN
21-Aug-2003,1.01,NaN,NaN,3.5,NaN,NaN,2,NaN,NaN,0.15,NaN,NaN
22-Aug-2003,0.99,NaN,NaN,3.5,NaN,NaN,2,NaN,NaN,0.15,NaN,NaN
25-Aug-2003,1.04,NaN,NaN,3.5,NaN,NaN,2,NaN,NaN,0.15,NaN,NaN
26-Aug-2003,1,NaN,NaN,3.5,NaN,NaN,2,NaN,NaN,0.15,NaN,NaN
27-Aug-2003,0.98,NaN,NaN,3.5,NaN,NaN,2,NaN,NaN,0.15,NaN,NaN
28-Aug-2003,1.04,NaN,NaN,3.5,NaN,NaN,2,NaN,NaN,0.15,NaN,NaN
29-Aug-2003,1.01,NaN,NaN,3.5,NaN,NaN,2,NaN,NaN,0.15,NaN,NaN
01-Sep-2003,1.01,NaN,NaN,3.5,NaN,NaN,2,NaN,NaN,0.15,NaN,NaN
02-Sep-2003,1.06,NaN,NaN,3.5,NaN,NaN,2,NaN,NaN,0.15,NaN,NaN
03-Sep-2003,0.96,NaN,NaN,3.5,NaN,NaN,2,NaN,NaN,0.15,NaN,NaN
04-Sep-2003,0.98,NaN,NaN,3.5,NaN,NaN,2,NaN,NaN,0.15,NaN,NaN
05-Sep-2003,0.96,NaN,NaN,3.5,NaN,NaN,2,NaN,NaN,0.15,NaN,NaN
08-Sep-2003,0.99,NaN,NaN,3.5,NaN,NaN,2,NaN,NaN,0.15,NaN,NaN
09-Sep-2003,0.95,NaN,NaN,3.5,NaN,NaN,2,NaN,NaN,0.15,NaN,NaN
10-Sep-2003,0.95,NaN,NaN,3.5,NaN,NaN,2,NaN,NaN,0.15,NaN,NaN
11-Sep-2003,1,NaN,NaN,3.5,NaN,NaN,2,NaN,NaN,0.15,NaN,NaN
12-Sep-2003,1.02,NaN,NaN,3.5,NaN,NaN,2,NaN,NaN,0.15,NaN,NaN
15-Sep-2003,1.11,NaN,NaN,3.5,NaN,NaN,2,NaN,NaN,0.15,NaN,NaN
16-Sep-2003,0.97,NaN,NaN,3.5,NaN,NaN,2,NaN,NaN,0.15,NaN,NaN
17-Sep-2003,0.97,NaN,NaN,3.5,NaN,NaN,2,NaN,NaN,0.15,NaN,NaN
18-Sep-2003,1,NaN,NaN,3.5,NaN,NaN,2,NaN,NaN,0.15,NaN,NaN
19-Sep-2003,0.99,NaN,NaN,3.5,NaN,NaN,2,NaN,NaN,0.15,NaN,NaN
22-Sep-2003,1.02,NaN,NaN,3.5,NaN,NaN,2,NaN,NaN,0.15,NaN,NaN
23-Sep-2003,1.01,NaN,NaN,3.5,NaN,NaN,2,NaN,NaN,0.15,NaN,NaN
24-Sep-2003,1.03,NaN,NaN,3.5,NaN,NaN,2,NaN,NaN,0.15,NaN,NaN
25-Sep-2003,1.08,NaN,NaN,3.5,NaN,NaN,2,NaN,NaN,0.15,NaN,NaN
26-Sep-2003,1.03,NaN,NaN,3.5,NaN,NaN,2,NaN,NaN,0.15,NaN,NaN
29-Sep-2003,1.04,NaN,NaN,3.5,NaN,NaN,2,NaN,NaN,0.15,NaN,NaN
30-Sep-2003,1.17,NaN,NaN,3.5,NaN,NaN,2,NaN,NaN,0.15,NaN,NaN
01-Oct-2003,1.11,NaN,NaN,3.5,NaN,NaN,2,NaN,NaN,0.15,NaN,NaN
02-Oct-2003,1.02,NaN,NaN,3.5,NaN,NaN,2,NaN,NaN,0.15,NaN,NaN
03-Oct-2003,0.99,NaN,NaN,3.5,NaN,NaN,2,NaN,NaN,0.15,NaN,NaN
06-Oct-2003,0.99,NaN,NaN,3.5,NaN,NaN,2,NaN,NaN,0.15,NaN,NaN
07-Oct-2003,0.98,NaN,NaN,3.5,NaN,NaN,2,NaN,NaN,0.15,NaN,NaN
08-Oct-2003,0.99,NaN,NaN,3.5,NaN,NaN,2,NaN,NaN,0.15,NaN,NaN
09-Oct-2003,1.02,NaN,NaN,3.5,NaN,NaN,2,NaN,NaN,0.15,NaN,NaN
10-Oct-2003,1,NaN,NaN,3.5,NaN,NaN,2,NaN,NaN,0.15,NaN,NaN
13-Oct-2003,1,NaN,NaN,3.5,NaN,NaN,2,NaN,NaN,0.15,NaN,NaN
14-Oct-2003,1.08,NaN,NaN,3.5,NaN,NaN,2,NaN,NaN,0.15,NaN,NaN
15-Oct-2003,1.09,NaN,NaN,3.5,NaN,NaN,2,NaN,NaN,0.15,NaN,NaN
16-Oct-2003,1.04,NaN,NaN,3.5,NaN,NaN,2,NaN,NaN,0.15,NaN,NaN
17-Oct-2003,0.98,NaN,NaN,3.5,NaN,NaN,2,NaN,NaN,0.15,NaN,NaN
20-Oct-2003,1.02,NaN,NaN,3.5,NaN,NaN,2,NaN,NaN,0.15,NaN,NaN
21-Oct-2003,0.99,NaN,NaN,3.5,NaN,NaN,2,NaN,NaN,0.15,NaN,NaN
22-Oct-2003,0.99,NaN,NaN,3.5,NaN,NaN,2,NaN,NaN,0.15,NaN,NaN
23-Oct-2003,1.02,NaN,NaN,3.5,NaN,NaN,2,NaN,NaN,0.15,NaN,NaN
24-Oct-2003,1.01,NaN,NaN,3.5,NaN,NaN,2,NaN,NaN,0.15,NaN,NaN
27-Oct-2003,1.03,NaN,NaN,3.5,NaN,NaN,2,NaN,NaN,0.15,NaN,NaN
28-Oct-2003,0.98,NaN,NaN,3.5,NaN,NaN,2,NaN,NaN,0.15,NaN,NaN
29-Oct-2003,0.97,NaN,NaN,3.5,NaN,NaN,2,NaN,NaN,0.15,NaN,NaN
30-Oct-2003,1.02,NaN,NaN,3.5,NaN,NaN,2,NaN,NaN,0.15,NaN,NaN
31-Oct-2003,1.03,NaN,NaN,3.5,NaN,NaN,2,NaN,NaN,0.15,NaN,NaN
03-Nov-2003,1.02,NaN,NaN,3.5,NaN,NaN,2,NaN,NaN,0.15,NaN,NaN
04-Nov-2003,0.98,NaN,NaN,3.5,NaN,NaN,2,NaN,NaN,0.15,NaN,NaN
05-Nov-2003,0.98,NaN,NaN,3.5,NaN,NaN,2,NaN,NaN,0.15,NaN,NaN
06-Nov-2003,1,NaN,NaN,3.75,NaN,NaN,2,NaN,NaN,0.15,NaN,NaN
07-Nov-2003,0.98,NaN,NaN,3.75,NaN,NaN,2,NaN,NaN,0.15,NaN,NaN
10-Nov-2003,0.99,NaN,NaN,3.75,NaN,NaN,2,NaN,NaN,0.15,NaN,NaN
11-Nov-2003,0.99,NaN,NaN,3.75,NaN,NaN,2,NaN,NaN,0.15,NaN,NaN
12-Nov-2003,1,NaN,NaN,3.75,NaN,NaN,2,NaN,NaN,0.15,NaN,NaN
13-Nov-2003,0.99,NaN,NaN,3.75,NaN,NaN,2,NaN,NaN,0.15,NaN,NaN
14-Nov-2003,0.98,NaN,NaN,3.75,NaN,NaN,2,NaN,NaN,0.15,NaN,NaN
17-Nov-2003,1.04,NaN,NaN,3.75,NaN,NaN,2,NaN,NaN,0.15,NaN,NaN
18-Nov-2003,0.98,NaN,NaN,3.75,NaN,NaN,2,NaN,NaN,0.15,NaN,NaN
19-Nov-2003,0.98,NaN,NaN,3.75,NaN,NaN,2,NaN,NaN,0.15,NaN,NaN
20-Nov-2003,1,NaN,NaN,3.75,NaN,NaN,2,NaN,NaN,0.15,NaN,NaN
21-Nov-2003,0.98,NaN,NaN,3.75,NaN,NaN,2,NaN,NaN,0.15,NaN,NaN
24-Nov-2003,0.98,NaN,NaN,3.75,NaN,NaN,2,NaN,NaN,0.15,NaN,NaN
25-Nov-2003,1.02,NaN,NaN,3.75,NaN,NaN,2,NaN,NaN,0.15,NaN,NaN
26-Nov-2003,1.01,NaN,NaN,3.75,NaN,NaN,2,NaN,NaN,0.15,NaN,NaN
27-Nov-2003,1.01,NaN,NaN,3.75,NaN,NaN,2,NaN,NaN,0.15,NaN,NaN
28-Nov-2003,1.01,NaN,NaN,3.75,NaN,NaN,2,NaN,NaN,0.15,NaN,NaN
01-Dec-2003,1.03,NaN,NaN,3.75,NaN,NaN,2,NaN,NaN,0.15,NaN,NaN
02-Dec-2003,0.97,NaN,NaN,3.75,NaN,NaN,2,NaN,NaN,0.15,NaN,NaN
03-Dec-2003,0.98,NaN,NaN,3.75,NaN,NaN,2,NaN,NaN,0.15,NaN,NaN
04-Dec-2003,0.99,NaN,NaN,3.75,NaN,NaN,2,NaN,NaN,0.15,NaN,NaN
05-Dec-2003,0.98,NaN,NaN,3.75,NaN,NaN,2,NaN,NaN,0.15,NaN,NaN
08-Dec-2003,0.99,NaN,NaN,3.75,NaN,NaN,2,NaN,NaN,0.15,NaN,NaN
09-Dec-2003,0.97,NaN,NaN,3.75,NaN,NaN,2,NaN,NaN,0.15,NaN,NaN
10-Dec-2003,0.99,NaN,NaN,3.75,NaN,NaN,2,NaN,NaN,0.15,NaN,NaN
11-Dec-2003,0.99,NaN,NaN,3.75,NaN,NaN,2,NaN,NaN,0.15,NaN,NaN
12-Dec-2003,0.99,NaN,NaN,3.75,NaN,NaN,2,NaN,NaN,0.15,NaN,NaN
15-Dec-2003,1.04,NaN,NaN,3.75,NaN,NaN,2,NaN,NaN,0.15,NaN,NaN
16-Dec-2003,0.99,NaN,NaN,3.75,NaN,NaN,2,NaN,NaN,0.15,NaN,NaN
17-Dec-2003,0.99,NaN,NaN,3.75,NaN,NaN,2,NaN,NaN,0.15,NaN,NaN
18-Dec-2003,1.01,NaN,NaN,3.75,NaN,NaN,2,NaN,NaN,0.15,NaN,NaN
19-Dec-2003,0.98,NaN,NaN,3.75,NaN,NaN,2,NaN,NaN,0.15,NaN,NaN
22-Dec-2003,1.02,NaN,NaN,3.75,NaN,NaN,2,NaN,NaN,0.15,NaN,NaN
23-Dec-2003,1,NaN,NaN,3.75,NaN,NaN,2,NaN,NaN,0.15,NaN,NaN
24-Dec-2003,0.97,NaN,NaN,3.75,NaN,NaN,2,NaN,NaN,0.15,NaN,NaN
25-Dec-2003,0.97,NaN,NaN,3.75,NaN,NaN,2,NaN,NaN,0.15,NaN,NaN
26-Dec-2003,0.97,NaN,NaN,3.75,NaN,NaN,2,NaN,NaN,0.15,NaN,NaN
29-Dec-2003,0.98,NaN,NaN,3.75,NaN,NaN,2,NaN,NaN,0.15,NaN,NaN
30-Dec-2003,0.93,NaN,NaN,3.75,NaN,NaN,2,NaN,NaN,0.15,NaN,NaN
31-Dec-2003,0.94,NaN,NaN,3.75,NaN,NaN,2,NaN,NaN,0.15,NaN,NaN
01-Jan-2004,0.94,NaN,NaN,3.75,NaN,NaN,2,NaN,NaN,0.15,NaN,NaN
02-Jan-2004,1.01,NaN,NaN,3.75,NaN,NaN,2,NaN,NaN,0.15,NaN,NaN
05-Jan-2004,0.97,NaN,NaN,3.75,NaN,NaN,2,NaN,NaN,0.15,NaN,NaN
06-Jan-2004,0.92,NaN,NaN,3.75,NaN,NaN,2,NaN,NaN,0.15,NaN,NaN
07-Jan-2004,0.94,NaN,NaN,3.75,NaN,NaN,2,NaN,NaN,0.15,NaN,NaN
08-Jan-2004,0.99,NaN,NaN,3.75,NaN,NaN,2,NaN,NaN,0.15,NaN,NaN
09-Jan-2004,0.99,NaN,NaN,3.75,NaN,NaN,2,NaN,NaN,0.15,NaN,NaN
12-Jan-2004,1,NaN,NaN,3.75,NaN,NaN,2,NaN,NaN,0.15,NaN,NaN
13-Jan-2004,0.99,NaN,NaN,3.75,NaN,NaN,2,NaN,NaN,0.15,NaN,NaN
14-Jan-2004,1.01,NaN,NaN,3.75,NaN,NaN,2,NaN,NaN,0.15,NaN,NaN
15-Jan-2004,1.04,NaN,NaN,3.75,NaN,NaN,2,NaN,NaN,0.15,NaN,NaN
16-Jan-2004,0.98,NaN,NaN,3.75,NaN,NaN,2,NaN,NaN,0.15,NaN,NaN
19-Jan-2004,0.98,NaN,NaN,3.75,NaN,NaN,2,NaN,NaN,0.15,NaN,NaN
20-Jan-2004,1.02,NaN,NaN,3.75,NaN,NaN,2,NaN,NaN,0.15,NaN,NaN
21-Jan-2004,1,NaN,NaN,3.75,NaN,NaN,2,NaN,NaN,0.15,NaN,NaN
22-Jan-2004,1.02,NaN,NaN,3.75,NaN,NaN,2,NaN,NaN,0.15,NaN,NaN
23-Jan-2004,1,NaN,NaN,3.75,NaN,NaN,2,NaN,NaN,0.15,NaN,NaN
26-Jan-2004,1.08,NaN,NaN,3.75,NaN,NaN,2,NaN,NaN,0.15,NaN,NaN
27-Jan-2004,1.02,NaN,NaN,3.75,NaN,NaN,2,NaN,NaN,0.15,NaN,NaN
28-Jan-2004,0.99,NaN,NaN,3.75,NaN,NaN,2,NaN,NaN,0.15,NaN,NaN
29-Jan-2004,1,NaN,NaN,3.75,NaN,NaN,2,NaN,NaN,0.15,NaN,NaN
30-Jan-2004,1.03,NaN,NaN,3.75,NaN,NaN,2,NaN,NaN,0.15,NaN,NaN
02-Feb-2004,1.01,NaN,NaN,3.75,NaN,NaN,2,NaN,NaN,0.15,NaN,NaN
03-Feb-2004,0.97,NaN,NaN,3.75,NaN,NaN,2,NaN,NaN,0.15,NaN,NaN
04-Feb-2004,1,NaN,NaN,3.75,NaN,NaN,2,NaN,NaN,0.15,NaN,NaN
05-Feb-2004,1.01,NaN,NaN,4,NaN,NaN,2,NaN,NaN,0.15,NaN,NaN
06-Feb-2004,0.99,NaN,NaN,4,NaN,NaN,2,NaN,NaN,0.15,NaN,NaN
09-Feb-2004,1.01,NaN,NaN,4,NaN,NaN,2,NaN,NaN,0.15,NaN,NaN
10-Feb-2004,1,NaN,NaN,4,NaN,NaN,2,NaN,NaN,0.15,NaN,NaN
11-Feb-2004,1,NaN,NaN,4,NaN,NaN,2,NaN,NaN,0.15,NaN,NaN
12-Feb-2004,1.02,NaN,NaN,4,NaN,NaN,2,NaN,NaN,0.15,NaN,NaN
13-Feb-2004,1.01,NaN,NaN,4,NaN,NaN,2,NaN,NaN,0.15,NaN,NaN
16-Feb-2004,1.01,NaN,NaN,4,NaN,NaN,2,NaN,NaN,0.15,NaN,NaN
17-Feb-2004,1.02,NaN,NaN,4,NaN,NaN,2,NaN,NaN,0.15,NaN,NaN
18-Feb-2004,1,NaN,NaN,4,NaN,NaN,2,NaN,NaN,0.15,NaN,NaN
19-Feb-2004,1,NaN,NaN,4,NaN,NaN,2,NaN,NaN,0.15,NaN,NaN
20-Feb-2004,0.99,NaN,NaN,4,NaN,NaN,2,NaN,NaN,0.15,NaN,NaN
23-Feb-2004,1,NaN,0.975,4,NaN,NaN,2,NaN,NaN,0.15,NaN,NaN
24-Feb-2004,0.99,NaN,0.975,4,NaN,NaN,2,NaN,NaN,0.15,NaN,NaN
25-Feb-2004,1.02,NaN,0.975,4,NaN,NaN,2,NaN,NaN,0.15,NaN,NaN
26-Feb-2004,1.03,NaN,0.975,4,NaN,NaN,2,NaN,NaN,0.15,NaN,NaN
27-Feb-2004,1.04,NaN,0.975,4,NaN,NaN,2,NaN,NaN,0.15,NaN,NaN
01-Mar-2004,1.04,NaN,0.975,4,NaN,NaN,2,NaN,NaN,0.15,NaN,NaN
02-Mar-2004,1,NaN,0.975,4,NaN,NaN,2,NaN,NaN,0.15,NaN,NaN
03-Mar-2004,1,NaN,0.975,4,NaN,NaN,2,NaN,NaN,0.15,NaN,NaN
04-Mar-2004,0.99,NaN,0.975,4,NaN,NaN,2,NaN,NaN,0.15,NaN,NaN
05-Mar-2004,1,NaN,0.975,4,NaN,NaN,2,NaN,NaN,0.15,NaN,NaN
08-Mar-2004,1,NaN,0.975,4,NaN,NaN,2,NaN,NaN,0.15,NaN,NaN
09-Mar-2004,0.99,NaN,0.975,4,NaN,NaN,2,NaN,NaN,0.15,NaN,NaN
10-Mar-2004,1,NaN,0.985,4,NaN,NaN,2,NaN,NaN,0.15,NaN,NaN
11-Mar-2004,1.01,NaN,0.985,4,NaN,NaN,2,NaN,NaN,0.15,NaN,NaN
12-Mar-2004,0.99,NaN,0.985,4,NaN,NaN,2,NaN,NaN,0.15,NaN,NaN
15-Mar-2004,1.05,NaN,0.985,4,NaN,NaN,2,NaN,NaN,0.15,NaN,NaN
16-Mar-2004,0.99,NaN,0.985,4,NaN,NaN,2,NaN,NaN,0.15,NaN,NaN
17-Mar-2004,1,NaN,0.985,4,NaN,NaN,2,NaN,NaN,0.15,NaN,NaN
18-Mar-2004,1,NaN,0.985,4,NaN,NaN,2,NaN,NaN,0.15,NaN,NaN
19-Mar-2004,0.99,NaN,0.985,4,NaN,NaN,2,NaN,NaN,0.15,NaN,NaN
22-Mar-2004,1.01,NaN,0.985,4,NaN,NaN,2,NaN,NaN,0.15,NaN,NaN
23-Mar-2004,0.99,NaN,0.985,4,NaN,NaN,2,NaN,NaN,0.15,NaN,NaN
24-Mar-2004,0.99,NaN,0.985,4,NaN,NaN,2,NaN,NaN,0.15,NaN,NaN
25-Mar-2004,1.02,NaN,0.985,4,NaN,NaN,2,NaN,NaN,0.15,NaN,NaN
26-Mar-2004,1,NaN,0.985,4,NaN,NaN,2,NaN,NaN,0.15,NaN,NaN
29-Mar-2004,1,NaN,0.985,4,NaN,NaN,2,NaN,NaN,0.15,NaN,NaN
30-Mar-2004,0.98,NaN,0.985,4,NaN,NaN,2,NaN,NaN,0.15,NaN,NaN
31-Mar-2004,1.05,NaN,0.985,4,NaN,NaN,2,NaN,NaN,0.15,NaN,NaN
01-Apr-2004,1.03,NaN,0.985,4,NaN,NaN,2,NaN,NaN,0.15,NaN,NaN
02-Apr-2004,1,NaN,0.985,4,NaN,NaN,2,NaN,NaN,0.15,NaN,NaN
05-Apr-2004,1.01,NaN,0.985,4,NaN,NaN,2,NaN,NaN,0.15,NaN,NaN
06-Apr-2004,1,NaN,0.985,4,NaN,NaN,2,NaN,NaN,0.15,NaN,NaN
07-Apr-2004,1,NaN,0.985,4,NaN,NaN,2,NaN,NaN,0.15,NaN,NaN
08-Apr-2004,1.02,NaN,0.985,4,NaN,NaN,2,NaN,NaN,0.15,NaN,NaN
09-Apr-2004,1.01,NaN,0.985,4,NaN,NaN,2,NaN,NaN,0.15,NaN,NaN
12-Apr-2004,1,NaN,1.03,4,NaN,NaN,2,NaN,NaN,0.15,NaN,NaN
13-Apr-2004,1,NaN,1.03,4,NaN,NaN,2,NaN,NaN,0.15,NaN,NaN
14-Apr-2004,1.01,NaN,1.03,4,NaN,NaN,2,NaN,NaN,0.15,NaN,NaN
15-Apr-2004,1.03,NaN,1.03,4,NaN,NaN,2,NaN,NaN,0.15,NaN,NaN
16-Apr-2004,0.99,NaN,1.03,4,NaN,NaN,2,NaN,NaN,0.15,NaN,NaN
19-Apr-2004,1,NaN,1.03,4,NaN,NaN,2,NaN,NaN,0.15,NaN,NaN
20-Apr-2004,0.99,NaN,1.03,4,NaN,NaN,2,NaN,NaN,0.15,NaN,NaN
21-Apr-2004,0.99,NaN,1.03,4,NaN,NaN,2,NaN,NaN,0.15,NaN,NaN
22-Apr-2004,1,NaN,1.03,4,NaN,NaN,2,NaN,NaN,0.15,NaN,NaN
23-Apr-2004,0.99,NaN,1.03,4,NaN,NaN,2,NaN,NaN,0.15,NaN,NaN
26-Apr-2004,1.01,NaN,1.03,4,NaN,NaN,2,NaN,NaN,0.15,NaN,NaN
27-Apr-2004,0.99,NaN,1.03,4,NaN,NaN,2,NaN,NaN,0.15,NaN,NaN
28-Apr-2004,1.01,NaN,1.03,4,NaN,NaN,2,NaN,NaN,0.15,NaN,NaN
29-Apr-2004,1.03,NaN,1.03,4,NaN,NaN,2,NaN,NaN,0.15,NaN,NaN
30-Apr-2004,1.03,NaN,1.03,4,NaN,NaN,2,NaN,NaN,0.15,NaN,NaN
03-May-2004,1.03,NaN,1.03,4,NaN,NaN,2,NaN,NaN,0.15,NaN,NaN
04-May-2004,1,NaN,1.03,4,NaN,NaN,2,NaN,NaN,0.15,NaN,NaN
05-May-2004,0.99,NaN,1.03,4,NaN,NaN,2,NaN,NaN,0.15,NaN,NaN
06-May-2004,1,NaN,1.03,4.25,NaN,NaN,2,NaN,NaN,0.15,NaN,NaN
07-May-2004,0.99,NaN,1.03,4.25,NaN,NaN,2,NaN,NaN,0.15,NaN,NaN
10-May-2004,1,NaN,1.03,4.25,NaN,NaN,2,NaN,NaN,0.15,NaN,NaN
11-May-2004,0.96,NaN,1.03,4.25,NaN,NaN,2,NaN,NaN,0.15,NaN,NaN
12-May-2004,0.98,NaN,1.03,4.25,NaN,NaN,2,NaN,NaN,0.15,NaN,NaN
13-May-2004,1,NaN,1.03,4.25,NaN,NaN,2,NaN,NaN,0.15,NaN,NaN
14-May-2004,1.02,NaN,1.03,4.25,NaN,NaN,2,NaN,NaN,0.15,NaN,NaN
17-May-2004,1.05,NaN,1.03,4.25,NaN,NaN,2,NaN,NaN,0.15,NaN,NaN
18-May-2004,1,NaN,1.03,4.25,NaN,NaN,2,NaN,NaN,0.15,NaN,NaN
19-May-2004,1,NaN,1.03,4.25,NaN,NaN,2,NaN,NaN,0.15,NaN,NaN
20-May-2004,1,NaN,1.03,4.25,NaN,NaN,2,NaN,NaN,0.15,NaN,NaN
21-May-2004,0.99,NaN,1.03,4.25,NaN,NaN,2,NaN,NaN,0.15,NaN,NaN
24-May-2004,1,NaN,1.03,4.25,NaN,NaN,2,NaN,NaN,0.15,NaN,NaN
25-May-2004,1,NaN,1.03,4.25,NaN,NaN,2,NaN,NaN,0.15,NaN,NaN
26-May-2004,0.99,NaN,1.03,4.25,NaN,NaN,2,NaN,NaN,0.15,NaN,NaN
27-May-2004,1,NaN,1.03,4.25,NaN,NaN,2,NaN,NaN,0.15,NaN,NaN
28-May-2004,1.02,NaN,1.03,4.25,NaN,NaN,2,NaN,NaN,0.15,NaN,NaN
31-May-2004,1.02,NaN,1.03,4.25,NaN,NaN,2,NaN,NaN,0.15,NaN,NaN
01-Jun-2004,1.02,NaN,1.03,4.25,NaN,NaN,2,NaN,NaN,0.15,NaN,NaN
02-Jun-2004,0.98,NaN,1.03,4.25,NaN,NaN,2,NaN,NaN,0.15,NaN,NaN
03-Jun-2004,0.99,NaN,1.03,4.25,NaN,NaN,2,NaN,NaN,0.15,NaN,NaN
04-Jun-2004,0.99,NaN,1.03,4.25,NaN,NaN,2,NaN,NaN,0.15,NaN,NaN
07-Jun-2004,0.99,NaN,1.03,4.25,NaN,NaN,2,NaN,NaN,0.15,NaN,NaN
08-Jun-2004,0.97,NaN,1.03,4.25,NaN,NaN,2,NaN,NaN,0.15,NaN,NaN
09-Jun-2004,0.99,NaN,1.03,4.25,NaN,NaN,2,NaN,NaN,0.15,NaN,NaN
10-Jun-2004,1,NaN,1.03,4.5,NaN,NaN,2,NaN,NaN,0.15,NaN,NaN
11-Jun-2004,1,NaN,1.03,4.5,NaN,NaN,2,NaN,NaN,0.15,NaN,NaN
14-Jun-2004,1.02,NaN,1.03,4.5,NaN,NaN,2,NaN,NaN,0.15,NaN,NaN
15-Jun-2004,1.03,NaN,1.03,4.5,NaN,NaN,2,NaN,NaN,0.15,NaN,NaN
16-Jun-2004,1,NaN,0.95,4.5,NaN,NaN,2,NaN,NaN,0.15,NaN,NaN
17-Jun-2004,1.01,NaN,0.95,4.5,NaN,NaN,2,NaN,NaN,0.15,NaN,NaN
18-Jun-2004,1,NaN,0.955,4.5,NaN,NaN,2,NaN,NaN,0.15,NaN,NaN
21-Jun-2004,1,NaN,0.955,4.5,NaN,NaN,2,NaN,NaN,0.15,NaN,NaN
22-Jun-2004,1,NaN,0.955,4.5,NaN,NaN,2,NaN,NaN,0.15,NaN,NaN
23-Jun-2004,1.02,NaN,0.955,4.5,NaN,NaN,2,NaN,NaN,0.15,NaN,NaN
24-Jun-2004,1.03,NaN,0.97,4.5,NaN,NaN,2,NaN,NaN,0.15,NaN,NaN
25-Jun-2004,1.05,NaN,1,4.5,NaN,NaN,2,NaN,NaN,0.15,NaN,NaN
28-Jun-2004,1.09,NaN,1,4.5,NaN,NaN,2,NaN,NaN,0.15,NaN,NaN
29-Jun-2004,1.13,NaN,1,4.5,NaN,NaN,2,NaN,NaN,0.15,NaN,NaN
30-Jun-2004,1.38,NaN,1,4.5,NaN,NaN,2,NaN,NaN,0.15,NaN,NaN
01-Jul-2004,1.4,NaN,1,4.5,NaN,NaN,2,NaN,NaN,0.15,NaN,NaN
02-Jul-2004,1.25,NaN,1,4.5,NaN,NaN,2,NaN,NaN,0.15,NaN,NaN
05-Jul-2004,1.25,NaN,1,4.5,NaN,NaN,2,NaN,NaN,0.15,NaN,NaN
06-Jul-2004,1.3,NaN,1,4.5,NaN,NaN,2,NaN,NaN,0.15,NaN,NaN
07-Jul-2004,1.26,NaN,1,4.5,NaN,NaN,2,NaN,NaN,0.15,NaN,NaN
08-Jul-2004,1.26,NaN,1.215,4.5,NaN,NaN,2,NaN,NaN,0.15,NaN,NaN
09-Jul-2004,1.24,NaN,1.19,4.5,NaN,NaN,2,NaN,NaN,0.15,NaN,NaN
12-Jul-2004,1.26,NaN,1.19,4.5,NaN,NaN,2,NaN,NaN,0.15,NaN,NaN
13-Jul-2004,1.24,NaN,1.19,4.5,NaN,NaN,2,NaN,NaN,0.15,NaN,NaN
14-Jul-2004,1.24,NaN,1.19,4.5,NaN,NaN,2,NaN,NaN,0.15,NaN,NaN
15-Jul-2004,1.3,NaN,1.19,4.5,NaN,NaN,2,NaN,NaN,0.15,NaN,NaN
16-Jul-2004,1.24,NaN,1.19,4.5,NaN,NaN,2,NaN,NaN,0.15,NaN,NaN
19-Jul-2004,1.25,NaN,1.19,4.5,NaN,NaN,2,NaN,NaN,0.15,NaN,NaN
20-Jul-2004,1.25,NaN,1.19,4.5,NaN,NaN,2,NaN,NaN,0.15,NaN,NaN
21-Jul-2004,1.25,NaN,1.19,4.5,NaN,NaN,2,NaN,NaN,0.15,NaN,NaN
22-Jul-2004,1.26,NaN,1.19,4.5,NaN,NaN,2,NaN,NaN,0.15,NaN,NaN
23-Jul-2004,1.25,NaN,1.19,4.5,NaN,NaN,2,NaN,NaN,0.15,NaN,NaN
26-Jul-2004,1.27,NaN,1.19,4.5,NaN,NaN,2,NaN,NaN,0.15,NaN,NaN
27-Jul-2004,1.27,NaN,1.19,4.5,NaN,NaN,2,NaN,NaN,0.15,NaN,NaN
28-Jul-2004,1.29,NaN,1.19,4.5,NaN,NaN,2,NaN,NaN,0.15,NaN,NaN
29-Jul-2004,1.3,NaN,1.19,4.5,NaN,NaN,2,NaN,NaN,0.15,NaN,NaN
30-Jul-2004,1.29,NaN,1.19,4.5,NaN,NaN,2,NaN,NaN,0.15,NaN,NaN
02-Aug-2004,1.28,NaN,1.33,4.5,NaN,NaN,2,NaN,NaN,0.15,NaN,NaN
03-Aug-2004,1.24,NaN,1.33,4.5,NaN,NaN,2,NaN,NaN,0.15,NaN,NaN
04-Aug-2004,1.22,NaN,1.33,4.5,NaN,NaN,2,NaN,NaN,0.15,NaN,NaN
05-Aug-2004,1.3,NaN,1.27,4.75,NaN,NaN,2,NaN,NaN,0.15,NaN,NaN
06-Aug-2004,1.32,NaN,1.27,4.75,NaN,NaN,2,NaN,NaN,0.15,NaN,NaN
09-Aug-2004,1.35,NaN,1.355,4.75,NaN,NaN,2,NaN,NaN,0.15,NaN,NaN
10-Aug-2004,1.43,NaN,1.405,4.75,NaN,NaN,2,NaN,NaN,0.15,NaN,NaN
11-Aug-2004,1.5,NaN,1.45,4.75,NaN,NaN,2,NaN,NaN,0.15,NaN,NaN
12-Aug-2004,1.51,NaN,1.45,4.75,NaN,NaN,2,NaN,NaN,0.15,NaN,NaN
13-Aug-2004,1.48,NaN,1.525,4.75,NaN,NaN,2,NaN,NaN,0.15,NaN,NaN
16-Aug-2004,1.43,NaN,1.575,4.75,NaN,NaN,2,NaN,NaN,0.15,NaN,NaN
17-Aug-2004,1.2,NaN,1.465,4.75,NaN,NaN,2,NaN,NaN,0.15,NaN,NaN
18-Aug-2004,1.39,NaN,1.37,4.75,NaN,NaN,2,NaN,NaN,0.15,NaN,NaN
19-Aug-2004,1.5,NaN,1.45,4.75,NaN,NaN,2,NaN,NaN,0.15,NaN,NaN
20-Aug-2004,1.5,NaN,1.45,4.75,NaN,NaN,2,NaN,NaN,0.15,NaN,NaN
23-Aug-2004,1.51,NaN,1.475,4.75,NaN,NaN,2,NaN,NaN,0.15,NaN,NaN
24-Aug-2004,1.51,NaN,1.455,4.75,NaN,NaN,2,NaN,NaN,0.15,NaN,NaN
25-Aug-2004,1.55,NaN,1.47,4.75,NaN,NaN,2,NaN,NaN,0.15,NaN,NaN
26-Aug-2004,1.55,NaN,1.5,4.75,NaN,NaN,2,NaN,NaN,0.15,NaN,NaN
27-Aug-2004,1.52,NaN,1.51,4.75,NaN,NaN,2,NaN,NaN,0.15,NaN,NaN
30-Aug-2004,1.54,NaN,1.5,4.75,NaN,NaN,2,NaN,NaN,0.15,NaN,NaN
31-Aug-2004,1.55,NaN,1.5,4.75,NaN,NaN,2,NaN,NaN,0.15,NaN,NaN
01-Sep-2004,1.53,NaN,1.525,4.75,NaN,NaN,2,NaN,NaN,0.15,NaN,NaN
02-Sep-2004,1.51,NaN,1.525,4.75,NaN,NaN,2,NaN,NaN,0.15,NaN,NaN
03-Sep-2004,1.48,NaN,1.525,4.75,NaN,NaN,2,NaN,NaN,0.15,NaN,NaN
06-Sep-2004,1.48,NaN,1.525,4.75,NaN,NaN,2,NaN,NaN,0.15,NaN,NaN
07-Sep-2004,1.54,NaN,1.525,4.75,NaN,NaN,2,NaN,NaN,0.15,NaN,NaN
08-Sep-2004,1.51,NaN,1.515,4.75,NaN,NaN,2,NaN,NaN,0.15,NaN,NaN
09-Sep-2004,1.49,NaN,1.515,4.75,NaN,NaN,2,NaN,NaN,0.15,NaN,NaN
10-Sep-2004,1.48,NaN,1.495,4.75,NaN,NaN,2,NaN,NaN,0.15,NaN,NaN
13-Sep-2004,1.51,NaN,1.49,4.75,NaN,NaN,2,NaN,NaN,0.15,NaN,NaN
14-Sep-2004,1.4,NaN,1.485,4.75,NaN,NaN,2,NaN,NaN,0.15,NaN,NaN
15-Sep-2004,1.57,NaN,1.485,4.75,NaN,NaN,2,NaN,NaN,0.15,NaN,NaN
16-Sep-2004,1.61,NaN,1.485,4.75,NaN,NaN,2,NaN,NaN,0.15,NaN,NaN
17-Sep-2004,1.58,NaN,1.485,4.75,NaN,NaN,2,NaN,NaN,0.15,NaN,NaN
20-Sep-2004,1.64,NaN,1.485,4.75,NaN,NaN,2,NaN,NaN,0.15,NaN,NaN
21-Sep-2004,1.7,NaN,1.485,4.75,NaN,NaN,2,NaN,NaN,0.15,NaN,NaN
22-Sep-2004,1.78,NaN,1.49,4.75,NaN,NaN,2,NaN,NaN,0.15,NaN,NaN
23-Sep-2004,1.8,NaN,1.49,4.75,NaN,NaN,2,NaN,NaN,0.15,NaN,NaN
24-Sep-2004,1.76,NaN,1.49,4.75,NaN,NaN,2,NaN,NaN,0.15,NaN,NaN
27-Sep-2004,1.76,NaN,1.49,4.75,NaN,NaN,2,NaN,NaN,0.15,NaN,NaN
28-Sep-2004,1.72,NaN,1.49,4.75,NaN,NaN,2,NaN,NaN,0.15,NaN,NaN
29-Sep-2004,1.76,NaN,1.49,4.75,NaN,NaN,2,NaN,NaN,0.15,NaN,NaN
30-Sep-2004,1.94,NaN,1.49,4.75,NaN,NaN,2,NaN,NaN,0.15,NaN,NaN
01-Oct-2004,1.86,NaN,1.745,4.75,NaN,NaN,2,NaN,NaN,0.15,NaN,NaN
04-Oct-2004,1.77,NaN,1.745,4.75,NaN,NaN,2,NaN,NaN,0.15,NaN,NaN
05-Oct-2004,1.73,NaN,1.72,4.75,NaN,NaN,2,NaN,NaN,0.15,NaN,NaN
06-Oct-2004,1.74,NaN,1.72,4.75,NaN,NaN,2,NaN,NaN,0.15,NaN,NaN
07-Oct-2004,1.76,NaN,1.72,4.75,NaN,NaN,2,NaN,NaN,0.15,NaN,NaN
08-Oct-2004,1.71,NaN,1.72,4.75,NaN,NaN,2,NaN,NaN,0.15,NaN,NaN
11-Oct-2004,1.71,NaN,1.72,4.75,NaN,NaN,2,NaN,NaN,0.15,NaN,NaN
12-Oct-2004,1.78,NaN,1.735,4.75,NaN,NaN,2,NaN,NaN,0.15,NaN,NaN
13-Oct-2004,1.73,NaN,1.735,4.75,NaN,NaN,2,NaN,NaN,0.15,NaN,NaN
14-Oct-2004,1.77,NaN,1.735,4.75,NaN,NaN,2,NaN,NaN,0.15,NaN,NaN
15-Oct-2004,1.79,NaN,1.775,4.75,NaN,NaN,2,NaN,NaN,0.15,NaN,NaN
18-Oct-2004,1.73,NaN,1.775,4.75,NaN,NaN,2,NaN,NaN,0.15,NaN,NaN
19-Oct-2004,1.72,NaN,1.715,4.75,NaN,NaN,2,NaN,NaN,0.15,NaN,NaN
20-Oct-2004,1.74,NaN,1.715,4.75,NaN,NaN,2,NaN,NaN,0.15,NaN,NaN
21-Oct-2004,1.76,NaN,1.715,4.75,NaN,NaN,2,NaN,NaN,0.15,NaN,NaN
22-Oct-2004,1.72,NaN,1.715,4.75,NaN,NaN,2,NaN,NaN,0.15,NaN,NaN
25-Oct-2004,1.76,NaN,1.725,4.75,NaN,NaN,2,NaN,NaN,0.15,NaN,NaN
26-Oct-2004,1.72,NaN,1.725,4.75,NaN,NaN,2,NaN,NaN,0.15,NaN,NaN
27-Oct-2004,1.77,NaN,1.725,4.75,NaN,NaN,2,NaN,NaN,0.15,NaN,NaN
28-Oct-2004,1.79,NaN,1.725,4.75,NaN,NaN,2,NaN,NaN,0.15,NaN,NaN
29-Oct-2004,1.79,NaN,1.81,4.75,NaN,NaN,2,NaN,NaN,0.15,NaN,NaN
01-Nov-2004,1.83,NaN,1.81,4.75,NaN,NaN,2,NaN,NaN,0.15,NaN,NaN
02-Nov-2004,1.74,NaN,1.745,4.75,NaN,NaN,2,NaN,NaN,0.15,NaN,NaN
03-Nov-2004,1.73,NaN,1.745,4.75,NaN,NaN,2,NaN,NaN,0.15,NaN,NaN
04-Nov-2004,1.77,NaN,1.745,4.75,NaN,NaN,2,NaN,NaN,0.15,NaN,NaN
05-Nov-2004,1.76,NaN,1.745,4.75,NaN,NaN,2,NaN,NaN,0.15,NaN,NaN
08-Nov-2004,1.8,NaN,1.745,4.75,NaN,NaN,2,NaN,NaN,0.15,NaN,NaN
09-Nov-2004,1.79,NaN,1.745,4.75,NaN,NaN,2,NaN,NaN,0.15,NaN,NaN
10-Nov-2004,1.92,NaN,1.745,4.75,NaN,NaN,2,NaN,NaN,0.15,NaN,NaN
11-Nov-2004,1.92,NaN,1.745,4.75,NaN,NaN,2,NaN,NaN,0.15,NaN,NaN
12-Nov-2004,2.02,NaN,1.745,4.75,NaN,NaN,2,NaN,NaN,0.15,NaN,NaN
15-Nov-2004,2.06,NaN,1.745,4.75,NaN,NaN,2,NaN,NaN,0.15,NaN,NaN
16-Nov-2004,1.98,NaN,1.745,4.75,NaN,NaN,2,NaN,NaN,0.15,NaN,NaN
17-Nov-2004,1.99,NaN,1.745,4.75,NaN,NaN,2,NaN,NaN,0.15,NaN,NaN
18-Nov-2004,1.99,NaN,1.745,4.75,NaN,NaN,2,NaN,NaN,0.15,NaN,NaN
19-Nov-2004,1.99,NaN,1.745,4.75,NaN,NaN,2,NaN,NaN,0.15,NaN,NaN
22-Nov-2004,2.01,NaN,1.745,4.75,NaN,NaN,2,NaN,NaN,0.15,NaN,NaN
23-Nov-2004,2,NaN,1.745,4.75,NaN,NaN,2,NaN,NaN,0.15,NaN,NaN
24-Nov-2004,2.02,NaN,1.745,4.75,NaN,NaN,2,NaN,NaN,0.15,NaN,NaN
25-Nov-2004,2.02,NaN,1.745,4.75,NaN,NaN,2,NaN,NaN,0.15,NaN,NaN
26-Nov-2004,2.01,NaN,1.745,4.75,NaN,NaN,2,NaN,NaN,0.15,NaN,NaN
29-Nov-2004,2.03,NaN,1.745,4.75,NaN,NaN,2,NaN,NaN,0.15,NaN,NaN
30-Nov-2004,2.02,NaN,1.94,4.75,NaN,NaN,2,NaN,NaN,0.15,NaN,NaN
01-Dec-2004,2.04,NaN,1.945,4.75,NaN,NaN,2,NaN,NaN,0.15,NaN,NaN
02-Dec-2004,2,NaN,1.945,4.75,NaN,NaN,2,NaN,NaN,0.15,NaN,NaN
03-Dec-2004,1.98,NaN,1.945,4.75,NaN,NaN,2,NaN,NaN,0.15,NaN,NaN
06-Dec-2004,2.04,NaN,1.945,4.75,NaN,NaN,2,NaN,NaN,0.15,NaN,NaN
07-Dec-2004,1.99,NaN,1.945,4.75,NaN,NaN,2,NaN,NaN,0.15,NaN,NaN
08-Dec-2004,2.01,NaN,1.945,4.75,NaN,NaN,2,NaN,NaN,0.15,NaN,NaN
09-Dec-2004,2.05,NaN,1.945,4.75,NaN,NaN,2,NaN,NaN,0.15,NaN,NaN
10-Dec-2004,2.09,NaN,1.945,4.75,NaN,NaN,2,NaN,NaN,0.15,NaN,NaN
13-Dec-2004,2.18,NaN,2.1,4.75,NaN,NaN,2,NaN,NaN,0.15,NaN,NaN
14-Dec-2004,2.24,NaN,2.175,4.75,NaN,NaN,2,NaN,NaN,0.15,NaN,NaN
15-Dec-2004,2.31,NaN,2.215,4.75,NaN,NaN,2,NaN,NaN,0.15,NaN,NaN
16-Dec-2004,2.26,NaN,2.215,4.75,NaN,NaN,2,NaN,NaN,0.15,NaN,NaN
17-Dec-2004,2.23,NaN,2.215,4.75,NaN,NaN,2,NaN,NaN,0.15,NaN,NaN
20-Dec-2004,2.26,NaN,2.105,4.75,NaN,NaN,2,NaN,NaN,0.15,NaN,NaN
21-Dec-2004,2.24,NaN,2.105,4.75,NaN,NaN,2,NaN,NaN,0.15,NaN,NaN
22-Dec-2004,2.25,NaN,2.105,4.75,NaN,NaN,2,NaN,NaN,0.15,NaN,NaN
23-Dec-2004,2.34,NaN,2.105,4.75,NaN,NaN,2,NaN,NaN,0.15,NaN,NaN
24-Dec-2004,2.27,NaN,2.105,4.75,NaN,NaN,2,NaN,NaN,0.15,NaN,NaN
27-Dec-2004,2.24,NaN,2.105,4.75,NaN,NaN,2,NaN,NaN,0.15,NaN,NaN
28-Dec-2004,2.24,NaN,2.105,4.75,NaN,NaN,2,NaN,NaN,0.15,NaN,NaN
29-Dec-2004,2.23,NaN,1.975,4.75,NaN,NaN,2,NaN,NaN,0.15,NaN,NaN
30-Dec-2004,2.24,NaN,1.975,4.75,NaN,NaN,2,NaN,NaN,0.15,NaN,NaN
31-Dec-2004,1.97,NaN,1.975,4.75,NaN,NaN,2,NaN,NaN,0.15,NaN,NaN
03-Jan-2005,2.31,NaN,1.975,4.75,NaN,NaN,2,NaN,NaN,0.15,NaN,NaN
04-Jan-2005,2.25,NaN,1.875,4.75,NaN,NaN,2,NaN,NaN,0.15,NaN,NaN
05-Jan-2005,2.25,NaN,1.875,4.75,NaN,NaN,2,NaN,NaN,0.15,NaN,NaN
06-Jan-2005,2.25,NaN,1.875,4.75,NaN,NaN,2,NaN,NaN,0.15,NaN,NaN
07-Jan-2005,2.24,NaN,1.875,4.75,NaN,NaN,2,NaN,NaN,0.15,NaN,NaN
10-Jan-2005,2.26,NaN,1.875,4.75,NaN,NaN,2,NaN,NaN,0.15,NaN,NaN
11-Jan-2005,2.24,NaN,1.875,4.75,NaN,NaN,2,NaN,NaN,0.15,NaN,NaN
12-Jan-2005,2.25,NaN,2.095,4.75,NaN,NaN,2,NaN,NaN,0.15,NaN,NaN
13-Jan-2005,2.29,NaN,2.095,4.75,NaN,NaN,2,NaN,NaN,0.15,NaN,NaN
14-Jan-2005,2.29,NaN,2.26,4.75,NaN,NaN,2,NaN,NaN,0.15,NaN,NaN
17-Jan-2005,2.29,NaN,2.26,4.75,NaN,NaN,2,NaN,NaN,0.15,NaN,NaN
18-Jan-2005,2.31,NaN,2.26,4.75,NaN,NaN,2,NaN,NaN,0.15,NaN,NaN
19-Jan-2005,2.19,NaN,2.26,4.75,NaN,NaN,2,NaN,NaN,0.15,NaN,NaN
20-Jan-2005,2.25,NaN,2.26,4.75,NaN,NaN,2,NaN,NaN,0.15,NaN,NaN
21-Jan-2005,2.26,NaN,2.1,4.75,NaN,NaN,2,NaN,NaN,0.15,NaN,NaN
24-Jan-2005,2.26,NaN,2.1,4.75,NaN,NaN,2,NaN,NaN,0.15,NaN,NaN
25-Jan-2005,2.29,NaN,2.2,4.75,NaN,NaN,2,NaN,NaN,0.15,NaN,NaN
26-Jan-2005,2.33,NaN,2.2,4.75,NaN,NaN,2,NaN,NaN,0.15,NaN,NaN
27-Jan-2005,2.39,NaN,2.2,4.75,NaN,NaN,2,NaN,NaN,0.15,NaN,NaN
28-Jan-2005,2.48,NaN,2.2,4.75,NaN,NaN,2,NaN,NaN,0.15,NaN,NaN
31-Jan-2005,2.5,NaN,2.2,4.75,NaN,NaN,2,NaN,NaN,0.15,NaN,NaN
01-Feb-2005,2.4,NaN,2.2,4.75,NaN,NaN,2,NaN,NaN,0.15,NaN,NaN
02-Feb-2005,2.29,NaN,2.2,4.75,NaN,NaN,2,NaN,NaN,0.15,NaN,NaN
03-Feb-2005,2.49,NaN,2.35,4.75,NaN,NaN,2,NaN,NaN,0.15,NaN,NaN
04-Feb-2005,2.51,NaN,2.35,4.75,NaN,NaN,2,NaN,NaN,0.15,NaN,NaN
07-Feb-2005,2.5,NaN,2.35,4.75,NaN,NaN,2,NaN,NaN,0.15,NaN,NaN
08-Feb-2005,2.48,NaN,2.35,4.75,NaN,NaN,2,NaN,NaN,0.15,NaN,NaN
09-Feb-2005,2.5,NaN,2.35,4.75,NaN,NaN,2,NaN,NaN,0.15,NaN,NaN
10-Feb-2005,2.51,NaN,2.46,4.75,NaN,NaN,2,NaN,NaN,0.15,NaN,NaN
11-Feb-2005,2.5,NaN,2.46,4.75,NaN,NaN,2,NaN,NaN,0.15,NaN,NaN
14-Feb-2005,2.51,NaN,2.46,4.75,NaN,NaN,2,NaN,NaN,0.15,NaN,NaN
15-Feb-2005,2.53,NaN,2.46,4.75,NaN,NaN,2,NaN,NaN,0.15,NaN,NaN
16-Feb-2005,2.48,NaN,2.46,4.75,NaN,NaN,2,NaN,NaN,0.15,NaN,NaN
17-Feb-2005,2.5,NaN,1.745,4.75,NaN,NaN,2,NaN,NaN,0.15,NaN,NaN
18-Feb-2005,2.51,NaN,1.745,4.75,NaN,NaN,2,NaN,NaN,0.15,NaN,NaN
21-Feb-2005,2.51,NaN,1.745,4.75,NaN,NaN,2,NaN,NaN,0.15,NaN,NaN
22-Feb-2005,2.57,NaN,1.745,4.75,NaN,NaN,2,NaN,NaN,0.15,NaN,NaN
23-Feb-2005,2.53,NaN,1.745,4.75,NaN,NaN,2,NaN,NaN,0.15,NaN,NaN
24-Feb-2005,2.55,NaN,1.745,4.75,NaN,NaN,2,NaN,NaN,0.15,NaN,NaN
25-Feb-2005,2.54,NaN,1.745,4.75,NaN,NaN,2,NaN,NaN,0.15,NaN,NaN
28-Feb-2005,2.52,NaN,1.745,4.75,NaN,NaN,2,NaN,NaN,0.15,NaN,NaN
01-Mar-2005,2.39,NaN,1.745,4.75,NaN,NaN,2,NaN,NaN,0.15,NaN,NaN
02-Mar-2005,2.48,NaN,1.745,4.75,NaN,NaN,2,NaN,NaN,0.15,NaN,NaN
03-Mar-2005,2.51,NaN,1.745,4.75,NaN,NaN,2,NaN,NaN,0.15,NaN,NaN
04-Mar-2005,2.5,NaN,1.745,4.75,NaN,NaN,2,NaN,NaN,0.15,NaN,NaN
07-Mar-2005,2.51,NaN,1.745,4.75,NaN,NaN,2,NaN,NaN,0.15,NaN,NaN
08-Mar-2005,2.49,NaN,1.745,4.75,NaN,NaN,2,NaN,NaN,0.15,NaN,NaN
09-Mar-2005,2.5,NaN,1.745,4.75,NaN,NaN,2,NaN,NaN,0.15,NaN,NaN
10-Mar-2005,2.52,NaN,1.745,4.75,NaN,NaN,2,NaN,NaN,0.15,NaN,NaN
11-Mar-2005,2.51,NaN,1.745,4.75,NaN,NaN,2,NaN,NaN,0.15,NaN,NaN
14-Mar-2005,2.59,NaN,1.745,4.75,NaN,NaN,2,NaN,NaN,0.15,NaN,NaN
15-Mar-2005,2.61,NaN,1.745,4.75,NaN,NaN,2,NaN,NaN,0.15,NaN,NaN
16-Mar-2005,2.57,NaN,1.745,4.75,NaN,NaN,2,NaN,NaN,0.15,NaN,NaN
17-Mar-2005,2.68,NaN,1.745,4.75,NaN,NaN,2,NaN,NaN,0.15,NaN,NaN
18-Mar-2005,2.7,NaN,1.745,4.75,NaN,NaN,2,NaN,NaN,0.15,NaN,NaN
21-Mar-2005,2.71,NaN,1.745,4.75,NaN,NaN,2,NaN,NaN,0.15,NaN,NaN
22-Mar-2005,2.72,NaN,1.745,4.75,NaN,NaN,2,NaN,NaN,0.15,NaN,NaN
23-Mar-2005,2.73,NaN,1.745,4.75,NaN,NaN,2,NaN,NaN,0.15,NaN,NaN
24-Mar-2005,2.75,NaN,1.745,4.75,NaN,NaN,2,NaN,NaN,0.15,NaN,NaN
25-Mar-2005,2.8,NaN,1.745,4.75,NaN,NaN,2,NaN,NaN,0.15,NaN,NaN
28-Mar-2005,2.79,NaN,1.745,4.75,NaN,NaN,2,NaN,NaN,0.15,NaN,NaN
29-Mar-2005,2.72,NaN,1.745,4.75,NaN,NaN,2,NaN,NaN,0.15,NaN,NaN
30-Mar-2005,2.74,NaN,1.745,4.75,NaN,NaN,2,NaN,NaN,0.15,NaN,NaN
31-Mar-2005,2.96,NaN,1.745,4.75,NaN,NaN,2,NaN,NaN,0.15,NaN,NaN
01-Apr-2005,2.83,NaN,1.745,4.75,NaN,NaN,2,NaN,NaN,0.15,NaN,NaN
04-Apr-2005,2.78,NaN,1.745,4.75,NaN,NaN,2,NaN,NaN,0.15,NaN,NaN
05-Apr-2005,2.72,NaN,1.745,4.75,NaN,NaN,2,NaN,NaN,0.15,NaN,NaN
06-Apr-2005,2.73,NaN,1.745,4.75,NaN,NaN,2,NaN,NaN,0.15,NaN,NaN
07-Apr-2005,2.76,NaN,1.745,4.75,NaN,NaN,2,NaN,NaN,0.15,NaN,NaN
08-Apr-2005,2.75,NaN,1.745,4.75,NaN,NaN,2,NaN,NaN,0.15,NaN,NaN
11-Apr-2005,2.78,NaN,1.745,4.75,NaN,NaN,2,NaN,NaN,0.15,NaN,NaN
12-Apr-2005,2.77,NaN,1.745,4.75,NaN,NaN,2,NaN,NaN,0.15,NaN,NaN
13-Apr-2005,2.76,NaN,1.745,4.75,NaN,NaN,2,NaN,NaN,0.15,NaN,NaN
14-Apr-2005,2.79,NaN,1.745,4.75,NaN,NaN,2,NaN,NaN,0.15,NaN,NaN
15-Apr-2005,2.82,NaN,1.745,4.75,NaN,NaN,2,NaN,NaN,0.15,NaN,NaN
18-Apr-2005,2.75,NaN,1.745,4.75,NaN,NaN,2,NaN,NaN,0.15,NaN,NaN
19-Apr-2005,2.74,NaN,1.745,4.75,NaN,NaN,2,NaN,NaN,0.15,NaN,NaN
20-Apr-2005,2.74,NaN,1.745,4.75,NaN,NaN,2,NaN,NaN,0.15,NaN,NaN
21-Apr-2005,2.75,NaN,1.745,4.75,NaN,NaN,2,NaN,NaN,0.15,NaN,NaN
22-Apr-2005,2.74,NaN,1.745,4.75,NaN,NaN,2,NaN,NaN,0.15,NaN,NaN
25-Apr-2005,2.82,NaN,1.745,4.75,NaN,NaN,2,NaN,NaN,0.15,NaN,NaN
26-Apr-2005,2.78,NaN,1.745,4.75,NaN,NaN,2,NaN,NaN,0.15,NaN,NaN
27-Apr-2005,2.63,NaN,1.745,4.75,NaN,NaN,2,NaN,NaN,0.15,NaN,NaN
28-Apr-2005,2.89,NaN,1.745,4.75,NaN,NaN,2,NaN,NaN,0.15,NaN,NaN
29-Apr-2005,2.97,NaN,1.745,4.75,NaN,NaN,2,NaN,NaN,0.15,NaN,NaN
02-May-2005,2.98,NaN,1.745,4.75,NaN,NaN,2,NaN,NaN,0.15,NaN,NaN
03-May-2005,2.95,NaN,1.745,4.75,NaN,NaN,2,NaN,NaN,0.15,NaN,NaN
04-May-2005,2.99,NaN,1.745,4.75,NaN,NaN,2,NaN,NaN,0.15,NaN,NaN
05-May-2005,2.99,NaN,1.745,4.75,NaN,NaN,2,NaN,NaN,0.15,NaN,NaN
06-May-2005,2.98,NaN,1.745,4.75,NaN,NaN,2,NaN,NaN,0.15,NaN,NaN
09-May-2005,2.99,NaN,1.745,4.75,NaN,NaN,2,NaN,NaN,0.15,NaN,NaN
10-May-2005,2.99,NaN,1.745,4.75,NaN,NaN,2,NaN,NaN,0.15,NaN,NaN
11-May-2005,2.99,NaN,1.745,4.75,NaN,NaN,2,NaN,NaN,0.15,NaN,NaN
12-May-2005,3.01,NaN,1.745,4.75,NaN,NaN,2,NaN,NaN,0.15,NaN,NaN
13-May-2005,3.01,NaN,1.745,4.75,NaN,NaN,2,NaN,NaN,0.15,NaN,NaN
16-May-2005,3.06,NaN,1.745,4.75,NaN,NaN,2,NaN,NaN,0.15,NaN,NaN
17-May-2005,2.99,NaN,1.745,4.75,NaN,NaN,2,NaN,NaN,0.15,NaN,NaN
18-May-2005,3,NaN,1.745,4.75,NaN,NaN,2,NaN,NaN,0.15,NaN,NaN
19-May-2005,3.02,NaN,1.745,4.75,NaN,NaN,2,NaN,NaN,0.15,NaN,NaN
20-May-2005,3.01,NaN,1.745,4.75,NaN,NaN,2,NaN,NaN,0.15,NaN,NaN
23-May-2005,3.01,NaN,1.745,4.75,NaN,NaN,2,NaN,NaN,0.15,NaN,NaN
24-May-2005,2.99,NaN,1.745,4.75,NaN,NaN,2,NaN,NaN,0.15,NaN,NaN
25-May-2005,3.01,NaN,1.745,4.75,NaN,NaN,2,NaN,NaN,0.15,NaN,NaN
26-May-2005,3.01,NaN,1.745,4.75,NaN,NaN,2,NaN,NaN,0.15,NaN,NaN
27-May-2005,3.01,NaN,1.745,4.75,NaN,NaN,2,NaN,NaN,0.15,NaN,NaN
30-May-2005,3.01,NaN,1.745,4.75,NaN,NaN,2,NaN,NaN,0.15,NaN,NaN
31-May-2005,3.09,NaN,1.745,4.75,NaN,NaN,2,NaN,NaN,0.15,NaN,NaN
01-Jun-2005,3.02,NaN,1.745,4.75,NaN,NaN,2,NaN,NaN,0.15,NaN,NaN
02-Jun-2005,3,NaN,1.745,4.75,NaN,NaN,2,NaN,NaN,0.15,NaN,NaN
03-Jun-2005,2.99,NaN,1.745,4.75,NaN,NaN,2,NaN,NaN,0.15,NaN,NaN
06-Jun-2005,3,NaN,1.745,4.75,NaN,NaN,2,NaN,NaN,0.15,NaN,NaN
07-Jun-2005,2.96,NaN,1.745,4.75,NaN,NaN,2,NaN,NaN,0.15,NaN,NaN
08-Jun-2005,2.96,NaN,1.745,4.75,NaN,NaN,2,NaN,NaN,0.15,NaN,NaN
09-Jun-2005,3.01,NaN,1.745,4.75,NaN,NaN,2,NaN,NaN,0.15,NaN,NaN
10-Jun-2005,3.01,NaN,1.745,4.75,NaN,NaN,2,NaN,NaN,0.15,NaN,NaN
13-Jun-2005,3.04,NaN,1.745,4.75,NaN,NaN,2,NaN,NaN,0.15,NaN,NaN
14-Jun-2005,3.01,NaN,1.745,4.75,NaN,NaN,2,NaN,NaN,0.15,NaN,NaN
15-Jun-2005,3.05,NaN,1.745,4.75,NaN,NaN,2,NaN,NaN,0.15,NaN,NaN
16-Jun-2005,3,NaN,1.745,4.75,NaN,NaN,2,NaN,NaN,0.15,NaN,NaN
17-Jun-2005,2.99,NaN,1.745,4.75,NaN,NaN,2,NaN,NaN,0.15,NaN,NaN
20-Jun-2005,3.01,NaN,1.745,4.75,NaN,NaN,2,NaN,NaN,0.15,NaN,NaN
21-Jun-2005,2.96,NaN,1.745,4.75,NaN,NaN,2,NaN,NaN,0.15,NaN,NaN
22-Jun-2005,2.93,NaN,1.745,4.75,NaN,NaN,2,NaN,NaN,0.15,NaN,NaN
23-Jun-2005,3.05,NaN,1.745,4.75,NaN,NaN,2,NaN,NaN,0.15,NaN,NaN
24-Jun-2005,3.07,NaN,1.745,4.75,NaN,NaN,2,NaN,NaN,0.15,NaN,NaN
27-Jun-2005,3.17,NaN,1.745,4.75,NaN,NaN,2,NaN,NaN,0.15,NaN,NaN
28-Jun-2005,3.17,NaN,1.745,4.75,NaN,NaN,2,NaN,NaN,0.15,NaN,NaN
29-Jun-2005,3.2,NaN,1.745,4.75,NaN,NaN,2,NaN,NaN,0.15,NaN,NaN
30-Jun-2005,3.35,NaN,1.745,4.75,NaN,NaN,2,NaN,NaN,0.15,NaN,NaN
01-Jul-2005,3.36,NaN,1.745,4.75,NaN,NaN,2,NaN,NaN,0.15,NaN,NaN
04-Jul-2005,3.36,NaN,1.745,4.75,NaN,NaN,2,NaN,NaN,0.15,NaN,NaN
05-Jul-2005,3.27,NaN,1.745,4.75,NaN,NaN,2,NaN,NaN,0.15,NaN,NaN
06-Jul-2005,2.99,NaN,1.745,4.75,NaN,NaN,2,NaN,NaN,0.15,NaN,NaN
07-Jul-2005,3.18,NaN,1.745,4.75,NaN,NaN,2,NaN,NaN,0.15,NaN,NaN
08-Jul-2005,3.22,NaN,1.745,4.75,NaN,NaN,2,NaN,NaN,0.15,NaN,NaN
11-Jul-2005,3.23,NaN,1.745,4.75,NaN,NaN,2,NaN,NaN,0.15,NaN,NaN
12-Jul-2005,3.23,NaN,1.745,4.75,NaN,NaN,2,NaN,NaN,0.15,NaN,NaN
13-Jul-2005,3.27,NaN,1.745,4.75,NaN,NaN,2,NaN,NaN,0.15,NaN,NaN
14-Jul-2005,3.32,NaN,1.745,4.75,NaN,NaN,2,NaN,NaN,0.15,NaN,NaN
15-Jul-2005,3.32,NaN,1.745,4.75,NaN,NaN,2,NaN,NaN,0.15,NaN,NaN
18-Jul-2005,3.19,NaN,1.745,4.75,NaN,NaN,2,NaN,NaN,0.15,NaN,NaN
19-Jul-2005,3.13,NaN,1.745,4.75,NaN,NaN,2,NaN,NaN,0.15,NaN,NaN
20-Jul-2005,3.25,NaN,1.745,4.75,NaN,NaN,2,NaN,NaN,0.15,NaN,NaN
21-Jul-2005,3.27,NaN,1.745,4.75,NaN,NaN,2,NaN,NaN,0.15,NaN,NaN
22-Jul-2005,3.25,NaN,1.745,4.75,NaN,NaN,2,NaN,NaN,0.15,NaN,NaN
25-Jul-2005,3.28,NaN,1.745,4.75,NaN,NaN,2,NaN,NaN,0.15,NaN,NaN
26-Jul-2005,3.25,NaN,1.745,4.75,NaN,NaN,2,NaN,NaN,0.15,NaN,NaN
27-Jul-2005,3.27,NaN,1.745,4.75,NaN,NaN,2,NaN,NaN,0.15,NaN,NaN
28-Jul-2005,3.27,NaN,1.745,4.75,NaN,NaN,2,NaN,NaN,0.15,NaN,NaN
29-Jul-2005,3.31,NaN,1.745,4.75,NaN,NaN,2,NaN,NaN,0.15,NaN,NaN
01-Aug-2005,3.3,NaN,1.745,4.75,NaN,NaN,2,NaN,NaN,0.15,NaN,NaN
02-Aug-2005,3.2,NaN,1.745,4.75,NaN,NaN,2,NaN,NaN,0.15,NaN,NaN
03-Aug-2005,3.35,NaN,1.745,4.75,NaN,NaN,2,NaN,NaN,0.15,NaN,NaN
04-Aug-2005,3.44,NaN,1.745,4.5,NaN,NaN,2,NaN,NaN,0.15,NaN,NaN
05-Aug-2005,3.49,NaN,1.745,4.5,NaN,NaN,2,NaN,NaN,0.15,NaN,NaN
08-Aug-2005,3.5,NaN,1.745,4.5,NaN,NaN,2,NaN,NaN,0.15,NaN,NaN
09-Aug-2005,3.47,NaN,1.745,4.5,NaN,NaN,2,NaN,NaN,0.15,NaN,NaN
10-Aug-2005,3.48,NaN,1.745,4.5,NaN,NaN,2,NaN,NaN,0.15,NaN,NaN
11-Aug-2005,3.51,NaN,1.745,4.5,NaN,NaN,2,NaN,NaN,0.15,NaN,NaN
12-Aug-2005,3.55,NaN,1.745,4.5,NaN,NaN,2,NaN,NaN,0.15,NaN,NaN
15-Aug-2005,3.61,NaN,1.745,4.5,NaN,NaN,2,NaN,NaN,0.15,NaN,NaN
16-Aug-2005,3.46,NaN,1.745,4.5,NaN,NaN,2,NaN,NaN,0.15,NaN,NaN
17-Aug-2005,3.57,NaN,1.745,4.5,NaN,NaN,2,NaN,NaN,0.15,NaN,NaN
18-Aug-2005,3.5,NaN,1.745,4.5,NaN,NaN,2,NaN,NaN,0.15,NaN,NaN
19-Aug-2005,3.54,NaN,1.745,4.5,NaN,NaN,2,NaN,NaN,0.15,NaN,NaN
22-Aug-2005,3.51,NaN,1.745,4.5,NaN,NaN,2,NaN,NaN,0.15,NaN,NaN
23-Aug-2005,3.49,NaN,1.745,4.5,NaN,NaN,2,NaN,NaN,0.15,NaN,NaN
24-Aug-2005,3.5,NaN,3.5,4.5,NaN,NaN,2,NaN,NaN,0.15,NaN,NaN
25-Aug-2005,3.55,NaN,3.5,4.5,NaN,NaN,2,NaN,NaN,0.15,NaN,NaN
26-Aug-2005,3.54,NaN,3.54,4.5,NaN,NaN,2,NaN,NaN,0.15,NaN,NaN
29-Aug-2005,3.54,NaN,3.54,4.5,NaN,NaN,2,NaN,NaN,0.15,NaN,NaN
30-Aug-2005,3.52,NaN,3.505,4.5,NaN,NaN,2,NaN,NaN,0.15,NaN,NaN
31-Aug-2005,3.63,NaN,3.505,4.5,NaN,NaN,2,NaN,NaN,0.15,NaN,NaN
01-Sep-2005,3.57,NaN,3.575,4.5,NaN,NaN,2,NaN,NaN,0.15,NaN,NaN
02-Sep-2005,3.49,NaN,3.575,4.5,NaN,NaN,2,NaN,NaN,0.15,NaN,NaN
05-Sep-2005,3.49,NaN,3.575,4.5,NaN,NaN,2,NaN,NaN,0.15,NaN,NaN
06-Sep-2005,3.57,NaN,3.495,4.5,NaN,NaN,2,NaN,NaN,0.15,NaN,NaN
07-Sep-2005,3.48,NaN,3.465,4.5,NaN,NaN,2,NaN,NaN,0.15,NaN,NaN
08-Sep-2005,3.49,NaN,3.465,4.5,NaN,NaN,2,NaN,NaN,0.15,NaN,NaN
09-Sep-2005,3.49,NaN,3.465,4.5,NaN,NaN,2,NaN,NaN,0.15,NaN,NaN
12-Sep-2005,3.5,NaN,3.465,4.5,NaN,NaN,2,NaN,NaN,0.15,NaN,NaN
13-Sep-2005,3.45,NaN,3.445,4.5,NaN,NaN,2,NaN,NaN,0.15,NaN,NaN
14-Sep-2005,3.54,NaN,3.445,4.5,NaN,NaN,2,NaN,NaN,0.15,NaN,NaN
15-Sep-2005,3.67,NaN,3.445,4.5,NaN,NaN,2,NaN,NaN,0.15,NaN,NaN
16-Sep-2005,3.62,NaN,3.445,4.5,NaN,NaN,2,NaN,NaN,0.15,NaN,NaN
19-Sep-2005,3.62,NaN,3.445,4.5,NaN,NaN,2,NaN,NaN,0.15,NaN,NaN
20-Sep-2005,3.67,NaN,3.445,4.5,NaN,NaN,2,NaN,NaN,0.15,NaN,NaN
21-Sep-2005,3.72,NaN,3.445,4.5,NaN,NaN,2,NaN,NaN,0.15,NaN,NaN
22-Sep-2005,3.77,NaN,3.445,4.5,NaN,NaN,2,NaN,NaN,0.15,NaN,NaN
23-Sep-2005,3.76,NaN,3.445,4.5,NaN,NaN,2,NaN,NaN,0.15,NaN,NaN
26-Sep-2005,3.83,NaN,3.445,4.5,NaN,NaN,2,NaN,NaN,0.15,NaN,NaN
27-Sep-2005,3.73,NaN,3.445,4.5,NaN,NaN,2,NaN,NaN,0.15,NaN,NaN
28-Sep-2005,3.76,NaN,3.445,4.5,NaN,NaN,2,NaN,NaN,0.15,NaN,NaN
29-Sep-2005,3.82,NaN,3.445,4.5,NaN,NaN,2,NaN,NaN,0.15,NaN,NaN
30-Sep-2005,3.93,NaN,3.445,4.5,NaN,NaN,2,NaN,NaN,0.15,NaN,NaN
03-Oct-2005,3.87,NaN,3.73,4.5,NaN,NaN,2,NaN,NaN,0.15,NaN,NaN
04-Oct-2005,3.75,NaN,3.69,4.5,NaN,NaN,2,NaN,NaN,0.15,NaN,NaN
05-Oct-2005,3.75,NaN,3.71,4.5,NaN,NaN,2,NaN,NaN,0.15,NaN,NaN
06-Oct-2005,3.76,NaN,3.71,4.5,NaN,NaN,2,NaN,NaN,0.15,NaN,NaN
07-Oct-2005,3.73,NaN,3.675,4.5,NaN,NaN,2,NaN,NaN,0.15,NaN,NaN
10-Oct-2005,3.73,NaN,3.675,4.5,NaN,NaN,2,NaN,NaN,0.15,NaN,NaN
11-Oct-2005,3.72,NaN,3.675,4.5,NaN,NaN,2,NaN,NaN,0.15,NaN,NaN
12-Oct-2005,3.36,NaN,3.675,4.5,NaN,NaN,2,NaN,NaN,0.15,NaN,NaN
13-Oct-2005,3.75,NaN,3.675,4.5,NaN,NaN,2,NaN,NaN,0.15,NaN,NaN
14-Oct-2005,3.77,NaN,3.675,4.5,NaN,NaN,2,NaN,NaN,0.15,NaN,NaN
17-Oct-2005,3.82,NaN,3.675,4.5,NaN,NaN,2,NaN,NaN,0.15,NaN,NaN
18-Oct-2005,3.71,NaN,3.675,4.5,NaN,NaN,2,NaN,NaN,0.15,NaN,NaN
19-Oct-2005,3.71,NaN,3.675,4.5,NaN,NaN,2,NaN,NaN,0.15,NaN,NaN
20-Oct-2005,3.77,NaN,3.69,4.5,NaN,NaN,2,NaN,NaN,0.15,NaN,NaN
21-Oct-2005,3.76,NaN,3.69,4.5,NaN,NaN,2,NaN,NaN,0.15,NaN,NaN
24-Oct-2005,3.76,NaN,3.69,4.5,NaN,NaN,2,NaN,NaN,0.15,NaN,NaN
25-Oct-2005,3.74,NaN,3.69,4.5,NaN,NaN,2,NaN,NaN,0.15,NaN,NaN
26-Oct-2005,3.75,NaN,3.69,4.5,NaN,NaN,2,NaN,NaN,0.15,NaN,NaN
27-Oct-2005,3.85,NaN,3.69,4.5,NaN,NaN,2,NaN,NaN,0.15,NaN,NaN
28-Oct-2005,3.9,NaN,3.69,4.5,NaN,NaN,2,NaN,NaN,0.15,NaN,NaN
31-Oct-2005,4.02,NaN,3.69,4.5,NaN,NaN,2,NaN,NaN,0.15,NaN,NaN
01-Nov-2005,3.99,NaN,3.69,4.5,NaN,NaN,2,NaN,NaN,0.15,NaN,NaN
02-Nov-2005,3.99,NaN,3.69,4.5,NaN,NaN,2,NaN,NaN,0.15,NaN,NaN
03-Nov-2005,4.01,NaN,3.69,4.5,NaN,NaN,2,NaN,NaN,0.15,NaN,NaN
04-Nov-2005,4,NaN,3.69,4.5,NaN,NaN,2,NaN,NaN,0.15,NaN,NaN
07-Nov-2005,3.99,NaN,3.69,4.5,NaN,NaN,2,NaN,NaN,0.15,NaN,NaN
08-Nov-2005,3.95,NaN,3.945,4.5,NaN,NaN,2,NaN,NaN,0.15,NaN,NaN
09-Nov-2005,4.02,NaN,3.945,4.5,NaN,NaN,2,NaN,NaN,0.15,NaN,NaN
10-Nov-2005,3.98,NaN,3.945,4.5,NaN,NaN,2,NaN,NaN,0.15,NaN,NaN
11-Nov-2005,3.98,NaN,3.945,4.5,NaN,NaN,2,NaN,NaN,0.15,NaN,NaN
14-Nov-2005,4.03,NaN,3.985,4.5,NaN,NaN,2,NaN,NaN,0.15,NaN,NaN
15-Nov-2005,3.97,NaN,3.985,4.5,NaN,NaN,2,NaN,NaN,0.15,NaN,NaN
16-Nov-2005,3.96,NaN,3.985,4.5,NaN,NaN,2,NaN,NaN,0.15,NaN,NaN
17-Nov-2005,3.98,NaN,3.985,4.5,NaN,NaN,2,NaN,NaN,0.15,NaN,NaN
18-Nov-2005,4,NaN,3.985,4.5,NaN,NaN,2,NaN,NaN,0.15,NaN,NaN
21-Nov-2005,4.03,NaN,3.985,4.5,NaN,NaN,2,NaN,NaN,0.15,NaN,NaN
22-Nov-2005,3.99,NaN,3.985,4.5,NaN,NaN,2,NaN,NaN,0.15,NaN,NaN
23-Nov-2005,4.01,NaN,3.985,4.5,NaN,NaN,2,NaN,NaN,0.15,NaN,NaN
24-Nov-2005,4.01,NaN,3.985,4.5,NaN,NaN,2,NaN,NaN,0.15,NaN,NaN
25-Nov-2005,4.03,NaN,3.985,4.5,NaN,NaN,2,NaN,NaN,0.15,NaN,NaN
28-Nov-2005,4.01,NaN,3.985,4.5,NaN,NaN,2,NaN,NaN,0.15,NaN,NaN
29-Nov-2005,3.99,NaN,3.985,4.5,NaN,NaN,2,NaN,NaN,0.15,NaN,NaN
30-Nov-2005,4.03,NaN,3.985,4.5,NaN,NaN,2,NaN,NaN,0.15,NaN,NaN
01-Dec-2005,4.03,NaN,3.985,4.5,NaN,NaN,2.25,NaN,NaN,0.15,NaN,NaN
02-Dec-2005,4,NaN,3.985,4.5,NaN,NaN,2.25,NaN,NaN,0.15,NaN,NaN
05-Dec-2005,4.02,NaN,3.985,4.5,NaN,NaN,2.25,NaN,NaN,0.15,NaN,NaN
06-Dec-2005,3.97,NaN,3.985,4.5,NaN,NaN,2.25,NaN,NaN,0.15,NaN,NaN
07-Dec-2005,3.98,NaN,3.985,4.5,NaN,NaN,2.25,NaN,NaN,0.15,NaN,NaN
08-Dec-2005,4.09,NaN,3.985,4.5,NaN,NaN,2.25,NaN,NaN,0.15,NaN,NaN
09-Dec-2005,4.16,NaN,3.985,4.5,NaN,NaN,2.25,NaN,NaN,0.15,NaN,NaN
12-Dec-2005,4.24,NaN,3.985,4.5,NaN,NaN,2.25,NaN,NaN,0.15,NaN,NaN
13-Dec-2005,4.23,NaN,3.985,4.5,NaN,NaN,2.25,NaN,NaN,0.15,NaN,NaN
14-Dec-2005,4.26,NaN,4.2,4.5,NaN,NaN,2.25,NaN,NaN,0.15,NaN,NaN
15-Dec-2005,4.29,NaN,4.4,4.5,NaN,NaN,2.25,NaN,NaN,0.15,NaN,NaN
16-Dec-2005,4.25,NaN,4.19,4.5,NaN,NaN,2.25,NaN,NaN,0.15,NaN,NaN
19-Dec-2005,4.25,NaN,4.195,4.5,NaN,NaN,2.25,NaN,NaN,0.15,NaN,NaN
20-Dec-2005,4.3,NaN,4.195,4.5,NaN,NaN,2.25,NaN,NaN,0.15,NaN,NaN
21-Dec-2005,4.08,NaN,4.195,4.5,NaN,NaN,2.25,NaN,NaN,0.15,NaN,NaN
22-Dec-2005,4.25,NaN,4.195,4.5,NaN,NaN,2.25,NaN,NaN,0.15,NaN,NaN
23-Dec-2005,4.21,NaN,4.195,4.5,NaN,NaN,2.25,NaN,NaN,0.15,NaN,NaN
26-Dec-2005,4.21,NaN,4.195,4.5,NaN,NaN,2.25,NaN,NaN,0.15,NaN,NaN
27-Dec-2005,4.26,NaN,4.195,4.5,NaN,NaN,2.25,NaN,NaN,0.15,NaN,NaN
28-Dec-2005,4.19,NaN,4.195,4.5,NaN,NaN,2.25,NaN,NaN,0.15,NaN,NaN
29-Dec-2005,4.18,NaN,4.195,4.5,NaN,NaN,2.25,NaN,NaN,0.15,NaN,NaN
30-Dec-2005,4.09,NaN,4.195,4.5,NaN,NaN,2.25,NaN,NaN,0.15,NaN,NaN
02-Jan-2006,4.09,NaN,4.195,4.5,NaN,NaN,2.25,NaN,NaN,0.15,NaN,NaN
03-Jan-2006,4.34,NaN,4.195,4.5,NaN,NaN,2.25,NaN,NaN,0.15,NaN,NaN
04-Jan-2006,4.22,NaN,4.195,4.5,NaN,NaN,2.25,NaN,NaN,0.15,NaN,NaN
05-Jan-2006,4.24,NaN,4.195,4.5,NaN,NaN,2.25,NaN,NaN,0.15,NaN,NaN
06-Jan-2006,4.22,NaN,4.195,4.5,NaN,NaN,2.25,NaN,NaN,0.15,NaN,NaN
09-Jan-2006,4.25,NaN,4.175,4.5,NaN,NaN,2.25,NaN,NaN,0.15,NaN,NaN
10-Jan-2006,4.24,NaN,4.185,4.5,NaN,NaN,2.25,NaN,NaN,0.15,NaN,NaN
11-Jan-2006,4.24,NaN,4.205,4.5,NaN,NaN,2.25,NaN,NaN,0.15,NaN,NaN
12-Jan-2006,4.28,NaN,4.205,4.5,NaN,NaN,2.25,NaN,NaN,0.15,NaN,NaN
13-Jan-2006,4.3,NaN,4.205,4.5,NaN,NaN,2.25,NaN,NaN,0.15,NaN,NaN
16-Jan-2006,4.3,NaN,4.205,4.5,NaN,NaN,2.25,NaN,NaN,0.15,NaN,NaN
17-Jan-2006,4.32,NaN,4.205,4.5,NaN,NaN,2.25,NaN,NaN,0.15,NaN,NaN
18-Jan-2006,4.24,NaN,4.205,4.5,NaN,NaN,2.25,NaN,NaN,0.15,NaN,NaN
19-Jan-2006,4.23,NaN,4.205,4.5,NaN,NaN,2.25,NaN,NaN,0.15,NaN,NaN
20-Jan-2006,4.24,NaN,4.205,4.5,NaN,NaN,2.25,NaN,NaN,0.15,NaN,NaN
23-Jan-2006,4.26,NaN,4.205,4.5,NaN,NaN,2.25,NaN,NaN,0.15,NaN,NaN
24-Jan-2006,4.28,NaN,4.205,4.5,NaN,NaN,2.25,NaN,NaN,0.15,NaN,NaN
25-Jan-2006,4.36,NaN,4.205,4.5,NaN,NaN,2.25,NaN,NaN,0.15,NaN,NaN
26-Jan-2006,4.37,NaN,4.205,4.5,NaN,NaN,2.25,NaN,NaN,0.15,NaN,NaN
27-Jan-2006,4.42,NaN,4.205,4.5,NaN,NaN,2.25,NaN,NaN,0.15,NaN,NaN
30-Jan-2006,4.48,NaN,4.205,4.5,NaN,NaN,2.25,NaN,NaN,0.15,NaN,NaN
31-Jan-2006,4.47,NaN,4.205,4.5,NaN,NaN,2.25,NaN,NaN,0.15,NaN,NaN
01-Feb-2006,4.47,NaN,4.205,4.5,NaN,NaN,2.25,NaN,NaN,0.15,NaN,NaN
02-Feb-2006,4.48,NaN,4.43,4.5,NaN,NaN,2.25,NaN,NaN,0.15,NaN,NaN
03-Feb-2006,4.51,NaN,4.43,4.5,NaN,NaN,2.25,NaN,NaN,0.15,NaN,NaN
06-Feb-2006,4.51,NaN,4.14,4.5,NaN,NaN,2.25,NaN,NaN,0.15,NaN,NaN
07-Feb-2006,4.47,NaN,4.375,4.5,NaN,NaN,2.25,NaN,NaN,0.15,NaN,NaN
08-Feb-2006,4.48,NaN,4.375,4.5,NaN,NaN,2.25,NaN,NaN,0.15,NaN,NaN
09-Feb-2006,4.52,NaN,4.375,4.5,NaN,NaN,2.25,NaN,NaN,0.15,NaN,NaN
10-Feb-2006,4.51,NaN,4.435,4.5,NaN,NaN,2.25,NaN,NaN,0.15,NaN,NaN
13-Feb-2006,4.44,NaN,4.435,4.5,NaN,NaN,2.25,NaN,NaN,0.15,NaN,NaN
14-Feb-2006,4.45,NaN,4.435,4.5,NaN,NaN,2.25,NaN,NaN,0.15,NaN,NaN
15-Feb-2006,4.5,NaN,4.435,4.5,NaN,NaN,2.25,NaN,NaN,0.15,NaN,NaN
16-Feb-2006,4.48,NaN,4.435,4.5,NaN,NaN,2.25,NaN,NaN,0.15,NaN,NaN
17-Feb-2006,4.48,NaN,4.435,4.5,NaN,NaN,2.25,NaN,NaN,0.15,NaN,NaN
20-Feb-2006,4.48,NaN,4.435,4.5,NaN,NaN,2.25,NaN,NaN,0.15,NaN,NaN
21-Feb-2006,4.54,NaN,4.435,4.5,NaN,NaN,2.25,NaN,NaN,0.15,NaN,NaN
22-Feb-2006,4.49,NaN,4.435,4.5,NaN,NaN,2.25,NaN,NaN,0.15,NaN,NaN
23-Feb-2006,4.47,NaN,4.455,4.5,NaN,NaN,2.25,NaN,NaN,0.15,NaN,NaN
24-Feb-2006,4.48,NaN,4.455,4.5,NaN,NaN,2.25,NaN,NaN,0.15,NaN,NaN
27-Feb-2006,4.52,NaN,4.455,4.5,NaN,NaN,2.25,NaN,NaN,0.15,NaN,NaN
28-Feb-2006,4.52,NaN,4.455,4.5,NaN,NaN,2.25,NaN,NaN,0.15,NaN,NaN
01-Mar-2006,4.52,NaN,4.455,4.5,NaN,NaN,2.25,NaN,NaN,0.15,NaN,NaN
02-Mar-2006,4.5,NaN,4.415,4.5,NaN,NaN,2.5,NaN,NaN,0.15,NaN,NaN
03-Mar-2006,4.51,NaN,4.415,4.5,NaN,NaN,2.5,NaN,NaN,0.15,NaN,NaN
06-Mar-2006,4.51,NaN,4.415,4.5,NaN,NaN,2.5,NaN,NaN,0.15,NaN,NaN
07-Mar-2006,4.51,NaN,4.415,4.5,NaN,NaN,2.5,NaN,NaN,0.15,NaN,NaN
08-Mar-2006,4.51,NaN,4.415,4.5,NaN,NaN,2.5,NaN,NaN,0.15,NaN,NaN
09-Mar-2006,4.51,NaN,4.415,4.5,NaN,NaN,2.5,NaN,NaN,0,NaN,NaN
10-Mar-2006,4.51,NaN,4.415,4.5,NaN,NaN,2.5,NaN,NaN,0,NaN,NaN
13-Mar-2006,4.52,NaN,4.415,4.5,NaN,NaN,2.5,NaN,NaN,0,NaN,NaN
14-Mar-2006,4.51,NaN,4.415,4.5,NaN,NaN,2.5,NaN,NaN,0,NaN,NaN
15-Mar-2006,4.47,NaN,4.415,4.5,NaN,NaN,2.5,NaN,NaN,0,NaN,NaN
16-Mar-2006,4.55,NaN,4.415,4.5,NaN,NaN,2.5,NaN,NaN,0,NaN,NaN
17-Mar-2006,4.6,NaN,4.415,4.5,NaN,NaN,2.5,NaN,NaN,0,NaN,NaN
20-Mar-2006,4.55,NaN,4.525,4.5,NaN,NaN,2.5,NaN,NaN,0,NaN,NaN
21-Mar-2006,4.54,NaN,4.525,4.5,NaN,NaN,2.5,NaN,NaN,0,NaN,NaN
22-Mar-2006,4.58,NaN,4.525,4.5,NaN,NaN,2.5,NaN,NaN,0,NaN,NaN
23-Mar-2006,4.64,NaN,4.525,4.5,NaN,NaN,2.5,NaN,NaN,0,NaN,NaN
24-Mar-2006,4.69,NaN,4.525,4.5,NaN,NaN,2.5,NaN,NaN,0,NaN,NaN
27-Mar-2006,4.77,NaN,4.725,4.5,NaN,NaN,2.5,NaN,NaN,0,NaN,NaN
28-Mar-2006,4.7,NaN,4.64,4.5,NaN,NaN,2.5,NaN,NaN,0,NaN,NaN
29-Mar-2006,4.69,NaN,4.64,4.5,NaN,NaN,2.5,NaN,NaN,0,NaN,NaN
30-Mar-2006,4.76,NaN,4.64,4.5,NaN,NaN,2.5,NaN,NaN,0,NaN,NaN
31-Mar-2006,5,NaN,4.64,4.5,NaN,NaN,2.5,NaN,NaN,0,NaN,NaN
03-Apr-2006,4.87,NaN,4.64,4.5,NaN,NaN,2.5,NaN,NaN,0,NaN,NaN
04-Apr-2006,4.76,NaN,4.64,4.5,NaN,NaN,2.5,NaN,NaN,0,NaN,NaN
05-Apr-2006,4.76,NaN,4.64,4.5,NaN,NaN,2.5,NaN,NaN,0,NaN,NaN
06-Apr-2006,4.76,NaN,4.64,4.5,NaN,NaN,2.5,NaN,NaN,0,NaN,NaN
07-Apr-2006,4.76,NaN,4.715,4.5,NaN,NaN,2.5,NaN,NaN,0,NaN,NaN
10-Apr-2006,4.78,NaN,4.715,4.5,NaN,NaN,2.5,NaN,NaN,0,NaN,NaN
11-Apr-2006,4.74,NaN,4.715,4.5,NaN,NaN,2.5,NaN,NaN,0,NaN,NaN
12-Apr-2006,4.78,NaN,4.715,4.5,NaN,NaN,2.5,NaN,NaN,0,NaN,NaN
13-Apr-2006,4.82,NaN,4.715,4.5,NaN,NaN,2.5,NaN,NaN,0,NaN,NaN
14-Apr-2006,4.8,NaN,4.715,4.5,NaN,NaN,2.5,NaN,NaN,0,NaN,NaN
17-Apr-2006,4.78,NaN,4.715,4.5,NaN,NaN,2.5,NaN,NaN,0,NaN,NaN
18-Apr-2006,4.72,NaN,4.715,4.5,NaN,NaN,2.5,NaN,NaN,0,NaN,NaN
19-Apr-2006,4.7,NaN,4.66,4.5,NaN,NaN,2.5,NaN,NaN,0,NaN,NaN
20-Apr-2006,4.73,NaN,4.66,4.5,NaN,NaN,2.5,NaN,NaN,0,NaN,NaN
21-Apr-2006,4.74,NaN,4.66,4.5,NaN,NaN,2.5,NaN,NaN,0,NaN,NaN
24-Apr-2006,4.77,NaN,4.66,4.5,NaN,NaN,2.5,NaN,NaN,0,NaN,NaN
25-Apr-2006,4.74,NaN,4.67,4.5,NaN,NaN,2.5,NaN,NaN,0,NaN,NaN
26-Apr-2006,4.73,NaN,4.67,4.5,NaN,NaN,2.5,NaN,NaN,0,NaN,NaN
27-Apr-2006,4.79,NaN,4.67,4.5,NaN,NaN,2.5,NaN,NaN,0,NaN,NaN
28-Apr-2006,4.86,NaN,4.67,4.5,NaN,NaN,2.5,NaN,NaN,0,NaN,NaN
01-May-2006,4.84,NaN,4.73,4.5,NaN,NaN,2.5,NaN,NaN,0,NaN,NaN
02-May-2006,4.79,NaN,4.73,4.5,NaN,NaN,2.5,NaN,NaN,0,NaN,NaN
03-May-2006,4.81,NaN,4.735,4.5,NaN,NaN,2.5,NaN,NaN,0,NaN,NaN
04-May-2006,4.83,NaN,4.71,4.5,NaN,NaN,2.5,NaN,NaN,0,NaN,NaN
05-May-2006,4.83,NaN,4.71,4.5,NaN,NaN,2.5,NaN,NaN,0,NaN,NaN
08-May-2006,4.88,NaN,4.71,4.5,NaN,NaN,2.5,NaN,NaN,0,NaN,NaN
09-May-2006,4.78,NaN,4.72,4.5,NaN,NaN,2.5,NaN,NaN,0,NaN,NaN
10-May-2006,4.88,NaN,4.72,4.5,NaN,NaN,2.5,NaN,NaN,0,NaN,NaN
11-May-2006,4.99,NaN,4.72,4.5,NaN,NaN,2.5,NaN,NaN,0,NaN,NaN
12-May-2006,5.01,NaN,4.72,4.5,NaN,NaN,2.5,NaN,NaN,0,NaN,NaN
15-May-2006,5.01,NaN,4.975,4.5,NaN,NaN,2.5,NaN,NaN,0,NaN,NaN
16-May-2006,4.98,NaN,4.975,4.5,NaN,NaN,2.5,NaN,NaN,0,NaN,NaN
17-May-2006,4.96,NaN,4.975,4.5,NaN,NaN,2.5,NaN,NaN,0,NaN,NaN
18-May-2006,5,NaN,4.88,4.5,NaN,NaN,2.5,NaN,NaN,0,NaN,NaN
19-May-2006,5,NaN,4.88,4.5,NaN,NaN,2.5,NaN,NaN,0,NaN,NaN
22-May-2006,5,NaN,4.88,4.5,NaN,NaN,2.5,NaN,NaN,0,NaN,NaN
23-May-2006,4.94,NaN,4.86,4.5,NaN,NaN,2.5,NaN,NaN,0,NaN,NaN
24-May-2006,4.9,NaN,4.975,4.5,NaN,NaN,2.5,NaN,NaN,0,NaN,NaN
25-May-2006,5.01,NaN,4.85,4.5,NaN,NaN,2.5,NaN,NaN,0,NaN,NaN
26-May-2006,4.99,NaN,4.85,4.5,NaN,NaN,2.5,NaN,NaN,0,NaN,NaN
29-May-2006,4.99,NaN,4.85,4.5,NaN,NaN,2.5,NaN,NaN,0,NaN,NaN
30-May-2006,5.02,NaN,4.9,4.5,NaN,NaN,2.5,NaN,NaN,0,NaN,NaN
31-May-2006,5.05,NaN,4.9,4.5,NaN,NaN,2.5,NaN,NaN,0,NaN,NaN
01-Jun-2006,5.02,NaN,4.975,4.5,NaN,NaN,2.5,NaN,NaN,0,NaN,NaN
02-Jun-2006,4.97,NaN,4.93,4.5,NaN,NaN,2.5,NaN,NaN,0,NaN,NaN
05-Jun-2006,5.01,NaN,4.935,4.5,NaN,NaN,2.5,NaN,NaN,0,NaN,NaN
06-Jun-2006,4.99,NaN,4.935,4.5,NaN,NaN,2.5,NaN,NaN,0,NaN,NaN
07-Jun-2006,4.99,NaN,4.935,4.5,NaN,NaN,2.5,NaN,NaN,0,NaN,NaN
08-Jun-2006,5.02,NaN,4.935,4.5,NaN,NaN,2.75,NaN,NaN,0,NaN,NaN
09-Jun-2006,5,NaN,4.935,4.5,NaN,NaN,2.75,NaN,NaN,0,NaN,NaN
12-Jun-2006,5.01,NaN,4.95,4.5,NaN,NaN,2.75,NaN,NaN,0,NaN,NaN
13-Jun-2006,5,NaN,4.965,4.5,NaN,NaN,2.75,NaN,NaN,0,NaN,NaN
14-Jun-2006,5,NaN,4.965,4.5,NaN,NaN,2.75,NaN,NaN,0,NaN,NaN
15-Jun-2006,5.02,NaN,4.965,4.5,NaN,NaN,2.75,NaN,NaN,0,NaN,NaN
16-Jun-2006,4.94,NaN,4.965,4.5,NaN,NaN,2.75,NaN,NaN,0,NaN,NaN
19-Jun-2006,4.95,NaN,4.965,4.5,NaN,NaN,2.75,NaN,NaN,0,NaN,NaN
20-Jun-2006,4.92,NaN,4.835,4.5,NaN,NaN,2.75,NaN,NaN,0,NaN,NaN
21-Jun-2006,4.91,NaN,4.835,4.5,NaN,NaN,2.75,NaN,NaN,0,NaN,NaN
22-Jun-2006,4.98,NaN,4.835,4.5,NaN,NaN,2.75,NaN,NaN,0,NaN,NaN
23-Jun-2006,4.98,NaN,4.89,4.5,NaN,NaN,2.75,NaN,NaN,0,NaN,NaN
26-Jun-2006,5.03,NaN,4.89,4.5,NaN,NaN,2.75,NaN,NaN,0,NaN,NaN
27-Jun-2006,5.02,NaN,4.89,4.5,NaN,NaN,2.75,NaN,NaN,0,NaN,NaN
28-Jun-2006,5.06,NaN,4.975,4.5,NaN,NaN,2.75,NaN,NaN,0,NaN,NaN
29-Jun-2006,5.08,NaN,4.975,4.5,NaN,NaN,2.75,NaN,NaN,0,NaN,NaN
30-Jun-2006,5.05,NaN,4.975,4.5,NaN,NaN,2.75,NaN,NaN,0,NaN,NaN
03-Jul-2006,5.25,NaN,5.315,4.5,NaN,NaN,2.75,NaN,NaN,0,NaN,NaN
04-Jul-2006,5.25,NaN,5.315,4.5,NaN,NaN,2.75,NaN,NaN,0,NaN,NaN
05-Jul-2006,5.25,NaN,5.315,4.5,NaN,NaN,2.75,NaN,NaN,0,NaN,NaN
06-Jul-2006,5.24,NaN,5.315,4.5,NaN,NaN,2.75,NaN,NaN,0,NaN,NaN
07-Jul-2006,5.22,NaN,5.315,4.5,NaN,NaN,2.75,NaN,NaN,0,NaN,NaN
10-Jul-2006,5.24,NaN,5.315,4.5,NaN,NaN,2.75,NaN,NaN,0,NaN,NaN
11-Jul-2006,5.25,NaN,5.315,4.5,NaN,NaN,2.75,NaN,NaN,0,NaN,NaN
12-Jul-2006,5.27,NaN,5.315,4.5,NaN,NaN,2.75,NaN,NaN,0,NaN,NaN
13-Jul-2006,5.26,NaN,5.315,4.5,NaN,NaN,2.75,NaN,NaN,0,NaN,NaN
14-Jul-2006,5.26,NaN,5.315,4.5,NaN,NaN,2.75,NaN,NaN,0.25,NaN,NaN
17-Jul-2006,5.28,NaN,5.315,4.5,NaN,NaN,2.75,NaN,NaN,0.25,NaN,NaN
18-Jul-2006,5.22,NaN,5.315,4.5,NaN,NaN,2.75,NaN,NaN,0.25,NaN,NaN
19-Jul-2006,5.23,NaN,5.315,4.5,NaN,NaN,2.75,NaN,NaN,0.25,NaN,NaN
20-Jul-2006,5.24,NaN,5.315,4.5,NaN,NaN,2.75,NaN,NaN,0.25,NaN,NaN
21-Jul-2006,5.23,NaN,5.315,4.5,NaN,NaN,2.75,NaN,NaN,0.25,NaN,NaN
24-Jul-2006,5.24,NaN,5.315,4.5,NaN,NaN,2.75,NaN,NaN,0.25,NaN,NaN
25-Jul-2006,5.24,NaN,5.315,4.5,NaN,NaN,2.75,NaN,NaN,0.25,NaN,NaN
26-Jul-2006,5.24,NaN,5.315,4.5,NaN,NaN,2.75,NaN,NaN,0.25,NaN,NaN
27-Jul-2006,5.27,NaN,5.315,4.5,NaN,NaN,2.75,NaN,NaN,0.25,NaN,NaN
28-Jul-2006,5.26,NaN,5.315,4.5,NaN,NaN,2.75,NaN,NaN,0.25,NaN,NaN
31-Jul-2006,5.31,NaN,5.315,4.5,NaN,NaN,2.75,NaN,NaN,0.25,NaN,NaN
01-Aug-2006,5.27,NaN,5.315,4.5,NaN,NaN,2.75,NaN,NaN,0.25,NaN,NaN
02-Aug-2006,5.25,NaN,5.315,4.5,NaN,NaN,2.75,NaN,NaN,0.25,NaN,NaN
03-Aug-2006,5.27,NaN,5.315,4.75,NaN,NaN,3,NaN,NaN,0.25,NaN,NaN
04-Aug-2006,5.25,NaN,5.315,4.75,NaN,NaN,3,NaN,NaN,0.25,NaN,NaN
07-Aug-2006,5.24,NaN,5.315,4.75,NaN,NaN,3,NaN,NaN,0.25,NaN,NaN
08-Aug-2006,5.26,NaN,5.315,4.75,NaN,NaN,3,NaN,NaN,0.25,NaN,NaN
09-Aug-2006,5.25,NaN,5.315,4.75,NaN,NaN,3,NaN,NaN,0.25,NaN,NaN
10-Aug-2006,5.24,NaN,5.315,4.75,NaN,NaN,3,NaN,NaN,0.25,NaN,NaN
11-Aug-2006,5.24,NaN,5.315,4.75,NaN,NaN,3,NaN,NaN,0.25,NaN,NaN
14-Aug-2006,5.26,NaN,5.315,4.75,NaN,NaN,3,NaN,NaN,0.25,NaN,NaN
15-Aug-2006,5.24,NaN,5.315,4.75,NaN,NaN,3,NaN,NaN,0.25,NaN,NaN
16-Aug-2006,5.17,NaN,5.315,4.75,NaN,NaN,3,NaN,NaN,0.25,NaN,NaN
17-Aug-2006,5.2,NaN,5.315,4.75,NaN,NaN,3,NaN,NaN,0.25,NaN,NaN
18-Aug-2006,5.25,NaN,5.315,4.75,NaN,NaN,3,NaN,NaN,0.25,NaN,NaN
21-Aug-2006,5.24,NaN,5.315,4.75,NaN,NaN,3,NaN,NaN,0.25,NaN,NaN
22-Aug-2006,5.24,NaN,5.315,4.75,NaN,NaN,3,NaN,NaN,0.25,NaN,NaN
23-Aug-2006,5.25,NaN,5.315,4.75,NaN,NaN,3,NaN,NaN,0.25,NaN,NaN
24-Aug-2006,5.25,NaN,5.315,4.75,NaN,NaN,3,NaN,NaN,0.25,NaN,NaN
25-Aug-2006,5.25,NaN,5.315,4.75,NaN,NaN,3,NaN,NaN,0.25,NaN,NaN
28-Aug-2006,5.25,NaN,5.315,4.75,NaN,NaN,3,NaN,NaN,0.25,NaN,NaN
29-Aug-2006,5.23,NaN,5.315,4.75,NaN,NaN,3,NaN,NaN,0.25,NaN,NaN
30-Aug-2006,5.25,NaN,5.315,4.75,NaN,NaN,3,NaN,NaN,0.25,NaN,NaN
31-Aug-2006,5.31,NaN,5.315,4.75,NaN,NaN,3,NaN,NaN,0.25,NaN,NaN
01-Sep-2006,5.25,NaN,5.315,4.75,NaN,NaN,3,NaN,NaN,0.25,NaN,NaN
04-Sep-2006,5.25,NaN,5.315,4.75,NaN,NaN,3,NaN,NaN,0.25,NaN,NaN
05-Sep-2006,5.26,NaN,5.315,4.75,NaN,NaN,3,NaN,NaN,0.25,NaN,NaN
06-Sep-2006,5.21,NaN,5.315,4.75,NaN,NaN,3,NaN,NaN,0.25,NaN,NaN
07-Sep-2006,5.23,NaN,5.315,4.75,NaN,NaN,3,NaN,NaN,0.25,NaN,NaN
08-Sep-2006,5.23,NaN,5.315,4.75,NaN,NaN,3,NaN,NaN,0.25,NaN,NaN
11-Sep-2006,5.24,NaN,5.315,4.75,NaN,NaN,3,NaN,NaN,0.25,NaN,NaN
12-Sep-2006,5.21,NaN,5.315,4.75,NaN,NaN,3,NaN,NaN,0.25,NaN,NaN
13-Sep-2006,5.26,NaN,5.315,4.75,NaN,NaN,3,NaN,NaN,0.25,NaN,NaN
14-Sep-2006,5.26,NaN,5.315,4.75,NaN,NaN,3,NaN,NaN,0.25,NaN,NaN
15-Sep-2006,5.25,NaN,5.315,4.75,NaN,NaN,3,NaN,NaN,0.25,NaN,NaN
18-Sep-2006,5.23,NaN,5.315,4.75,NaN,NaN,3,NaN,NaN,0.25,NaN,NaN
19-Sep-2006,5.21,NaN,5.315,4.75,NaN,NaN,3,NaN,NaN,0.25,NaN,NaN
20-Sep-2006,5.23,NaN,5.315,4.75,NaN,NaN,3,NaN,NaN,0.25,NaN,NaN
21-Sep-2006,5.24,NaN,5.315,4.75,NaN,NaN,3,NaN,NaN,0.25,NaN,NaN
22-Sep-2006,5.27,NaN,5.315,4.75,NaN,NaN,3,NaN,NaN,0.25,NaN,NaN
25-Sep-2006,5.3,NaN,5.315,4.75,NaN,NaN,3,NaN,NaN,0.25,NaN,NaN
26-Sep-2006,5.25,NaN,5.315,4.75,NaN,NaN,3,NaN,NaN,0.25,NaN,NaN
27-Sep-2006,5.3,NaN,5.315,4.75,NaN,NaN,3,NaN,NaN,0.25,NaN,NaN
28-Sep-2006,5.28,NaN,5.315,4.75,NaN,NaN,3,NaN,NaN,0.25,NaN,NaN
29-Sep-2006,5.34,NaN,5.315,4.75,NaN,NaN,3,NaN,NaN,0.25,NaN,NaN
02-Oct-2006,5.33,NaN,5.315,4.75,NaN,NaN,3,NaN,NaN,0.25,NaN,NaN
03-Oct-2006,5.25,NaN,5.315,4.75,NaN,NaN,3,NaN,NaN,0.25,NaN,NaN
04-Oct-2006,5.23,NaN,5.315,4.75,NaN,NaN,3,NaN,NaN,0.25,NaN,NaN
05-Oct-2006,5.23,NaN,5.315,4.75,NaN,NaN,3.25,NaN,NaN,0.25,NaN,NaN
06-Oct-2006,5.22,NaN,5.315,4.75,NaN,NaN,3.25,NaN,NaN,0.25,NaN,NaN
09-Oct-2006,5.22,NaN,5.315,4.75,NaN,NaN,3.25,NaN,NaN,0.25,NaN,NaN
10-Oct-2006,5.28,NaN,5.315,4.75,NaN,NaN,3.25,NaN,NaN,0.25,NaN,NaN
11-Oct-2006,5.25,NaN,5.315,4.75,NaN,NaN,3.25,NaN,NaN,0.25,NaN,NaN
12-Oct-2006,5.25,NaN,5.315,4.75,NaN,NaN,3.25,NaN,NaN,0.25,NaN,NaN
13-Oct-2006,5.21,NaN,5.315,4.75,NaN,NaN,3.25,NaN,NaN,0.25,NaN,NaN
16-Oct-2006,5.28,NaN,5.315,4.75,NaN,NaN,3.25,NaN,NaN,0.25,NaN,NaN
17-Oct-2006,5.21,NaN,5.315,4.75,NaN,NaN,3.25,NaN,NaN,0.25,NaN,NaN
18-Oct-2006,5.23,NaN,5.315,4.75,NaN,NaN,3.25,NaN,NaN,0.25,NaN,NaN
19-Oct-2006,5.22,NaN,5.25,4.75,NaN,NaN,3.25,NaN,NaN,0.25,NaN,NaN
20-Oct-2006,5.25,NaN,5.25,4.75,NaN,NaN,3.25,NaN,NaN,0.25,NaN,NaN
23-Oct-2006,5.24,NaN,5.25,4.75,NaN,NaN,3.25,NaN,NaN,0.25,NaN,NaN
24-Oct-2006,5.24,NaN,5.25,4.75,NaN,NaN,3.25,NaN,NaN,0.25,NaN,NaN
25-Oct-2006,5.26,NaN,5.25,4.75,NaN,NaN,3.25,NaN,NaN,0.25,NaN,NaN
26-Oct-2006,5.23,NaN,5.25,4.75,NaN,NaN,3.25,NaN,NaN,0.25,NaN,NaN
27-Oct-2006,5.23,NaN,5.25,4.75,NaN,NaN,3.25,NaN,NaN,0.25,NaN,NaN
30-Oct-2006,5.27,NaN,5.25,4.75,NaN,NaN,3.25,NaN,NaN,0.25,NaN,NaN
31-Oct-2006,5.31,NaN,5.25,4.75,NaN,NaN,3.25,NaN,NaN,0.25,NaN,NaN
01-Nov-2006,5.23,NaN,5.295,4.75,NaN,NaN,3.25,NaN,NaN,0.25,NaN,NaN
02-Nov-2006,5.22,NaN,5.295,4.75,NaN,NaN,3.25,NaN,NaN,0.25,NaN,NaN
03-Nov-2006,5.25,NaN,5.295,4.75,NaN,NaN,3.25,NaN,NaN,0.25,NaN,NaN
06-Nov-2006,5.24,NaN,5.295,4.75,NaN,NaN,3.25,NaN,NaN,0.25,NaN,NaN
07-Nov-2006,5.22,NaN,5.295,4.75,NaN,NaN,3.25,NaN,NaN,0.25,NaN,NaN
08-Nov-2006,5.22,NaN,5.2,4.75,NaN,NaN,3.25,NaN,NaN,0.25,NaN,NaN
09-Nov-2006,5.23,NaN,5.2,5,NaN,NaN,3.25,NaN,NaN,0.25,NaN,NaN
10-Nov-2006,5.23,NaN,5.2,5,NaN,NaN,3.25,NaN,NaN,0.25,NaN,NaN
13-Nov-2006,5.27,NaN,5.2,5,NaN,NaN,3.25,NaN,NaN,0.25,NaN,NaN
14-Nov-2006,5.25,NaN,5.24,5,NaN,NaN,3.25,NaN,NaN,0.25,NaN,NaN
15-Nov-2006,5.29,NaN,5.255,5,NaN,NaN,3.25,NaN,NaN,0.25,NaN,NaN
16-Nov-2006,5.25,NaN,5.255,5,NaN,NaN,3.25,NaN,NaN,0.25,NaN,NaN
17-Nov-2006,5.2,NaN,5.255,5,NaN,NaN,3.25,NaN,NaN,0.25,NaN,NaN
20-Nov-2006,5.25,NaN,5.255,5,NaN,NaN,3.25,NaN,NaN,0.25,NaN,NaN
21-Nov-2006,5.29,NaN,5.175,5,NaN,NaN,3.25,NaN,NaN,0.25,NaN,NaN
22-Nov-2006,5.26,NaN,5.175,5,NaN,NaN,3.25,NaN,NaN,0.25,NaN,NaN
23-Nov-2006,5.26,NaN,5.175,5,NaN,NaN,3.25,NaN,NaN,0.25,NaN,NaN
24-Nov-2006,5.24,NaN,5.175,5,NaN,NaN,3.25,NaN,NaN,0.25,NaN,NaN
27-Nov-2006,5.32,NaN,5.24,5,NaN,NaN,3.25,NaN,NaN,0.25,NaN,NaN
28-Nov-2006,5.24,NaN,5.24,5,NaN,NaN,3.25,NaN,NaN,0.25,NaN,NaN
29-Nov-2006,5.26,NaN,5.24,5,NaN,NaN,3.25,NaN,NaN,0.25,NaN,NaN
30-Nov-2006,5.31,NaN,5.24,5,NaN,NaN,3.25,NaN,NaN,0.25,NaN,NaN
01-Dec-2006,5.27,NaN,5.24,5,NaN,NaN,3.25,NaN,NaN,0.25,NaN,NaN
04-Dec-2006,5.22,NaN,5.24,5,NaN,NaN,3.25,NaN,NaN,0.25,NaN,NaN
05-Dec-2006,5.21,NaN,5.24,5,NaN,NaN,3.25,NaN,NaN,0.25,NaN,NaN
06-Dec-2006,5.22,NaN,5.24,5,NaN,NaN,3.25,NaN,NaN,0.25,NaN,NaN
07-Dec-2006,5.25,NaN,5.24,5,NaN,NaN,3.5,NaN,NaN,0.25,NaN,NaN
08-Dec-2006,5.25,NaN,5.24,5,NaN,NaN,3.5,NaN,NaN,0.25,NaN,NaN
11-Dec-2006,5.25,NaN,5.24,5,NaN,NaN,3.5,NaN,NaN,0.25,NaN,NaN
12-Dec-2006,5.23,NaN,5.24,5,NaN,NaN,3.5,NaN,NaN,0.25,NaN,NaN
13-Dec-2006,5.23,NaN,5.24,5,NaN,NaN,3.5,NaN,NaN,0.25,NaN,NaN
14-Dec-2006,5.29,NaN,5.24,5,NaN,NaN,3.5,NaN,NaN,0.25,NaN,NaN
15-Dec-2006,5.27,NaN,5.24,5,NaN,NaN,3.5,NaN,NaN,0.25,NaN,NaN
18-Dec-2006,5.21,NaN,5.24,5,NaN,NaN,3.5,NaN,NaN,0.25,NaN,NaN
19-Dec-2006,5.21,NaN,5.24,5,NaN,NaN,3.5,NaN,NaN,0.25,NaN,NaN
20-Dec-2006,5.26,NaN,5.24,5,NaN,NaN,3.5,NaN,NaN,0.25,NaN,NaN
21-Dec-2006,5.25,NaN,5.24,5,NaN,NaN,3.5,NaN,NaN,0.25,NaN,NaN
22-Dec-2006,5.24,NaN,5.24,5,NaN,NaN,3.5,NaN,NaN,0.25,NaN,NaN
25-Dec-2006,5.24,NaN,5.24,5,NaN,NaN,3.5,NaN,NaN,0.25,NaN,NaN
26-Dec-2006,5.29,NaN,5.24,5,NaN,NaN,3.5,NaN,NaN,0.25,NaN,NaN
27-Dec-2006,5.17,NaN,5.23,5,NaN,NaN,3.5,NaN,NaN,0.25,NaN,NaN
28-Dec-2006,5.25,NaN,5.14,5,NaN,NaN,3.5,NaN,NaN,0.25,NaN,NaN
29-Dec-2006,5.17,NaN,4.85,5,NaN,NaN,3.5,NaN,NaN,0.25,NaN,NaN
01-Jan-2007,5.17,NaN,4.85,5,NaN,NaN,3.5,NaN,NaN,0.25,NaN,NaN
02-Jan-2007,5.3,NaN,5.28,5,NaN,NaN,3.5,NaN,NaN,0.25,NaN,NaN
03-Jan-2007,5.28,NaN,5.28,5,NaN,NaN,3.5,NaN,NaN,0.25,NaN,NaN
04-Jan-2007,5.24,NaN,5.215,5,NaN,NaN,3.5,NaN,NaN,0.25,NaN,NaN
05-Jan-2007,5.21,NaN,5.215,5,NaN,NaN,3.5,NaN,NaN,0.25,NaN,NaN
08-Jan-2007,5.23,NaN,5.215,5,NaN,NaN,3.5,NaN,NaN,0.25,NaN,NaN
09-Jan-2007,5.25,NaN,5.215,5,NaN,NaN,3.5,NaN,NaN,0.25,NaN,NaN
10-Jan-2007,5.26,NaN,5.215,5,NaN,NaN,3.5,NaN,NaN,0.25,NaN,NaN
11-Jan-2007,5.27,NaN,5.215,5.25,NaN,NaN,3.5,NaN,NaN,0.25,NaN,NaN
12-Jan-2007,5.22,NaN,5.215,5.25,NaN,NaN,3.5,NaN,NaN,0.25,NaN,NaN
15-Jan-2007,5.22,NaN,5.215,5.25,NaN,NaN,3.5,NaN,NaN,0.25,NaN,NaN
16-Jan-2007,5.28,NaN,5.215,5.25,NaN,NaN,3.5,NaN,NaN,0.25,NaN,NaN
17-Jan-2007,5.25,NaN,5.215,5.25,NaN,NaN,3.5,NaN,NaN,0.25,NaN,NaN
18-Jan-2007,5.23,NaN,5.215,5.25,NaN,NaN,3.5,NaN,NaN,0.25,NaN,NaN
19-Jan-2007,5.25,NaN,5.215,5.25,NaN,NaN,3.5,NaN,NaN,0.25,NaN,NaN
22-Jan-2007,5.24,NaN,5.215,5.25,NaN,NaN,3.5,NaN,NaN,0.25,NaN,NaN
23-Jan-2007,5.26,NaN,5.215,5.25,NaN,NaN,3.5,NaN,NaN,0.25,NaN,NaN
24-Jan-2007,5.27,NaN,5.215,5.25,NaN,NaN,3.5,NaN,NaN,0.25,NaN,NaN
25-Jan-2007,5.31,NaN,5.215,5.25,NaN,NaN,3.5,NaN,NaN,0.25,NaN,NaN
26-Jan-2007,5.26,NaN,5.245,5.25,NaN,NaN,3.5,NaN,NaN,0.25,NaN,NaN
29-Jan-2007,5.26,NaN,5.245,5.25,NaN,NaN,3.5,NaN,NaN,0.25,NaN,NaN
30-Jan-2007,5.23,NaN,5.245,5.25,NaN,NaN,3.5,NaN,NaN,0.25,NaN,NaN
31-Jan-2007,5.33,NaN,5.245,5.25,NaN,NaN,3.5,NaN,NaN,0.25,NaN,NaN
01-Feb-2007,5.29,NaN,5.245,5.25,NaN,NaN,3.5,NaN,NaN,0.25,NaN,NaN
02-Feb-2007,5.24,NaN,5.245,5.25,NaN,NaN,3.5,NaN,NaN,0.25,NaN,NaN
05-Feb-2007,5.25,NaN,5.245,5.25,NaN,NaN,3.5,NaN,NaN,0.25,NaN,NaN
06-Feb-2007,5.24,NaN,5.245,5.25,NaN,NaN,3.5,NaN,NaN,0.25,NaN,NaN
07-Feb-2007,5.23,NaN,5.2,5.25,NaN,NaN,3.5,NaN,NaN,0.25,NaN,NaN
08-Feb-2007,5.25,NaN,5.24,5.25,NaN,NaN,3.5,NaN,NaN,0.25,NaN,NaN
09-Feb-2007,5.25,NaN,5.24,5.25,NaN,NaN,3.5,NaN,NaN,0.25,NaN,NaN
12-Feb-2007,5.28,NaN,5.23,5.25,NaN,NaN,3.5,NaN,NaN,0.25,NaN,NaN
13-Feb-2007,5.26,NaN,5.23,5.25,NaN,NaN,3.5,NaN,NaN,0.25,NaN,NaN
14-Feb-2007,5.27,NaN,5.23,5.25,NaN,NaN,3.5,NaN,NaN,0.25,NaN,NaN
15-Feb-2007,5.29,NaN,5.23,5.25,NaN,NaN,3.5,NaN,NaN,0.25,NaN,NaN
16-Feb-2007,5.24,NaN,5.23,5.25,NaN,NaN,3.5,NaN,NaN,0.25,NaN,NaN
19-Feb-2007,5.24,NaN,5.23,5.25,NaN,NaN,3.5,NaN,NaN,0.25,NaN,NaN
20-Feb-2007,5.27,NaN,5.23,5.25,NaN,NaN,3.5,NaN,NaN,0.25,NaN,NaN
21-Feb-2007,5.23,NaN,5.23,5.25,NaN,NaN,3.5,NaN,NaN,0.5,NaN,NaN
22-Feb-2007,5.26,NaN,5.23,5.25,NaN,NaN,3.5,NaN,NaN,0.5,NaN,NaN
23-Feb-2007,5.24,NaN,5.2,5.25,NaN,NaN,3.5,NaN,NaN,0.5,NaN,NaN
26-Feb-2007,5.3,NaN,5.2,5.25,NaN,NaN,3.5,NaN,NaN,0.5,NaN,NaN
27-Feb-2007,5.27,NaN,5.2,5.25,NaN,NaN,3.5,NaN,NaN,0.5,NaN,NaN
28-Feb-2007,5.41,NaN,5.2,5.25,NaN,NaN,3.5,NaN,NaN,0.5,NaN,NaN
01-Mar-2007,5.31,NaN,5.2,5.25,NaN,NaN,3.5,NaN,NaN,0.5,NaN,NaN
02-Mar-2007,5.23,NaN,5.2,5.25,NaN,NaN,3.5,NaN,NaN,0.5,NaN,NaN
05-Mar-2007,5.27,NaN,5.2,5.25,NaN,NaN,3.5,NaN,NaN,0.5,NaN,NaN
06-Mar-2007,5.22,NaN,5.2,5.25,NaN,NaN,3.5,NaN,NaN,0.5,NaN,NaN
07-Mar-2007,5.24,NaN,5.2,5.25,NaN,NaN,3.5,NaN,NaN,0.5,NaN,NaN
08-Mar-2007,5.24,NaN,5.2,5.25,NaN,NaN,3.75,NaN,NaN,0.5,NaN,NaN
09-Mar-2007,5.24,NaN,5.2,5.25,NaN,NaN,3.75,NaN,NaN,0.5,NaN,NaN
12-Mar-2007,5.25,NaN,5.2,5.25,NaN,NaN,3.75,NaN,NaN,0.5,NaN,NaN
13-Mar-2007,5.25,NaN,5.2,5.25,NaN,NaN,3.75,NaN,NaN,0.5,NaN,NaN
14-Mar-2007,5.27,NaN,5.2,5.25,NaN,NaN,3.75,NaN,NaN,0.5,NaN,NaN
15-Mar-2007,5.29,NaN,5.2,5.25,NaN,NaN,3.75,NaN,NaN,0.5,NaN,NaN
16-Mar-2007,5.25,NaN,5.2,5.25,NaN,NaN,3.75,NaN,NaN,0.5,NaN,NaN
19-Mar-2007,5.26,NaN,5.2,5.25,NaN,NaN,3.75,NaN,NaN,0.5,NaN,NaN
20-Mar-2007,5.26,NaN,5.2,5.25,NaN,NaN,3.75,NaN,NaN,0.5,NaN,NaN
21-Mar-2007,5.26,NaN,5.2,5.25,NaN,NaN,3.75,NaN,NaN,0.5,NaN,NaN
22-Mar-2007,5.27,NaN,5.2,5.25,NaN,NaN,3.75,NaN,NaN,0.5,NaN,NaN
23-Mar-2007,5.24,NaN,5.23,5.25,NaN,NaN,3.75,NaN,NaN,0.5,NaN,NaN
26-Mar-2007,5.28,NaN,5.225,5.25,NaN,NaN,3.75,NaN,NaN,0.5,NaN,NaN
27-Mar-2007,5.25,NaN,5.225,5.25,NaN,NaN,3.75,NaN,NaN,0.5,NaN,NaN
28-Mar-2007,5.27,NaN,5.235,5.25,NaN,NaN,3.75,NaN,NaN,0.5,NaN,NaN
29-Mar-2007,5.29,NaN,5.255,5.25,NaN,NaN,3.75,NaN,NaN,0.5,NaN,NaN
30-Mar-2007,5.3,NaN,5.255,5.25,NaN,NaN,3.75,NaN,NaN,0.5,NaN,NaN
02-Apr-2007,5.25,NaN,5.255,5.25,NaN,NaN,3.75,NaN,NaN,0.5,NaN,NaN
03-Apr-2007,5.2,NaN,5.275,5.25,NaN,NaN,3.75,NaN,NaN,0.5,NaN,NaN
04-Apr-2007,5.21,NaN,5.245,5.25,NaN,NaN,3.75,NaN,NaN,0.5,NaN,NaN
05-Apr-2007,5.3,NaN,5.235,5.25,NaN,NaN,3.75,NaN,NaN,0.5,NaN,NaN
06-Apr-2007,5.3,NaN,5.235,5.25,NaN,NaN,3.75,NaN,NaN,0.5,NaN,NaN
09-Apr-2007,5.28,NaN,5.255,5.25,NaN,NaN,3.75,NaN,NaN,0.5,NaN,NaN
10-Apr-2007,5.26,NaN,5.255,5.25,NaN,NaN,3.75,NaN,NaN,0.5,NaN,NaN
11-Apr-2007,5.24,NaN,5.245,5.25,NaN,NaN,3.75,NaN,NaN,0.5,NaN,NaN
12-Apr-2007,5.27,NaN,5.235,5.25,NaN,NaN,3.75,NaN,NaN,0.5,NaN,NaN
13-Apr-2007,5.25,NaN,5.235,5.25,NaN,NaN,3.75,NaN,NaN,0.5,NaN,NaN
16-Apr-2007,5.29,NaN,5.13,5.25,NaN,NaN,3.75,NaN,NaN,0.5,NaN,NaN
17-Apr-2007,5.2,NaN,5.235,5.25,NaN,NaN,3.75,NaN,NaN,0.5,NaN,NaN
18-Apr-2007,5.19,NaN,5.235,5.25,NaN,NaN,3.75,NaN,NaN,0.5,NaN,NaN
19-Apr-2007,5.23,NaN,5.155,5.25,NaN,NaN,3.75,NaN,NaN,0.5,NaN,NaN
20-Apr-2007,5.25,NaN,5.155,5.25,NaN,NaN,3.75,NaN,NaN,0.5,NaN,NaN
23-Apr-2007,5.23,NaN,5.195,5.25,NaN,NaN,3.75,NaN,NaN,0.5,NaN,NaN
24-Apr-2007,5.2,NaN,5.195,5.25,NaN,NaN,3.75,NaN,NaN,0.5,NaN,NaN
25-Apr-2007,5.19,NaN,5.195,5.25,NaN,NaN,3.75,NaN,NaN,0.5,NaN,NaN
26-Apr-2007,5.24,NaN,5.145,5.25,NaN,NaN,3.75,NaN,NaN,0.5,NaN,NaN
27-Apr-2007,5.24,NaN,5.145,5.25,NaN,NaN,3.75,NaN,NaN,0.5,NaN,NaN
30-Apr-2007,5.29,NaN,5.115,5.25,NaN,NaN,3.75,NaN,NaN,0.5,NaN,NaN
01-May-2007,5.26,NaN,5.075,5.25,NaN,NaN,3.75,NaN,NaN,0.5,NaN,NaN
02-May-2007,5.21,NaN,5.095,5.25,NaN,NaN,3.75,NaN,NaN,0.5,NaN,NaN
03-May-2007,5.24,NaN,5.11,5.25,NaN,NaN,3.75,NaN,NaN,0.5,NaN,NaN
04-May-2007,5.24,NaN,5.125,5.25,NaN,NaN,3.75,NaN,NaN,0.5,NaN,NaN
07-May-2007,5.24,NaN,5.12,5.25,NaN,NaN,3.75,NaN,NaN,0.5,NaN,NaN
08-May-2007,5.21,NaN,5.12,5.25,NaN,NaN,3.75,NaN,NaN,0.5,NaN,NaN
09-May-2007,5.21,NaN,5.105,5.25,NaN,NaN,3.75,NaN,NaN,0.5,NaN,NaN
10-May-2007,5.25,NaN,5.115,5.5,NaN,NaN,3.75,NaN,NaN,0.5,NaN,NaN
11-May-2007,5.27,NaN,5.095,5.5,NaN,NaN,3.75,NaN,NaN,0.5,NaN,NaN
14-May-2007,5.26,NaN,5.12,5.5,NaN,NaN,3.75,NaN,NaN,0.5,NaN,NaN
15-May-2007,5.29,NaN,5.155,5.5,NaN,NaN,3.75,NaN,NaN,0.5,NaN,NaN
16-May-2007,5.25,NaN,5.155,5.5,NaN,NaN,3.75,NaN,NaN,0.5,NaN,NaN
17-May-2007,5.25,NaN,5.135,5.5,NaN,NaN,3.75,NaN,NaN,0.5,NaN,NaN
18-May-2007,5.24,NaN,5.135,5.5,NaN,NaN,3.75,NaN,NaN,0.5,NaN,NaN
21-May-2007,5.24,NaN,5.135,5.5,NaN,NaN,3.75,NaN,NaN,0.5,NaN,NaN
22-May-2007,5.23,NaN,5.115,5.5,NaN,NaN,3.75,NaN,NaN,0.5,NaN,NaN
23-May-2007,5.25,NaN,5.1,5.5,NaN,NaN,3.75,NaN,NaN,0.5,NaN,NaN
24-May-2007,5.24,NaN,5.13,5.5,NaN,NaN,3.75,NaN,NaN,0.5,NaN,NaN
25-May-2007,5.29,NaN,5.12,5.5,NaN,NaN,3.75,NaN,NaN,0.5,NaN,NaN
28-May-2007,5.29,NaN,5.12,5.5,NaN,NaN,3.75,NaN,NaN,0.5,NaN,NaN
29-May-2007,5.29,NaN,5.14,5.5,NaN,NaN,3.75,NaN,NaN,0.5,NaN,NaN
30-May-2007,5.25,NaN,5.12,5.5,NaN,NaN,3.75,NaN,NaN,0.5,NaN,NaN
31-May-2007,5.28,NaN,5.12,5.5,NaN,NaN,3.75,NaN,NaN,0.5,NaN,NaN
01-Jun-2007,5.23,NaN,5.12,5.5,NaN,NaN,3.75,NaN,NaN,0.5,NaN,NaN
04-Jun-2007,5.24,NaN,5.12,5.5,NaN,NaN,3.75,NaN,NaN,0.5,NaN,NaN
05-Jun-2007,5.19,NaN,5.12,5.5,NaN,NaN,3.75,NaN,NaN,0.5,NaN,NaN
06-Jun-2007,5.25,NaN,5.12,5.5,NaN,NaN,4,NaN,NaN,0.5,NaN,NaN
07-Jun-2007,5.25,NaN,5.135,5.5,NaN,NaN,4,NaN,NaN,0.5,NaN,NaN
08-Jun-2007,5.26,NaN,5.135,5.5,NaN,NaN,4,NaN,NaN,0.5,NaN,NaN
11-Jun-2007,5.27,NaN,5.135,5.5,NaN,NaN,4,NaN,NaN,0.5,NaN,NaN
12-Jun-2007,5.26,NaN,5.16,5.5,NaN,NaN,4,NaN,NaN,0.5,NaN,NaN
13-Jun-2007,5.26,NaN,5.2,5.5,NaN,NaN,4,NaN,NaN,0.5,NaN,NaN
14-Jun-2007,5.28,NaN,5.2,5.5,NaN,NaN,4,NaN,NaN,0.5,NaN,NaN
15-Jun-2007,5.26,NaN,5.115,5.5,NaN,NaN,4,NaN,NaN,0.5,NaN,NaN
18-Jun-2007,5.23,NaN,5.115,5.5,NaN,NaN,4,NaN,NaN,0.5,NaN,NaN
19-Jun-2007,5.21,NaN,5.115,5.5,NaN,NaN,4,NaN,NaN,0.5,NaN,NaN
20-Jun-2007,5.27,NaN,5.47,5.5,NaN,NaN,4,NaN,NaN,0.5,NaN,NaN
21-Jun-2007,5.26,NaN,5.06,5.5,NaN,NaN,4,NaN,NaN,0.5,NaN,NaN
22-Jun-2007,5.24,NaN,4.98,5.5,NaN,NaN,4,NaN,NaN,0.5,NaN,NaN
25-Jun-2007,5.29,NaN,5.005,5.5,NaN,NaN,4,NaN,NaN,0.5,NaN,NaN
26-Jun-2007,5.25,NaN,5.005,5.5,NaN,NaN,4,NaN,NaN,0.5,NaN,NaN
27-Jun-2007,5.26,NaN,5.13,5.5,NaN,NaN,4,NaN,NaN,0.5,NaN,NaN
28-Jun-2007,5.26,NaN,5.04,5.5,NaN,NaN,4,NaN,NaN,0.5,NaN,NaN
29-Jun-2007,5.31,NaN,5.04,5.5,NaN,NaN,4,NaN,NaN,0.5,NaN,NaN
02-Jul-2007,5.31,NaN,5.04,5.5,NaN,NaN,4,NaN,NaN,0.5,NaN,NaN
03-Jul-2007,5.24,NaN,5.055,5.5,NaN,NaN,4,NaN,NaN,0.5,NaN,NaN
04-Jul-2007,5.24,NaN,5.055,5.5,NaN,NaN,4,NaN,NaN,0.5,NaN,NaN
05-Jul-2007,5.25,NaN,5.055,5.75,NaN,NaN,4,NaN,NaN,0.5,NaN,NaN
06-Jul-2007,5.22,NaN,5.055,5.75,NaN,NaN,4,NaN,NaN,0.5,NaN,NaN
09-Jul-2007,5.22,NaN,5.09,5.75,NaN,NaN,4,NaN,NaN,0.5,NaN,NaN
10-Jul-2007,5.24,NaN,5.105,5.75,NaN,NaN,4,NaN,NaN,0.5,NaN,NaN
11-Jul-2007,5.24,NaN,5.11,5.75,NaN,NaN,4,NaN,NaN,0.5,NaN,NaN
12-Jul-2007,5.26,NaN,5.15,5.75,NaN,NaN,4,NaN,NaN,0.5,NaN,NaN
13-Jul-2007,5.25,NaN,5.15,5.75,NaN,NaN,4,NaN,NaN,0.5,NaN,NaN
16-Jul-2007,5.32,NaN,5.175,5.75,NaN,NaN,4,NaN,NaN,0.5,NaN,NaN
17-Jul-2007,5.28,NaN,5.11,5.75,NaN,NaN,4,NaN,NaN,0.5,NaN,NaN
18-Jul-2007,5.26,NaN,5.095,5.75,NaN,NaN,4,NaN,NaN,0.5,NaN,NaN
19-Jul-2007,5.25,NaN,5.115,5.75,NaN,NaN,4,NaN,NaN,0.5,NaN,NaN
20-Jul-2007,5.25,NaN,5.115,5.75,NaN,NaN,4,NaN,NaN,0.5,NaN,NaN
23-Jul-2007,5.26,NaN,5.145,5.75,NaN,NaN,4,NaN,NaN,0.5,NaN,NaN
24-Jul-2007,5.25,NaN,5.155,5.75,NaN,NaN,4,NaN,NaN,0.5,NaN,NaN
25-Jul-2007,5.32,NaN,5.155,5.75,NaN,NaN,4,NaN,NaN,0.5,NaN,NaN
26-Jul-2007,5.28,NaN,5.195,5.75,NaN,NaN,4,NaN,NaN,0.5,NaN,NaN
27-Jul-2007,5.25,NaN,5.17,5.75,NaN,NaN,4,NaN,NaN,0.5,NaN,NaN
30-Jul-2007,5.29,NaN,5.19,5.75,NaN,NaN,4,NaN,NaN,0.5,NaN,NaN
31-Jul-2007,5.28,NaN,5.135,5.75,NaN,NaN,4,NaN,NaN,0.5,NaN,NaN
01-Aug-2007,5.3,NaN,5.135,5.75,NaN,NaN,4,NaN,NaN,0.5,NaN,NaN
02-Aug-2007,5.24,NaN,5.165,5.75,NaN,NaN,4,NaN,NaN,0.5,NaN,NaN
03-Aug-2007,5.24,NaN,5.18,5.75,NaN,NaN,4,NaN,NaN,0.5,NaN,NaN
06-Aug-2007,5.26,NaN,5.175,5.75,NaN,NaN,4,NaN,NaN,0.5,NaN,NaN
07-Aug-2007,5.26,NaN,5.175,5.75,NaN,NaN,4,NaN,NaN,0.5,NaN,NaN
08-Aug-2007,5.27,NaN,5.17,5.75,NaN,NaN,4,NaN,NaN,0.5,NaN,NaN
09-Aug-2007,5.41,NaN,5.17,5.75,NaN,NaN,4,NaN,NaN,0.5,NaN,NaN
10-Aug-2007,4.68,NaN,5.17,5.75,NaN,NaN,4,NaN,NaN,0.5,NaN,NaN
13-Aug-2007,4.81,NaN,5.085,5.75,NaN,NaN,4,NaN,NaN,0.5,NaN,NaN
14-Aug-2007,4.54,NaN,5.085,5.75,NaN,NaN,4,NaN,NaN,0.5,NaN,NaN
15-Aug-2007,4.71,NaN,5.085,5.75,NaN,NaN,4,NaN,NaN,0.5,NaN,NaN
16-Aug-2007,4.97,NaN,5.085,5.75,NaN,NaN,4,NaN,NaN,0.5,NaN,NaN
17-Aug-2007,4.91,NaN,5.085,5.75,NaN,NaN,4,NaN,NaN,0.5,NaN,NaN
20-Aug-2007,5.03,NaN,5.085,5.75,NaN,NaN,4,NaN,NaN,0.5,NaN,NaN
21-Aug-2007,4.89,NaN,5.085,5.75,NaN,NaN,4,NaN,NaN,0.5,NaN,NaN
22-Aug-2007,4.77,NaN,5.085,5.75,NaN,NaN,4,NaN,NaN,0.5,NaN,NaN
23-Aug-2007,4.88,NaN,2.75,5.75,NaN,NaN,4,NaN,NaN,0.5,NaN,NaN
24-Aug-2007,5.11,NaN,2.75,5.75,NaN,NaN,4,NaN,NaN,0.5,NaN,NaN
27-Aug-2007,5.27,NaN,2.75,5.75,NaN,NaN,4,NaN,NaN,0.5,NaN,NaN
28-Aug-2007,5.3,NaN,5.205,5.75,NaN,NaN,4,NaN,NaN,0.5,NaN,NaN
29-Aug-2007,5,NaN,5.25,5.75,NaN,NaN,4,NaN,NaN,0.5,NaN,NaN
30-Aug-2007,5,NaN,5.175,5.75,NaN,NaN,4,NaN,NaN,0.5,NaN,NaN
31-Aug-2007,4.96,NaN,5.175,5.75,NaN,NaN,4,NaN,NaN,0.5,NaN,NaN
03-Sep-2007,4.96,NaN,5.175,5.75,NaN,NaN,4,NaN,NaN,0.5,NaN,NaN
04-Sep-2007,5.22,NaN,5.225,5.75,NaN,NaN,4,NaN,NaN,0.5,NaN,NaN
05-Sep-2007,5.18,NaN,5.195,5.75,NaN,NaN,4,NaN,NaN,0.5,NaN,NaN
06-Sep-2007,4.98,NaN,5.18,5.75,NaN,NaN,4,NaN,NaN,0.5,NaN,NaN
07-Sep-2007,4.86,NaN,5.075,5.75,NaN,NaN,4,NaN,NaN,0.5,NaN,NaN
10-Sep-2007,5.07,NaN,4.975,5.75,NaN,NaN,4,NaN,NaN,0.5,NaN,NaN
11-Sep-2007,5.06,NaN,4.9,5.75,NaN,NaN,4,NaN,NaN,0.5,NaN,NaN
12-Sep-2007,5.18,NaN,4.9,5.75,NaN,NaN,4,NaN,NaN,0.5,NaN,NaN
13-Sep-2007,5.09,NaN,4.855,5.75,NaN,NaN,4,NaN,NaN,0.5,NaN,NaN
14-Sep-2007,5.25,NaN,5.075,5.75,NaN,NaN,4,NaN,NaN,0.5,NaN,NaN
17-Sep-2007,5.33,NaN,5.205,5.75,NaN,NaN,4,NaN,NaN,0.5,NaN,NaN
18-Sep-2007,4.92,NaN,5.205,5.75,NaN,NaN,4,NaN,NaN,0.5,NaN,NaN
19-Sep-2007,4.74,NaN,4.7,5.75,NaN,NaN,4,NaN,NaN,0.5,NaN,NaN
20-Sep-2007,4.77,NaN,4.6,5.75,NaN,NaN,4,NaN,NaN,0.5,NaN,NaN
21-Sep-2007,4.76,NaN,4.6,5.75,NaN,NaN,4,NaN,NaN,0.5,NaN,NaN
24-Sep-2007,4.74,NaN,4.62,5.75,NaN,NaN,4,NaN,NaN,0.5,NaN,NaN
25-Sep-2007,4.82,NaN,4.62,5.75,NaN,NaN,4,NaN,NaN,0.5,NaN,NaN
26-Sep-2007,4.88,NaN,4.645,5.75,NaN,NaN,4,NaN,NaN,0.5,NaN,NaN
27-Sep-2007,4.93,NaN,4.71,5.75,NaN,NaN,4,NaN,NaN,0.5,NaN,NaN
28-Sep-2007,4.58,NaN,4.71,5.75,NaN,NaN,4,NaN,NaN,0.5,NaN,NaN
01-Oct-2007,4.92,NaN,4.68,5.75,NaN,NaN,4,NaN,NaN,0.5,NaN,NaN
02-Oct-2007,4.78,NaN,4.875,5.75,NaN,NaN,4,NaN,NaN,0.5,NaN,NaN
03-Oct-2007,4.68,NaN,4.775,5.75,NaN,NaN,4,NaN,NaN,0.5,NaN,NaN
04-Oct-2007,4.74,NaN,4.73,5.75,NaN,NaN,4,NaN,NaN,0.5,NaN,NaN
05-Oct-2007,4.77,NaN,4.7,5.75,NaN,NaN,4,NaN,NaN,0.5,NaN,NaN
08-Oct-2007,4.77,NaN,4.7,5.75,NaN,NaN,4,NaN,NaN,0.5,NaN,NaN
09-Oct-2007,4.91,NaN,4.75,5.75,NaN,NaN,4,NaN,NaN,0.5,NaN,NaN
10-Oct-2007,4.52,NaN,4.79,5.75,NaN,NaN,4,NaN,NaN,0.5,NaN,NaN
11-Oct-2007,4.75,NaN,4.745,5.75,NaN,NaN,4,NaN,NaN,0.5,NaN,NaN
12-Oct-2007,4.75,NaN,4.745,5.75,NaN,NaN,4,NaN,NaN,0.5,NaN,NaN
15-Oct-2007,4.81,NaN,4.81,5.75,NaN,NaN,4,NaN,NaN,0.5,NaN,NaN
16-Oct-2007,4.68,NaN,4.71,5.75,NaN,NaN,4,NaN,NaN,0.5,NaN,NaN
17-Oct-2007,4.7,NaN,4.645,5.75,NaN,NaN,4,NaN,NaN,0.5,NaN,NaN
18-Oct-2007,4.69,NaN,4.15,5.75,NaN,NaN,4,NaN,NaN,0.5,NaN,NaN
19-Oct-2007,4.77,NaN,4.59,5.75,NaN,NaN,4,NaN,NaN,0.5,NaN,NaN
22-Oct-2007,4.71,NaN,4.645,5.75,NaN,NaN,4,NaN,NaN,0.5,NaN,NaN
23-Oct-2007,4.67,NaN,4.65,5.75,NaN,NaN,4,NaN,NaN,0.5,NaN,NaN
24-Oct-2007,4.74,NaN,4.56,5.75,NaN,NaN,4,NaN,NaN,0.5,NaN,NaN
25-Oct-2007,4.86,NaN,4.515,5.75,NaN,NaN,4,NaN,NaN,0.5,NaN,NaN
26-Oct-2007,4.8,NaN,4.515,5.75,NaN,NaN,4,NaN,NaN,0.5,NaN,NaN
29-Oct-2007,4.84,NaN,4.72,5.75,NaN,NaN,4,NaN,NaN,0.5,NaN,0.524
30-Oct-2007,4.78,NaN,4.72,5.75,NaN,NaN,4,NaN,NaN,0.5,NaN,0.52
31-Oct-2007,4.6,NaN,4.545,5.75,NaN,NaN,4,NaN,NaN,0.5,NaN,0.563
01-Nov-2007,4.59,NaN,4.45,5.75,NaN,NaN,4,NaN,NaN,0.5,NaN,0.529
02-Nov-2007,4.28,NaN,4.485,5.75,NaN,NaN,4,NaN,NaN,0.5,NaN,0.525
05-Nov-2007,4.29,NaN,4.49,5.75,NaN,NaN,4,NaN,NaN,0.5,NaN,0.521
06-Nov-2007,4.22,NaN,4.4025,5.75,NaN,NaN,4,NaN,NaN,0.5,NaN,0.515
07-Nov-2007,4.39,NaN,4.25,5.75,NaN,NaN,4,NaN,NaN,0.5,NaN,0.515
08-Nov-2007,4.58,NaN,4.335,5.75,NaN,NaN,4,NaN,NaN,0.5,NaN,0.511
09-Nov-2007,4.49,NaN,4.335,5.75,NaN,NaN,4,NaN,NaN,0.5,NaN,0.511
12-Nov-2007,4.49,NaN,4.335,5.75,NaN,NaN,4,NaN,NaN,0.5,NaN,0.521
13-Nov-2007,4.61,NaN,4.3,5.75,NaN,NaN,4,NaN,NaN,0.5,NaN,0.523
14-Nov-2007,4.6,NaN,4.24,5.75,NaN,NaN,4,NaN,NaN,0.5,NaN,0.524
15-Nov-2007,4.54,NaN,4.24,5.75,NaN,NaN,4,NaN,NaN,0.5,NaN,0.531
16-Nov-2007,4.51,NaN,4.24,5.75,NaN,NaN,4,NaN,NaN,0.5,NaN,0.511
19-Nov-2007,4.51,NaN,4.24,5.75,NaN,NaN,4,NaN,NaN,0.5,NaN,0.511
20-Nov-2007,4.51,NaN,4.24,5.75,NaN,NaN,4,NaN,NaN,0.5,NaN,0.507
21-Nov-2007,4.5,NaN,4.24,5.75,NaN,NaN,4,NaN,NaN,0.5,NaN,0.514
22-Nov-2007,4.5,NaN,4.24,5.75,NaN,NaN,4,NaN,NaN,0.5,NaN,0.514
23-Nov-2007,4.56,NaN,4.24,5.75,NaN,NaN,4,NaN,NaN,0.5,NaN,0.514
26-Nov-2007,4.62,NaN,4.24,5.75,NaN,NaN,4,NaN,NaN,0.5,NaN,0.521
27-Nov-2007,4.39,NaN,4.11,5.75,NaN,NaN,4,NaN,NaN,0.5,NaN,0.52
28-Nov-2007,4.53,NaN,3.9,5.75,NaN,NaN,4,NaN,NaN,0.5,NaN,0.521
29-Nov-2007,4.55,NaN,3.15,5.75,NaN,NaN,4,NaN,NaN,0.5,NaN,0.519
30-Nov-2007,4.66,NaN,3.15,5.75,NaN,NaN,4,NaN,NaN,0.5,NaN,0.557
03-Dec-2007,4.52,NaN,4.625,5.75,NaN,NaN,4,NaN,NaN,0.5,NaN,0.549
04-Dec-2007,4.5,NaN,4.625,5.75,NaN,NaN,4,NaN,NaN,0.5,NaN,0.524
05-Dec-2007,4.31,NaN,4.5,5.75,NaN,NaN,4,NaN,NaN,0.5,NaN,0.514
06-Dec-2007,4.49,NaN,4.435,5.5,NaN,NaN,4,NaN,NaN,0.5,NaN,0.513
07-Dec-2007,4.41,NaN,4.38,5.5,NaN,NaN,4,NaN,NaN,0.5,NaN,0.519
10-Dec-2007,4.46,NaN,4.255,5.5,NaN,NaN,4,NaN,NaN,0.5,NaN,0.541
11-Dec-2007,4.29,NaN,4.125,5.5,NaN,NaN,4,NaN,NaN,0.5,NaN,0.525
12-Dec-2007,4.28,NaN,4.125,5.5,NaN,NaN,4,NaN,NaN,0.5,NaN,0.517
13-Dec-2007,4.3,NaN,4.125,5.5,NaN,NaN,4,NaN,NaN,0.5,NaN,0.517
14-Dec-2007,4.24,NaN,4.125,5.5,NaN,NaN,4,NaN,NaN,0.5,NaN,0.538
17-Dec-2007,4.31,NaN,3.925,5.5,NaN,NaN,4,NaN,NaN,0.5,NaN,0.547
18-Dec-2007,4.16,NaN,3.2,5.5,NaN,NaN,4,NaN,NaN,0.5,NaN,0.544
19-Dec-2007,3.98,NaN,3.335,5.5,NaN,NaN,4,NaN,NaN,0.5,NaN,0.525
20-Dec-2007,4.37,NaN,3.05,5.5,NaN,NaN,4,NaN,NaN,0.5,NaN,0.552
21-Dec-2007,4.28,NaN,3.85,5.5,NaN,NaN,4,NaN,NaN,0.5,NaN,0.568
24-Dec-2007,4,NaN,3.7,5.5,NaN,NaN,4,NaN,NaN,0.5,NaN,0.568
25-Dec-2007,4,NaN,3.7,5.5,NaN,NaN,4,NaN,NaN,0.5,NaN,0.559
26-Dec-2007,4.26,NaN,3.7,5.5,NaN,NaN,4,NaN,NaN,0.5,NaN,0.57
27-Dec-2007,4.15,NaN,4.07,5.5,NaN,NaN,4,NaN,NaN,0.5,NaN,0.557
28-Dec-2007,4.01,NaN,4.07,5.5,NaN,NaN,4,NaN,NaN,0.5,NaN,0.582
31-Dec-2007,3.06,NaN,1.95,5.5,NaN,NaN,4,NaN,NaN,0.5,NaN,0.582
01-Jan-2008,3.06,NaN,1.95,5.5,NaN,NaN,4,NaN,NaN,0.5,NaN,0.582
02-Jan-2008,4.11,NaN,4,5.5,NaN,NaN,4,NaN,NaN,0.5,NaN,0.582
03-Jan-2008,4.25,NaN,4.05,5.5,NaN,NaN,4,NaN,NaN,0.5,NaN,0.582
04-Jan-2008,4.18,NaN,4.02,5.5,NaN,NaN,4,NaN,NaN,0.5,NaN,0.535
07-Jan-2008,4.27,NaN,3.975,5.5,NaN,NaN,4,NaN,NaN,0.5,NaN,0.528
08-Jan-2008,4.27,NaN,3.975,5.5,NaN,NaN,4,NaN,NaN,0.5,NaN,0.51
09-Jan-2008,4.26,NaN,3.975,5.5,NaN,NaN,4,NaN,NaN,0.5,NaN,0.511
10-Jan-2008,4.26,NaN,4.21,5.5,NaN,NaN,4,NaN,NaN,0.5,NaN,0.517
11-Jan-2008,4.23,NaN,4.1,5.5,NaN,NaN,4,NaN,NaN,0.5,NaN,0.528
14-Jan-2008,4.24,NaN,4.125,5.5,NaN,NaN,4,NaN,NaN,0.5,NaN,0.528
15-Jan-2008,4.24,NaN,4.02,5.5,NaN,NaN,4,NaN,NaN,0.5,NaN,0.539
16-Jan-2008,4.22,NaN,3.84,5.5,NaN,NaN,4,NaN,NaN,0.5,NaN,0.527
17-Jan-2008,4.23,NaN,3.7,5.5,NaN,NaN,4,NaN,NaN,0.5,NaN,0.522
18-Jan-2008,4.17,NaN,3.475,5.5,NaN,NaN,4,NaN,NaN,0.5,NaN,0.517
21-Jan-2008,4.17,NaN,3.475,5.5,NaN,NaN,4,NaN,NaN,0.5,NaN,0.517
22-Jan-2008,3.68,NaN,3.475,5.5,NaN,NaN,4,NaN,NaN,0.5,NaN,0.519
23-Jan-2008,3.43,NaN,1.76,5.5,NaN,NaN,4,NaN,NaN,0.5,NaN,0.521
24-Jan-2008,3.47,NaN,2.295,5.5,NaN,NaN,4,NaN,NaN,0.5,NaN,0.522
25-Jan-2008,3.6,NaN,2.7,5.5,NaN,NaN,4,NaN,NaN,0.5,NaN,0.525
28-Jan-2008,3.5,NaN,2.3,5.5,NaN,NaN,4,NaN,NaN,0.5,NaN,0.534
29-Jan-2008,3.47,NaN,2.3,5.5,NaN,NaN,4,NaN,NaN,0.5,NaN,0.541
30-Jan-2008,3.26,NaN,2.15,5.5,NaN,NaN,4,NaN,NaN,0.5,NaN,0.535
31-Jan-2008,3.22,NaN,2.15,5.5,NaN,NaN,4,NaN,NaN,0.5,NaN,0.566
01-Feb-2008,3.12,NaN,2.15,5.5,NaN,NaN,4,NaN,NaN,0.5,NaN,0.532
04-Feb-2008,2.82,NaN,2.7,5.5,NaN,NaN,4,NaN,NaN,0.5,NaN,0.531
05-Feb-2008,2.71,NaN,2.635,5.5,NaN,NaN,4,NaN,NaN,0.5,NaN,0.525
06-Feb-2008,2.94,NaN,2.2,5.5,NaN,NaN,4,NaN,NaN,0.5,NaN,0.521
07-Feb-2008,3.03,NaN,2.44,5.25,NaN,NaN,4,NaN,NaN,0.5,NaN,0.518
08-Feb-2008,3.05,NaN,2.7,5.25,NaN,NaN,4,NaN,NaN,0.5,NaN,0.516
11-Feb-2008,2.88,NaN,2.835,5.25,NaN,NaN,4,NaN,NaN,0.5,NaN,0.516
12-Feb-2008,2.91,NaN,2.975,5.25,NaN,NaN,4,NaN,NaN,0.5,NaN,0.518
13-Feb-2008,3.02,NaN,2.89,5.25,NaN,NaN,4,NaN,NaN,0.5,NaN,0.519
14-Feb-2008,3.03,NaN,3.01,5.25,NaN,NaN,4,NaN,NaN,0.5,NaN,0.521
15-Feb-2008,2.97,NaN,2.95,5.25,NaN,NaN,4,NaN,NaN,0.5,NaN,0.555
18-Feb-2008,2.97,NaN,2.95,5.25,NaN,NaN,4,NaN,NaN,0.5,NaN,0.543
19-Feb-2008,2.94,NaN,2.94,5.25,NaN,NaN,4,NaN,NaN,0.5,NaN,0.536
20-Feb-2008,3,NaN,2.94,5.25,NaN,NaN,4,NaN,NaN,0.5,NaN,0.536
21-Feb-2008,3.01,NaN,2.9,5.25,NaN,NaN,4,NaN,NaN,0.5,NaN,0.533
22-Feb-2008,2.97,NaN,2.8,5.25,NaN,NaN,4,NaN,NaN,0.5,NaN,0.524
25-Feb-2008,3,NaN,2.725,5.25,NaN,NaN,4,NaN,NaN,0.5,NaN,0.522
26-Feb-2008,2.85,NaN,2.405,5.25,NaN,NaN,4,NaN,NaN,0.5,NaN,0.52
27-Feb-2008,2.93,NaN,2.175,5.25,NaN,NaN,4,NaN,NaN,0.5,NaN,0.523
28-Feb-2008,3.06,NaN,2.05,5.25,NaN,NaN,4,NaN,NaN,0.5,NaN,0.528
29-Feb-2008,3.01,NaN,2.05,5.25,NaN,NaN,4,NaN,NaN,0.5,NaN,0.54
03-Mar-2008,3.1,NaN,2.825,5.25,NaN,NaN,4,NaN,NaN,0.5,NaN,0.544
04-Mar-2008,2.9,NaN,2.875,5.25,NaN,NaN,4,NaN,NaN,0.5,NaN,0.523
05-Mar-2008,2.93,NaN,2.875,5.25,NaN,NaN,4,NaN,NaN,0.5,NaN,0.512
06-Mar-2008,2.99,NaN,2.875,5.25,NaN,NaN,4,NaN,NaN,0.5,NaN,0.505
07-Mar-2008,2.96,NaN,2.875,5.25,NaN,NaN,4,NaN,NaN,0.5,NaN,0.504
10-Mar-2008,2.99,NaN,2.65,5.25,NaN,NaN,4,NaN,NaN,0.5,NaN,0.545
11-Mar-2008,2.95,NaN,2.55,5.25,NaN,NaN,4,NaN,NaN,0.5,NaN,0.542
12-Mar-2008,2.97,NaN,2.35,5.25,NaN,NaN,4,NaN,NaN,0.5,NaN,0.532
13-Mar-2008,2.98,NaN,2.35,5.25,NaN,NaN,4,NaN,NaN,0.5,NaN,0.549
14-Mar-2008,2.99,NaN,2.85,5.25,NaN,NaN,4,NaN,NaN,0.5,NaN,0.542
17-Mar-2008,2.69,NaN,1.95,5.25,NaN,NaN,4,NaN,NaN,0.5,NaN,0.549
18-Mar-2008,2.16,NaN,0.825,5.25,NaN,NaN,4,NaN,NaN,0.5,NaN,0.546
19-Mar-2008,2.08,NaN,0.25,5.25,NaN,NaN,4,NaN,NaN,0.5,NaN,0.552
20-Mar-2008,2.22,NaN,0.45,5.25,NaN,NaN,4,NaN,NaN,0.5,NaN,0.552
21-Mar-2008,2.08,NaN,0.45,5.25,NaN,NaN,4,NaN,NaN,0.5,NaN,0.605
24-Mar-2008,2.08,NaN,0.45,5.25,NaN,NaN,4,NaN,NaN,0.5,NaN,0.602
25-Mar-2008,2.42,NaN,0.95,5.25,NaN,NaN,4,NaN,NaN,0.5,NaN,0.577
26-Mar-2008,2.3,NaN,0.85,5.25,NaN,NaN,4,NaN,NaN,0.5,NaN,0.549
27-Mar-2008,2.27,NaN,0.85,5.25,NaN,NaN,4,NaN,NaN,0.5,NaN,0.526
28-Mar-2008,2.09,NaN,2.5,5.25,NaN,NaN,4,NaN,NaN,0.5,NaN,0.573
31-Mar-2008,2.51,NaN,1.9,5.25,NaN,NaN,4,NaN,NaN,0.5,NaN,0.75
01-Apr-2008,2.38,NaN,2.525,5.25,NaN,NaN,4,NaN,NaN,0.5,NaN,0.6
02-Apr-2008,2.18,NaN,2.55,5.25,NaN,NaN,4,NaN,NaN,0.5,NaN,0.608
03-Apr-2008,2.19,NaN,2.45,5.25,NaN,NaN,4,NaN,NaN,0.5,NaN,0.585
04-Apr-2008,2.26,NaN,2.285,5.25,NaN,NaN,4,NaN,NaN,0.5,NaN,0.51
07-Apr-2008,2.24,NaN,2.35,5.25,NaN,NaN,4,NaN,NaN,0.5,NaN,0.531
08-Apr-2008,2.23,NaN,2.35,5.25,NaN,NaN,4,NaN,NaN,0.5,NaN,0.529
09-Apr-2008,2.2,NaN,2.04,5.25,NaN,NaN,4,NaN,NaN,0.5,NaN,0.528
10-Apr-2008,2.3,NaN,2.25,5,NaN,NaN,4,NaN,NaN,0.5,NaN,0.529
11-Apr-2008,2.37,NaN,2.25,5,NaN,NaN,4,NaN,NaN,0.5,NaN,0.532
14-Apr-2008,2.32,NaN,2.25,5,NaN,NaN,4,NaN,NaN,0.5,NaN,0.594
15-Apr-2008,2.32,NaN,2.15,5,NaN,NaN,4,NaN,NaN,0.5,NaN,0.622
16-Apr-2008,2.35,NaN,2.25,5,NaN,NaN,4,NaN,NaN,0.5,NaN,0.53
17-Apr-2008,2.37,NaN,2.2,5,NaN,NaN,4,NaN,NaN,0.5,NaN,0.527
18-Apr-2008,2.32,NaN,2.15,5,NaN,NaN,4,NaN,NaN,0.5,NaN,0.526
21-Apr-2008,2.28,NaN,2.15,5,NaN,NaN,4,NaN,NaN,0.5,NaN,0.544
22-Apr-2008,1.99,NaN,2.05,5,NaN,NaN,4,NaN,NaN,0.5,NaN,0.535
23-Apr-2008,2.18,NaN,2,5,NaN,NaN,4,NaN,NaN,0.5,NaN,0.527
24-Apr-2008,2.26,NaN,2.02,5,NaN,NaN,4,NaN,NaN,0.5,NaN,0.515
25-Apr-2008,2.28,NaN,1.92,5,NaN,NaN,4,NaN,NaN,0.5,NaN,0.532
28-Apr-2008,2.29,NaN,1.885,5,NaN,NaN,4,NaN,NaN,0.5,NaN,0.576
29-Apr-2008,2.21,NaN,2.025,5,NaN,NaN,4,NaN,NaN,0.5,NaN,0.576
30-Apr-2008,2.37,NaN,2,5,NaN,NaN,4,NaN,NaN,0.5,NaN,0.554
01-May-2008,2.16,NaN,1.92,5,NaN,NaN,4,NaN,NaN,0.5,NaN,0.521
02-May-2008,1.88,NaN,1.875,5,NaN,NaN,4,NaN,NaN,0.5,NaN,0.51
05-May-2008,1.85,NaN,1.935,5,NaN,NaN,4,NaN,NaN,0.5,NaN,0.51
06-May-2008,1.91,NaN,1.935,5,NaN,NaN,4,NaN,NaN,0.5,NaN,0.51
07-May-2008,2.01,NaN,1.89,5,NaN,NaN,4,NaN,NaN,0.5,NaN,0.508
08-May-2008,1.99,NaN,2.01,5,NaN,NaN,4,NaN,NaN,0.5,NaN,0.508
09-May-2008,1.97,NaN,2.045,5,NaN,NaN,4,NaN,NaN,0.5,NaN,0.512
12-May-2008,1.88,NaN,2.035,5,NaN,NaN,4,NaN,NaN,0.5,NaN,0.522
13-May-2008,1.93,NaN,1.975,5,NaN,NaN,4,NaN,NaN,0.5,NaN,0.537
14-May-2008,2.03,NaN,1.915,5,NaN,NaN,4,NaN,NaN,0.5,NaN,0.543
15-May-2008,2.03,NaN,2.055,5,NaN,NaN,4,NaN,NaN,0.5,NaN,0.581
16-May-2008,1.91,NaN,2.025,5,NaN,NaN,4,NaN,NaN,0.5,NaN,0.513
19-May-2008,1.95,NaN,2.025,5,NaN,NaN,4,NaN,NaN,0.5,NaN,0.51
20-May-2008,1.99,NaN,1.99,5,NaN,NaN,4,NaN,NaN,0.5,NaN,0.506
21-May-2008,2.03,NaN,1.985,5,NaN,NaN,4,NaN,NaN,0.5,NaN,0.508
22-May-2008,2.05,NaN,2.1,5,NaN,NaN,4,NaN,NaN,0.5,NaN,0.509
23-May-2008,1.99,NaN,2.14,5,NaN,NaN,4,NaN,NaN,0.5,NaN,0.509
26-May-2008,1.99,NaN,2.14,5,NaN,NaN,4,NaN,NaN,0.5,NaN,0.511
27-May-2008,2.23,NaN,2.14,5,NaN,NaN,4,NaN,NaN,0.5,NaN,0.509
28-May-2008,2.08,NaN,2.14,5,NaN,NaN,4,NaN,NaN,0.5,NaN,0.509
29-May-2008,2.01,NaN,2.14,5,NaN,NaN,4,NaN,NaN,0.5,NaN,0.51
30-May-2008,1.98,NaN,2.215,5,NaN,NaN,4,NaN,NaN,0.5,NaN,0.527
02-Jun-2008,2.06,NaN,2.225,5,NaN,NaN,4,NaN,NaN,0.5,NaN,0.539
03-Jun-2008,1.95,NaN,2.16,5,NaN,NaN,4,NaN,NaN,0.5,NaN,0.521
04-Jun-2008,1.98,NaN,2.055,5,NaN,NaN,4,NaN,NaN,0.5,NaN,0.511
05-Jun-2008,1.98,NaN,2.055,5,NaN,NaN,4,NaN,NaN,0.5,NaN,0.505
06-Jun-2008,2.01,NaN,2.08,5,NaN,NaN,4,NaN,NaN,0.5,NaN,0.509
09-Jun-2008,2.02,NaN,2.13,5,NaN,NaN,4,NaN,NaN,0.5,NaN,0.509
10-Jun-2008,1.96,NaN,2.155,5,NaN,NaN,4,NaN,NaN,0.5,NaN,0.522
11-Jun-2008,1.95,NaN,2.1,5,NaN,NaN,4,NaN,NaN,0.5,NaN,0.512
12-Jun-2008,2.01,NaN,2.09,5,NaN,NaN,4,NaN,NaN,0.5,NaN,0.514
13-Jun-2008,2.02,NaN,2.08,5,NaN,NaN,4,NaN,NaN,0.5,NaN,0.536
16-Jun-2008,2.06,NaN,2.18,5,NaN,NaN,4,NaN,NaN,0.5,NaN,0.545
17-Jun-2008,1.87,NaN,2.03,5,NaN,NaN,4,NaN,NaN,0.5,NaN,0.523
18-Jun-2008,1.84,NaN,1.945,5,NaN,NaN,4,NaN,NaN,0.5,NaN,0.511
19-Jun-2008,1.94,NaN,2.005,5,NaN,NaN,4,NaN,NaN,0.5,NaN,0.51
20-Jun-2008,1.99,NaN,1.98,5,NaN,NaN,4,NaN,NaN,0.5,NaN,0.539
23-Jun-2008,1.98,NaN,1.955,5,NaN,NaN,4,NaN,NaN,0.5,NaN,0.526
24-Jun-2008,1.93,NaN,1.93,5,NaN,NaN,4,NaN,NaN,0.5,NaN,0.528
25-Jun-2008,1.97,NaN,1.925,5,NaN,NaN,4,NaN,NaN,0.5,NaN,0.528
26-Jun-2008,2.05,NaN,1.98,5,NaN,NaN,4,NaN,NaN,0.5,NaN,0.529
27-Jun-2008,1.99,NaN,1.98,5,NaN,NaN,4,NaN,NaN,0.5,NaN,0.544
30-Jun-2008,2.47,NaN,1.8,5,NaN,NaN,4,NaN,NaN,0.5,NaN,0.686
01-Jul-2008,2.11,NaN,2.1,5,NaN,NaN,4,NaN,NaN,0.5,NaN,0.556
02-Jul-2008,1.95,NaN,2.125,5,NaN,NaN,4,NaN,NaN,0.5,NaN,0.549
03-Jul-2008,1.92,NaN,2.165,5,NaN,NaN,4.25,NaN,NaN,0.5,NaN,0.515
04-Jul-2008,1.92,NaN,2.165,5,NaN,NaN,4.25,NaN,NaN,0.5,NaN,0.512
07-Jul-2008,1.99,NaN,2.13,5,NaN,NaN,4.25,NaN,NaN,0.5,NaN,0.541
08-Jul-2008,1.97,NaN,2.09,5,NaN,NaN,4.25,NaN,NaN,0.5,NaN,0.524
09-Jul-2008,1.99,NaN,2.02,5,NaN,NaN,4.25,NaN,NaN,0.5,NaN,0.521
10-Jul-2008,2.01,NaN,1.95,5,NaN,NaN,4.25,NaN,NaN,0.5,NaN,0.515
11-Jul-2008,1.97,NaN,1.925,5,NaN,NaN,4.25,NaN,NaN,0.5,NaN,0.519
14-Jul-2008,2.06,NaN,1.925,5,NaN,NaN,4.25,NaN,NaN,0.5,NaN,0.521
15-Jul-2008,2.16,NaN,1.96,5,NaN,NaN,4.25,NaN,NaN,0.5,NaN,0.516
16-Jul-2008,1.95,NaN,1.98,5,NaN,NaN,4.25,NaN,NaN,0.5,NaN,0.508
17-Jul-2008,2.03,NaN,1.975,5,NaN,NaN,4.25,NaN,NaN,0.5,NaN,0.505
18-Jul-2008,1.96,NaN,1.915,5,NaN,NaN,4.25,NaN,NaN,0.5,NaN,0.509
21-Jul-2008,1.98,NaN,1.97,5,NaN,NaN,4.25,NaN,NaN,0.5,NaN,0.509
22-Jul-2008,1.97,NaN,1.895,5,NaN,NaN,4.25,NaN,NaN,0.5,NaN,0.516
23-Jul-2008,2.04,NaN,1.94,5,NaN,NaN,4.25,NaN,NaN,0.5,NaN,0.538
24-Jul-2008,2.06,NaN,1.94,5,NaN,NaN,4.25,NaN,NaN,0.5,NaN,0.514
25-Jul-2008,2.13,NaN,2.045,5,NaN,NaN,4.25,NaN,NaN,0.5,NaN,0.518
28-Jul-2008,2,NaN,2.14,5,NaN,NaN,4.25,NaN,NaN,0.5,NaN,0.531
29-Jul-2008,2.05,NaN,2.12,5,NaN,NaN,4.25,NaN,NaN,0.5,NaN,0.53
30-Jul-2008,2.03,NaN,2.085,5,NaN,NaN,4.25,NaN,NaN,0.5,NaN,0.523
31-Jul-2008,2.09,NaN,2.09,5,NaN,NaN,4.25,NaN,NaN,0.5,NaN,0.529
01-Aug-2008,2.04,NaN,2.15,5,NaN,NaN,4.25,NaN,NaN,0.5,NaN,0.517
04-Aug-2008,1.97,NaN,2.135,5,NaN,NaN,4.25,NaN,NaN,0.5,NaN,0.515
05-Aug-2008,1.97,NaN,1.99,5,NaN,NaN,4.25,NaN,NaN,0.5,NaN,0.513
06-Aug-2008,2.01,NaN,2,5,NaN,NaN,4.25,NaN,NaN,0.5,NaN,0.505
07-Aug-2008,1.96,NaN,1.9,5,NaN,NaN,4.25,NaN,NaN,0.5,NaN,0.505
08-Aug-2008,2.01,NaN,1.92,5,NaN,NaN,4.25,NaN,NaN,0.5,NaN,0.502
11-Aug-2008,1.99,NaN,1.98,5,NaN,NaN,4.25,NaN,NaN,0.5,NaN,0.516
12-Aug-2008,1.95,NaN,1.93,5,NaN,NaN,4.25,NaN,NaN,0.5,NaN,0.518
13-Aug-2008,1.98,NaN,2,5,NaN,NaN,4.25,NaN,NaN,0.5,NaN,0.517
14-Aug-2008,2.09,NaN,2.08,5,NaN,NaN,4.25,NaN,NaN,0.5,NaN,0.517
15-Aug-2008,2.08,NaN,2.15,5,NaN,NaN,4.25,NaN,NaN,0.5,NaN,0.559
18-Aug-2008,1.91,NaN,2.09,5,NaN,NaN,4.25,NaN,NaN,0.5,NaN,0.544
19-Aug-2008,1.94,NaN,1.94,5,NaN,NaN,4.25,NaN,NaN,0.5,NaN,0.546
20-Aug-2008,1.98,NaN,1.94,5,NaN,NaN,4.25,NaN,NaN,0.5,NaN,0.514
21-Aug-2008,2.01,NaN,2.03,5,NaN,NaN,4.25,NaN,NaN,0.5,NaN,0.51
22-Aug-2008,2.02,NaN,2.025,5,NaN,NaN,4.25,NaN,NaN,0.5,NaN,0.509
25-Aug-2008,2.01,NaN,1.98,5,NaN,NaN,4.25,NaN,NaN,0.5,NaN,0.514
26-Aug-2008,1.88,NaN,2,5,NaN,NaN,4.25,NaN,NaN,0.5,NaN,0.527
27-Aug-2008,1.98,NaN,1.99,5,NaN,NaN,4.25,NaN,NaN,0.5,NaN,0.533
28-Aug-2008,1.99,NaN,2.03,5,NaN,NaN,4.25,NaN,NaN,0.5,NaN,0.526
29-Aug-2008,1.94,NaN,1.95,5,NaN,NaN,4.25,NaN,NaN,0.5,NaN,0.524
01-Sep-2008,1.94,NaN,1.95,5,NaN,NaN,4.25,NaN,NaN,0.5,NaN,0.551
02-Sep-2008,1.96,NaN,2.035,5,NaN,NaN,4.25,NaN,NaN,0.5,NaN,0.535
03-Sep-2008,2.01,NaN,2.06,5,NaN,NaN,4.25,NaN,NaN,0.5,NaN,0.548
04-Sep-2008,1.99,NaN,2.05,5,NaN,NaN,4.25,NaN,NaN,0.5,NaN,0.529
05-Sep-2008,1.97,NaN,2.045,5,NaN,NaN,4.25,NaN,NaN,0.5,NaN,0.523
08-Sep-2008,1.92,NaN,2.025,5,NaN,NaN,4.25,NaN,NaN,0.5,NaN,0.515
09-Sep-2008,1.96,NaN,2.04,5,NaN,NaN,4.25,NaN,NaN,0.5,NaN,0.516
10-Sep-2008,2.12,NaN,2.035,5,NaN,NaN,4.25,NaN,NaN,0.5,NaN,0.529
11-Sep-2008,2,NaN,2.075,5,NaN,NaN,4.25,NaN,NaN,0.5,NaN,0.528
12-Sep-2008,2.1,NaN,2.2,5,NaN,NaN,4.25,NaN,NaN,0.5,NaN,0.522
15-Sep-2008,2.64,NaN,2.25,5,NaN,NaN,4.25,NaN,NaN,0.5,NaN,0.522
16-Sep-2008,1.98,NaN,0.95,5,NaN,NaN,4.25,NaN,NaN,0.5,NaN,0.552
17-Sep-2008,2.8,NaN,0.875,5,NaN,NaN,4.25,NaN,NaN,0.5,NaN,0.641
18-Sep-2008,2.16,NaN,2,5,NaN,NaN,4.25,NaN,NaN,0.5,NaN,0.625
19-Sep-2008,1.48,NaN,2,5,NaN,NaN,4.25,NaN,NaN,0.5,NaN,0.638
22-Sep-2008,1.51,NaN,1.775,5,NaN,NaN,4.25,NaN,NaN,0.5,NaN,0.704
23-Sep-2008,1.46,NaN,0.9,5,NaN,NaN,4.25,NaN,NaN,0.5,NaN,0.704
24-Sep-2008,1.19,NaN,0.9,5,NaN,NaN,4.25,NaN,NaN,0.5,NaN,0.721
25-Sep-2008,1.23,NaN,0.85,5,NaN,NaN,4.25,NaN,NaN,0.5,NaN,0.727
26-Sep-2008,1.08,NaN,1.6,5,NaN,NaN,4.25,NaN,NaN,0.5,NaN,0.731
29-Sep-2008,1.56,NaN,1.6,5,NaN,NaN,4.25,NaN,NaN,0.5,NaN,0.721
30-Sep-2008,2.03,NaN,0.425,5,NaN,NaN,4.25,NaN,NaN,0.5,NaN,0.75
01-Oct-2008,1.15,NaN,0.95,5,NaN,NaN,4.25,NaN,NaN,0.5,NaN,0.744
02-Oct-2008,0.67,NaN,0.45,5,NaN,NaN,4.25,NaN,NaN,0.5,NaN,0.708
03-Oct-2008,1.1,NaN,0.2,5,NaN,NaN,4.25,NaN,NaN,0.5,NaN,0.662
06-Oct-2008,1.96,NaN,0.2,5,NaN,NaN,4.25,NaN,NaN,0.5,NaN,0.691
07-Oct-2008,2.97,NaN,0.275,5,NaN,NaN,4.25,NaN,NaN,0.5,NaN,0.718
08-Oct-2008,2.24,NaN,0.15,4.5,NaN,NaN,3.75,NaN,NaN,0.5,NaN,0.715
09-Oct-2008,1.4,NaN,0.365,4.5,NaN,NaN,3.75,NaN,NaN,0.5,NaN,0.698
10-Oct-2008,0.79,NaN,0.1,4.5,NaN,NaN,3.75,NaN,NaN,0.5,NaN,0.725
13-Oct-2008,0.79,NaN,0.1,4.5,NaN,NaN,3.75,NaN,NaN,0.5,NaN,0.725
14-Oct-2008,1.1,NaN,0.1,4.5,NaN,NaN,3.75,NaN,NaN,0.5,NaN,0.601
15-Oct-2008,1.04,NaN,0.2,4.5,NaN,NaN,3.75,NaN,NaN,0.5,NaN,0.584
16-Oct-2008,0.83,NaN,0.15,4.5,NaN,NaN,3.75,NaN,NaN,0.5,NaN,0.594
17-Oct-2008,0.6,NaN,0.125,4.5,NaN,NaN,3.75,NaN,NaN,0.5,NaN,0.596
20-Oct-2008,0.7,NaN,0.4,4.5,NaN,NaN,3.75,NaN,NaN,0.5,NaN,0.615
21-Oct-2008,0.67,NaN,0.35,4.5,NaN,NaN,3.75,NaN,NaN,0.5,NaN,0.628
22-Oct-2008,0.81,NaN,0.35,4.5,NaN,NaN,3.75,NaN,NaN,0.5,NaN,0.626
23-Oct-2008,0.93,NaN,1.15,4.5,NaN,NaN,3.75,NaN,NaN,0.5,NaN,0.61
24-Oct-2008,0.95,NaN,1,4.5,NaN,NaN,3.75,NaN,NaN,0.5,NaN,0.564
27-Oct-2008,0.92,NaN,0.95,4.5,NaN,NaN,3.75,NaN,NaN,0.5,NaN,0.634
28-Oct-2008,0.67,NaN,1,4.5,NaN,NaN,3.75,NaN,NaN,0.5,NaN,0.628
29-Oct-2008,0.36,NaN,0.2,4.5,NaN,NaN,3.75,NaN,NaN,0.5,NaN,0.583
30-Oct-2008,0.3,NaN,0.285,4.5,NaN,NaN,3.75,NaN,NaN,0.5,NaN,0.531
31-Oct-2008,0.22,NaN,0.375,4.5,NaN,NaN,3.75,NaN,NaN,0.3,NaN,0.583
03-Nov-2008,0.23,NaN,0.25,4.5,NaN,NaN,3.75,NaN,NaN,0.3,NaN,0.583
04-Nov-2008,0.23,NaN,0.15,4.5,NaN,NaN,3.75,NaN,NaN,0.3,NaN,0.45
05-Nov-2008,0.23,NaN,0.14,4.5,NaN,NaN,3.75,NaN,NaN,0.3,NaN,0.473
06-Nov-2008,0.23,NaN,0.15,3,NaN,NaN,3.25,NaN,NaN,0.3,NaN,0.478
07-Nov-2008,0.27,NaN,0.2,3,NaN,NaN,3.25,NaN,NaN,0.3,NaN,0.474
10-Nov-2008,0.29,NaN,0.235,3,NaN,NaN,3.25,NaN,NaN,0.3,NaN,0.477
11-Nov-2008,0.29,NaN,0.235,3,NaN,NaN,3.25,NaN,NaN,0.3,NaN,0.484
12-Nov-2008,0.35,NaN,0.185,3,NaN,NaN,3.25,NaN,NaN,0.3,NaN,0.483
13-Nov-2008,0.35,NaN,0.275,3,NaN,NaN,3.25,NaN,NaN,0.3,NaN,0.396
14-Nov-2008,0.34,NaN,0.25,3,NaN,NaN,3.25,NaN,NaN,0.3,NaN,0.451
17-Nov-2008,0.37,NaN,0.16,3,NaN,NaN,3.25,NaN,NaN,0.3,NaN,0.424
18-Nov-2008,0.38,NaN,0.325,3,NaN,NaN,3.25,NaN,NaN,0.3,NaN,0.413
19-Nov-2008,0.38,NaN,0.37,3,NaN,NaN,3.25,NaN,NaN,0.3,NaN,0.337
20-Nov-2008,0.49,NaN,0.35,3,NaN,NaN,3.25,NaN,NaN,0.3,NaN,0.379
21-Nov-2008,0.57,NaN,0.55,3,NaN,NaN,3.25,NaN,NaN,0.3,NaN,0.377
24-Nov-2008,0.62,NaN,0.55,3,NaN,NaN,3.25,NaN,NaN,0.3,NaN,0.377
25-Nov-2008,0.59,NaN,0.37,3,NaN,NaN,3.25,NaN,NaN,0.3,NaN,0.407
26-Nov-2008,0.53,NaN,0.3,3,NaN,NaN,3.25,NaN,NaN,0.3,NaN,0.431
27-Nov-2008,0.53,NaN,0.3,3,NaN,NaN,3.25,NaN,NaN,0.3,NaN,0.485
28-Nov-2008,0.52,NaN,0.3,3,NaN,NaN,3.25,NaN,NaN,0.3,NaN,0.489
01-Dec-2008,0.52,NaN,0.385,3,NaN,NaN,3.25,NaN,NaN,0.3,NaN,0.481
02-Dec-2008,0.47,NaN,0.25,3,NaN,NaN,3.25,NaN,NaN,0.3,NaN,0.324
03-Dec-2008,0.36,NaN,0.25,3,NaN,NaN,3.25,NaN,NaN,0.3,NaN,0.289
04-Dec-2008,0.2,NaN,0.175,2,NaN,NaN,2.5,NaN,NaN,0.3,NaN,0.286
05-Dec-2008,0.12,NaN,0.175,2,NaN,NaN,2.5,NaN,NaN,0.3,NaN,0.291
08-Dec-2008,0.12,NaN,0.03,2,NaN,NaN,2.5,NaN,NaN,0.3,NaN,0.369
09-Dec-2008,0.13,NaN,0.03,2,NaN,NaN,2.5,NaN,NaN,0.3,NaN,0.353
10-Dec-2008,0.11,NaN,0.02,2,NaN,NaN,2.5,NaN,NaN,0.3,NaN,0.301
11-Dec-2008,0.14,NaN,0.02,2,NaN,NaN,2.5,NaN,NaN,0.3,NaN,0.3
12-Dec-2008,0.15,NaN,0.135,2,NaN,NaN,2.5,NaN,NaN,0.3,NaN,0.301
15-Dec-2008,0.18,NaN,0.155,2,NaN,NaN,2.5,NaN,NaN,0.3,NaN,0.356
16-Dec-2008,0.17,NaN,0.2,2,NaN,NaN,2.5,NaN,NaN,0.3,NaN,0.297
17-Dec-2008,0.12,NaN,0.085,2,NaN,NaN,2.5,NaN,NaN,0.3,NaN,0.288
18-Dec-2008,0.11,NaN,0.085,2,NaN,NaN,2.5,NaN,NaN,0.3,NaN,0.281
19-Dec-2008,0.11,NaN,0.065,2,NaN,NaN,2.5,NaN,NaN,0.1,NaN,0.321
22-Dec-2008,0.11,NaN,0.085,2,NaN,NaN,2.5,NaN,NaN,0.1,NaN,0.188
23-Dec-2008,0.11,NaN,0.085,2,NaN,NaN,2.5,NaN,NaN,0.1,NaN,0.188
24-Dec-2008,0.11,NaN,0.09,2,NaN,NaN,2.5,NaN,NaN,0.1,NaN,0.249
25-Dec-2008,0.11,NaN,0.09,2,NaN,NaN,2.5,NaN,NaN,0.1,NaN,0.286
26-Dec-2008,0.09,NaN,0.065,2,NaN,NaN,2.5,NaN,NaN,0.1,NaN,0.161
29-Dec-2008,0.1,NaN,0.08,2,NaN,NaN,2.5,NaN,NaN,0.1,NaN,0.11
30-Dec-2008,0.09,NaN,0.04,2,NaN,NaN,2.5,NaN,NaN,0.1,NaN,0.111
31-Dec-2008,0.14,NaN,0.075,2,NaN,NaN,2.5,NaN,NaN,0.1,NaN,0.111
01-Jan-2009,0.14,NaN,0.075,2,NaN,NaN,2.5,NaN,NaN,0.1,NaN,0.111
02-Jan-2009,0.08,NaN,0.08,2,NaN,NaN,2.5,NaN,NaN,0.1,NaN,0.111
05-Jan-2009,0.11,NaN,0.09,2,NaN,NaN,2.5,NaN,NaN,0.1,NaN,0.115
06-Jan-2009,0.09,NaN,0.055,2,NaN,NaN,2.5,NaN,NaN,0.1,NaN,0.109
07-Jan-2009,0.11,NaN,0.065,2,NaN,NaN,2.5,NaN,NaN,0.1,NaN,0.116
08-Jan-2009,0.1,NaN,0.095,1.5,NaN,NaN,2.5,NaN,NaN,0.1,NaN,0.117
09-Jan-2009,0.09,NaN,0.085,1.5,NaN,NaN,2.5,NaN,NaN,0.1,NaN,0.123
12-Jan-2009,0.1,NaN,0.11,1.5,NaN,NaN,2.5,NaN,NaN,0.1,NaN,0.123
13-Jan-2009,0.1,NaN,0.125,1.5,NaN,NaN,2.5,NaN,NaN,0.1,NaN,0.204
14-Jan-2009,0.15,NaN,0.225,1.5,NaN,NaN,2.5,NaN,NaN,0.1,NaN,0.203
15-Jan-2009,0.18,NaN,0.245,1.5,NaN,NaN,2,NaN,NaN,0.1,NaN,0.226
16-Jan-2009,0.19,NaN,0.3525,1.5,NaN,NaN,2,NaN,NaN,0.1,NaN,0.13
19-Jan-2009,0.19,NaN,0.3525,1.5,NaN,NaN,2,NaN,NaN,0.1,NaN,0.131
20-Jan-2009,0.2,NaN,0.295,1.5,NaN,NaN,2,NaN,NaN,0.1,NaN,0.152
21-Jan-2009,0.23,NaN,0.23,1.5,NaN,NaN,2,NaN,NaN,0.1,NaN,0.154
22-Jan-2009,0.21,NaN,0.31,1.5,NaN,NaN,2,NaN,NaN,0.1,NaN,0.16
23-Jan-2009,0.18,NaN,0.185,1.5,NaN,NaN,2,NaN,NaN,0.1,NaN,0.143
26-Jan-2009,0.19,NaN,0.16,1.5,NaN,NaN,2,NaN,NaN,0.1,NaN,0.144
27-Jan-2009,0.18,NaN,0.15,1.5,NaN,NaN,2,NaN,NaN,0.1,NaN,0.145
28-Jan-2009,0.19,NaN,0.15,1.5,NaN,NaN,2,NaN,NaN,0.1,NaN,0.137
29-Jan-2009,0.23,NaN,0.275,1.5,NaN,NaN,2,NaN,NaN,0.1,NaN,0.139
30-Jan-2009,0.23,NaN,0.24,1.5,NaN,NaN,2,NaN,NaN,0.1,NaN,0.213
02-Feb-2009,0.24,NaN,0.3,1.5,NaN,NaN,2,NaN,NaN,0.1,NaN,0.16
03-Feb-2009,0.24,NaN,0.26,1.5,NaN,NaN,2,NaN,NaN,0.1,NaN,0.12
04-Feb-2009,0.24,NaN,0.28,1.5,NaN,NaN,2,NaN,NaN,0.1,NaN,0.105
05-Feb-2009,0.23,NaN,0.335,1,NaN,NaN,2,NaN,NaN,0.1,NaN,0.104
06-Feb-2009,0.23,NaN,0.31,1,NaN,NaN,2,NaN,NaN,0.1,NaN,0.103
09-Feb-2009,0.22,NaN,0.3,1,NaN,NaN,2,NaN,NaN,0.1,NaN,0.109
10-Feb-2009,0.24,NaN,0.285,1,NaN,NaN,2,NaN,NaN,0.1,NaN,0.109
11-Feb-2009,0.22,NaN,0.28,1,NaN,NaN,2,NaN,NaN,0.1,NaN,0.109
12-Feb-2009,0.23,NaN,0.295,1,NaN,NaN,2,NaN,NaN,0.1,NaN,0.104
13-Feb-2009,0.22,NaN,0.315,1,NaN,NaN,2,NaN,NaN,0.1,NaN,0.108
16-Feb-2009,0.22,NaN,0.315,1,NaN,NaN,2,NaN,NaN,0.1,NaN,0.128
17-Feb-2009,0.25,NaN,0.3,1,NaN,NaN,2,NaN,NaN,0.1,NaN,0.114
18-Feb-2009,0.23,NaN,0.265,1,NaN,NaN,2,NaN,NaN,0.1,NaN,0.11
19-Feb-2009,0.21,NaN,0.3,1,NaN,NaN,2,NaN,NaN,0.1,NaN,0.106
20-Feb-2009,0.2,NaN,0.28,1,NaN,NaN,2,NaN,NaN,0.1,NaN,0.115
23-Feb-2009,0.19,NaN,0.26,1,NaN,NaN,2,NaN,NaN,0.1,NaN,0.119
24-Feb-2009,0.21,NaN,0.235,1,NaN,NaN,2,NaN,NaN,0.1,NaN,0.129
25-Feb-2009,0.21,NaN,0.265,1,NaN,NaN,2,NaN,NaN,0.1,NaN,0.154
26-Feb-2009,0.22,NaN,0.29,1,NaN,NaN,2,NaN,NaN,0.1,NaN,0.139
27-Feb-2009,0.22,NaN,0.3,1,NaN,NaN,2,NaN,NaN,0.1,NaN,0.126
02-Mar-2009,0.22,NaN,0.335,1,NaN,NaN,2,NaN,NaN,0.1,NaN,0.11
03-Mar-2009,0.2,NaN,0.29,1,NaN,NaN,2,NaN,NaN,0.1,NaN,0.103
04-Mar-2009,0.21,NaN,0.3,1,NaN,NaN,2,NaN,NaN,0.1,NaN,0.103
05-Mar-2009,0.2,NaN,0.295,0.5,NaN,NaN,1.5,NaN,NaN,0.1,NaN,0.1
06-Mar-2009,0.2,NaN,0.275,0.5,NaN,NaN,1.5,NaN,NaN,0.1,NaN,0.101
09-Mar-2009,0.2,NaN,0.31,0.5,NaN,NaN,1.5,NaN,NaN,0.1,NaN,0.102
10-Mar-2009,0.2,NaN,0.29,0.5,NaN,NaN,1.5,NaN,NaN,0.1,NaN,0.108
11-Mar-2009,0.19,NaN,0.24,0.5,NaN,NaN,1.5,NaN,NaN,0.1,NaN,0.11
12-Mar-2009,0.18,NaN,0.24,0.5,NaN,NaN,1.5,NaN,NaN,0.1,NaN,0.106
13-Mar-2009,0.15,NaN,0.15,0.5,NaN,NaN,1.5,NaN,NaN,0.1,NaN,0.107
16-Mar-2009,0.2,NaN,0.27,0.5,NaN,NaN,1.5,NaN,NaN,0.1,NaN,0.109
17-Mar-2009,0.2,NaN,0.24,0.5,NaN,NaN,1.5,NaN,NaN,0.1,NaN,0.109
18-Mar-2009,0.18,NaN,0.225,0.5,NaN,NaN,1.5,NaN,NaN,0.1,NaN,0.115
19-Mar-2009,0.17,NaN,0.245,0.5,NaN,NaN,1.5,NaN,NaN,0.1,NaN,0.123
20-Mar-2009,0.18,NaN,0.245,0.5,NaN,NaN,1.5,NaN,NaN,0.1,NaN,0.123
23-Mar-2009,0.17,NaN,0.25,0.5,NaN,NaN,1.5,NaN,NaN,0.1,NaN,0.129
24-Mar-2009,0.17,NaN,0.22,0.5,NaN,NaN,1.5,NaN,NaN,0.1,NaN,0.116
25-Mar-2009,0.17,NaN,0.18,0.5,NaN,NaN,1.5,NaN,NaN,0.1,NaN,0.118
26-Mar-2009,0.16,NaN,0.16,0.5,NaN,NaN,1.5,NaN,NaN,0.1,NaN,0.115
27-Mar-2009,0.15,NaN,0.2,0.5,NaN,NaN,1.5,NaN,NaN,0.1,NaN,0.108
30-Mar-2009,0.16,NaN,0.175,0.5,NaN,NaN,1.5,NaN,NaN,0.1,NaN,0.11
31-Mar-2009,0.16,NaN,0.22,0.5,NaN,NaN,1.5,NaN,NaN,0.1,NaN,0.106
01-Apr-2009,0.16,NaN,0.265,0.5,NaN,NaN,1.5,NaN,NaN,0.1,NaN,0.104
02-Apr-2009,0.16,NaN,0.225,0.5,NaN,NaN,1.25,NaN,NaN,0.1,NaN,0.106
03-Apr-2009,0.13,NaN,0.19,0.5,NaN,NaN,1.25,NaN,NaN,0.1,NaN,0.103
06-Apr-2009,0.14,NaN,0.175,0.5,NaN,NaN,1.25,NaN,NaN,0.1,NaN,0.106
07-Apr-2009,0.14,NaN,0.14,0.5,NaN,NaN,1.25,NaN,NaN,0.1,NaN,0.103
08-Apr-2009,0.14,NaN,0.185,0.5,NaN,NaN,1.25,NaN,NaN,0.1,NaN,0.105
09-Apr-2009,0.14,NaN,0.205,0.5,NaN,NaN,1.25,NaN,NaN,0.1,NaN,0.11
10-Apr-2009,0.15,NaN,0.205,0.5,NaN,NaN,1.25,NaN,NaN,0.1,NaN,0.12
13-Apr-2009,0.13,NaN,0.205,0.5,NaN,NaN,1.25,NaN,NaN,0.1,NaN,0.12
14-Apr-2009,0.16,NaN,0.17,0.5,NaN,NaN,1.25,NaN,NaN,0.1,NaN,0.113
15-Apr-2009,0.16,NaN,0.16,0.5,NaN,NaN,1.25,NaN,NaN,0.1,NaN,0.109
16-Apr-2009,0.15,NaN,0.15,0.5,NaN,NaN,1.25,NaN,NaN,0.1,NaN,0.113
17-Apr-2009,0.13,NaN,0.2,0.5,NaN,NaN,1.25,NaN,NaN,0.1,NaN,0.114
20-Apr-2009,0.14,NaN,0.165,0.5,NaN,NaN,1.25,NaN,NaN,0.1,NaN,0.112
21-Apr-2009,0.15,NaN,0.14,0.5,NaN,NaN,1.25,NaN,NaN,0.1,NaN,0.11
22-Apr-2009,0.15,NaN,0.175,0.5,NaN,NaN,1.25,NaN,NaN,0.1,NaN,0.11
23-Apr-2009,0.17,NaN,0.18,0.5,NaN,NaN,1.25,NaN,NaN,0.1,NaN,0.11
24-Apr-2009,0.16,NaN,0.135,0.5,NaN,NaN,1.25,NaN,NaN,0.1,NaN,0.11
27-Apr-2009,0.17,NaN,0.175,0.5,NaN,NaN,1.25,NaN,NaN,0.1,NaN,0.118
28-Apr-2009,0.16,NaN,0.135,0.5,NaN,NaN,1.25,NaN,NaN,0.1,NaN,0.123
29-Apr-2009,0.18,NaN,0.13,0.5,NaN,NaN,1.25,NaN,NaN,0.1,NaN,0.123
30-Apr-2009,0.2,NaN,0.195,0.5,NaN,NaN,1.25,NaN,NaN,0.1,NaN,0.12
01-May-2009,0.22,NaN,0.26,0.5,NaN,NaN,1.25,NaN,NaN,0.1,NaN,0.11
04-May-2009,0.22,NaN,0.255,0.5,NaN,NaN,1.25,NaN,NaN,0.1,NaN,0.11
05-May-2009,0.2,NaN,0.235,0.5,NaN,NaN,1.25,NaN,NaN,0.1,NaN,0.11
06-May-2009,0.18,NaN,0.2,0.5,NaN,NaN,1.25,NaN,NaN,0.1,NaN,0.11
07-May-2009,0.18,NaN,0.23,0.5,NaN,NaN,1,NaN,NaN,0.1,NaN,0.113
08-May-2009,0.17,NaN,0.18,0.5,NaN,NaN,1,NaN,NaN,0.1,NaN,0.109
11-May-2009,0.17,NaN,0.195,0.5,NaN,NaN,1,NaN,NaN,0.1,NaN,0.105
12-May-2009,0.16,NaN,0.18,0.5,NaN,NaN,1,NaN,NaN,0.1,NaN,0.103
13-May-2009,0.16,NaN,0.205,0.5,NaN,NaN,1,NaN,NaN,0.1,NaN,0.104
14-May-2009,0.16,NaN,0.175,0.5,NaN,NaN,1,NaN,NaN,0.1,NaN,0.105
15-May-2009,0.17,NaN,0.255,0.5,NaN,NaN,1,NaN,NaN,0.1,NaN,0.111
18-May-2009,0.16,NaN,0.225,0.5,NaN,NaN,1,NaN,NaN,0.1,NaN,0.115
19-May-2009,0.15,NaN,0.18,0.5,NaN,NaN,1,NaN,NaN,0.1,NaN,0.118
20-May-2009,0.14,NaN,0.195,0.5,NaN,NaN,1,NaN,NaN,0.1,NaN,0.114
21-May-2009,0.17,NaN,0.215,0.5,NaN,NaN,1,NaN,NaN,0.1,NaN,0.113
22-May-2009,0.17,NaN,0.19,0.5,NaN,NaN,1,NaN,NaN,0.1,NaN,0.113
25-May-2009,0.17,NaN,0.19,0.5,NaN,NaN,1,NaN,NaN,0.1,NaN,0.118
26-May-2009,0.18,NaN,0.165,0.5,NaN,NaN,1,NaN,NaN,0.1,NaN,0.116
27-May-2009,0.17,NaN,0.2,0.5,NaN,NaN,1,NaN,NaN,0.1,NaN,0.117
28-May-2009,0.17,NaN,0.21,0.5,NaN,NaN,1,NaN,NaN,0.1,NaN,0.12
29-May-2009,0.19,NaN,0.205,0.5,NaN,NaN,1,NaN,NaN,0.1,NaN,0.122
01-Jun-2009,0.21,NaN,0.24,0.5,NaN,NaN,1,NaN,NaN,0.1,NaN,0.127
02-Jun-2009,0.2,NaN,0.255,0.5,NaN,NaN,1,NaN,NaN,0.1,NaN,0.128
03-Jun-2009,0.21,NaN,0.195,0.5,NaN,NaN,1,NaN,NaN,0.1,NaN,0.121
04-Jun-2009,0.2,NaN,0.26,0.5,NaN,NaN,1,NaN,NaN,0.1,NaN,0.114
05-Jun-2009,0.21,NaN,0.26,0.5,NaN,NaN,1,NaN,NaN,0.1,NaN,0.11
08-Jun-2009,0.21,NaN,0.245,0.5,NaN,NaN,1,NaN,NaN,0.1,NaN,0.113
09-Jun-2009,0.18,NaN,0.195,0.5,NaN,NaN,1,NaN,NaN,0.1,NaN,0.124
10-Jun-2009,0.18,NaN,0.22,0.5,NaN,NaN,1,NaN,NaN,0.1,NaN,0.125
11-Jun-2009,0.17,NaN,0.22,0.5,NaN,NaN,1,NaN,NaN,0.1,NaN,0.114
12-Jun-2009,0.17,NaN,0.23,0.5,NaN,NaN,1,NaN,NaN,0.1,NaN,0.113
15-Jun-2009,0.22,NaN,0.265,0.5,NaN,NaN,1,NaN,NaN,0.1,NaN,0.123
16-Jun-2009,0.22,NaN,0.225,0.5,NaN,NaN,1,NaN,NaN,0.1,NaN,0.118
17-Jun-2009,0.24,NaN,0.28,0.5,NaN,NaN,1,NaN,NaN,0.1,NaN,0.113
18-Jun-2009,0.25,NaN,0.3,0.5,NaN,NaN,1,NaN,NaN,0.1,NaN,0.109
19-Jun-2009,0.25,NaN,0.3,0.5,NaN,NaN,1,NaN,NaN,0.1,NaN,0.109
22-Jun-2009,0.24,NaN,0.275,0.5,NaN,NaN,1,NaN,NaN,0.1,NaN,0.109
23-Jun-2009,0.24,NaN,0.235,0.5,NaN,NaN,1,NaN,NaN,0.1,NaN,0.109
24-Jun-2009,0.21,NaN,0.22,0.5,NaN,NaN,1,NaN,NaN,0.1,NaN,0.11
25-Jun-2009,0.19,NaN,0.125,0.5,NaN,NaN,1,NaN,NaN,0.1,NaN,0.125
26-Jun-2009,0.18,NaN,0.14,0.5,NaN,NaN,1,NaN,NaN,0.1,NaN,0.125
29-Jun-2009,0.17,NaN,0.11,0.5,NaN,NaN,1,NaN,NaN,0.1,NaN,0.128
30-Jun-2009,0.22,NaN,0.06,0.5,NaN,NaN,1,NaN,NaN,0.1,NaN,0.173
01-Jul-2009,0.2,NaN,0.205,0.5,NaN,NaN,1,NaN,NaN,0.1,NaN,0.112
02-Jul-2009,0.17,NaN,0.23,0.5,NaN,NaN,1,NaN,NaN,0.1,NaN,0.109
03-Jul-2009,0.16,NaN,0.23,0.5,NaN,NaN,1,NaN,NaN,0.1,NaN,0.108
06-Jul-2009,0.18,NaN,0.22,0.5,NaN,NaN,1,NaN,NaN,0.1,NaN,0.108
07-Jul-2009,0.18,NaN,0.21,0.5,NaN,NaN,1,NaN,NaN,0.1,NaN,0.106
08-Jul-2009,0.16,NaN,0.19,0.5,NaN,NaN,1,NaN,NaN,0.1,NaN,0.105
09-Jul-2009,0.15,NaN,0.19,0.5,NaN,NaN,1,NaN,NaN,0.1,NaN,0.105
10-Jul-2009,0.15,NaN,0.125,0.5,NaN,NaN,1,NaN,NaN,0.1,NaN,0.109
13-Jul-2009,0.13,NaN,0.14,0.5,NaN,NaN,1,NaN,NaN,0.1,NaN,0.121
14-Jul-2009,0.13,NaN,0.16,0.5,NaN,NaN,1,NaN,NaN,0.1,NaN,0.112
15-Jul-2009,0.14,NaN,0.205,0.5,NaN,NaN,1,NaN,NaN,0.1,NaN,0.113
16-Jul-2009,0.15,NaN,0.18,0.5,NaN,NaN,1,NaN,NaN,0.1,NaN,0.112
17-Jul-2009,0.15,NaN,0.15,0.5,NaN,NaN,1,NaN,NaN,0.1,NaN,0.112
20-Jul-2009,0.15,NaN,0.165,0.5,NaN,NaN,1,NaN,NaN,0.1,NaN,0.112
21-Jul-2009,0.14,NaN,0.155,0.5,NaN,NaN,1,NaN,NaN,0.1,NaN,0.116
22-Jul-2009,0.14,NaN,0.16,0.5,NaN,NaN,1,NaN,NaN,0.1,NaN,0.113
23-Jul-2009,0.15,NaN,0.15,0.5,NaN,NaN,1,NaN,NaN,0.1,NaN,0.11
24-Jul-2009,0.15,NaN,0.185,0.5,NaN,NaN,1,NaN,NaN,0.1,NaN,0.111
27-Jul-2009,0.16,NaN,0.185,0.5,NaN,NaN,1,NaN,NaN,0.1,NaN,0.109
28-Jul-2009,0.15,NaN,0.155,0.5,NaN,NaN,1,NaN,NaN,0.1,NaN,0.11
29-Jul-2009,0.17,NaN,0.225,0.5,NaN,NaN,1,NaN,NaN,0.1,NaN,0.108
30-Jul-2009,0.17,NaN,0.175,0.5,NaN,NaN,1,NaN,NaN,0.1,NaN,0.109
31-Jul-2009,0.18,NaN,0.255,0.5,NaN,NaN,1,NaN,NaN,0.1,NaN,0.11
03-Aug-2009,0.18,NaN,0.205,0.5,NaN,NaN,1,NaN,NaN,0.1,NaN,0.111
04-Aug-2009,0.17,NaN,0.225,0.5,NaN,NaN,1,NaN,NaN,0.1,NaN,0.109
05-Aug-2009,0.17,NaN,0.195,0.5,NaN,NaN,1,NaN,NaN,0.1,NaN,0.107
06-Aug-2009,0.17,NaN,0.17,0.5,NaN,NaN,1,NaN,NaN,0.1,NaN,0.107
07-Aug-2009,0.17,NaN,0.17,0.5,NaN,NaN,1,NaN,NaN,0.1,NaN,0.106
10-Aug-2009,0.17,NaN,0.165,0.5,NaN,NaN,1,NaN,NaN,0.1,NaN,0.108
11-Aug-2009,0.16,NaN,0.14,0.5,NaN,NaN,1,NaN,NaN,0.1,NaN,0.12
12-Aug-2009,0.15,NaN,0.14,0.5,NaN,NaN,1,NaN,NaN,0.1,NaN,0.122
13-Aug-2009,0.15,NaN,0.15,0.5,NaN,NaN,1,NaN,NaN,0.1,NaN,0.11
14-Aug-2009,0.15,NaN,0.145,0.5,NaN,NaN,1,NaN,NaN,0.1,NaN,0.126
17-Aug-2009,0.17,NaN,0.22,0.5,NaN,NaN,1,NaN,NaN,0.1,NaN,0.131
18-Aug-2009,0.17,NaN,0.185,0.5,NaN,NaN,1,NaN,NaN,0.1,NaN,0.119
19-Aug-2009,0.17,NaN,0.18,0.5,NaN,NaN,1,NaN,NaN,0.1,NaN,0.116
20-Aug-2009,0.17,NaN,0.185,0.5,NaN,NaN,1,NaN,NaN,0.1,NaN,0.114
21-Aug-2009,0.16,NaN,0.185,0.5,NaN,NaN,1,NaN,NaN,0.1,NaN,0.111
24-Aug-2009,0.16,NaN,0.185,0.5,NaN,NaN,1,NaN,NaN,0.1,NaN,0.129
25-Aug-2009,0.15,NaN,0.14,0.5,NaN,NaN,1,NaN,NaN,0.1,NaN,0.126
26-Aug-2009,0.15,NaN,0.135,0.5,NaN,NaN,1,NaN,NaN,0.1,NaN,0.118
27-Aug-2009,0.14,NaN,0.14,0.5,NaN,NaN,1,NaN,NaN,0.1,NaN,0.118
28-Aug-2009,0.14,NaN,0.14,0.5,NaN,NaN,1,NaN,NaN,0.1,NaN,0.115
31-Aug-2009,0.15,NaN,0.14,0.5,NaN,NaN,1,NaN,NaN,0.1,NaN,0.136
01-Sep-2009,0.15,NaN,0.23,0.5,NaN,NaN,1,NaN,NaN,0.1,NaN,0.128
02-Sep-2009,0.16,NaN,0.17,0.5,NaN,NaN,1,NaN,NaN,0.1,NaN,0.126
03-Sep-2009,0.15,NaN,0.205,0.5,NaN,NaN,1,NaN,NaN,0.1,NaN,0.113
04-Sep-2009,0.15,NaN,0.18,0.5,NaN,NaN,1,NaN,NaN,0.1,NaN,0.109
07-Sep-2009,0.15,NaN,0.18,0.5,NaN,NaN,1,NaN,NaN,0.1,NaN,0.108
08-Sep-2009,0.15,NaN,0.2,0.5,NaN,NaN,1,NaN,NaN,0.1,NaN,0.107
09-Sep-2009,0.15,NaN,0.175,0.5,NaN,NaN,1,NaN,NaN,0.1,NaN,0.107
10-Sep-2009,0.16,NaN,0.165,0.5,NaN,NaN,1,NaN,NaN,0.1,NaN,0.107
11-Sep-2009,0.15,NaN,0.155,0.5,NaN,NaN,1,NaN,NaN,0.1,NaN,0.107
14-Sep-2009,0.16,NaN,0.12,0.5,NaN,NaN,1,NaN,NaN,0.1,NaN,0.123
15-Sep-2009,0.17,NaN,0.195,0.5,NaN,NaN,1,NaN,NaN,0.1,NaN,0.126
16-Sep-2009,0.17,NaN,0.18,0.5,NaN,NaN,1,NaN,NaN,0.1,NaN,0.111
17-Sep-2009,0.16,NaN,0.18,0.5,NaN,NaN,1,NaN,NaN,0.1,NaN,0.115
18-Sep-2009,0.16,NaN,0.18,0.5,NaN,NaN,1,NaN,NaN,0.1,NaN,0.117
21-Sep-2009,0.15,NaN,0.105,0.5,NaN,NaN,1,NaN,NaN,0.1,NaN,0.117
22-Sep-2009,0.15,NaN,0.06,0.5,NaN,NaN,1,NaN,NaN,0.1,NaN,0.117
23-Sep-2009,0.15,NaN,0.095,0.5,NaN,NaN,1,NaN,NaN,0.1,NaN,0.117
24-Sep-2009,0.14,NaN,0.15,0.5,NaN,NaN,1,NaN,NaN,0.1,NaN,0.154
25-Sep-2009,0.13,NaN,0.125,0.5,NaN,NaN,1,NaN,NaN,0.1,NaN,0.124
28-Sep-2009,0.13,NaN,0.06,0.5,NaN,NaN,1,NaN,NaN,0.1,NaN,0.112
29-Sep-2009,0.11,NaN,0.065,0.5,NaN,NaN,1,NaN,NaN,0.1,NaN,0.11
30-Sep-2009,0.07,NaN,0.06,0.5,NaN,NaN,1,NaN,NaN,0.1,NaN,0.109
01-Oct-2009,0.11,NaN,0.09,0.5,NaN,NaN,1,NaN,NaN,0.1,NaN,0.108
02-Oct-2009,0.13,NaN,0.115,0.5,NaN,NaN,1,NaN,NaN,0.1,NaN,0.109
05-Oct-2009,0.13,NaN,0.11,0.5,NaN,NaN,1,NaN,NaN,0.1,NaN,0.118
06-Oct-2009,0.12,NaN,0.11,0.5,NaN,NaN,1,NaN,NaN,0.1,NaN,0.115
07-Oct-2009,0.13,NaN,0.095,0.5,NaN,NaN,1,NaN,NaN,0.1,NaN,0.112
08-Oct-2009,0.12,NaN,0.09,0.5,NaN,NaN,1,NaN,NaN,0.1,NaN,0.111
09-Oct-2009,0.12,NaN,0.08,0.5,NaN,NaN,1,NaN,NaN,0.1,NaN,0.11
12-Oct-2009,0.12,NaN,0.08,0.5,NaN,NaN,1,NaN,NaN,0.1,NaN,0.11
13-Oct-2009,0.12,NaN,0.095,0.5,NaN,NaN,1,NaN,NaN,0.1,NaN,0.116
14-Oct-2009,0.12,NaN,0.135,0.5,NaN,NaN,1,NaN,NaN,0.1,NaN,0.112
15-Oct-2009,0.13,NaN,0.15,0.5,NaN,NaN,1,NaN,NaN,0.1,NaN,0.111
16-Oct-2009,0.12,NaN,0.105,0.5,NaN,NaN,1,NaN,NaN,0.1,NaN,0.11
19-Oct-2009,0.12,NaN,0.13,0.5,NaN,NaN,1,NaN,NaN,0.1,NaN,0.119
20-Oct-2009,0.12,NaN,0.085,0.5,NaN,NaN,1,NaN,NaN,0.1,NaN,0.111
21-Oct-2009,0.11,NaN,0.075,0.5,NaN,NaN,1,NaN,NaN,0.1,NaN,0.111
22-Oct-2009,0.11,NaN,0.075,0.5,NaN,NaN,1,NaN,NaN,0.1,NaN,0.113
23-Oct-2009,0.11,NaN,0.05,0.5,NaN,NaN,1,NaN,NaN,0.1,NaN,0.123
26-Oct-2009,0.11,NaN,0.045,0.5,NaN,NaN,1,NaN,NaN,0.1,NaN,0.118
27-Oct-2009,0.11,NaN,0.04,0.5,NaN,NaN,1,NaN,NaN,0.1,NaN,0.117
28-Oct-2009,0.11,NaN,0.095,0.5,NaN,NaN,1,NaN,NaN,0.1,NaN,0.117
29-Oct-2009,0.11,NaN,0.1,0.5,NaN,NaN,1,NaN,NaN,0.1,NaN,0.117
30-Oct-2009,0.11,NaN,0.055,0.5,NaN,NaN,1,NaN,NaN,0.1,NaN,0.127
02-Nov-2009,0.12,NaN,0.13,0.5,NaN,NaN,1,NaN,NaN,0.1,NaN,0.122
03-Nov-2009,0.12,NaN,0.12,0.5,NaN,NaN,1,NaN,NaN,0.1,NaN,0.122
04-Nov-2009,0.13,NaN,0.13,0.5,NaN,NaN,1,NaN,NaN,0.1,NaN,0.116
05-Nov-2009,0.13,NaN,0.115,0.5,NaN,NaN,1,NaN,NaN,0.1,NaN,0.114
06-Nov-2009,0.12,NaN,0.13,0.5,NaN,NaN,1,NaN,NaN,0.1,NaN,0.114
09-Nov-2009,0.12,NaN,0.13,0.5,NaN,NaN,1,NaN,NaN,0.1,NaN,0.115
10-Nov-2009,0.13,NaN,0.09,0.5,NaN,NaN,1,NaN,NaN,0.1,NaN,0.117
11-Nov-2009,0.13,NaN,0.09,0.5,NaN,NaN,1,NaN,NaN,0.1,NaN,0.116
12-Nov-2009,0.12,NaN,0.09,0.5,NaN,NaN,1,NaN,NaN,0.1,NaN,0.114
13-Nov-2009,0.12,NaN,0.065,0.5,NaN,NaN,1,NaN,NaN,0.1,NaN,0.114
16-Nov-2009,0.12,NaN,0.11,0.5,NaN,NaN,1,NaN,NaN,0.1,NaN,0.119
17-Nov-2009,0.12,NaN,0.075,0.5,NaN,NaN,1,NaN,NaN,0.1,NaN,0.114
18-Nov-2009,0.11,NaN,0.065,0.5,NaN,NaN,1,NaN,NaN,0.1,NaN,0.112
19-Nov-2009,0.11,NaN,0.085,0.5,NaN,NaN,1,NaN,NaN,0.1,NaN,0.112
20-Nov-2009,0.11,NaN,0.09,0.5,NaN,NaN,1,NaN,NaN,0.1,NaN,0.114
23-Nov-2009,0.12,NaN,0.105,0.5,NaN,NaN,1,NaN,NaN,0.1,NaN,0.114
24-Nov-2009,0.12,NaN,0.095,0.5,NaN,NaN,1,NaN,NaN,0.1,NaN,0.134
25-Nov-2009,0.11,NaN,0.13,0.5,NaN,NaN,1,NaN,NaN,0.1,NaN,0.137
26-Nov-2009,0.11,NaN,0.13,0.5,NaN,NaN,1,NaN,NaN,0.1,NaN,0.127
27-Nov-2009,0.12,NaN,0.175,0.5,NaN,NaN,1,NaN,NaN,0.1,NaN,0.129
30-Nov-2009,0.13,NaN,0.185,0.5,NaN,NaN,1,NaN,NaN,0.1,NaN,0.165
01-Dec-2009,0.13,NaN,0.165,0.5,NaN,NaN,1,NaN,NaN,0.1,NaN,0.123
02-Dec-2009,0.13,NaN,0.135,0.5,NaN,NaN,1,NaN,NaN,0.1,NaN,0.104
03-Dec-2009,0.13,NaN,0.15,0.5,NaN,NaN,1,NaN,NaN,0.1,NaN,0.103
04-Dec-2009,0.12,NaN,0.16,0.5,NaN,NaN,1,NaN,NaN,0.1,NaN,0.108
07-Dec-2009,0.12,NaN,0.095,0.5,NaN,NaN,1,NaN,NaN,0.1,NaN,0.123
08-Dec-2009,0.12,NaN,0.065,0.5,NaN,NaN,1,NaN,NaN,0.1,NaN,0.11
09-Dec-2009,0.12,NaN,0.1,0.5,NaN,NaN,1,NaN,NaN,0.1,NaN,0.109
10-Dec-2009,0.12,NaN,0.17,0.5,NaN,NaN,1,NaN,NaN,0.1,NaN,0.108
11-Dec-2009,0.12,NaN,0.14,0.5,NaN,NaN,1,NaN,NaN,0.1,NaN,0.106
14-Dec-2009,0.12,NaN,0.16,0.5,NaN,NaN,1,NaN,NaN,0.1,NaN,0.105
15-Dec-2009,0.13,NaN,0.21,0.5,NaN,NaN,1,NaN,NaN,0.1,NaN,0.106
16-Dec-2009,0.14,NaN,0.165,0.5,NaN,NaN,1,NaN,NaN,0.1,NaN,0.113
17-Dec-2009,0.13,NaN,0.14,0.5,NaN,NaN,1,NaN,NaN,0.1,NaN,0.106
18-Dec-2009,0.12,NaN,0.17,0.5,NaN,NaN,1,NaN,NaN,0.1,NaN,0.105
21-Dec-2009,0.12,NaN,0.16,0.5,NaN,NaN,1,NaN,NaN,0.1,NaN,0.105
22-Dec-2009,0.12,NaN,0.15,0.5,NaN,NaN,1,NaN,NaN,0.1,NaN,0.105
23-Dec-2009,0.11,NaN,0.05,0.5,NaN,NaN,1,NaN,NaN,0.1,NaN,0.105
24-Dec-2009,0.11,NaN,0.08,0.5,NaN,NaN,1,NaN,NaN,0.1,NaN,0.107
25-Dec-2009,0.11,NaN,0.08,0.5,NaN,NaN,1,NaN,NaN,0.1,NaN,0.112
28-Dec-2009,0.12,NaN,0.07,0.5,NaN,NaN,1,NaN,NaN,0.1,NaN,0.118
29-Dec-2009,0.12,NaN,0.06,0.5,NaN,NaN,1,NaN,NaN,0.1,NaN,0.104
30-Dec-2009,0.11,NaN,0.045,0.5,NaN,NaN,1,NaN,NaN,0.1,NaN,0.103
31-Dec-2009,0.05,NaN,0.05,0.5,NaN,NaN,1,NaN,NaN,0.1,NaN,0.103
01-Jan-2010,0.05,NaN,0.05,0.5,NaN,NaN,1,NaN,NaN,0.1,NaN,0.103
04-Jan-2010,0.12,NaN,0.12,0.5,NaN,NaN,1,NaN,NaN,0.1,NaN,0.103
05-Jan-2010,0.12,NaN,0.09,0.5,NaN,NaN,1,NaN,NaN,0.1,NaN,0.103
06-Jan-2010,0.12,NaN,0.055,0.5,NaN,NaN,1,NaN,NaN,0.1,NaN,0.104
07-Jan-2010,0.1,NaN,0.065,0.5,NaN,NaN,1,NaN,NaN,0.1,NaN,0.106
08-Jan-2010,0.11,NaN,0.06,0.5,NaN,NaN,1,NaN,NaN,0.1,NaN,0.104
11-Jan-2010,0.11,NaN,0.05,0.5,NaN,NaN,1,NaN,NaN,0.1,NaN,0.104
12-Jan-2010,0.11,NaN,0.03,0.5,NaN,NaN,1,NaN,NaN,0.1,NaN,0.104
13-Jan-2010,0.11,NaN,0.05,0.5,NaN,NaN,1,NaN,NaN,0.1,NaN,0.103
14-Jan-2010,0.11,NaN,0.085,0.5,NaN,NaN,1,NaN,NaN,0.1,NaN,0.102
15-Jan-2010,0.12,NaN,0.12,0.5,NaN,NaN,1,NaN,NaN,0.1,NaN,0.102
18-Jan-2010,0.12,NaN,0.12,0.5,NaN,NaN,1,NaN,NaN,0.1,NaN,0.103
19-Jan-2010,0.13,NaN,0.145,0.5,NaN,NaN,1,NaN,NaN,0.1,NaN,0.102
20-Jan-2010,0.13,NaN,0.12,0.5,NaN,NaN,1,NaN,NaN,0.1,NaN,0.103
21-Jan-2010,0.12,NaN,0.125,0.5,NaN,NaN,1,NaN,NaN,0.1,NaN,0.103
22-Jan-2010,0.11,NaN,0.125,0.5,NaN,NaN,1,NaN,NaN,0.1,NaN,0.102
25-Jan-2010,0.12,NaN,0.11,0.5,NaN,NaN,1,NaN,NaN,0.1,NaN,0.103
26-Jan-2010,0.12,NaN,0.1,0.5,NaN,NaN,1,NaN,NaN,0.1,NaN,0.103
27-Jan-2010,0.12,NaN,0.115,0.5,NaN,NaN,1,NaN,NaN,0.1,NaN,0.103
28-Jan-2010,0.12,NaN,0.13,0.5,NaN,NaN,1,NaN,NaN,0.1,NaN,0.103
29-Jan-2010,0.12,NaN,0.13,0.5,NaN,NaN,1,NaN,NaN,0.1,NaN,0.103
01-Feb-2010,0.14,NaN,0.165,0.5,NaN,NaN,1,NaN,NaN,0.1,NaN,0.103
02-Feb-2010,0.14,NaN,0.165,0.5,NaN,NaN,1,NaN,NaN,0.1,NaN,0.103
03-Feb-2010,0.13,NaN,0.12,0.5,NaN,NaN,1,NaN,NaN,0.1,NaN,0.103
04-Feb-2010,0.14,NaN,0.12,0.5,NaN,NaN,1,NaN,NaN,0.1,NaN,0.106
05-Feb-2010,0.13,NaN,0.1,0.5,NaN,NaN,1,NaN,NaN,0.1,NaN,0.122
08-Feb-2010,0.13,NaN,0.12,0.5,NaN,NaN,1,NaN,NaN,0.1,NaN,0.119
09-Feb-2010,0.13,NaN,0.105,0.5,NaN,NaN,1,NaN,NaN,0.1,NaN,0.113
10-Feb-2010,0.12,NaN,0.095,0.5,NaN,NaN,1,NaN,NaN,0.1,NaN,0.112
11-Feb-2010,0.12,NaN,0.125,0.5,NaN,NaN,1,NaN,NaN,0.1,NaN,0.112
12-Feb-2010,0.12,NaN,0.125,0.5,NaN,NaN,1,NaN,NaN,0.1,NaN,0.11
15-Feb-2010,0.12,NaN,0.125,0.5,NaN,NaN,1,NaN,NaN,0.1,NaN,0.11
16-Feb-2010,0.13,NaN,0.135,0.5,NaN,NaN,1,NaN,NaN,0.1,NaN,0.107
17-Feb-2010,0.12,NaN,0.125,0.5,NaN,NaN,1,NaN,NaN,0.1,NaN,0.104
18-Feb-2010,0.12,NaN,0.135,0.5,NaN,NaN,1,NaN,NaN,0.1,NaN,0.104
19-Feb-2010,0.13,NaN,0.145,0.5,NaN,NaN,1,NaN,NaN,0.1,NaN,0.104
22-Feb-2010,0.12,NaN,0.115,0.5,NaN,NaN,1,NaN,NaN,0.1,NaN,0.11
23-Feb-2010,0.12,NaN,0.095,0.5,NaN,NaN,1,NaN,NaN,0.1,NaN,0.11
24-Feb-2010,0.11,NaN,0.12,0.5,NaN,NaN,1,NaN,NaN,0.1,NaN,0.114
25-Feb-2010,0.12,NaN,0.155,0.5,NaN,NaN,1,NaN,NaN,0.1,NaN,0.114
26-Feb-2010,0.13,NaN,0.13,0.5,NaN,NaN,1,NaN,NaN,0.1,NaN,0.117
01-Mar-2010,0.14,NaN,0.18,0.5,NaN,NaN,1,NaN,NaN,0.1,NaN,0.105
02-Mar-2010,0.14,NaN,0.15,0.5,NaN,NaN,1,NaN,NaN,0.1,NaN,0.104
03-Mar-2010,0.15,NaN,0.17,0.5,NaN,NaN,1,NaN,NaN,0.1,NaN,0.102
04-Mar-2010,0.16,NaN,0.17,0.5,NaN,NaN,1,NaN,NaN,0.1,NaN,0.101
05-Mar-2010,0.17,NaN,0.19,0.5,NaN,NaN,1,NaN,NaN,0.1,NaN,0.101
08-Mar-2010,0.15,NaN,0.15,0.5,NaN,NaN,1,NaN,NaN,0.1,NaN,0.101
09-Mar-2010,0.14,NaN,0.12,0.5,NaN,NaN,1,NaN,NaN,0.1,NaN,0.102
10-Mar-2010,0.14,NaN,0.135,0.5,NaN,NaN,1,NaN,NaN,0.1,NaN,0.104
11-Mar-2010,0.15,NaN,0.13,0.5,NaN,NaN,1,NaN,NaN,0.1,NaN,0.103
12-Mar-2010,0.17,NaN,0.15,0.5,NaN,NaN,1,NaN,NaN,0.1,NaN,0.103
15-Mar-2010,0.2,NaN,0.26,0.5,NaN,NaN,1,NaN,NaN,0.1,NaN,0.104
16-Mar-2010,0.2,NaN,0.2,0.5,NaN,NaN,1,NaN,NaN,0.1,NaN,0.105
17-Mar-2010,0.18,NaN,0.185,0.5,NaN,NaN,1,NaN,NaN,0.1,NaN,0.104
18-Mar-2010,0.18,NaN,0.21,0.5,NaN,NaN,1,NaN,NaN,0.1,NaN,0.105
19-Mar-2010,0.18,NaN,0.205,0.5,NaN,NaN,1,NaN,NaN,0.1,NaN,0.105
22-Mar-2010,0.18,NaN,0.195,0.5,NaN,NaN,1,NaN,NaN,0.1,NaN,0.105
23-Mar-2010,0.17,NaN,0.17,0.5,NaN,NaN,1,NaN,NaN,0.1,NaN,0.104
24-Mar-2010,0.17,NaN,0.155,0.5,NaN,NaN,1,NaN,NaN,0.1,NaN,0.104
25-Mar-2010,0.17,NaN,0.175,0.5,NaN,NaN,1,NaN,NaN,0.1,NaN,0.105
26-Mar-2010,0.17,NaN,0.16,0.5,NaN,NaN,1,NaN,NaN,0.1,NaN,0.105
29-Mar-2010,0.16,NaN,0.14,0.5,NaN,NaN,1,NaN,NaN,0.1,NaN,0.104
30-Mar-2010,0.16,NaN,0.155,0.5,NaN,NaN,1,NaN,NaN,0.1,NaN,0.104
31-Mar-2010,0.09,NaN,0.1,0.5,NaN,NaN,1,NaN,NaN,0.1,NaN,0.102
01-Apr-2010,0.17,NaN,0.19,0.5,NaN,NaN,1,NaN,NaN,0.1,NaN,0.103
02-Apr-2010,0.2,NaN,0.18,0.5,NaN,NaN,1,NaN,NaN,0.1,NaN,0.103
05-Apr-2010,0.2,NaN,0.205,0.5,NaN,NaN,1,NaN,NaN,0.1,NaN,0.105
06-Apr-2010,0.2,NaN,0.19,0.5,NaN,NaN,1,NaN,NaN,0.1,NaN,0.109
07-Apr-2010,0.19,NaN,0.19,0.5,NaN,NaN,1,NaN,NaN,0.1,NaN,0.109
08-Apr-2010,0.19,NaN,0.205,0.5,NaN,NaN,1,NaN,NaN,0.1,NaN,0.108
09-Apr-2010,0.19,NaN,0.195,0.5,NaN,NaN,1,NaN,NaN,0.1,NaN,0.111
12-Apr-2010,0.19,NaN,0.21,0.5,NaN,NaN,1,NaN,NaN,0.1,NaN,0.121
13-Apr-2010,0.2,NaN,0.195,0.5,NaN,NaN,1,NaN,NaN,0.1,NaN,0.116
14-Apr-2010,0.2,NaN,0.22,0.5,NaN,NaN,1,NaN,NaN,0.1,NaN,0.106
15-Apr-2010,0.22,NaN,0.24,0.5,NaN,NaN,1,NaN,NaN,0.1,NaN,0.106
16-Apr-2010,0.21,NaN,0.225,0.5,NaN,NaN,1,NaN,NaN,0.1,NaN,0.113
19-Apr-2010,0.2,NaN,0.195,0.5,NaN,NaN,1,NaN,NaN,0.1,NaN,0.107
20-Apr-2010,0.2,NaN,0.185,0.5,NaN,NaN,1,NaN,NaN,0.1,NaN,0.109
21-Apr-2010,0.2,NaN,0.185,0.5,NaN,NaN,1,NaN,NaN,0.1,NaN,0.112
22-Apr-2010,0.2,NaN,0.2,0.5,NaN,NaN,1,NaN,NaN,0.1,NaN,0.11
23-Apr-2010,0.2,NaN,0.21,0.5,NaN,NaN,1,NaN,NaN,0.1,NaN,0.108
26-Apr-2010,0.2,NaN,0.185,0.5,NaN,NaN,1,NaN,NaN,0.1,NaN,0.106
27-Apr-2010,0.2,NaN,0.195,0.5,NaN,NaN,1,NaN,NaN,0.1,NaN,0.105
28-Apr-2010,0.2,NaN,0.16,0.5,NaN,NaN,1,NaN,NaN,0.1,NaN,0.105
29-Apr-2010,0.19,NaN,0.17,0.5,NaN,NaN,1,NaN,NaN,0.1,NaN,0.105
30-Apr-2010,0.2,NaN,0.17,0.5,NaN,NaN,1,NaN,NaN,0.1,NaN,0.12
03-May-2010,0.2,NaN,0.22,0.5,NaN,NaN,1,NaN,NaN,0.1,NaN,0.12
04-May-2010,0.21,NaN,0.205,0.5,NaN,NaN,1,NaN,NaN,0.1,NaN,0.12
05-May-2010,0.21,NaN,0.195,0.5,NaN,NaN,1,NaN,NaN,0.1,NaN,0.12
06-May-2010,0.2,NaN,0.205,0.5,NaN,NaN,1,NaN,NaN,0.1,NaN,0.119
07-May-2010,0.2,NaN,0.215,0.5,NaN,NaN,1,NaN,NaN,0.1,NaN,0.108
10-May-2010,0.2,NaN,0.2,0.5,NaN,NaN,1,NaN,NaN,0.1,NaN,0.103
11-May-2010,0.2,NaN,0.2,0.5,NaN,NaN,1,NaN,NaN,0.1,NaN,0.101
12-May-2010,0.2,NaN,0.21,0.5,NaN,NaN,1,NaN,NaN,0.1,NaN,0.101
13-May-2010,0.2,NaN,0.225,0.5,NaN,NaN,1,NaN,NaN,0.1,NaN,0.101
14-May-2010,0.2,NaN,0.23,0.5,NaN,NaN,1,NaN,NaN,0.1,NaN,0.104
17-May-2010,0.21,NaN,0.265,0.5,NaN,NaN,1,NaN,NaN,0.1,NaN,0.103
18-May-2010,0.21,NaN,0.26,0.5,NaN,NaN,1,NaN,NaN,0.1,NaN,0.102
19-May-2010,0.2,NaN,0.235,0.5,NaN,NaN,1,NaN,NaN,0.1,NaN,0.102
20-May-2010,0.2,NaN,0.245,0.5,NaN,NaN,1,NaN,NaN,0.1,NaN,0.103
21-May-2010,0.2,NaN,0.215,0.5,NaN,NaN,1,NaN,NaN,0.1,NaN,0.103
24-May-2010,0.21,NaN,0.22,0.5,NaN,NaN,1,NaN,NaN,0.1,NaN,0.105
25-May-2010,0.21,NaN,0.21,0.5,NaN,NaN,1,NaN,NaN,0.1,NaN,0.106
26-May-2010,0.2,NaN,0.22,0.5,NaN,NaN,1,NaN,NaN,0.1,NaN,0.108
27-May-2010,0.2,NaN,0.23,0.5,NaN,NaN,1,NaN,NaN,0.1,NaN,0.11
28-May-2010,0.19,NaN,0.205,0.5,NaN,NaN,1,NaN,NaN,0.1,NaN,0.112
31-May-2010,0.19,NaN,0.205,0.5,NaN,NaN,1,NaN,NaN,0.1,NaN,0.106
01-Jun-2010,0.2,NaN,0.245,0.5,NaN,NaN,1,NaN,NaN,0.1,NaN,0.103
02-Jun-2010,0.2,NaN,0.23,0.5,NaN,NaN,1,NaN,NaN,0.1,NaN,0.101
03-Jun-2010,0.19,NaN,0.235,0.5,NaN,NaN,1,NaN,NaN,0.1,NaN,0.101
04-Jun-2010,0.19,NaN,0.225,0.5,NaN,NaN,1,NaN,NaN,0.1,NaN,0.101
07-Jun-2010,0.19,NaN,0.215,0.5,NaN,NaN,1,NaN,NaN,0.1,NaN,0.102
08-Jun-2010,0.19,NaN,0.205,0.5,NaN,NaN,1,NaN,NaN,0.1,NaN,0.103
09-Jun-2010,0.18,NaN,0.19,0.5,NaN,NaN,1,NaN,NaN,0.1,NaN,0.104
10-Jun-2010,0.18,NaN,0.18,0.5,NaN,NaN,1,NaN,NaN,0.1,NaN,0.109
11-Jun-2010,0.18,NaN,0.17,0.5,NaN,NaN,1,NaN,NaN,0.1,NaN,0.111
14-Jun-2010,0.18,NaN,0.19,0.5,NaN,NaN,1,NaN,NaN,0.1,NaN,0.104
15-Jun-2010,0.19,NaN,0.22,0.5,NaN,NaN,1,NaN,NaN,0.1,NaN,0.105
16-Jun-2010,0.19,NaN,0.185,0.5,NaN,NaN,1,NaN,NaN,0.1,NaN,0.106
17-Jun-2010,0.19,NaN,0.21,0.5,NaN,NaN,1,NaN,NaN,0.1,NaN,0.107
18-Jun-2010,0.18,NaN,0.22,0.5,NaN,NaN,1,NaN,NaN,0.1,NaN,0.107
21-Jun-2010,0.17,NaN,0.22,0.5,NaN,NaN,1,NaN,NaN,0.1,NaN,0.108
22-Jun-2010,0.18,NaN,0.205,0.5,NaN,NaN,1,NaN,NaN,0.1,NaN,0.11
23-Jun-2010,0.17,NaN,0.165,0.5,NaN,NaN,1,NaN,NaN,0.1,NaN,0.109
24-Jun-2010,0.16,NaN,0.17,0.5,NaN,NaN,1,NaN,NaN,0.1,NaN,0.109
25-Jun-2010,0.16,NaN,0.195,0.5,NaN,NaN,1,NaN,NaN,0.1,NaN,0.109
28-Jun-2010,0.17,NaN,0.195,0.5,NaN,NaN,1,NaN,NaN,0.1,NaN,0.11
29-Jun-2010,0.15,NaN,0.185,0.5,NaN,NaN,1,NaN,NaN,0.1,NaN,0.107
30-Jun-2010,0.09,NaN,0.055,0.5,NaN,NaN,1,NaN,NaN,0.1,NaN,0.108
01-Jul-2010,0.17,NaN,0.26,0.5,NaN,NaN,1,NaN,NaN,0.1,NaN,0.105
02-Jul-2010,0.18,NaN,0.25,0.5,NaN,NaN,1,NaN,NaN,0.1,NaN,0.106
05-Jul-2010,0.18,NaN,0.25,0.5,NaN,NaN,1,NaN,NaN,0.1,NaN,0.109
06-Jul-2010,0.18,NaN,0.255,0.5,NaN,NaN,1,NaN,NaN,0.1,NaN,0.108
07-Jul-2010,0.18,NaN,0.215,0.5,NaN,NaN,1,NaN,NaN,0.1,NaN,0.11
08-Jul-2010,0.17,NaN,0.24,0.5,NaN,NaN,1,NaN,NaN,0.1,NaN,0.11
09-Jul-2010,0.18,NaN,0.22,0.5,NaN,NaN,1,NaN,NaN,0.1,NaN,0.116
12-Jul-2010,0.17,NaN,0.21,0.5,NaN,NaN,1,NaN,NaN,0.1,NaN,0.112
13-Jul-2010,0.17,NaN,0.185,0.5,NaN,NaN,1,NaN,NaN,0.1,NaN,0.105
14-Jul-2010,0.17,NaN,0.21,0.5,NaN,NaN,1,NaN,NaN,0.1,NaN,0.103
15-Jul-2010,0.19,NaN,0.275,0.5,NaN,NaN,1,NaN,NaN,0.1,NaN,0.104
16-Jul-2010,0.19,NaN,0.275,0.5,NaN,NaN,1,NaN,NaN,0.1,NaN,0.104
19-Jul-2010,0.19,NaN,0.225,0.5,NaN,NaN,1,NaN,NaN,0.1,NaN,0.104
20-Jul-2010,0.18,NaN,0.23,0.5,NaN,NaN,1,NaN,NaN,0.1,NaN,0.104
21-Jul-2010,0.18,NaN,0.22,0.5,NaN,NaN,1,NaN,NaN,0.1,NaN,0.102
22-Jul-2010,0.18,NaN,0.24,0.5,NaN,NaN,1,NaN,NaN,0.1,NaN,0.104
23-Jul-2010,0.19,NaN,0.23,0.5,NaN,NaN,1,NaN,NaN,0.1,NaN,0.105
26-Jul-2010,0.19,NaN,0.22,0.5,NaN,NaN,1,NaN,NaN,0.1,NaN,0.106
27-Jul-2010,0.19,NaN,0.205,0.5,NaN,NaN,1,NaN,NaN,0.1,NaN,0.106
28-Jul-2010,0.2,NaN,0.22,0.5,NaN,NaN,1,NaN,NaN,0.1,NaN,0.105
29-Jul-2010,0.19,NaN,0.225,0.5,NaN,NaN,1,NaN,NaN,0.1,NaN,0.105
30-Jul-2010,0.18,NaN,0.215,0.5,NaN,NaN,1,NaN,NaN,0.1,NaN,0.117
02-Aug-2010,0.19,NaN,0.27,0.5,NaN,NaN,1,NaN,NaN,0.1,NaN,0.105
03-Aug-2010,0.19,NaN,0.245,0.5,NaN,NaN,1,NaN,NaN,0.1,NaN,0.104
04-Aug-2010,0.19,NaN,0.235,0.5,NaN,NaN,1,NaN,NaN,0.1,NaN,0.105
05-Aug-2010,0.19,NaN,0.255,0.5,NaN,NaN,1,NaN,NaN,0.1,NaN,0.105
06-Aug-2010,0.18,NaN,0.235,0.5,NaN,NaN,1,NaN,NaN,0.1,NaN,0.105
09-Aug-2010,0.18,NaN,0.22,0.5,NaN,NaN,1,NaN,NaN,0.1,NaN,0.105
10-Aug-2010,0.18,NaN,0.21,0.5,NaN,NaN,1,NaN,NaN,0.1,NaN,0.109
11-Aug-2010,0.17,NaN,0.19,0.5,NaN,NaN,1,NaN,NaN,0.1,NaN,0.105
12-Aug-2010,0.18,NaN,0.225,0.5,NaN,NaN,1,NaN,NaN,0.1,NaN,0.105
13-Aug-2010,0.19,NaN,0.24,0.5,NaN,NaN,1,NaN,NaN,0.1,NaN,0.105
16-Aug-2010,0.2,NaN,0.295,0.5,NaN,NaN,1,NaN,NaN,0.1,NaN,0.11
17-Aug-2010,0.2,NaN,0.255,0.5,NaN,NaN,1,NaN,NaN,0.1,NaN,0.113
18-Aug-2010,0.19,NaN,0.22,0.5,NaN,NaN,1,NaN,NaN,0.1,NaN,0.111
19-Aug-2010,0.19,NaN,0.22,0.5,NaN,NaN,1,NaN,NaN,0.1,NaN,0.109
20-Aug-2010,0.2,NaN,0.21,0.5,NaN,NaN,1,NaN,NaN,0.1,NaN,0.111
23-Aug-2010,0.19,NaN,0.225,0.5,NaN,NaN,1,NaN,NaN,0.1,NaN,0.119
24-Aug-2010,0.19,NaN,0.195,0.5,NaN,NaN,1,NaN,NaN,0.1,NaN,0.113
25-Aug-2010,0.19,NaN,0.215,0.5,NaN,NaN,1,NaN,NaN,0.1,NaN,0.108
26-Aug-2010,0.19,NaN,0.255,0.5,NaN,NaN,1,NaN,NaN,0.1,NaN,0.109
27-Aug-2010,0.19,NaN,0.215,0.5,NaN,NaN,1,NaN,NaN,0.1,NaN,0.111
30-Aug-2010,0.19,NaN,0.24,0.5,NaN,NaN,1,NaN,NaN,0.1,NaN,0.116
31-Aug-2010,0.21,NaN,0.265,0.5,NaN,NaN,1,NaN,NaN,0.1,NaN,0.109
01-Sep-2010,0.19,NaN,0.195,0.5,NaN,NaN,1,NaN,NaN,0.1,NaN,0.107
02-Sep-2010,0.19,NaN,0.23,0.5,NaN,NaN,1,NaN,NaN,0.1,NaN,0.106
03-Sep-2010,0.19,NaN,0.21,0.5,NaN,NaN,1,NaN,NaN,0.1,NaN,0.105
06-Sep-2010,0.19,NaN,0.21,0.5,NaN,NaN,1,NaN,NaN,0.1,NaN,0.105
07-Sep-2010,0.2,NaN,0.19,0.5,NaN,NaN,1,NaN,NaN,0.1,NaN,0.105
08-Sep-2010,0.19,NaN,0.18,0.5,NaN,NaN,1,NaN,NaN,0.1,NaN,0.105
09-Sep-2010,0.18,NaN,0.21,0.5,NaN,NaN,1,NaN,NaN,0.1,NaN,0.106
10-Sep-2010,0.18,NaN,0.22,0.5,NaN,NaN,1,NaN,NaN,0.1,NaN,0.107
13-Sep-2010,0.18,NaN,0.21,0.5,NaN,NaN,1,NaN,NaN,0.1,NaN,0.106
14-Sep-2010,0.19,NaN,0.235,0.5,NaN,NaN,1,NaN,NaN,0.1,NaN,0.104
15-Sep-2010,0.21,NaN,0.32,0.5,NaN,NaN,1,NaN,NaN,0.1,NaN,0.105
16-Sep-2010,0.21,NaN,0.32,0.5,NaN,NaN,1,NaN,NaN,0.1,NaN,0.105
17-Sep-2010,0.21,NaN,0.235,0.5,NaN,NaN,1,NaN,NaN,0.1,NaN,0.104
20-Sep-2010,0.21,NaN,0.25,0.5,NaN,NaN,1,NaN,NaN,0.1,NaN,0.104
21-Sep-2010,0.2,NaN,0.255,0.5,NaN,NaN,1,NaN,NaN,0.1,NaN,0.106
22-Sep-2010,0.21,NaN,0.24,0.5,NaN,NaN,1,NaN,NaN,0.1,NaN,0.106
23-Sep-2010,0.2,NaN,0.23,0.5,NaN,NaN,1,NaN,NaN,0.1,NaN,0.106
24-Sep-2010,0.21,NaN,0.22,0.5,NaN,NaN,1,NaN,NaN,0.1,NaN,0.109
27-Sep-2010,0.19,NaN,0.23,0.5,NaN,NaN,1,NaN,NaN,0.1,NaN,0.108
28-Sep-2010,0.19,NaN,0.25,0.5,NaN,NaN,1,NaN,NaN,0.1,NaN,0.106
29-Sep-2010,0.19,NaN,0.23,0.5,NaN,NaN,1,NaN,NaN,0.1,NaN,0.105
30-Sep-2010,0.15,NaN,0.27,0.5,NaN,NaN,1,NaN,NaN,0.1,NaN,0.216
01-Oct-2010,0.2,NaN,0.25,0.5,NaN,NaN,1,NaN,NaN,0.1,NaN,0.104
04-Oct-2010,0.2,NaN,0.23,0.5,NaN,NaN,1,NaN,NaN,0.1,NaN,0.104
05-Oct-2010,0.2,NaN,0.24,0.5,NaN,NaN,1,NaN,NaN,0.1,NaN,0.105
06-Oct-2010,0.19,NaN,0.225,0.5,NaN,NaN,1,NaN,NaN,0.1,NaN,0.104
07-Oct-2010,0.18,NaN,0.185,0.5,NaN,NaN,1,NaN,NaN,0.1,NaN,0.105
08-Oct-2010,0.18,NaN,0.195,0.5,NaN,NaN,1,NaN,NaN,0.1,NaN,0.105
11-Oct-2010,0.18,NaN,0.195,0.5,NaN,NaN,1,NaN,NaN,0.1,NaN,0.105
12-Oct-2010,0.18,NaN,0.205,0.5,NaN,NaN,1,NaN,NaN,0.1,NaN,0.103
13-Oct-2010,0.18,NaN,0.215,0.5,NaN,NaN,1,NaN,NaN,0.1,NaN,0.102
14-Oct-2010,0.19,NaN,0.25,0.5,NaN,NaN,1,NaN,NaN,0.1,NaN,0.104
15-Oct-2010,0.2,NaN,0.275,0.5,NaN,NaN,1,NaN,NaN,0.1,NaN,0.127
18-Oct-2010,0.19,NaN,0.265,0.5,NaN,NaN,1,NaN,NaN,0.1,NaN,0.12
19-Oct-2010,0.19,NaN,0.215,0.5,NaN,NaN,1,NaN,NaN,0.1,NaN,0.112
20-Oct-2010,0.19,NaN,0.205,0.5,NaN,NaN,1,NaN,NaN,0.1,NaN,0.112
21-Oct-2010,0.19,NaN,0.23,0.5,NaN,NaN,1,NaN,NaN,0.1,NaN,0.114
22-Oct-2010,0.19,NaN,0.24,0.5,NaN,NaN,1,NaN,NaN,0.1,NaN,0.111
25-Oct-2010,0.19,NaN,0.22,0.5,NaN,NaN,1,NaN,NaN,0.1,NaN,0.118
26-Oct-2010,0.19,NaN,0.21,0.5,NaN,NaN,1,NaN,NaN,0.1,NaN,0.106
27-Oct-2010,0.19,NaN,0.19,0.5,NaN,NaN,1,NaN,NaN,0.1,NaN,0.105
28-Oct-2010,0.19,NaN,0.225,0.5,NaN,NaN,1,NaN,NaN,0.1,NaN,0.106
29-Oct-2010,0.2,NaN,0.225,0.5,NaN,NaN,1,NaN,NaN,0.1,NaN,0.124
01-Nov-2010,0.2,NaN,0.275,0.5,NaN,NaN,1,NaN,NaN,0.1,NaN,0.105
02-Nov-2010,0.2,NaN,0.235,0.5,NaN,NaN,1,NaN,NaN,0.1,NaN,0.107
03-Nov-2010,0.2,NaN,0.22,0.5,NaN,NaN,1,NaN,NaN,0.1,NaN,0.107
04-Nov-2010,0.19,NaN,0.22,0.5,NaN,NaN,1,NaN,NaN,0.1,NaN,0.127
05-Nov-2010,0.18,NaN,0.21,0.5,NaN,NaN,1,NaN,NaN,0.1,NaN,0.114
08-Nov-2010,0.18,NaN,0.19,0.5,NaN,NaN,1,NaN,NaN,0.1,NaN,0.108
09-Nov-2010,0.17,NaN,0.195,0.5,NaN,NaN,1,NaN,NaN,0.1,NaN,0.105
10-Nov-2010,0.17,NaN,0.19,0.5,NaN,NaN,1,NaN,NaN,0.1,NaN,0.111
11-Nov-2010,0.17,NaN,0.19,0.5,NaN,NaN,1,NaN,NaN,0.1,NaN,0.105
12-Nov-2010,0.19,NaN,0.22,0.5,NaN,NaN,1,NaN,NaN,0.1,NaN,0.104
15-Nov-2010,0.21,NaN,0.29,0.5,NaN,NaN,1,NaN,NaN,0.1,NaN,0.103
16-Nov-2010,0.21,NaN,0.255,0.5,NaN,NaN,1,NaN,NaN,0.1,NaN,0.103
17-Nov-2010,0.2,NaN,0.24,0.5,NaN,NaN,1,NaN,NaN,0.1,NaN,0.105
18-Nov-2010,0.2,NaN,0.23,0.5,NaN,NaN,1,NaN,NaN,0.1,NaN,0.105
19-Nov-2010,0.21,NaN,0.22,0.5,NaN,NaN,1,NaN,NaN,0.1,NaN,0.104
22-Nov-2010,0.19,NaN,0.22,0.5,NaN,NaN,1,NaN,NaN,0.1,NaN,0.104
23-Nov-2010,0.2,NaN,0.2,0.5,NaN,NaN,1,NaN,NaN,0.1,NaN,0.104
24-Nov-2010,0.2,NaN,0.23,0.5,NaN,NaN,1,NaN,NaN,0.1,NaN,0.104
25-Nov-2010,0.2,NaN,0.23,0.5,NaN,NaN,1,NaN,NaN,0.1,NaN,0.108
26-Nov-2010,0.2,NaN,0.25,0.5,NaN,NaN,1,NaN,NaN,0.1,NaN,0.111
29-Nov-2010,0.2,NaN,0.215,0.5,NaN,NaN,1,NaN,NaN,0.1,NaN,0.106
30-Nov-2010,0.2,NaN,0.26,0.5,NaN,NaN,1,NaN,NaN,0.1,NaN,0.106
01-Dec-2010,0.2,NaN,0.24,0.5,NaN,NaN,1,NaN,NaN,0.1,NaN,0.104
02-Dec-2010,0.19,NaN,0.205,0.5,NaN,NaN,1,NaN,NaN,0.1,NaN,0.101
03-Dec-2010,0.18,NaN,0.19,0.5,NaN,NaN,1,NaN,NaN,0.1,NaN,0.101
06-Dec-2010,0.18,NaN,0.165,0.5,NaN,NaN,1,NaN,NaN,0.1,NaN,0.1
07-Dec-2010,0.17,NaN,0.16,0.5,NaN,NaN,1,NaN,NaN,0.1,NaN,0.101
08-Dec-2010,0.17,NaN,0.15,0.5,NaN,NaN,1,NaN,NaN,0.1,NaN,0.102
09-Dec-2010,0.16,NaN,0.16,0.5,NaN,NaN,1,NaN,NaN,0.1,NaN,0.103
10-Dec-2010,0.16,NaN,0.17,0.5,NaN,NaN,1,NaN,NaN,0.1,NaN,0.099
13-Dec-2010,0.17,NaN,0.18,0.5,NaN,NaN,1,NaN,NaN,0.1,NaN,0.1
14-Dec-2010,0.19,NaN,0.25,0.5,NaN,NaN,1,NaN,NaN,0.1,NaN,0.103
15-Dec-2010,0.2,NaN,0.265,0.5,NaN,NaN,1,NaN,NaN,0.1,NaN,0.101
16-Dec-2010,0.2,NaN,0.215,0.5,NaN,NaN,1,NaN,NaN,0.1,NaN,0.101
17-Dec-2010,0.2,NaN,0.215,0.5,NaN,NaN,1,NaN,NaN,0.1,NaN,0.101
20-Dec-2010,0.21,NaN,0.205,0.5,NaN,NaN,1,NaN,NaN,0.1,NaN,0.101
21-Dec-2010,0.2,NaN,0.215,0.5,NaN,NaN,1,NaN,NaN,0.1,NaN,0.1
22-Dec-2010,0.19,NaN,0.165,0.5,NaN,NaN,1,NaN,NaN,0.1,NaN,0.101
23-Dec-2010,0.19,NaN,0.22,0.5,NaN,NaN,1,NaN,NaN,0.1,NaN,0.101
24-Dec-2010,0.19,NaN,0.22,0.5,NaN,NaN,1,NaN,NaN,0.1,NaN,0.101
27-Dec-2010,0.19,NaN,0.22,0.5,NaN,NaN,1,NaN,NaN,0.1,NaN,0.101
28-Dec-2010,0.18,NaN,0.22,0.5,NaN,NaN,1,NaN,NaN,0.1,NaN,0.101
29-Dec-2010,0.18,NaN,0.145,0.5,NaN,NaN,1,NaN,NaN,0.1,NaN,0.1
30-Dec-2010,0.19,NaN,0.165,0.5,NaN,NaN,1,NaN,NaN,0.1,NaN,0.1
31-Dec-2010,0.13,NaN,0.27,0.5,NaN,NaN,1,NaN,NaN,0.1,NaN,0.1
03-Jan-2011,0.19,NaN,0.22,0.5,NaN,NaN,1,NaN,NaN,0.1,NaN,0.1
04-Jan-2011,0.18,NaN,0.185,0.5,NaN,NaN,1,NaN,NaN,0.1,NaN,0.1
05-Jan-2011,0.18,NaN,0.18,0.5,NaN,NaN,1,NaN,NaN,0.1,NaN,0.1
06-Jan-2011,0.17,NaN,0.17,0.5,NaN,NaN,1,NaN,NaN,0.1,NaN,0.1
07-Jan-2011,0.17,NaN,0.17,0.5,NaN,NaN,1,NaN,NaN,0.1,NaN,0.1
10-Jan-2011,0.17,NaN,0.17,0.5,NaN,NaN,1,NaN,NaN,0.1,NaN,0.1
11-Jan-2011,0.17,NaN,0.15,0.5,NaN,NaN,1,NaN,NaN,0.1,NaN,0.1
12-Jan-2011,0.16,NaN,0.135,0.5,NaN,NaN,1,NaN,NaN,0.1,NaN,0.1
13-Jan-2011,0.16,NaN,0.17,0.5,NaN,NaN,1,NaN,NaN,0.1,NaN,0.102
14-Jan-2011,0.16,NaN,0.165,0.5,NaN,NaN,1,NaN,NaN,0.1,NaN,0.1
17-Jan-2011,0.16,NaN,0.165,0.5,NaN,NaN,1,NaN,NaN,0.1,NaN,0.101
18-Jan-2011,0.19,NaN,0.22,0.5,NaN,NaN,1,NaN,NaN,0.1,NaN,0.1
19-Jan-2011,0.18,NaN,0.22,0.5,NaN,NaN,1,NaN,NaN,0.1,NaN,0.1
20-Jan-2011,0.18,NaN,0.22,0.5,NaN,NaN,1,NaN,NaN,0.1,NaN,0.1
21-Jan-2011,0.17,NaN,0.175,0.5,NaN,NaN,1,NaN,NaN,0.1,NaN,0.102
24-Jan-2011,0.18,NaN,0.16,0.5,NaN,NaN,1,NaN,NaN,0.1,NaN,0.104
25-Jan-2011,0.17,NaN,0.165,0.5,NaN,NaN,1,NaN,NaN,0.1,NaN,0.103
26-Jan-2011,0.17,NaN,0.16,0.5,NaN,NaN,1,NaN,NaN,0.1,NaN,0.101
27-Jan-2011,0.17,NaN,0.17,0.5,NaN,NaN,1,NaN,NaN,0.1,NaN,0.103
28-Jan-2011,0.17,NaN,0.185,0.5,NaN,NaN,1,NaN,NaN,0.1,NaN,0.104
31-Jan-2011,0.17,NaN,0.22,0.5,NaN,NaN,1,NaN,NaN,0.1,NaN,0.109
01-Feb-2011,0.18,NaN,0.23,0.5,NaN,NaN,1,NaN,NaN,0.1,NaN,0.102
02-Feb-2011,0.18,NaN,0.21,0.5,NaN,NaN,1,NaN,NaN,0.1,NaN,0.103
03-Feb-2011,0.17,NaN,0.19,0.5,NaN,NaN,1,NaN,NaN,0.1,NaN,0.102
04-Feb-2011,0.17,NaN,0.175,0.5,NaN,NaN,1,NaN,NaN,0.1,NaN,0.103
07-Feb-2011,0.17,NaN,0.15,0.5,NaN,NaN,1,NaN,NaN,0.1,NaN,0.104
08-Feb-2011,0.16,NaN,0.14,0.5,NaN,NaN,1,NaN,NaN,0.1,NaN,0.105
09-Feb-2011,0.15,NaN,0.14,0.5,NaN,NaN,1,NaN,NaN,0.1,NaN,0.105
10-Feb-2011,0.15,NaN,0.14,0.5,NaN,NaN,1,NaN,NaN,0.1,NaN,0.105
11-Feb-2011,0.15,NaN,0.14,0.5,NaN,NaN,1,NaN,NaN,0.1,NaN,0.105
14-Feb-2011,0.15,NaN,0.14,0.5,NaN,NaN,1,NaN,NaN,0.1,NaN,0.104
15-Feb-2011,0.16,NaN,0.17,0.5,NaN,NaN,1,NaN,NaN,0.1,NaN,0.102
16-Feb-2011,0.15,NaN,0.13,0.5,NaN,NaN,1,NaN,NaN,0.1,NaN,0.101
17-Feb-2011,0.15,NaN,0.145,0.5,NaN,NaN,1,NaN,NaN,0.1,NaN,0.101
18-Feb-2011,0.15,NaN,0.15,0.5,NaN,NaN,1,NaN,NaN,0.1,NaN,0.101
21-Feb-2011,0.15,NaN,0.15,0.5,NaN,NaN,1,NaN,NaN,0.1,NaN,0.1
22-Feb-2011,0.15,NaN,0.13,0.5,NaN,NaN,1,NaN,NaN,0.1,NaN,0.1
23-Feb-2011,0.15,NaN,0.135,0.5,NaN,NaN,1,NaN,NaN,0.1,NaN,0.1
24-Feb-2011,0.15,NaN,0.125,0.5,NaN,NaN,1,NaN,NaN,0.1,NaN,0.101
25-Feb-2011,0.15,NaN,0.16,0.5,NaN,NaN,1,NaN,NaN,0.1,NaN,0.105
28-Feb-2011,0.16,NaN,0.19,0.5,NaN,NaN,1,NaN,NaN,0.1,NaN,0.119
01-Mar-2011,0.15,NaN,0.17,0.5,NaN,NaN,1,NaN,NaN,0.1,NaN,0.105
02-Mar-2011,0.16,NaN,0.145,0.5,NaN,NaN,1,NaN,NaN,0.1,NaN,0.101
03-Mar-2011,0.15,NaN,0.145,0.5,NaN,NaN,1,NaN,NaN,0.1,NaN,0.1
04-Mar-2011,0.15,NaN,0.17,0.5,NaN,NaN,1,NaN,NaN,0.1,NaN,0.1
07-Mar-2011,0.14,NaN,0.13,0.5,NaN,NaN,1,NaN,NaN,0.1,NaN,0.1
08-Mar-2011,0.14,NaN,0.14,0.5,NaN,NaN,1,NaN,NaN,0.1,NaN,0.1
09-Mar-2011,0.14,NaN,0.13,0.5,NaN,NaN,1,NaN,NaN,0.1,NaN,0.1
10-Mar-2011,0.14,NaN,0.115,0.5,NaN,NaN,1,NaN,NaN,0.1,NaN,0.1
11-Mar-2011,0.13,NaN,0.13,0.5,NaN,NaN,1,NaN,NaN,0.1,NaN,0.1
14-Mar-2011,0.14,NaN,0.15,0.5,NaN,NaN,1,NaN,NaN,0.1,NaN,0.101
15-Mar-2011,0.14,NaN,0.165,0.5,NaN,NaN,1,NaN,NaN,0.1,NaN,0.102
16-Mar-2011,0.14,NaN,0.16,0.5,NaN,NaN,1,NaN,NaN,0.1,NaN,0.102
17-Mar-2011,0.14,NaN,0.19,0.5,NaN,NaN,1,NaN,NaN,0.1,NaN,0.101
18-Mar-2011,0.15,NaN,0.15,0.5,NaN,NaN,1,NaN,NaN,0.1,NaN,0.101
21-Mar-2011,0.14,NaN,0.155,0.5,NaN,NaN,1,NaN,NaN,0.1,NaN,0.101
22-Mar-2011,0.14,NaN,0.155,0.5,NaN,NaN,1,NaN,NaN,0.1,NaN,0.101
23-Mar-2011,0.14,NaN,0.12,0.5,NaN,NaN,1,NaN,NaN,0.1,NaN,0.098
24-Mar-2011,0.13,NaN,0.11,0.5,NaN,NaN,1,NaN,NaN,0.1,NaN,0.098
25-Mar-2011,0.13,NaN,0.11,0.5,NaN,NaN,1,NaN,NaN,0.1,NaN,0.099
28-Mar-2011,0.13,NaN,0.09,0.5,NaN,NaN,1,NaN,NaN,0.1,NaN,0.1
29-Mar-2011,0.13,NaN,0.095,0.5,NaN,NaN,1,NaN,NaN,0.1,NaN,0.1
30-Mar-2011,0.13,NaN,0.115,0.5,NaN,NaN,1,NaN,NaN,0.1,NaN,0.095
31-Mar-2011,0.1,NaN,0.16,0.5,NaN,NaN,1,NaN,NaN,0.1,NaN,0.074
01-Apr-2011,0.11,NaN,0.15,0.5,NaN,NaN,1,NaN,NaN,0.1,NaN,0.082
04-Apr-2011,0.09,NaN,0.09,0.5,NaN,NaN,1,NaN,NaN,0.1,NaN,0.085
05-Apr-2011,0.09,NaN,0.07,0.5,NaN,NaN,1,NaN,NaN,0.1,NaN,0.087
06-Apr-2011,0.1,NaN,0.065,0.5,NaN,NaN,1,NaN,NaN,0.1,NaN,0.085
07-Apr-2011,0.1,NaN,0.08,0.5,NaN,NaN,1.25,NaN,NaN,0.1,NaN,0.091
08-Apr-2011,0.09,NaN,0.06,0.5,NaN,NaN,1.25,NaN,NaN,0.1,NaN,0.095
11-Apr-2011,0.09,NaN,0.03,0.5,NaN,NaN,1.25,NaN,NaN,0.1,NaN,0.095
12-Apr-2011,0.08,NaN,0.02,0.5,NaN,NaN,1.25,NaN,NaN,0.1,NaN,0.083
13-Apr-2011,0.08,NaN,0.03,0.5,NaN,NaN,1.25,NaN,NaN,0.1,NaN,0.075
14-Apr-2011,0.09,NaN,0.02,0.5,NaN,NaN,1.25,NaN,NaN,0.1,NaN,0.087
15-Apr-2011,0.12,NaN,0.03,0.5,NaN,NaN,1.25,NaN,NaN,0.1,NaN,0.096
18-Apr-2011,0.1,NaN,0.11,0.5,NaN,NaN,1.25,NaN,NaN,0.1,NaN,0.097
19-Apr-2011,0.11,NaN,0.095,0.5,NaN,NaN,1.25,NaN,NaN,0.1,NaN,0.097
20-Apr-2011,0.1,NaN,0.08,0.5,NaN,NaN,1.25,NaN,NaN,0.1,NaN,0.1
21-Apr-2011,0.1,NaN,0.115,0.5,NaN,NaN,1.25,NaN,NaN,0.1,NaN,0.1
22-Apr-2011,0.1,NaN,0.115,0.5,NaN,NaN,1.25,NaN,NaN,0.1,NaN,0.1
25-Apr-2011,0.1,NaN,0.095,0.5,NaN,NaN,1.25,NaN,NaN,0.1,NaN,0.1
26-Apr-2011,0.09,NaN,0.045,0.5,NaN,NaN,1.25,NaN,NaN,0.1,NaN,0.1
27-Apr-2011,0.09,NaN,0.04,0.5,NaN,NaN,1.25,NaN,NaN,0.1,NaN,0.1
28-Apr-2011,0.09,NaN,0.015,0.5,NaN,NaN,1.25,NaN,NaN,0.1,NaN,0.1
29-Apr-2011,0.09,NaN,0.04,0.5,NaN,NaN,1.25,NaN,NaN,0.1,NaN,0.1
02-May-2011,0.09,NaN,0.085,0.5,NaN,NaN,1.25,NaN,NaN,0.1,NaN,0.1
03-May-2011,0.09,NaN,0.015,0.5,NaN,NaN,1.25,NaN,NaN,0.1,NaN,0.1
04-May-2011,0.09,NaN,0.025,0.5,NaN,NaN,1.25,NaN,NaN,0.1,NaN,0.1
05-May-2011,0.09,NaN,0.015,0.5,NaN,NaN,1.25,NaN,NaN,0.1,NaN,0.1
06-May-2011,0.09,NaN,0.04,0.5,NaN,NaN,1.25,NaN,NaN,0.1,NaN,0.1
09-May-2011,0.09,NaN,0.025,0.5,NaN,NaN,1.25,NaN,NaN,0.1,NaN,0.1
10-May-2011,0.09,NaN,0.06,0.5,NaN,NaN,1.25,NaN,NaN,0.1,NaN,0.1
11-May-2011,0.09,NaN,0.03,0.5,NaN,NaN,1.25,NaN,NaN,0.1,NaN,0.1
12-May-2011,0.09,NaN,0.065,0.5,NaN,NaN,1.25,NaN,NaN,0.1,NaN,0.1
13-May-2011,0.09,NaN,0.095,0.5,NaN,NaN,1.25,NaN,NaN,0.1,NaN,0.1
16-May-2011,0.1,NaN,0.13,0.5,NaN,NaN,1.25,NaN,NaN,0.1,NaN,0.1
17-May-2011,0.09,NaN,0.1,0.5,NaN,NaN,1.25,NaN,NaN,0.1,NaN,0.1
18-May-2011,0.1,NaN,0.11,0.5,NaN,NaN,1.25,NaN,NaN,0.1,NaN,0.1
19-May-2011,0.09,NaN,0.08,0.5,NaN,NaN,1.25,NaN,NaN,0.1,NaN,0.1
20-May-2011,0.1,NaN,0.11,0.5,NaN,NaN,1.25,NaN,NaN,0.1,NaN,0.1
23-May-2011,0.1,NaN,0.11,0.5,NaN,NaN,1.25,NaN,NaN,0.1,NaN,0.101
24-May-2011,0.1,NaN,0.075,0.5,NaN,NaN,1.25,NaN,NaN,0.1,NaN,0.103
25-May-2011,0.09,NaN,0.08,0.5,NaN,NaN,1.25,NaN,NaN,0.1,NaN,0.104
26-May-2011,0.09,NaN,0.075,0.5,NaN,NaN,1.25,NaN,NaN,0.1,NaN,0.101
27-May-2011,0.1,NaN,0.085,0.5,NaN,NaN,1.25,NaN,NaN,0.1,NaN,0.1
30-May-2011,0.1,NaN,0.085,0.5,NaN,NaN,1.25,NaN,NaN,0.1,NaN,0.1
31-May-2011,0.1,NaN,0.11,0.5,NaN,NaN,1.25,NaN,NaN,0.1,NaN,0.1
01-Jun-2011,0.1,NaN,0.145,0.5,NaN,NaN,1.25,NaN,NaN,0.1,NaN,0.1
02-Jun-2011,0.1,NaN,0.11,0.5,NaN,NaN,1.25,NaN,NaN,0.1,NaN,0.1
03-Jun-2011,0.11,NaN,0.065,0.5,NaN,NaN,1.25,NaN,NaN,0.1,NaN,0.099
06-Jun-2011,0.1,NaN,0.075,0.5,NaN,NaN,1.25,NaN,NaN,0.1,NaN,0.099
07-Jun-2011,0.09,NaN,0.065,0.5,NaN,NaN,1.25,NaN,NaN,0.1,NaN,0.099
08-Jun-2011,0.09,NaN,0.05,0.5,NaN,NaN,1.25,NaN,NaN,0.1,NaN,0.099
09-Jun-2011,0.09,NaN,0.05,0.5,NaN,NaN,1.25,NaN,NaN,0.1,NaN,0.098
10-Jun-2011,0.09,NaN,0.08,0.5,NaN,NaN,1.25,NaN,NaN,0.1,NaN,0.099
13-Jun-2011,0.1,NaN,0.085,0.5,NaN,NaN,1.25,NaN,NaN,0.1,NaN,0.1
14-Jun-2011,0.1,NaN,0.08,0.5,NaN,NaN,1.25,NaN,NaN,0.1,NaN,0.1
15-Jun-2011,0.1,NaN,0.08,0.5,NaN,NaN,1.25,NaN,NaN,0.1,NaN,0.1
16-Jun-2011,0.1,NaN,0.08,0.5,NaN,NaN,1.25,NaN,NaN,0.1,NaN,0.1
17-Jun-2011,0.1,NaN,0.125,0.5,NaN,NaN,1.25,NaN,NaN,0.1,NaN,0.098
20-Jun-2011,0.09,NaN,0.075,0.5,NaN,NaN,1.25,NaN,NaN,0.1,NaN,0.097
21-Jun-2011,0.09,NaN,0.065,0.5,NaN,NaN,1.25,NaN,NaN,0.1,NaN,0.095
22-Jun-2011,0.09,NaN,0.035,0.5,NaN,NaN,1.25,NaN,NaN,0.1,NaN,0.093
23-Jun-2011,0.08,NaN,0.015,0.5,NaN,NaN,1.25,NaN,NaN,0.1,NaN,0.099
24-Jun-2011,0.08,NaN,0.015,0.5,NaN,NaN,1.25,NaN,NaN,0.1,NaN,0.1
27-Jun-2011,0.08,NaN,0.02,0.5,NaN,NaN,1.25,NaN,NaN,0.1,NaN,0.1
28-Jun-2011,0.08,NaN,0.025,0.5,NaN,NaN,1.25,NaN,NaN,0.1,NaN,0.1
29-Jun-2011,0.07,NaN,-0.005,0.5,NaN,NaN,1.25,NaN,NaN,0.1,NaN,0.1
30-Jun-2011,0.07,NaN,-0.005,0.5,NaN,NaN,1.25,NaN,NaN,0.1,NaN,0.099
01-Jul-2011,0.08,NaN,0.035,0.5,NaN,NaN,1.25,NaN,NaN,0.1,NaN,0.1
04-Jul-2011,0.08,NaN,0.035,0.5,NaN,NaN,1.25,NaN,NaN,0.1,NaN,0.1
05-Jul-2011,0.08,NaN,0.03,0.5,NaN,NaN,1.25,NaN,NaN,0.1,NaN,0.1
06-Jul-2011,0.07,NaN,-0.005,0.5,NaN,NaN,1.25,NaN,NaN,0.1,NaN,0.099
07-Jul-2011,0.07,NaN,0.02,0.5,NaN,NaN,1.5,NaN,NaN,0.1,NaN,0.098
08-Jul-2011,0.07,NaN,0.03,0.5,NaN,NaN,1.5,NaN,NaN,0.1,NaN,0.1
11-Jul-2011,0.07,NaN,0.015,0.5,NaN,NaN,1.5,NaN,NaN,0.1,NaN,0.1
12-Jul-2011,0.06,NaN,0.005,0.5,NaN,NaN,1.5,NaN,NaN,0.1,NaN,0.1
13-Jul-2011,0.06,NaN,0.005,0.5,NaN,NaN,1.5,NaN,NaN,0.1,NaN,0.1
14-Jul-2011,0.06,NaN,0.005,0.5,NaN,NaN,1.5,NaN,NaN,0.1,NaN,0.101
15-Jul-2011,0.06,NaN,0.005,0.5,NaN,NaN,1.5,NaN,NaN,0.1,NaN,0.1
18-Jul-2011,0.06,NaN,0.005,0.5,NaN,NaN,1.5,NaN,NaN,0.1,NaN,0.1
19-Jul-2011,0.06,NaN,0.01,0.5,NaN,NaN,1.5,NaN,NaN,0.1,NaN,0.1
20-Jul-2011,0.06,NaN,0.005,0.5,NaN,NaN,1.5,NaN,NaN,0.1,NaN,0.1
21-Jul-2011,0.06,NaN,0.025,0.5,NaN,NaN,1.5,NaN,NaN,0.1,NaN,0.1
22-Jul-2011,0.06,NaN,0.025,0.5,NaN,NaN,1.5,NaN,NaN,0.1,NaN,0.1
25-Jul-2011,0.06,NaN,0.015,0.5,NaN,NaN,1.5,NaN,NaN,0.1,NaN,0.1
26-Jul-2011,0.06,NaN,0.045,0.5,NaN,NaN,1.5,NaN,NaN,0.1,NaN,0.1
27-Jul-2011,0.07,NaN,0.055,0.5,NaN,NaN,1.5,NaN,NaN,0.1,NaN,0.1
28-Jul-2011,0.08,NaN,0.115,0.5,NaN,NaN,1.5,NaN,NaN,0.1,NaN,0.1
29-Jul-2011,0.11,NaN,0.255,0.5,NaN,NaN,1.5,NaN,NaN,0.1,NaN,0.1
01-Aug-2011,0.17,NaN,0.335,0.5,NaN,NaN,1.5,NaN,NaN,0.1,NaN,0.1
02-Aug-2011,0.16,NaN,0.225,0.5,NaN,NaN,1.5,NaN,NaN,0.1,NaN,0.1
03-Aug-2011,0.12,NaN,0.08,0.5,NaN,NaN,1.5,NaN,NaN,0.1,NaN,0.101
04-Aug-2011,0.09,NaN,0.08,0.5,NaN,NaN,1.5,NaN,NaN,0.1,NaN,0.1
05-Aug-2011,0.08,NaN,0.055,0.5,NaN,NaN,1.5,NaN,NaN,0.1,NaN,0.103
08-Aug-2011,0.11,NaN,0.08,0.5,NaN,NaN,1.5,NaN,NaN,0.1,NaN,0.101
09-Aug-2011,0.1,NaN,0.04,0.5,NaN,NaN,1.5,NaN,NaN,0.1,NaN,0.1
10-Aug-2011,0.1,NaN,0.035,0.5,NaN,NaN,1.5,NaN,NaN,0.1,NaN,0.099
11-Aug-2011,0.09,NaN,0.065,0.5,NaN,NaN,1.5,NaN,NaN,0.1,NaN,0.1
12-Aug-2011,0.1,NaN,0.125,0.5,NaN,NaN,1.5,NaN,NaN,0.1,NaN,0.1
15-Aug-2011,0.1,NaN,0.115,0.5,NaN,NaN,1.5,NaN,NaN,0.1,NaN,0.102
16-Aug-2011,0.09,NaN,0.05,0.5,NaN,NaN,1.5,NaN,NaN,0.1,NaN,0.101
17-Aug-2011,0.09,NaN,0.06,0.5,NaN,NaN,1.5,NaN,NaN,0.1,NaN,0.1
18-Aug-2011,0.09,NaN,0.055,0.5,NaN,NaN,1.5,NaN,NaN,0.1,NaN,0.1
19-Aug-2011,0.09,NaN,0.065,0.5,NaN,NaN,1.5,NaN,NaN,0.1,NaN,0.1
22-Aug-2011,0.09,NaN,0.04,0.5,NaN,NaN,1.5,NaN,NaN,0.1,NaN,0.1
23-Aug-2011,0.08,NaN,0.02,0.5,NaN,NaN,1.5,NaN,NaN,0.1,NaN,0.1
24-Aug-2011,0.08,NaN,0.03,0.5,NaN,NaN,1.5,NaN,NaN,0.1,NaN,0.1
25-Aug-2011,0.08,NaN,0.04,0.5,NaN,NaN,1.5,NaN,NaN,0.1,NaN,0.1
26-Aug-2011,0.09,NaN,0.08,0.5,NaN,NaN,1.5,NaN,NaN,0.1,NaN,0.1
29-Aug-2011,0.09,NaN,0.045,0.5,NaN,NaN,1.5,NaN,NaN,0.1,NaN,0.1
30-Aug-2011,0.08,NaN,0.035,0.5,NaN,0.53,1.5,NaN,0.77,0.1,NaN,0.1
31-Aug-2011,0.08,NaN,0.1,0.5,NaN,0.53,1.5,NaN,0.76,0.1,NaN,0.102
01-Sep-2011,0.08,NaN,0.115,0.5,NaN,0.54,1.5,NaN,0.76,0.1,NaN,0.108
02-Sep-2011,0.08,NaN,0.105,0.5,NaN,0.55,1.5,NaN,0.76,0.1,NaN,0.105
05-Sep-2011,0.08,NaN,0.105,0.5,NaN,0.53,1.5,NaN,0.75,0.1,NaN,0.102
06-Sep-2011,0.09,NaN,0.13,0.5,NaN,0.55,1.5,NaN,0.72,0.1,NaN,0.103
07-Sep-2011,0.09,NaN,0.09,0.5,NaN,0.55,1.5,NaN,0.72,0.1,NaN,0.103
08-Sep-2011,0.09,NaN,0.065,0.5,NaN,0.53,1.5,NaN,0.71,0.1,NaN,0.102
09-Sep-2011,0.09,NaN,0.075,0.5,NaN,0.54,1.5,NaN,0.73,0.1,NaN,0.102
12-Sep-2011,0.09,NaN,0.06,0.5,NaN,0.54,1.5,NaN,0.93,0.1,NaN,0.1
13-Sep-2011,0.09,NaN,0.08,0.5,NaN,0.54,1.5,NaN,0.93,0.1,NaN,0.1
14-Sep-2011,0.08,NaN,0.07,0.5,NaN,0.53,1.5,NaN,0.94,0.1,NaN,0.1
15-Sep-2011,0.09,NaN,0.155,0.5,NaN,0.53,1.5,NaN,0.62,0.1,NaN,0.1
16-Sep-2011,0.09,NaN,0.09,0.5,NaN,0.53,1.5,NaN,0.62,0.1,NaN,0.1
19-Sep-2011,0.09,NaN,0.12,0.5,NaN,0.52,1.5,NaN,0.73,0.1,NaN,0.1
20-Sep-2011,0.09,NaN,0.14,0.5,NaN,0.51,1.5,NaN,0.53,0.1,NaN,0.1
21-Sep-2011,0.08,NaN,0.09,0.5,NaN,0.25,1.5,NaN,0.27,0.1,NaN,0.1
22-Sep-2011,0.08,NaN,0.09,0.5,NaN,0.46,1.5,NaN,0.48,0.1,NaN,0.1
23-Sep-2011,0.08,NaN,0.09,0.5,NaN,0.5,1.5,NaN,0.68,0.1,NaN,0.1
26-Sep-2011,0.08,NaN,0.16,0.5,NaN,0.47,1.5,NaN,0.59,0.1,NaN,0.1
27-Sep-2011,0.08,NaN,0.095,0.5,NaN,0.49,1.5,NaN,0.6,0.1,NaN,0.1
28-Sep-2011,0.08,NaN,0.035,0.5,NaN,0.5,1.5,NaN,0.65,0.1,NaN,0.1
29-Sep-2011,0.08,NaN,0.025,0.5,NaN,0.5,1.5,NaN,0.65,0.1,NaN,0.1
30-Sep-2011,0.06,NaN,0.21,0.5,NaN,0.5,1.5,NaN,0.86,0.1,NaN,0.1
03-Oct-2011,0.08,NaN,0.14,0.5,NaN,0.53,1.5,NaN,0.64,0.1,NaN,0.1
04-Oct-2011,0.07,NaN,0.065,0.5,NaN,0.53,1.5,NaN,0.66,0.1,NaN,0.1
05-Oct-2011,0.07,NaN,0.07,0.5,NaN,0.53,1.5,NaN,0.66,0.1,NaN,0.099
06-Oct-2011,0.07,NaN,0.105,0.5,NaN,0.52,1.5,NaN,0.71,0.1,NaN,0.1
07-Oct-2011,0.07,NaN,0.08,0.5,NaN,0.52,1.5,NaN,0.71,0.1,NaN,0.1
10-Oct-2011,0.07,NaN,0.08,0.5,NaN,0.52,1.5,NaN,0.71,0.1,NaN,0.1
11-Oct-2011,0.07,NaN,0.08,0.5,NaN,0.52,1.5,NaN,0.88,0.1,NaN,0.1
12-Oct-2011,0.07,NaN,0.065,0.5,NaN,0.52,1.5,NaN,0.75,0.1,NaN,0.1
13-Oct-2011,0.07,NaN,0.08,0.5,NaN,0.52,1.5,NaN,0.75,0.1,NaN,0.1
14-Oct-2011,0.07,NaN,0.08,0.5,NaN,0.52,1.5,NaN,0.65,0.1,NaN,0.1
17-Oct-2011,0.07,NaN,0.19,0.5,NaN,0.52,1.5,NaN,0.64,0.1,NaN,0.1
18-Oct-2011,0.07,NaN,0.14,0.5,NaN,0.52,1.5,NaN,0.67,0.1,NaN,0.1
19-Oct-2011,0.07,NaN,0.07,0.5,NaN,0.53,1.5,NaN,0.65,0.1,NaN,0.1
20-Oct-2011,0.07,NaN,0.07,0.5,NaN,0.47,1.5,NaN,0.69,0.1,NaN,0.1
21-Oct-2011,0.07,NaN,0.05,0.5,NaN,0.46,1.5,NaN,0.63,0.1,NaN,0.1
24-Oct-2011,0.07,NaN,0.055,0.5,NaN,0.5,1.5,NaN,0.65,0.1,NaN,0.1
25-Oct-2011,0.07,NaN,0.105,0.5,NaN,0.5,1.5,NaN,0.69,0.1,NaN,0.1
26-Oct-2011,0.08,NaN,0.07,0.5,NaN,0.53,1.5,NaN,0.7,0.1,NaN,0.1
27-Oct-2011,0.07,NaN,0.09,0.5,NaN,0.54,1.5,NaN,0.69,0.1,NaN,0.1
28-Oct-2011,0.07,NaN,0.05,0.5,NaN,0.49,1.5,NaN,0.68,0.1,NaN,0.1
31-Oct-2011,0.09,NaN,0.14,0.5,NaN,0.49,1.5,NaN,0.68,0.1,NaN,0.101
01-Nov-2011,0.08,NaN,0.125,0.5,NaN,0.49,1.5,NaN,0.67,0.1,NaN,0.1
02-Nov-2011,0.08,NaN,0.16,0.5,NaN,0.48,1.5,NaN,0.65,0.1,NaN,0.099
03-Nov-2011,0.09,NaN,0.11,0.5,NaN,0.46,1.25,NaN,0.49,0.1,NaN,0.099
04-Nov-2011,0.08,NaN,0.035,0.5,NaN,0.46,1.25,NaN,0.42,0.1,NaN,0.09
07-Nov-2011,0.08,NaN,0.075,0.5,NaN,0.49,1.25,NaN,0.49,0.1,NaN,0.079
08-Nov-2011,0.08,NaN,0.075,0.5,NaN,0.49,1.25,NaN,0.45,0.1,NaN,0.085
09-Nov-2011,0.08,NaN,0.085,0.5,NaN,0.46,1.25,NaN,0.44,0.1,NaN,0.085
10-Nov-2011,0.08,NaN,0.11,0.5,NaN,0.49,1.25,NaN,0.43,0.1,NaN,0.09
11-Nov-2011,0.08,NaN,0.11,0.5,NaN,0.47,1.25,NaN,0.42,0.1,NaN,0.091
14-Nov-2011,0.08,NaN,0.13,0.5,NaN,0.5,1.25,NaN,0.44,0.1,NaN,0.1
15-Nov-2011,0.09,NaN,0.2,0.5,NaN,0.46,1.25,NaN,0.4,0.1,NaN,0.1
16-Nov-2011,0.08,NaN,0.13,0.5,NaN,0.47,1.25,NaN,0.41,0.1,NaN,0.1
17-Nov-2011,0.08,NaN,0.09,0.5,NaN,0.44,1.25,NaN,0.41,0.1,NaN,0.1
18-Nov-2011,0.08,NaN,0.1,0.5,NaN,0.42,1.25,NaN,0.4,0.1,NaN,0.1
21-Nov-2011,0.08,NaN,0.115,0.5,NaN,0.44,1.25,NaN,0.34,0.1,NaN,0.1
22-Nov-2011,0.08,NaN,0.155,0.5,NaN,0.41,1.25,NaN,0.34,0.1,NaN,0.1
23-Nov-2011,0.09,NaN,0.125,0.5,NaN,0.38,1.25,NaN,0.31,0.1,NaN,0.1
24-Nov-2011,0.09,NaN,0.125,0.5,NaN,0.37,1.25,NaN,0.29,0.1,NaN,0.1
25-Nov-2011,0.07,NaN,0.155,0.5,NaN,0.47,1.25,NaN,0.08,0.1,NaN,0.1
28-Nov-2011,0.08,NaN,0.125,0.5,NaN,0.48,1.25,NaN,0.13,0.1,NaN,0.1
29-Nov-2011,0.08,NaN,0.115,0.5,NaN,0.54,1.25,NaN,0.23,0.1,NaN,0.1
30-Nov-2011,0.1,NaN,0.115,0.5,NaN,0.47,1.25,NaN,0.22,0.1,NaN,0.1
01-Dec-2011,0.08,NaN,0.12,0.5,NaN,0.47,1.25,NaN,0.22,0.1,NaN,0.1
02-Dec-2011,0.08,NaN,0.1,0.5,NaN,0.49,1.25,NaN,0.25,0.1,NaN,0.1
05-Dec-2011,0.08,NaN,0.09,0.5,NaN,0.49,1.25,NaN,0.44,0.1,NaN,0.1
06-Dec-2011,0.08,NaN,0.085,0.5,NaN,0.49,1.25,NaN,0.4,0.1,NaN,0.1
07-Dec-2011,0.08,NaN,0.065,0.5,NaN,0.5,1.25,NaN,0.25,0.1,NaN,0.1
08-Dec-2011,0.07,NaN,0.075,0.5,NaN,0.52,1,NaN,0.39,0.1,NaN,0.1
09-Dec-2011,0.07,NaN,0.095,0.5,NaN,0.49,1,NaN,0.43,0.1,NaN,0.1
12-Dec-2011,0.07,NaN,0.105,0.5,NaN,0.48,1,NaN,0.78,0.1,NaN,0.1
13-Dec-2011,0.07,NaN,0.105,0.5,NaN,0.45,1,NaN,0.37,0.1,NaN,0.1
14-Dec-2011,0.07,NaN,0.08,0.5,NaN,0.49,1,NaN,0.33,0.1,NaN,0.1
15-Dec-2011,0.07,NaN,0.105,0.5,NaN,0.49,1,NaN,0.13,0.1,NaN,0.1
16-Dec-2011,0.07,NaN,0.105,0.5,NaN,0.48,1,NaN,0.43,0.1,NaN,0.1
19-Dec-2011,0.07,NaN,0.105,0.5,NaN,0.48,1,NaN,0.43,0.1,NaN,0.1
20-Dec-2011,0.07,NaN,0.105,0.5,NaN,0.44,1,NaN,-0.04,0.1,NaN,0.1
21-Dec-2011,0.07,NaN,0.035,0.5,NaN,0.45,1,NaN,-0.02,0.1,NaN,0.1
22-Dec-2011,0.07,NaN,0.035,0.5,NaN,0.43,1,NaN,0.43,0.1,NaN,0.1
23-Dec-2011,0.08,NaN,0.09,0.5,NaN,0.44,1,NaN,0.43,0.1,NaN,0.1
26-Dec-2011,0.08,NaN,0.09,0.5,NaN,0.44,1,NaN,0.43,0.1,NaN,0.1
27-Dec-2011,0.07,NaN,0.09,0.5,NaN,0.44,1,NaN,0.43,0.1,NaN,0.1
28-Dec-2011,0.07,NaN,0.04,0.5,NaN,0.44,1,NaN,-0.02,0.1,NaN,0.1
29-Dec-2011,0.07,NaN,0.08,0.5,NaN,0.35,1,NaN,-0.02,0.1,NaN,0.096
30-Dec-2011,0.04,NaN,0.06,0.5,NaN,0.35,1,NaN,-0.02,0.1,NaN,0.092
02-Jan-2012,0.04,NaN,0.06,0.5,NaN,0.35,1,NaN,-0.02,0.1,NaN,0.092
03-Jan-2012,0.07,NaN,0.14,0.5,NaN,0.41,1,NaN,0.02,0.1,NaN,0.092
04-Jan-2012,0.07,NaN,0.075,0.5,NaN,0.4,1,NaN,0.09,0.1,NaN,0.099
05-Jan-2012,0.07,NaN,0.08,0.5,NaN,0.49,1,NaN,0.09,0.1,NaN,0.1
06-Jan-2012,0.07,NaN,0.06,0.5,NaN,0.44,1,NaN,0.12,0.1,NaN,0.1
09-Jan-2012,0.08,NaN,0.095,0.5,NaN,0.5,1,NaN,0.12,0.1,NaN,0.1
10-Jan-2012,0.08,NaN,0.08,0.5,NaN,0.5,1,NaN,0.16,0.1,NaN,0.1
11-Jan-2012,0.08,NaN,0.1,0.5,NaN,0.49,1,NaN,0.15,0.1,NaN,0.1
12-Jan-2012,0.08,NaN,0.1,0.5,NaN,0.48,1,NaN,0.16,0.1,NaN,0.1
13-Jan-2012,0.09,NaN,0.17,0.5,NaN,0.48,1,NaN,0.16,0.1,NaN,0.101
16-Jan-2012,0.09,NaN,0.17,0.5,NaN,0.48,1,NaN,0.16,0.1,NaN,0.101
17-Jan-2012,0.09,NaN,0.24,0.5,NaN,0.47,1,NaN,0.16,0.1,NaN,0.1
18-Jan-2012,0.09,NaN,0.18,0.5,NaN,0.45,1,NaN,0.16,0.1,NaN,0.1
19-Jan-2012,0.1,NaN,0.21,0.5,NaN,0.49,1,NaN,0.17,0.1,NaN,0.1
20-Jan-2012,0.09,NaN,0.2,0.5,NaN,0.5,1,NaN,0.18,0.1,NaN,0.102
23-Jan-2012,0.09,NaN,0.15,0.5,NaN,0.5,1,NaN,0.18,0.1,NaN,0.101
24-Jan-2012,0.09,NaN,0.12,0.5,NaN,0.5,1,NaN,0.18,0.1,NaN,0.101
25-Jan-2012,0.08,NaN,0.12,0.5,NaN,0.44,1,NaN,0.21,0.1,NaN,0.101
26-Jan-2012,0.08,NaN,0.115,0.5,NaN,0.49,1,NaN,0.25,0.1,NaN,0.1
27-Jan-2012,0.09,NaN,0.115,0.5,NaN,0.49,1,NaN,0.25,0.1,NaN,0.101
30-Jan-2012,0.09,NaN,0.125,0.5,NaN,0.48,1,NaN,0.21,0.1,NaN,0.101
31-Jan-2012,0.11,NaN,0.245,0.5,NaN,0.46,1,NaN,0.19,0.1,NaN,0.1
01-Feb-2012,0.11,NaN,0.235,0.5,NaN,0.43,1,NaN,0.17,0.1,NaN,0.1
02-Feb-2012,0.11,NaN,0.185,0.5,NaN,0.42,1,NaN,0.17,0.1,NaN,0.1
03-Feb-2012,0.11,NaN,0.17,0.5,NaN,0.45,1,NaN,0.16,0.1,NaN,0.1
06-Feb-2012,0.11,NaN,0.125,0.5,NaN,0.5,1,NaN,0.19,0.1,NaN,0.103
07-Feb-2012,0.11,NaN,0.115,0.5,NaN,0.51,1,NaN,0.19,0.1,NaN,0.104
08-Feb-2012,0.11,NaN,0.13,0.5,NaN,0.51,1,NaN,0.2,0.1,NaN,0.1
09-Feb-2012,0.11,NaN,0.155,0.5,NaN,0.51,1,NaN,0.22,0.1,NaN,0.1
10-Feb-2012,0.12,NaN,0.19,0.5,NaN,0.52,1,NaN,0.21,0.1,NaN,0.1
13-Feb-2012,0.12,NaN,0.19,0.5,NaN,0.52,1,NaN,0.21,0.1,NaN,0.101
14-Feb-2012,0.12,NaN,0.14,0.5,NaN,0.48,1,NaN,0.23,0.1,NaN,0.102
15-Feb-2012,0.12,NaN,0.19,0.5,NaN,0.48,1,NaN,0.14,0.1,NaN,0.101
16-Feb-2012,0.11,NaN,0.14,0.5,NaN,0.48,1,NaN,0.14,0.1,NaN,0.1
17-Feb-2012,0.09,NaN,0.095,0.5,NaN,0.45,1,NaN,0.12,0.1,NaN,0.1
20-Feb-2012,0.09,NaN,0.095,0.5,NaN,0.47,1,NaN,0.12,0.1,NaN,0.102
21-Feb-2012,0.1,NaN,0.07,0.5,NaN,0.47,1,NaN,0.12,0.1,NaN,0.102
22-Feb-2012,0.08,NaN,0.075,0.5,NaN,0.46,1,NaN,0.12,0.1,NaN,0.102
23-Feb-2012,0.08,NaN,0.115,0.5,NaN,0.45,1,NaN,0.12,0.1,NaN,0.102
24-Feb-2012,0.09,NaN,0.135,0.5,NaN,0.47,1,NaN,0.12,0.1,NaN,0.1
27-Feb-2012,0.1,NaN,0.185,0.5,NaN,0.47,1,NaN,0.12,0.1,NaN,0.1
28-Feb-2012,0.1,NaN,0.13,0.5,NaN,0.5,1,NaN,0.1,0.1,NaN,0.1
29-Feb-2012,0.1,NaN,0.19,0.5,NaN,0.5,1,NaN,0.09,0.1,NaN,0.1
01-Mar-2012,0.11,NaN,0.215,0.5,NaN,0.44,1,NaN,0.07,0.1,NaN,0.1
02-Mar-2012,0.11,NaN,0.2,0.5,NaN,0.49,1,NaN,0.03,0.1,NaN,0.1
05-Mar-2012,0.11,NaN,0.195,0.5,NaN,0.49,1,NaN,0.03,0.1,NaN,0.101
06-Mar-2012,0.11,NaN,0.185,0.5,NaN,0.49,1,NaN,0.05,0.1,NaN,0.1
07-Mar-2012,0.11,NaN,0.185,0.5,NaN,0.53,1,NaN,0.06,0.1,NaN,0.1
08-Mar-2012,0.11,NaN,0.19,0.5,NaN,0.48,1,NaN,0.08,0.1,NaN,0.1
09-Mar-2012,0.12,NaN,0.195,0.5,NaN,0.48,1,NaN,0.1,0.1,NaN,0.101
12-Mar-2012,0.12,NaN,0.21,0.5,NaN,0.51,1,NaN,0.1,0.1,NaN,0.1
13-Mar-2012,0.12,NaN,0.195,0.5,NaN,0.52,1,NaN,0.1,0.1,NaN,0.1
14-Mar-2012,0.13,NaN,0.185,0.5,NaN,0.5,1,NaN,0.09,0.1,NaN,0.1
15-Mar-2012,0.14,NaN,0.26,0.5,NaN,0.5,1,NaN,0.12,0.1,NaN,0.101
16-Mar-2012,0.15,NaN,0.23,0.5,NaN,0.47,1,NaN,0.11,0.1,NaN,0.102
19-Mar-2012,0.15,NaN,0.215,0.5,NaN,0.47,1,NaN,0.12,0.1,NaN,0.104
20-Mar-2012,0.15,NaN,0.205,0.5,NaN,0.47,1,NaN,0.13,0.1,NaN,0.104
21-Mar-2012,0.15,NaN,0.17,0.5,NaN,0.45,1,NaN,0.12,0.1,NaN,0.1
22-Mar-2012,0.14,NaN,0.14,0.5,NaN,0.43,1,NaN,0.11,0.1,NaN,0.1
23-Mar-2012,0.14,NaN,0.19,0.5,NaN,0.42,1,NaN,0.12,0.1,NaN,0.101
26-Mar-2012,0.14,NaN,0.225,0.5,NaN,0.42,1,NaN,0.12,0.1,NaN,0.101
27-Mar-2012,0.14,NaN,0.225,0.5,NaN,0.44,1,NaN,0.1,0.1,NaN,0.099
28-Mar-2012,0.13,NaN,0.225,0.5,NaN,0.47,1,NaN,0.12,0.1,NaN,0.093
29-Mar-2012,0.13,NaN,0.13,0.5,NaN,0.47,1,NaN,0.12,0.1,NaN,0.099
30-Mar-2012,0.09,NaN,0.14,0.5,NaN,0.43,1,NaN,0.12,0.1,NaN,0.1
02-Apr-2012,0.15,NaN,0.14,0.5,NaN,0.48,1,NaN,0.12,0.1,NaN,0.099
03-Apr-2012,0.15,NaN,0.205,0.5,NaN,0.46,1,NaN,0.12,0.1,NaN,0.092
04-Apr-2012,0.15,NaN,0.23,0.5,NaN,0.46,1,NaN,0.12,0.1,NaN,0.091
05-Apr-2012,0.15,NaN,0.245,0.5,NaN,0.48,1,NaN,0.13,0.1,NaN,0.096
06-Apr-2012,0.12,NaN,0.245,0.5,NaN,0.48,1,NaN,0.13,0.1,NaN,0.099
09-Apr-2012,0.16,NaN,0.26,0.5,NaN,0.48,1,NaN,0.13,0.1,NaN,0.099
10-Apr-2012,0.15,NaN,0.22,0.5,NaN,0.5,1,NaN,0.15,0.1,NaN,0.1
11-Apr-2012,0.16,NaN,0.21,0.5,NaN,0.5,1,NaN,0.15,0.1,NaN,0.1
12-Apr-2012,0.15,NaN,0.225,0.5,NaN,0.48,1,NaN,0.15,0.1,NaN,0.1
13-Apr-2012,0.15,NaN,0.185,0.5,NaN,0.48,1,NaN,0.17,0.1,NaN,0.1
16-Apr-2012,0.15,NaN,0.245,0.5,NaN,0.47,1,NaN,0.16,0.1,NaN,0.1
17-Apr-2012,0.16,NaN,0.195,0.5,NaN,0.5,1,NaN,0.14,0.1,NaN,0.1
18-Apr-2012,0.15,NaN,0.18,0.5,NaN,0.49,1,NaN,0.14,0.1,NaN,0.1
19-Apr-2012,0.13,NaN,0.135,0.5,NaN,0.49,1,NaN,0.15,0.1,NaN,0.1
20-Apr-2012,0.12,NaN,0.115,0.5,NaN,0.48,1,NaN,0.16,0.1,NaN,0.1
23-Apr-2012,0.13,NaN,0.115,0.5,NaN,0.44,1,NaN,0.14,0.1,NaN,0.1
24-Apr-2012,0.14,NaN,0.135,0.5,NaN,0.46,1,NaN,0.08,0.1,NaN,0.1
25-Apr-2012,0.15,NaN,0.135,0.5,NaN,0.45,1,NaN,0.06,0.1,NaN,0.1
26-Apr-2012,0.14,NaN,0.135,0.5,NaN,0.43,1,NaN,0.05,0.1,NaN,0.1
27-Apr-2012,0.13,NaN,0.135,0.5,NaN,0.43,1,NaN,0.05,0.1,NaN,0.1
30-Apr-2012,0.16,NaN,0.135,0.5,NaN,0.39,1,NaN,0.1,0.1,NaN,0.1
01-May-2012,0.16,NaN,0.135,0.5,NaN,0.44,1,NaN,0.11,0.1,NaN,0.1
02-May-2012,0.15,NaN,0.135,0.5,NaN,0.42,1,NaN,0.11,0.1,NaN,0.1
03-May-2012,0.15,NaN,0.135,0.5,NaN,0.42,1,NaN,0.11,0.1,NaN,0.1
04-May-2012,0.16,NaN,0.135,0.5,NaN,0.42,1,NaN,0.11,0.1,NaN,0.1
07-May-2012,0.16,NaN,0.135,0.5,NaN,0.42,1,NaN,0.11,0.1,NaN,0.1
08-May-2012,0.16,NaN,0.135,0.5,NaN,0.41,1,NaN,0.1,0.1,NaN,0.1
09-May-2012,0.15,NaN,0.135,0.5,NaN,0.44,1,NaN,0.14,0.1,NaN,0.1
10-May-2012,0.15,NaN,0.135,0.5,NaN,0.43,1,NaN,0.11,0.1,NaN,0.1
11-May-2012,0.15,NaN,0.135,0.5,NaN,0.46,1,NaN,0.11,0.1,NaN,0.1
14-May-2012,0.16,NaN,0.135,0.5,NaN,0.45,1,NaN,0.12,0.1,NaN,0.1
15-May-2012,0.16,NaN,0.135,0.5,NaN,0.46,1,NaN,0.13,0.1,NaN,0.1
16-May-2012,0.16,NaN,0.135,0.5,NaN,0.44,1,NaN,0.11,0.1,NaN,0.1
17-May-2012,0.16,NaN,0.135,0.5,NaN,0.45,1,NaN,0.09,0.1,NaN,0.1
18-May-2012,0.16,NaN,0.135,0.5,NaN,0.45,1,NaN,0.09,0.1,NaN,0.1
21-May-2012,0.16,NaN,0.135,0.5,NaN,0.45,1,NaN,0.09,0.1,NaN,0.1
22-May-2012,0.16,NaN,0.135,0.5,NaN,0.45,1,NaN,0.09,0.1,NaN,0.1
23-May-2012,0.15,NaN,0.135,0.5,NaN,0.45,1,NaN,0.09,0.1,NaN,0.1
24-May-2012,0.15,NaN,0.135,0.5,NaN,0.47,1,NaN,0.05,0.1,NaN,0.1
25-May-2012,0.15,NaN,0.135,0.5,NaN,0.47,1,NaN,0.05,0.1,NaN,0.1
28-May-2012,0.15,NaN,0.135,0.5,NaN,0.47,1,NaN,0.05,0.1,NaN,0.103
29-May-2012,0.16,NaN,0.135,0.5,NaN,0.47,1,NaN,0.05,0.1,NaN,0.101
30-May-2012,0.16,NaN,0.135,0.5,NaN,0.47,1,NaN,0.05,0.1,NaN,0.1
31-May-2012,0.16,NaN,0.135,0.5,NaN,0.47,1,NaN,0.05,0.1,NaN,0.104
01-Jun-2012,0.16,NaN,0.135,0.5,NaN,0.47,1,NaN,0.05,0.1,NaN,0.104
04-Jun-2012,0.17,NaN,0.135,0.5,NaN,0.47,1,NaN,0.05,0.1,NaN,0.101
05-Jun-2012,0.17,NaN,0.135,0.5,NaN,0.47,1,NaN,0.05,0.1,NaN,0.1
06-Jun-2012,0.16,NaN,0.135,0.5,NaN,0.47,1,NaN,0.05,0.1,NaN,0.1
07-Jun-2012,0.16,NaN,0.135,0.5,NaN,0.47,1,NaN,0.05,0.1,NaN,0.1
08-Jun-2012,0.17,NaN,0.135,0.5,NaN,0.47,1,NaN,0.05,0.1,NaN,0.1
11-Jun-2012,0.17,NaN,0.135,0.5,NaN,0.44,1,NaN,0.05,0.1,NaN,0.1
12-Jun-2012,0.16,NaN,0.135,0.5,NaN,0.48,1,NaN,0.14,0.1,NaN,0.1
13-Jun-2012,0.17,NaN,0.135,0.5,NaN,0.48,1,NaN,0.18,0.1,NaN,0.1
14-Jun-2012,0.17,NaN,0.135,0.5,NaN,0.48,1,NaN,0.18,0.1,NaN,0.1
15-Jun-2012,0.18,NaN,0.135,0.5,NaN,0.48,1,NaN,0.18,0.1,NaN,0.1
18-Jun-2012,0.17,NaN,0.135,0.5,NaN,0.48,1,NaN,0.18,0.1,NaN,0.101
19-Jun-2012,0.17,NaN,0.135,0.5,NaN,0.48,1,NaN,0.18,0.1,NaN,0.1
20-Jun-2012,0.16,NaN,0.135,0.5,NaN,0.48,1,NaN,0.18,0.1,NaN,0.1
21-Jun-2012,0.17,NaN,0.135,0.5,NaN,0.48,1,NaN,0.18,0.1,NaN,0.1
22-Jun-2012,0.17,NaN,0.135,0.5,NaN,0.48,1,NaN,0.18,0.1,NaN,0.1
25-Jun-2012,0.17,NaN,0.135,0.5,NaN,0.48,1,NaN,0.18,0.1,NaN,0.1
26-Jun-2012,0.16,NaN,0.135,0.5,NaN,0.44,1,NaN,0.11,0.1,NaN,0.1
27-Jun-2012,0.15,NaN,0.135,0.5,NaN,0.44,1,NaN,0.11,0.1,NaN,0.1
28-Jun-2012,0.15,NaN,0.135,0.5,NaN,0.47,1,NaN,0.12,0.1,NaN,0.1
29-Jun-2012,0.09,NaN,0.135,0.5,NaN,0.49,1,NaN,0.1,0.1,NaN,0.1
02-Jul-2012,0.18,NaN,0.135,0.5,NaN,0.49,1,NaN,0.16,0.1,NaN,0.1
03-Jul-2012,0.17,NaN,0.135,0.5,NaN,0.51,1,NaN,0.16,0.1,NaN,0.1
04-Jul-2012,0.17,NaN,0.135,0.5,NaN,0.51,1,NaN,0.16,0.1,NaN,0.1
05-Jul-2012,0.17,NaN,0.135,0.5,NaN,0.52,0.75,NaN,0.16,0.1,NaN,0.1
06-Jul-2012,0.17,NaN,0.135,0.5,NaN,0.5,0.75,NaN,0.08,0.1,NaN,0.1
09-Jul-2012,0.17,NaN,0.135,0.5,NaN,0.52,0.75,NaN,0.09,0.1,NaN,0.1
10-Jul-2012,0.17,NaN,0.135,0.5,NaN,0.5,0.75,NaN,0.09,0.1,NaN,0.1
11-Jul-2012,0.17,NaN,0.135,0.5,NaN,0.5,0.75,NaN,0.09,0.1,NaN,0.1
12-Jul-2012,0.18,NaN,0.135,0.5,NaN,0.5,0.75,NaN,0.01,0.1,NaN,0.1
13-Jul-2012,0.19,NaN,0.135,0.5,NaN,0.5,0.75,NaN,0.02,0.1,NaN,0.1
16-Jul-2012,0.18,NaN,0.135,0.5,NaN,0.5,0.75,NaN,0,0.1,NaN,0.1
17-Jul-2012,0.17,NaN,0.135,0.5,NaN,0.5,0.75,NaN,-0.02,0.1,NaN,0.1
18-Jul-2012,0.16,NaN,0.135,0.5,NaN,0.51,0.75,NaN,-0.02,0.1,NaN,0.1
19-Jul-2012,0.13,NaN,0.135,0.5,NaN,0.5,0.75,NaN,0.01,0.1,NaN,0.1
20-Jul-2012,0.13,NaN,0.135,0.5,NaN,0.47,0.75,NaN,-0.05,0.1,NaN,0.101
23-Jul-2012,0.14,NaN,0.135,0.5,NaN,0.45,0.75,NaN,-0.04,0.1,NaN,0.1
24-Jul-2012,0.15,NaN,0.135,0.5,NaN,0.45,0.75,NaN,0.03,0.1,NaN,0.101
25-Jul-2012,0.15,NaN,0.135,0.5,NaN,0.47,0.75,NaN,-0.02,0.1,NaN,0.101
26-Jul-2012,0.14,NaN,0.135,0.5,NaN,0.5,0.75,NaN,-0.03,0.1,NaN,0.1
27-Jul-2012,0.14,NaN,0.135,0.5,NaN,0.5,0.75,NaN,-0.01,0.1,NaN,0.1
30-Jul-2012,0.14,NaN,0.135,0.5,NaN,0.48,0.75,NaN,-0.03,0.1,NaN,0.1
31-Jul-2012,0.13,NaN,0.135,0.5,NaN,0.48,0.75,NaN,-0.01,0.1,NaN,0.1
01-Aug-2012,0.14,NaN,0.135,0.5,NaN,0.41,0.75,NaN,-0.01,0.1,NaN,0.101
02-Aug-2012,0.14,NaN,0.135,0.5,NaN,0.48,0.75,NaN,-0.02,0.1,NaN,0.1
03-Aug-2012,0.14,NaN,0.135,0.5,NaN,0.51,0.75,NaN,0.01,0.1,NaN,0.1
06-Aug-2012,0.14,NaN,0.135,0.5,NaN,0.51,0.75,NaN,0.01,0.1,NaN,0.1
07-Aug-2012,0.13,NaN,0.135,0.5,NaN,0.42,0.75,NaN,0,0.1,NaN,0.1
08-Aug-2012,0.13,NaN,0.135,0.5,NaN,0.42,0.75,NaN,-0.02,0.1,NaN,0.1
09-Aug-2012,0.13,NaN,0.135,0.5,NaN,0.44,0.75,NaN,0.01,0.1,NaN,0.1
10-Aug-2012,0.13,NaN,0.135,0.5,NaN,0.42,0.75,NaN,0.01,0.1,NaN,0.1
13-Aug-2012,0.13,NaN,0.135,0.5,NaN,0.42,0.75,NaN,-0.02,0.1,NaN,0.1
14-Aug-2012,0.13,NaN,0.135,0.5,NaN,0.39,0.75,NaN,-0.02,0.1,NaN,0.1
15-Aug-2012,0.13,NaN,0.135,0.5,NaN,0.39,0.75,NaN,-0.02,0.1,NaN,0.1
16-Aug-2012,0.13,NaN,0.135,0.5,NaN,0.39,0.75,NaN,-0.02,0.1,NaN,0.1
17-Aug-2012,0.13,NaN,0.135,0.5,NaN,0.39,0.75,NaN,-0.05,0.1,NaN,0.1
20-Aug-2012,0.13,NaN,0.135,0.5,NaN,0.43,0.75,NaN,-0.01,0.1,NaN,0.1
21-Aug-2012,0.13,NaN,0.135,0.5,NaN,0.45,0.75,NaN,-0.03,0.1,NaN,0.1
22-Aug-2012,0.13,NaN,0.135,0.5,NaN,0.43,0.75,NaN,0.02,0.1,NaN,0.1
23-Aug-2012,0.13,NaN,0.135,0.5,NaN,0.4,0.75,NaN,0.01,0.1,NaN,0.1
24-Aug-2012,0.13,NaN,0.135,0.5,NaN,0.4,0.75,NaN,0.01,0.1,NaN,0.1
27-Aug-2012,0.13,NaN,0.135,0.5,NaN,0.4,0.75,NaN,0.01,0.1,NaN,0.1
28-Aug-2012,0.13,NaN,0.135,0.5,NaN,0.4,0.75,NaN,0.01,0.1,NaN,0.1
29-Aug-2012,0.13,NaN,0.135,0.5,NaN,0.4,0.75,NaN,0.01,0.1,NaN,0.1
30-Aug-2012,0.14,NaN,0.135,0.5,NaN,0.4,0.75,NaN,0.01,0.1,NaN,0.1
31-Aug-2012,0.13,NaN,0.135,0.5,NaN,0.4,0.75,NaN,0.01,0.1,NaN,0.101
03-Sep-2012,0.13,NaN,0.135,0.5,NaN,0.4,0.75,NaN,0.01,0.1,NaN,0.1
04-Sep-2012,0.14,NaN,0.135,0.5,NaN,0.4,0.75,NaN,0.01,0.1,NaN,0.1
05-Sep-2012,0.16,NaN,0.135,0.5,NaN,0.4,0.75,NaN,0.01,0.1,NaN,0.1
06-Sep-2012,0.16,NaN,0.135,0.5,NaN,0.4,0.75,NaN,0.01,0.1,NaN,0.1
07-Sep-2012,0.15,NaN,0.135,0.5,NaN,0.4,0.75,NaN,0.02,0.1,NaN,0.1
10-Sep-2012,0.15,NaN,0.135,0.5,NaN,0.47,0.75,NaN,0.01,0.1,NaN,0.1
11-Sep-2012,0.15,NaN,0.135,0.5,NaN,0.48,0.75,NaN,-0.01,0.1,NaN,0.1
12-Sep-2012,0.15,NaN,0.135,0.5,NaN,0.48,0.75,NaN,-0.01,0.1,NaN,0.099
13-Sep-2012,0.15,NaN,0.135,0.5,NaN,0.48,0.75,NaN,0,0.1,NaN,0.1
14-Sep-2012,0.16,NaN,0.135,0.5,NaN,0.5,0.75,NaN,0.01,0.1,NaN,0.1
17-Sep-2012,0.16,NaN,0.135,0.5,NaN,0.47,0.75,NaN,0.01,0.1,NaN,0.1
18-Sep-2012,0.16,NaN,0.135,0.5,NaN,0.47,0.75,NaN,0.01,0.1,NaN,0.1
19-Sep-2012,0.15,NaN,0.135,0.5,NaN,0.47,0.75,NaN,0.01,0.1,NaN,0.1
20-Sep-2012,0.16,NaN,0.135,0.5,NaN,0.48,0.75,NaN,0,0.1,NaN,0.1
21-Sep-2012,0.15,NaN,0.135,0.5,NaN,0.44,0.75,NaN,0.01,0.1,NaN,0.1
24-Sep-2012,0.16,NaN,0.135,0.5,NaN,0.44,0.75,NaN,0.02,0.1,NaN,0.1
25-Sep-2012,0.15,NaN,0.135,0.5,NaN,0.45,0.75,NaN,0.02,0.1,NaN,0.1
26-Sep-2012,0.15,NaN,0.135,0.5,NaN,0.24,0.75,NaN,0.02,0.1,NaN,0.1
27-Sep-2012,0.14,NaN,0.135,0.5,NaN,0.45,0.75,NaN,0.01,0.1,NaN,0.1
28-Sep-2012,0.09,NaN,0.135,0.5,NaN,0.44,0.75,NaN,0.02,0.1,NaN,0.101
01-Oct-2012,0.15,NaN,0.135,0.5,NaN,0.46,0.75,NaN,0.02,0.1,NaN,0.1
02-Oct-2012,0.16,NaN,0.135,0.5,NaN,0.46,0.75,NaN,0.02,0.1,NaN,0.1
03-Oct-2012,0.16,NaN,0.135,0.5,NaN,0.44,0.75,NaN,0.05,0.1,NaN,0.1
04-Oct-2012,0.15,NaN,0.135,0.5,NaN,0.47,0.75,NaN,0.04,0.1,NaN,0.1
05-Oct-2012,0.15,NaN,0.135,0.5,NaN,0.45,0.75,NaN,0.02,0.1,NaN,0.1
08-Oct-2012,0.15,NaN,0.135,0.5,NaN,0.47,0.75,NaN,0.02,0.1,NaN,0.1
09-Oct-2012,0.16,NaN,0.135,0.5,NaN,0.45,0.75,NaN,0.02,0.1,NaN,0.101
10-Oct-2012,0.16,NaN,0.135,0.5,NaN,0.45,0.75,NaN,0.02,0.1,NaN,0.1
11-Oct-2012,0.16,NaN,0.135,0.5,NaN,0.45,0.75,NaN,0.02,0.1,NaN,0.1
12-Oct-2012,0.16,NaN,0.135,0.5,NaN,0.23,0.75,NaN,0.02,0.1,NaN,0.1
15-Oct-2012,0.16,NaN,0.135,0.5,NaN,0.42,0.75,NaN,0.01,0.1,NaN,0.1
16-Oct-2012,0.16,NaN,0.135,0.5,NaN,0.42,0.75,NaN,0,0.1,NaN,0.1
17-Oct-2012,0.15,NaN,0.135,0.5,NaN,0.43,0.75,NaN,-0.01,0.1,NaN,0.1
18-Oct-2012,0.15,NaN,0.135,0.5,NaN,0.44,0.75,NaN,0.01,0.1,NaN,0.1
19-Oct-2012,0.16,NaN,0.135,0.5,NaN,0.44,0.75,NaN,0.01,0.1,NaN,0.1
22-Oct-2012,0.15,NaN,0.135,0.5,NaN,0.42,0.75,NaN,0.03,0.1,NaN,0.1
23-Oct-2012,0.15,NaN,0.135,0.5,NaN,0.22,0.75,NaN,0,0.1,NaN,0.1
24-Oct-2012,0.17,NaN,0.135,0.5,NaN,0.22,0.75,NaN,0,0.1,NaN,0.1
25-Oct-2012,0.16,NaN,0.135,0.5,NaN,0.22,0.75,NaN,0,0.1,NaN,0.1
26-Oct-2012,0.16,NaN,0.135,0.5,NaN,0.22,0.75,NaN,0.03,0.1,NaN,0.1
29-Oct-2012,0.17,NaN,0.135,0.5,NaN,0.33,0.75,NaN,0.05,0.1,NaN,0.1
30-Oct-2012,0.17,NaN,0.135,0.5,NaN,0.34,0.75,NaN,0.04,0.1,NaN,0.1
31-Oct-2012,0.18,NaN,0.135,0.5,NaN,0.36,0.75,NaN,0.05,0.1,NaN,0.1
01-Nov-2012,0.17,NaN,0.135,0.5,NaN,0.36,0.75,NaN,0.05,0.1,NaN,0.1
02-Nov-2012,0.16,NaN,0.135,0.5,NaN,0.22,0.75,NaN,0,0.1,NaN,0.1
05-Nov-2012,0.17,NaN,0.135,0.5,NaN,0.22,0.75,NaN,0,0.1,NaN,0.1
06-Nov-2012,0.16,NaN,0.135,0.5,NaN,0.22,0.75,NaN,0,0.1,NaN,0.1
07-Nov-2012,0.16,NaN,0.135,0.5,NaN,0.22,0.75,NaN,0,0.1,NaN,0.1
08-Nov-2012,0.16,NaN,0.135,0.5,NaN,0.22,0.75,NaN,0,0.1,NaN,0.1
09-Nov-2012,0.16,NaN,0.135,0.5,NaN,0.45,0.75,NaN,0.01,0.1,NaN,0.1
12-Nov-2012,0.16,NaN,0.135,0.5,NaN,0.45,0.75,NaN,0.02,0.1,NaN,0.1
13-Nov-2012,0.16,NaN,0.135,0.5,NaN,0.46,0.75,NaN,0.01,0.1,NaN,0.1
14-Nov-2012,0.16,NaN,0.135,0.5,NaN,0.44,0.75,NaN,0.01,0.1,NaN,0.1
15-Nov-2012,0.16,NaN,0.135,0.5,NaN,0.41,0.75,NaN,0.01,0.1,NaN,0.1
16-Nov-2012,0.16,NaN,0.135,0.5,NaN,0.42,0.75,NaN,0.02,0.1,NaN,0.1
19-Nov-2012,0.16,NaN,0.135,0.5,NaN,0.41,0.75,NaN,0.02,0.1,NaN,0.1
20-Nov-2012,0.16,NaN,0.135,0.5,NaN,0.44,0.75,NaN,0.01,0.1,NaN,0.1
21-Nov-2012,0.16,NaN,0.135,0.5,NaN,0.44,0.75,NaN,0.01,0.1,NaN,0.1
22-Nov-2012,0.16,NaN,0.135,0.5,NaN,0.42,0.75,NaN,0.03,0.1,NaN,0.1
23-Nov-2012,0.16,NaN,0.135,0.5,NaN,0.42,0.75,NaN,0.02,0.1,NaN,0.1
26-Nov-2012,0.16,NaN,0.135,0.5,NaN,0.42,0.75,NaN,0.02,0.1,NaN,0.1
27-Nov-2012,0.16,NaN,0.135,0.5,NaN,0.42,0.75,NaN,0.02,0.1,NaN,0.1
28-Nov-2012,0.16,NaN,0.135,0.5,NaN,0.42,0.75,NaN,0.02,0.1,NaN,0.1
29-Nov-2012,0.16,NaN,0.135,0.5,NaN,0.42,0.75,NaN,0.02,0.1,NaN,0.1
30-Nov-2012,0.16,NaN,0.135,0.5,NaN,0.42,0.75,NaN,0.02,0.1,NaN,0.1
03-Dec-2012,0.16,NaN,0.135,0.5,NaN,0.42,0.75,NaN,0.02,0.1,NaN,0.1
04-Dec-2012,0.17,NaN,0.135,0.5,NaN,0.42,0.75,NaN,0.02,0.1,NaN,0.1
05-Dec-2012,0.16,NaN,0.135,0.5,NaN,0.42,0.75,NaN,0.02,0.1,NaN,0.1
06-Dec-2012,0.16,NaN,0.135,0.5,NaN,0.42,0.75,NaN,0.02,0.1,NaN,0.1
07-Dec-2012,0.16,NaN,0.135,0.5,NaN,0.49,0.75,NaN,0.02,0.1,NaN,0.099
10-Dec-2012,0.16,NaN,0.135,0.5,NaN,0.48,0.75,NaN,0.04,0.1,NaN,0.1
11-Dec-2012,0.17,NaN,0.135,0.5,NaN,0.49,0.75,NaN,0.05,0.1,NaN,0.1
12-Dec-2012,0.17,NaN,0.135,0.5,NaN,0.48,0.75,NaN,0.04,0.1,NaN,0.1
13-Dec-2012,0.16,NaN,0.135,0.5,NaN,0.48,0.75,NaN,0.04,0.1,NaN,0.1
14-Dec-2012,0.17,NaN,0.135,0.5,NaN,0.5,0.75,NaN,-0.01,0.1,NaN,0.1
17-Dec-2012,0.16,NaN,0.135,0.5,NaN,0.48,0.75,NaN,0,0.1,NaN,0.1
18-Dec-2012,0.17,NaN,0.135,0.5,NaN,0.48,0.75,NaN,-0.02,0.1,NaN,0.1
19-Dec-2012,0.17,NaN,0.135,0.5,NaN,0.5,0.75,NaN,0,0.1,NaN,0.1
20-Dec-2012,0.17,NaN,0.135,0.5,NaN,0.5,0.75,NaN,0.01,0.1,NaN,0.1
21-Dec-2012,0.17,NaN,0.135,0.5,NaN,0.48,0.75,NaN,0,0.1,NaN,0.1
24-Dec-2012,0.18,NaN,0.135,0.5,NaN,0.48,0.75,NaN,0,0.1,NaN,0.1
25-Dec-2012,0.18,NaN,0.135,0.5,NaN,0.48,0.75,NaN,0,0.1,NaN,0.1
26-Dec-2012,0.17,NaN,0.135,0.5,NaN,0.48,0.75,NaN,0,0.1,NaN,0.1
27-Dec-2012,0.17,NaN,0.135,0.5,NaN,0.47,0.75,NaN,-0.02,0.1,NaN,0.1
28-Dec-2012,0.17,NaN,0.135,0.5,NaN,0.47,0.75,NaN,-0.02,0.1,NaN,0.1
31-Dec-2012,0.09,NaN,0.135,0.5,NaN,0.47,0.75,NaN,-0.02,0.1,NaN,0.1
01-Jan-2013,0.09,NaN,0.135,0.5,NaN,0.47,0.75,NaN,-0.02,0.1,NaN,0.1
02-Jan-2013,0.17,NaN,0.135,0.5,NaN,0.46,0.75,NaN,-0.02,0.1,NaN,0.1
03-Jan-2013,0.17,NaN,0.135,0.5,NaN,0.46,0.75,NaN,0.01,0.1,NaN,0.1
04-Jan-2013,0.16,NaN,0.135,0.5,NaN,0.46,0.75,NaN,0.02,0.1,NaN,0.1
07-Jan-2013,0.16,NaN,0.135,0.5,NaN,0.46,0.75,NaN,0.01,0.1,NaN,0.1
08-Jan-2013,0.15,NaN,0.135,0.5,NaN,0.46,0.75,NaN,0.01,0.1,NaN,0.1
09-Jan-2013,0.14,NaN,0.135,0.5,NaN,0.46,0.75,NaN,-0.01,0.1,NaN,0.1
10-Jan-2013,0.14,NaN,0.135,0.5,NaN,0.46,0.75,NaN,-0.01,0.1,NaN,0.1
11-Jan-2013,0.14,NaN,0.135,0.5,NaN,0.45,0.75,NaN,0.01,0.1,NaN,0.1
14-Jan-2013,0.14,NaN,0.135,0.5,NaN,0.44,0.75,NaN,0,0.1,NaN,0.1
15-Jan-2013,0.15,NaN,0.135,0.5,NaN,0.44,0.75,NaN,0,0.1,NaN,0.1
16-Jan-2013,0.14,NaN,0.135,0.5,NaN,0.44,0.75,NaN,0,0.1,NaN,0.1
17-Jan-2013,0.14,NaN,0.135,0.5,NaN,0.45,0.75,NaN,-0.01,0.1,NaN,0.1
18-Jan-2013,0.14,NaN,0.135,0.5,NaN,0.46,0.75,NaN,-0.01,0.1,NaN,0.1
21-Jan-2013,0.14,NaN,0.135,0.5,NaN,0.47,0.75,NaN,-0.01,0.1,NaN,0.1
22-Jan-2013,0.14,NaN,0.135,0.5,NaN,0.45,0.75,NaN,0.01,0.1,NaN,0.1
23-Jan-2013,0.13,NaN,0.135,0.5,NaN,0.46,0.75,NaN,-0.01,0.1,NaN,0.1
24-Jan-2013,0.15,NaN,0.135,0.5,NaN,0.46,0.75,NaN,-0.01,0.1,NaN,0.1
25-Jan-2013,0.14,NaN,0.135,0.5,NaN,0.46,0.75,NaN,0,0.1,NaN,0.1
28-Jan-2013,0.14,NaN,0.135,0.5,NaN,0.44,0.75,NaN,0.02,0.1,NaN,0.1
29-Jan-2013,0.12,NaN,0.135,0.5,NaN,0.46,0.75,NaN,0.02,0.1,NaN,0.1
30-Jan-2013,0.12,NaN,0.135,0.5,NaN,0.44,0.75,NaN,0.01,0.1,NaN,0.1
31-Jan-2013,0.15,NaN,0.135,0.5,NaN,0.44,0.75,NaN,0.01,0.1,NaN,0.1
01-Feb-2013,0.14,NaN,0.135,0.5,NaN,0.33,0.75,NaN,0.03,0.1,NaN,0.1
04-Feb-2013,0.13,NaN,0.135,0.5,NaN,0.43,0.75,NaN,0.02,0.1,NaN,0.1
05-Feb-2013,0.13,NaN,0.135,0.5,NaN,0.44,0.75,NaN,0.01,0.1,NaN,0.1
06-Feb-2013,0.13,NaN,0.135,0.5,NaN,0.44,0.75,NaN,0.02,0.1,NaN,0.1
07-Feb-2013,0.13,NaN,0.135,0.5,NaN,0.41,0.75,NaN,0.02,0.1,NaN,0.1
08-Feb-2013,0.14,NaN,0.135,0.5,NaN,0.41,0.75,NaN,0.01,0.1,NaN,0.1
11-Feb-2013,0.14,NaN,0.135,0.5,NaN,0.41,0.75,NaN,0,0.1,NaN,0.1
12-Feb-2013,0.13,NaN,0.135,0.5,NaN,0.45,0.75,NaN,0.01,0.1,NaN,0.1
13-Feb-2013,0.14,NaN,0.135,0.5,NaN,0.45,0.75,NaN,0.01,0.1,NaN,0.1
14-Feb-2013,0.14,NaN,0.135,0.5,NaN,0.45,0.75,NaN,0.01,0.1,NaN,0.1
15-Feb-2013,0.16,NaN,0.135,0.5,NaN,0.43,0.75,NaN,0.01,0.1,NaN,0.1
18-Feb-2013,0.16,NaN,0.135,0.5,NaN,0.45,0.75,NaN,0.01,0.1,NaN,0.1
19-Feb-2013,0.15,NaN,0.135,0.5,NaN,0.47,0.75,NaN,0.01,0.1,NaN,0.099
20-Feb-2013,0.15,NaN,0.135,0.5,NaN,0.46,0.75,NaN,0.01,0.1,NaN,0.099
21-Feb-2013,0.16,NaN,0.135,0.5,NaN,0.44,0.75,NaN,0.01,0.1,NaN,0.1
22-Feb-2013,0.16,NaN,0.135,0.5,NaN,0.43,0.75,NaN,0.01,0.1,NaN,0.1
25-Feb-2013,0.15,NaN,0.135,0.5,NaN,0.43,0.75,NaN,0.01,0.1,NaN,0.1
26-Feb-2013,0.14,NaN,0.135,0.5,NaN,0.45,0.75,NaN,0,0.1,NaN,0.099
27-Feb-2013,0.14,NaN,0.135,0.5,NaN,0.41,0.75,NaN,0,0.1,NaN,0.1
28-Feb-2013,0.14,NaN,0.135,0.5,NaN,0.42,0.75,NaN,0.01,0.1,NaN,0.1
01-Mar-2013,0.14,NaN,0.135,0.5,NaN,0.44,0.75,NaN,0.01,0.1,NaN,0.1
04-Mar-2013,0.16,NaN,0.135,0.5,NaN,0.46,0.75,NaN,0.01,0.1,NaN,0.1
05-Mar-2013,0.15,NaN,0.135,0.5,NaN,0.46,0.75,NaN,0.01,0.1,NaN,0.088
06-Mar-2013,0.15,NaN,0.135,0.5,NaN,0.44,0.75,NaN,-0.01,0.1,NaN,0.09
07-Mar-2013,0.16,NaN,0.135,0.5,NaN,0.45,0.75,NaN,-0.01,0.1,NaN,0.093
08-Mar-2013,0.15,NaN,0.135,0.5,NaN,0.48,0.75,NaN,0.01,0.1,NaN,0.097
11-Mar-2013,0.16,NaN,0.135,0.5,NaN,0.47,0.75,NaN,0.01,0.1,NaN,0.098
12-Mar-2013,0.15,NaN,0.135,0.5,NaN,0.48,0.75,NaN,0.01,0.1,NaN,0.096
13-Mar-2013,0.14,NaN,0.135,0.5,NaN,0.49,0.75,NaN,0.01,0.1,NaN,0.087
14-Mar-2013,0.15,NaN,0.135,0.5,NaN,0.47,0.75,NaN,0.01,0.1,NaN,0.086
15-Mar-2013,0.16,NaN,0.135,0.5,NaN,0.47,0.75,NaN,0.02,0.1,NaN,0.096
18-Mar-2013,0.16,NaN,0.135,0.5,NaN,0.47,0.75,NaN,0.02,0.1,NaN,0.099
19-Mar-2013,0.15,NaN,0.135,0.5,NaN,0.46,0.75,NaN,-0.01,0.1,NaN,0.095
20-Mar-2013,0.15,NaN,0.135,0.5,NaN,0.48,0.75,NaN,-0.01,0.1,NaN,0.095
21-Mar-2013,0.16,NaN,0.135,0.5,NaN,0.44,0.75,NaN,-0.01,0.1,NaN,0.095
22-Mar-2013,0.15,NaN,0.135,0.5,NaN,0.44,0.75,NaN,-0.02,0.1,NaN,0.09
25-Mar-2013,0.15,NaN,0.135,0.5,NaN,0.45,0.75,NaN,-0.01,0.1,NaN,0.09
26-Mar-2013,0.14,NaN,0.135,0.5,NaN,0.47,0.75,NaN,-0.02,0.1,NaN,0.062
27-Mar-2013,0.12,NaN,0.135,0.5,NaN,0.46,0.75,NaN,0,0.1,NaN,0.052
28-Mar-2013,0.13,NaN,0.135,0.5,NaN,0.46,0.75,NaN,0.01,0.1,NaN,0.061
29-Mar-2013,0.09,NaN,0.135,0.5,NaN,0.46,0.75,NaN,0.01,0.1,NaN,0.072
01-Apr-2013,0.16,NaN,0.135,0.5,NaN,0.46,0.75,NaN,0.01,0.1,NaN,0.07
02-Apr-2013,0.15,NaN,0.135,0.5,NaN,0.49,0.75,NaN,0.01,0.1,NaN,0.084
03-Apr-2013,0.14,NaN,0.135,0.5,NaN,0.49,0.75,NaN,0.01,0.1,NaN,0.094
04-Apr-2013,0.14,NaN,0.135,0.5,NaN,0.5,0.75,NaN,0.03,0.1,NaN,0.1
05-Apr-2013,0.15,NaN,0.135,0.5,NaN,0.5,0.75,NaN,0.04,0.1,NaN,0.1
08-Apr-2013,0.15,NaN,0.135,0.5,NaN,0.5,0.75,NaN,0.04,0.1,NaN,0.101
09-Apr-2013,0.15,NaN,0.135,0.5,NaN,0.49,0.75,NaN,0.03,0.1,NaN,0.1
10-Apr-2013,0.15,NaN,0.135,0.5,NaN,0.49,0.75,NaN,0.02,0.1,NaN,0.1
11-Apr-2013,0.15,NaN,0.135,0.5,NaN,0.48,0.75,NaN,0.02,0.1,NaN,0.1
12-Apr-2013,0.15,NaN,0.135,0.5,NaN,0.46,0.75,NaN,0.01,0.1,NaN,0.1
15-Apr-2013,0.15,NaN,0.135,0.5,NaN,0.47,0.75,NaN,0.01,0.1,NaN,0.098
16-Apr-2013,0.15,NaN,0.135,0.5,NaN,0.47,0.75,NaN,0.01,0.1,NaN,0.097
17-Apr-2013,0.15,NaN,0.135,0.5,NaN,0.47,0.75,NaN,0.01,0.1,NaN,0.097
18-Apr-2013,0.15,NaN,0.135,0.5,NaN,0.47,0.75,NaN,0.01,0.1,NaN,0.095
19-Apr-2013,0.15,NaN,0.135,0.5,NaN,0.47,0.75,NaN,0.01,0.1,NaN,0.098
22-Apr-2013,0.15,NaN,0.135,0.5,NaN,0.47,0.75,NaN,0,0.1,NaN,0.1
23-Apr-2013,0.14,NaN,0.135,0.5,NaN,0.46,0.75,NaN,0.01,0.1,NaN,0.1
24-Apr-2013,0.13,NaN,0.135,0.5,NaN,0.45,0.75,NaN,0,0.1,NaN,0.1
25-Apr-2013,0.13,NaN,0.135,0.5,NaN,0.44,0.75,NaN,0.03,0.1,NaN,0.1
26-Apr-2013,0.13,NaN,0.135,0.5,NaN,0.44,0.75,NaN,0.02,0.1,NaN,0.1
29-Apr-2013,0.13,NaN,0.135,0.5,NaN,0.42,0.75,NaN,0,0.1,NaN,0.1
30-Apr-2013,0.14,NaN,0.135,0.5,NaN,0.42,0.75,NaN,0,0.1,NaN,0.1
01-May-2013,0.14,NaN,0.135,0.5,NaN,0.42,0.75,NaN,0,0.1,NaN,0.1
02-May-2013,0.15,NaN,0.135,0.5,NaN,0.44,0.5,NaN,0.02,0.1,NaN,0.097
03-May-2013,0.14,NaN,0.135,0.5,NaN,0.44,0.5,NaN,0.02,0.1,NaN,0.097
06-May-2013,0.14,NaN,0.135,0.5,NaN,0.44,0.5,NaN,0.02,0.1,NaN,0.097
07-May-2013,0.12,NaN,0.135,0.5,NaN,0.44,0.5,NaN,0.01,0.1,NaN,0.1
08-May-2013,0.12,NaN,0.135,0.5,NaN,0.45,0.5,NaN,0.02,0.1,NaN,0.1
09-May-2013,0.12,NaN,0.135,0.5,NaN,0.45,0.5,NaN,0.02,0.1,NaN,0.1
10-May-2013,0.12,NaN,0.135,0.5,NaN,0.45,0.5,NaN,0.02,0.1,NaN,0.1
13-May-2013,0.12,NaN,0.135,0.5,NaN,0.46,0.5,NaN,0.01,0.1,NaN,0.1
14-May-2013,0.11,NaN,0.135,0.5,NaN,0.45,0.5,NaN,0.01,0.1,NaN,0.096
15-May-2013,0.12,NaN,0.135,0.5,NaN,0.45,0.5,NaN,0.01,0.1,NaN,0.094
16-May-2013,0.11,NaN,0.135,0.5,NaN,0.45,0.5,NaN,0.01,0.1,NaN,0.088
17-May-2013,0.1,NaN,0.135,0.5,NaN,0.45,0.5,NaN,0.01,0.1,NaN,0.094
20-May-2013,0.1,NaN,0.135,0.5,NaN,0.45,0.5,NaN,0.01,0.1,NaN,0.1
21-May-2013,0.09,NaN,0.135,0.5,NaN,0.45,0.5,NaN,0.01,0.1,NaN,0.1
22-May-2013,0.08,NaN,0.135,0.5,NaN,0.45,0.5,NaN,0.02,0.1,NaN,0.097
23-May-2013,0.08,NaN,0.135,0.5,NaN,0.43,0.5,NaN,0.02,0.1,NaN,0.096
24-May-2013,0.09,NaN,0.135,0.5,NaN,0.45,0.5,NaN,0.02,0.1,NaN,0.099
27-May-2013,0.09,NaN,0.135,0.5,NaN,0.45,0.5,NaN,0.02,0.1,NaN,0.096
28-May-2013,0.09,NaN,0.135,0.5,NaN,0.45,0.5,NaN,0.02,0.1,NaN,0.09
29-May-2013,0.08,NaN,0.135,0.5,NaN,0.45,0.5,NaN,0.02,0.1,NaN,0.084
30-May-2013,0.08,NaN,0.135,0.5,NaN,0.45,0.5,NaN,0.02,0.1,NaN,0.078
31-May-2013,0.09,NaN,0.135,0.5,NaN,0.45,0.5,NaN,0.03,0.1,NaN,0.087
03-Jun-2013,0.1,NaN,0.135,0.5,NaN,0.45,0.5,NaN,0.03,0.1,NaN,0.095
04-Jun-2013,0.11,NaN,0.135,0.5,NaN,0.45,0.5,NaN,0.03,0.1,NaN,0.093
05-Jun-2013,0.09,NaN,0.135,0.5,NaN,0.47,0.5,NaN,0.03,0.1,NaN,0.085
06-Jun-2013,0.1,NaN,0.135,0.5,NaN,0.45,0.5,NaN,0.03,0.1,NaN,0.084
07-Jun-2013,0.09,NaN,0.1,0.5,NaN,0.49,0.5,NaN,0.03,0.1,NaN,0.085
10-Jun-2013,0.09,NaN,0.079,0.5,NaN,0.46,0.5,NaN,0.03,0.1,NaN,0.098
11-Jun-2013,0.09,NaN,0.07,0.5,NaN,0.47,0.5,NaN,0.04,0.1,NaN,0.097
12-Jun-2013,0.08,NaN,0.073,0.5,NaN,0.46,0.5,NaN,0.04,0.1,NaN,0.097
13-Jun-2013,0.09,NaN,0.067,0.5,NaN,0.46,0.5,NaN,0.04,0.1,NaN,0.096
14-Jun-2013,0.1,NaN,0.084,0.5,NaN,0.46,0.5,NaN,0.04,0.1,NaN,0.099
17-Jun-2013,0.11,NaN,0.137,0.5,NaN,0.46,0.5,NaN,0.03,0.1,NaN,0.1
18-Jun-2013,0.12,NaN,0.129,0.5,NaN,0.45,0.5,NaN,0.02,0.1,NaN,0.1
19-Jun-2013,0.1,NaN,0.089,0.5,NaN,0.46,0.5,NaN,0.01,0.1,NaN,0.1
20-Jun-2013,0.1,NaN,0.07,0.5,NaN,0.45,0.5,NaN,0.02,0.1,NaN,0.1
21-Jun-2013,0.1,NaN,0.07,0.5,NaN,0.44,0.5,NaN,0.02,0.1,NaN,0.1
24-Jun-2013,0.1,NaN,0.108,0.5,NaN,0.44,0.5,NaN,0.03,0.1,NaN,0.1
25-Jun-2013,0.09,NaN,0.06,0.5,NaN,0.46,0.5,NaN,0.04,0.1,NaN,0.1
26-Jun-2013,0.09,NaN,0.05,0.5,NaN,0.45,0.5,NaN,0.04,0.1,NaN,0.1
27-Jun-2013,0.09,NaN,0.054,0.5,NaN,0.43,0.5,NaN,0.02,0.1,NaN,0.1
28-Jun-2013,0.07,NaN,0.149,0.5,NaN,0.44,0.5,NaN,0.03,0.1,NaN,0.1
01-Jul-2013,0.1,NaN,0.16,0.5,NaN,0.46,0.5,NaN,0.03,0.1,NaN,0.1
02-Jul-2013,0.1,NaN,0.107,0.5,NaN,0.46,0.5,NaN,0.03,0.1,NaN,0.1
03-Jul-2013,0.1,NaN,0.107,0.5,NaN,0.46,0.5,NaN,0.04,0.1,NaN,0.1
04-Jul-2013,0.1,NaN,0.107,0.5,NaN,0.47,0.5,NaN,0.03,0.1,NaN,0.1
05-Jul-2013,0.1,NaN,0.132,0.5,NaN,0.46,0.5,NaN,0.03,0.1,NaN,0.1
08-Jul-2013,0.1,NaN,0.083,0.5,NaN,0.45,0.5,NaN,0.03,0.1,NaN,0.099
09-Jul-2013,0.1,NaN,0.05,0.5,NaN,0.45,0.5,NaN,0.03,0.1,NaN,0.1
10-Jul-2013,0.09,NaN,0.032,0.5,NaN,0.45,0.5,NaN,0.08,0.1,NaN,0.1
11-Jul-2013,0.09,NaN,0.05,0.5,NaN,0.45,0.5,NaN,0.06,0.1,NaN,0.097
12-Jul-2013,0.09,NaN,0.048,0.5,NaN,0.45,0.5,NaN,0.06,0.1,NaN,0.096
15-Jul-2013,0.09,NaN,0.12,0.5,NaN,0.45,0.5,NaN,0.06,0.1,NaN,0.096
16-Jul-2013,0.09,NaN,0.04,0.5,NaN,0.45,0.5,NaN,0.06,0.1,NaN,0.1
17-Jul-2013,0.09,NaN,0.034,0.5,NaN,0.45,0.5,NaN,0.04,0.1,NaN,0.099
18-Jul-2013,0.09,NaN,0.04,0.5,NaN,0.45,0.5,NaN,0.04,0.1,NaN,0.096
19-Jul-2013,0.09,NaN,0.04,0.5,NaN,0.46,0.5,NaN,0.04,0.1,NaN,0.099
22-Jul-2013,0.09,NaN,0.04,0.5,NaN,0.46,0.5,NaN,0.04,0.1,NaN,0.097
23-Jul-2013,0.09,NaN,0.03,0.5,NaN,0.45,0.5,NaN,0.06,0.1,NaN,0.088
24-Jul-2013,0.09,NaN,0.05,0.5,NaN,0.45,0.5,NaN,0.06,0.1,NaN,0.095
25-Jul-2013,0.09,NaN,0.064,0.5,NaN,0.45,0.5,NaN,0.06,0.1,NaN,0.097
26-Jul-2013,0.09,NaN,0.04,0.5,NaN,0.42,0.5,NaN,0.04,0.1,NaN,0.099
29-Jul-2013,0.08,NaN,0.05,0.5,NaN,0.46,0.5,NaN,0.04,0.1,NaN,0.097
30-Jul-2013,0.09,NaN,0.05,0.5,NaN,0.46,0.5,NaN,0.03,0.1,NaN,0.095
31-Jul-2013,0.09,NaN,0.13,0.5,NaN,0.42,0.5,NaN,0.03,0.1,NaN,0.095
01-Aug-2013,0.08,NaN,0.072,0.5,NaN,0.46,0.5,NaN,0.03,0.1,NaN,0.096
02-Aug-2013,0.09,NaN,0.09,0.5,NaN,0.44,0.5,NaN,0.03,0.1,NaN,0.095
05-Aug-2013,0.08,NaN,0.095,0.5,NaN,0.46,0.5,NaN,0.03,0.1,NaN,0.094
06-Aug-2013,0.09,NaN,0.094,0.5,NaN,0.48,0.5,NaN,0.03,0.1,NaN,0.086
07-Aug-2013,0.09,NaN,0.094,0.5,NaN,0.46,0.5,NaN,0.03,0.1,NaN,0.082
08-Aug-2013,0.09,NaN,0.07,0.5,NaN,0.46,0.5,NaN,0.03,0.1,NaN,0.085
09-Aug-2013,0.08,NaN,0.065,0.5,NaN,0.4,0.5,NaN,0.03,0.1,NaN,0.091
12-Aug-2013,0.08,NaN,0.065,0.5,NaN,0.43,0.5,NaN,0.03,0.1,NaN,0.093
13-Aug-2013,0.08,NaN,0.06,0.5,NaN,0.43,0.5,NaN,0.06,0.1,NaN,0.086
14-Aug-2013,0.09,NaN,0.03,0.5,NaN,0.42,0.5,NaN,0.06,0.1,NaN,0.092
15-Aug-2013,0.08,NaN,0.1,0.5,NaN,0.42,0.5,NaN,0.06,0.1,NaN,0.098
16-Aug-2013,0.09,NaN,0.06,0.5,NaN,0.42,0.5,NaN,0.06,0.1,NaN,0.1
19-Aug-2013,0.09,NaN,0.049,0.5,NaN,0.45,0.5,NaN,0.06,0.1,NaN,0.1
20-Aug-2013,0.09,NaN,0.05,0.5,NaN,0.45,0.5,NaN,0.06,0.1,NaN,0.1
21-Aug-2013,0.08,NaN,0.05,0.5,NaN,0.45,0.5,NaN,0.06,0.1,NaN,0.1
22-Aug-2013,0.09,NaN,0.03,0.5,NaN,0.45,0.5,NaN,0.06,0.1,NaN,0.1
23-Aug-2013,0.08,NaN,0.06,0.5,NaN,0.45,0.5,NaN,0.06,0.1,NaN,0.1
26-Aug-2013,0.08,NaN,0.05,0.5,NaN,0.45,0.5,NaN,0.06,0.1,NaN,0.099
27-Aug-2013,0.07,NaN,0.05,0.5,NaN,0.45,0.5,NaN,0.06,0.1,NaN,0.097
28-Aug-2013,0.07,NaN,0.032,0.5,NaN,0.45,0.5,NaN,0.06,0.1,NaN,0.096
29-Aug-2013,0.08,NaN,0.034,0.5,NaN,0.45,0.5,NaN,0.06,0.1,NaN,0.095
30-Aug-2013,0.07,NaN,0.034,0.5,NaN,0.45,0.5,NaN,0.06,0.1,NaN,0.095
02-Sep-2013,0.07,NaN,0.034,0.5,NaN,0.45,0.5,NaN,0.06,0.1,NaN,0.093
03-Sep-2013,0.09,NaN,0.034,0.5,NaN,0.45,0.5,NaN,0.06,0.1,NaN,0.087
04-Sep-2013,0.08,NaN,0.09,0.5,NaN,0.44,0.5,NaN,0.05,0.1,NaN,0.083
05-Sep-2013,0.08,NaN,0.08,0.5,NaN,0.44,0.5,NaN,0.05,0.1,NaN,0.078
06-Sep-2013,0.08,NaN,0.08,0.5,NaN,0.44,0.5,NaN,0.05,0.1,NaN,0.083
09-Sep-2013,0.08,NaN,0.06,0.5,NaN,0.43,0.5,NaN,0.04,0.1,NaN,0.084
10-Sep-2013,0.08,NaN,0.05,0.5,NaN,0.45,0.5,NaN,0.06,0.1,NaN,0.078
11-Sep-2013,0.08,NaN,0.062,0.5,NaN,0.44,0.5,NaN,0.05,0.1,NaN,0.059
12-Sep-2013,0.08,NaN,0.08,0.5,NaN,0.44,0.5,NaN,0.05,0.1,NaN,0.067
13-Sep-2013,0.08,NaN,0.07,0.5,NaN,0.43,0.5,NaN,0.04,0.1,NaN,0.078
16-Sep-2013,0.08,NaN,0.07,0.5,NaN,0.45,0.5,NaN,0.06,0.1,NaN,0.078
17-Sep-2013,0.08,NaN,0.07,0.5,NaN,0.45,0.5,NaN,0.06,0.1,NaN,0.08
18-Sep-2013,0.08,NaN,0.05,0.5,NaN,0.45,0.5,NaN,0.06,0.1,NaN,0.07
19-Sep-2013,0.09,NaN,0.05,0.5,NaN,0.45,0.5,NaN,0.06,0.1,NaN,0.071
20-Sep-2013,0.08,NaN,0.06,0.5,NaN,0.45,0.5,NaN,0.06,0.1,NaN,0.078
23-Sep-2013,0.09,NaN,0.06,0.5,NaN,0.47,0.5,NaN,0.04,0.1,NaN,0.078
24-Sep-2013,0.09,NaN,0.07,0.5,NaN,0.47,0.5,NaN,0.04,0.1,NaN,0.087
25-Sep-2013,0.08,NaN,0.074,0.5,NaN,0.4,0.5,NaN,0.06,0.1,NaN,0.078
26-Sep-2013,0.08,NaN,0.07,0.5,NaN,0.45,0.5,NaN,0.06,0.1,NaN,0.077
27-Sep-2013,0.08,NaN,0.056,0.5,NaN,0.45,0.5,NaN,0.06,0.1,NaN,0.076
30-Sep-2013,0.06,NaN,0.11,0.5,NaN,0.36,0.5,NaN,0.04,0.1,NaN,0.067
01-Oct-2013,0.08,NaN,0.11,0.5,NaN,0.35,0.5,NaN,0.03,0.1,NaN,0.066
02-Oct-2013,0.07,NaN,0.07,0.5,NaN,0.4,0.5,NaN,0.06,0.1,NaN,0.073
03-Oct-2013,0.08,NaN,0.085,0.5,NaN,0.41,0.5,NaN,0.06,0.1,NaN,0.075
04-Oct-2013,0.08,NaN,0.09,0.5,NaN,0.42,0.5,NaN,0.06,0.1,NaN,0.075
07-Oct-2013,0.08,NaN,0.084,0.5,NaN,0.42,0.5,NaN,0.07,0.1,NaN,0.078
08-Oct-2013,0.08,NaN,0.09,0.5,NaN,0.43,0.5,NaN,0.08,0.1,NaN,0.075
09-Oct-2013,0.09,NaN,0.143,0.5,NaN,0.44,0.5,NaN,0.09,0.1,NaN,0.074
10-Oct-2013,0.09,NaN,0.143,0.5,NaN,0.43,0.5,NaN,0.08,0.1,NaN,0.072
11-Oct-2013,0.1,NaN,0.17,0.5,NaN,0.42,0.5,NaN,0.08,0.1,NaN,0.075
14-Oct-2013,0.1,NaN,0.17,0.5,NaN,0.42,0.5,NaN,0.07,0.1,NaN,0.075
15-Oct-2013,0.1,NaN,0.22,0.5,NaN,0.43,0.5,NaN,0.07,0.1,NaN,0.09
16-Oct-2013,0.11,NaN,0.25,0.5,NaN,0.44,0.5,NaN,0.07,0.1,NaN,0.088
17-Oct-2013,0.1,NaN,0.25,0.5,NaN,0.43,0.5,NaN,0.09,0.1,NaN,0.085
18-Oct-2013,0.1,NaN,0.25,0.5,NaN,0.43,0.5,NaN,0.09,0.1,NaN,0.091
21-Oct-2013,0.09,NaN,0.25,0.5,NaN,0.42,0.5,NaN,0.07,0.1,NaN,0.09
22-Oct-2013,0.08,NaN,0.25,0.5,NaN,0.41,0.5,NaN,0.07,0.1,NaN,0.09
23-Oct-2013,0.08,NaN,0.25,0.5,NaN,0.4,0.5,NaN,0.06,0.1,NaN,0.091
24-Oct-2013,0.08,NaN,0.086,0.5,NaN,0.39,0.5,NaN,0.06,0.1,NaN,0.094
25-Oct-2013,0.08,NaN,0.09,0.5,NaN,0.39,0.5,NaN,0.08,0.1,NaN,0.092
28-Oct-2013,0.08,NaN,0.09,0.5,NaN,0.38,0.5,NaN,0.07,0.1,NaN,0.092
29-Oct-2013,0.08,NaN,0.09,0.5,NaN,0.41,0.5,NaN,0.09,0.1,NaN,0.089
30-Oct-2013,0.08,NaN,0.09,0.5,NaN,0.4,0.5,NaN,0.09,0.1,NaN,0.088
31-Oct-2013,0.07,NaN,0.09,0.5,NaN,0.41,0.5,NaN,0.1,0.1,NaN,0.085
01-Nov-2013,0.08,NaN,0.11,0.5,NaN,0.42,0.5,NaN,0.11,0.1,NaN,0.091
04-Nov-2013,0.08,NaN,0.09,0.5,NaN,0.42,0.5,NaN,0.11,0.1,NaN,0.091
05-Nov-2013,0.08,NaN,0.09,0.5,NaN,0.41,0.5,NaN,0.11,0.1,NaN,0.091
06-Nov-2013,0.08,NaN,0.09,0.5,NaN,0.43,0.5,NaN,0.06,0.1,NaN,0.085
07-Nov-2013,0.08,NaN,0.1,0.5,NaN,0.43,0.25,NaN,0.06,0.1,NaN,0.083
08-Nov-2013,0.08,NaN,0.11,0.5,NaN,0.41,0.25,NaN,0.05,0.1,NaN,0.08
11-Nov-2013,0.08,NaN,0.11,0.5,NaN,0.44,0.25,NaN,0.05,0.1,NaN,0.074
12-Nov-2013,0.08,NaN,0.11,0.5,NaN,0.42,0.25,NaN,0.05,0.1,NaN,0.069
13-Nov-2013,0.08,NaN,0.11,0.5,NaN,0.44,0.25,NaN,0.05,0.1,NaN,0.063
14-Nov-2013,0.09,NaN,0.11,0.5,NaN,0.44,0.25,NaN,0.06,0.1,NaN,0.072
15-Nov-2013,0.09,NaN,0.11,0.5,NaN,0.44,0.25,NaN,0.05,0.1,NaN,0.09
18-Nov-2013,0.09,NaN,0.11,0.5,NaN,0.44,0.25,NaN,0.05,0.1,NaN,0.091
19-Nov-2013,0.09,NaN,0.11,0.5,NaN,0.48,0.25,NaN,0.08,0.1,NaN,0.092
20-Nov-2013,0.09,NaN,0.11,0.5,NaN,0.43,0.25,NaN,0.08,0.1,NaN,0.09
21-Nov-2013,0.09,NaN,0.11,0.5,NaN,0.44,0.25,NaN,0.09,0.1,NaN,0.09
22-Nov-2013,0.09,NaN,0.1,0.5,NaN,0.43,0.25,NaN,0.11,0.1,NaN,0.093
25-Nov-2013,0.09,NaN,0.11,0.5,NaN,0.41,0.25,NaN,0.13,0.1,NaN,0.092
26-Nov-2013,0.09,NaN,0.12,0.5,NaN,0.38,0.25,NaN,0.1,0.1,NaN,0.088
27-Nov-2013,0.09,NaN,0.11,0.5,NaN,0.46,0.25,NaN,0.11,0.1,NaN,0.086
28-Nov-2013,0.09,NaN,0.11,0.5,NaN,0.42,0.25,NaN,0.06,0.1,NaN,0.088
29-Nov-2013,0.07,NaN,0.11,0.5,NaN,0.42,0.25,NaN,0.06,0.1,NaN,0.093
02-Dec-2013,0.09,NaN,0.11,0.5,NaN,0.41,0.25,NaN,0.05,0.1,NaN,0.096
03-Dec-2013,0.09,NaN,0.11,0.5,NaN,0.4,0.25,NaN,0.05,0.1,NaN,0.093
04-Dec-2013,0.09,NaN,0.09,0.5,NaN,0.4,0.25,NaN,0.04,0.1,NaN,0.085
05-Dec-2013,0.09,NaN,0.09,0.5,NaN,0.4,0.25,NaN,0.05,0.1,NaN,0.084
06-Dec-2013,0.09,NaN,0.09,0.5,NaN,0.44,0.25,NaN,0.13,0.1,NaN,0.088
09-Dec-2013,0.09,NaN,0.08,0.5,NaN,0.43,0.25,NaN,0.14,0.1,NaN,0.092
10-Dec-2013,0.09,NaN,0.08,0.5,NaN,0.42,0.25,NaN,0.15,0.1,NaN,0.09
11-Dec-2013,0.08,NaN,0.06,0.5,NaN,0.44,0.25,NaN,0.16,0.1,NaN,0.092
12-Dec-2013,0.09,NaN,0.05,0.5,NaN,0.44,0.25,NaN,0.19,0.1,NaN,0.095
13-Dec-2013,0.08,NaN,0.05,0.5,NaN,0.44,0.25,NaN,0.19,0.1,NaN,0.096
16-Dec-2013,0.09,NaN,0.12,0.5,NaN,0.43,0.25,NaN,0.19,0.1,NaN,0.096
17-Dec-2013,0.09,NaN,0.08,0.5,NaN,0.44,0.25,NaN,0.19,0.1,NaN,0.097
18-Dec-2013,0.09,NaN,0.08,0.5,NaN,0.44,0.25,NaN,0.19,0.1,NaN,0.096
19-Dec-2013,0.09,NaN,0.08,0.5,NaN,0.44,0.25,NaN,0.19,0.1,NaN,0.098
20-Dec-2013,0.09,NaN,0.07,0.5,NaN,0.34,0.25,NaN,0.09,0.1,NaN,0.098
23-Dec-2013,0.09,NaN,0.05,0.5,NaN,0.37,0.25,NaN,0.12,0.1,NaN,0.098
24-Dec-2013,0.08,NaN,0.05,0.5,NaN,0.37,0.25,NaN,0.12,0.1,NaN,0.099
25-Dec-2013,0.08,NaN,0.05,0.5,NaN,0.37,0.25,NaN,0.12,0.1,NaN,0.099
26-Dec-2013,0.08,NaN,0.05,0.5,NaN,0.37,0.25,NaN,0.12,0.1,NaN,0.098
27-Dec-2013,0.08,NaN,0.04,0.5,NaN,0.37,0.25,NaN,0.12,0.1,NaN,0.09
30-Dec-2013,0.08,NaN,0.04,0.5,NaN,0.37,0.25,NaN,0.12,0.1,NaN,0.069
31-Dec-2013,0.07,NaN,0.04,0.5,NaN,0.37,0.25,NaN,0.12,0.1,NaN,0.069
01-Jan-2014,0.07,NaN,0.04,0.5,NaN,0.37,0.25,NaN,0.12,0.1,NaN,0.069
02-Jan-2014,0.08,NaN,0.04,0.5,NaN,0.31,0.25,NaN,0.07,0.1,NaN,0.069
03-Jan-2014,0.08,NaN,0.08,0.5,NaN,0.31,0.25,NaN,0.06,0.1,NaN,0.069
06-Jan-2014,0.08,NaN,0.05,0.5,NaN,0.43,0.25,NaN,0.05,0.1,NaN,0.06
07-Jan-2014,0.07,NaN,0.04,0.5,NaN,0.38,0.25,NaN,0.05,0.1,NaN,0.06
08-Jan-2014,0.07,NaN,0.05,0.5,NaN,0.44,0.25,NaN,0.06,0.1,NaN,0.066
09-Jan-2014,0.07,NaN,0.04,0.5,NaN,0.44,0.25,NaN,0.07,0.1,NaN,0.096
10-Jan-2014,0.07,NaN,0.04,0.5,NaN,0.45,0.25,NaN,0.07,0.1,NaN,0.097
13-Jan-2014,0.07,NaN,0.04,0.5,NaN,0.45,0.25,NaN,0.07,0.1,NaN,0.097
14-Jan-2014,0.07,NaN,0.04,0.5,NaN,0.49,0.25,NaN,0.11,0.1,NaN,0.098
15-Jan-2014,0.07,NaN,0.04,0.5,NaN,0.41,0.25,NaN,0.14,0.1,NaN,0.098
16-Jan-2014,0.07,NaN,0.04,0.5,NaN,0.47,0.25,NaN,0.16,0.1,NaN,0.09
17-Jan-2014,0.07,NaN,0.04,0.5,NaN,0.45,0.25,NaN,0.16,0.1,NaN,0.086
20-Jan-2014,0.07,NaN,0.04,0.5,NaN,0.46,0.25,NaN,0.15,0.1,NaN,0.086
21-Jan-2014,0.07,NaN,0.04,0.5,NaN,0.46,0.25,NaN,0.15,0.1,NaN,0.075
22-Jan-2014,0.07,NaN,0.03,0.5,NaN,0.44,0.25,NaN,0.15,0.1,NaN,0.081
23-Jan-2014,0.07,NaN,0.03,0.5,NaN,0.44,0.25,NaN,0.15,0.1,NaN,0.088
24-Jan-2014,0.07,NaN,0.03,0.5,NaN,0.44,0.25,NaN,0.15,0.1,NaN,0.092
27-Jan-2014,0.07,NaN,0.03,0.5,NaN,0.44,0.25,NaN,0.14,0.1,NaN,0.088
28-Jan-2014,0.07,NaN,0.03,0.5,NaN,0.43,0.25,NaN,0.15,0.1,NaN,0.072
29-Jan-2014,0.07,NaN,0.025,0.5,NaN,0.45,0.25,NaN,0.15,0.1,NaN,0.068
30-Jan-2014,0.07,NaN,0.04,0.5,NaN,0.43,0.25,NaN,0.12,0.1,NaN,0.065
31-Jan-2014,0.07,NaN,0.054,0.5,NaN,0.41,0.25,NaN,0.12,0.1,NaN,0.06
03-Feb-2014,0.07,NaN,0.04,0.5,NaN,0.41,0.25,NaN,0.11,0.1,NaN,0.061
04-Feb-2014,0.07,NaN,0.04,0.5,NaN,0.41,0.25,NaN,0.11,0.1,NaN,0.057
05-Feb-2014,0.07,NaN,0.04,0.5,NaN,0.41,0.25,NaN,0.11,0.1,NaN,0.055
06-Feb-2014,0.07,NaN,0.04,0.5,NaN,0.45,0.25,NaN,0.11,0.1,NaN,0.056
07-Feb-2014,0.06,NaN,0.04,0.5,NaN,0.4,0.25,NaN,0.11,0.1,NaN,0.059
10-Feb-2014,0.07,NaN,0.04,0.5,NaN,0.43,0.25,NaN,0.11,0.1,NaN,0.068
11-Feb-2014,0.06,NaN,0.04,0.5,NaN,0.43,0.25,NaN,0.12,0.1,NaN,0.068
12-Feb-2014,0.07,NaN,0.04,0.5,NaN,0.43,0.25,NaN,0.12,0.1,NaN,0.052
13-Feb-2014,0.06,NaN,0.04,0.5,NaN,0.43,0.25,NaN,0.09,0.1,NaN,0.048
14-Feb-2014,0.06,NaN,0.033,0.5,NaN,0.43,0.25,NaN,0.11,0.1,NaN,0.052
17-Feb-2014,0.06,NaN,0.033,0.5,NaN,0.43,0.25,NaN,0.11,0.1,NaN,0.059
18-Feb-2014,0.07,NaN,0.05,0.5,NaN,0.42,0.25,NaN,0.12,0.1,NaN,0.058
19-Feb-2014,0.07,NaN,0.05,0.5,NaN,0.42,0.25,NaN,0.15,0.1,NaN,0.062
20-Feb-2014,0.07,NaN,0.05,0.5,NaN,0.43,0.25,NaN,0.12,0.1,NaN,0.083
21-Feb-2014,0.07,NaN,0.05,0.5,NaN,0.43,0.25,NaN,0.16,0.1,NaN,0.081
24-Feb-2014,0.07,NaN,0.05,0.5,NaN,0.43,0.25,NaN,0.11,0.1,NaN,0.084
25-Feb-2014,0.07,NaN,0.05,0.5,NaN,0.43,0.25,NaN,0.12,0.1,NaN,0.08
26-Feb-2014,0.07,NaN,0.05,0.5,NaN,0.43,0.25,NaN,0.12,0.1,NaN,0.074
27-Feb-2014,0.07,NaN,0.05,0.5,NaN,0.42,0.25,NaN,0.12,0.1,NaN,0.073
28-Feb-2014,0.06,NaN,0.05,0.5,NaN,0.42,0.25,NaN,0.12,0.1,NaN,0.071
03-Mar-2014,0.07,NaN,0.05,0.5,NaN,0.42,0.25,NaN,0.12,0.1,NaN,0.065
04-Mar-2014,0.07,NaN,0.05,0.5,NaN,0.43,0.25,NaN,0.12,0.1,NaN,0.061
05-Mar-2014,0.08,NaN,0.1,0.5,NaN,0.44,0.25,NaN,0.12,0.1,NaN,0.057
06-Mar-2014,0.08,NaN,0.1,0.5,NaN,0.44,0.25,NaN,0.11,0.1,NaN,0.054
07-Mar-2014,0.08,NaN,0.1,0.5,NaN,0.52,0.25,NaN,0.15,0.1,NaN,0.054
10-Mar-2014,0.08,NaN,0.1,0.5,NaN,0.52,0.25,NaN,0.17,0.1,NaN,0.055
11-Mar-2014,0.08,NaN,0.1,0.5,NaN,0.51,0.25,NaN,0.16,0.1,NaN,0.052
12-Mar-2014,0.08,NaN,0.1,0.5,NaN,0.52,0.25,NaN,0.17,0.1,NaN,0.052
13-Mar-2014,0.08,NaN,0.1,0.5,NaN,0.49,0.25,NaN,0.14,0.1,NaN,0.044
14-Mar-2014,0.08,NaN,0.1,0.5,NaN,0.45,0.25,NaN,0.11,0.1,NaN,0.045
17-Mar-2014,0.08,NaN,0.1,0.5,NaN,0.45,0.25,NaN,0.13,0.1,NaN,0.053
18-Mar-2014,0.08,NaN,0.1,0.5,NaN,0.45,0.25,NaN,0.14,0.1,NaN,0.047
19-Mar-2014,0.08,NaN,0.1,0.5,NaN,0.45,0.25,NaN,0.14,0.1,NaN,0.056
20-Mar-2014,0.08,NaN,0.08,0.5,NaN,0.47,0.25,NaN,0.13,0.1,NaN,0.075
21-Mar-2014,0.08,NaN,0.08,0.5,NaN,0.47,0.25,NaN,0.13,0.1,NaN,0.075
24-Mar-2014,0.09,NaN,0.11,0.5,NaN,0.44,0.25,NaN,0.15,0.1,NaN,0.076
25-Mar-2014,0.09,NaN,0.11,0.5,NaN,0.44,0.25,NaN,0.15,0.1,NaN,0.049
26-Mar-2014,0.08,NaN,0.1,0.5,NaN,0.44,0.25,NaN,0.12,0.1,NaN,0.039
27-Mar-2014,0.08,NaN,0.1,0.5,NaN,0.44,0.25,NaN,0.08,0.1,NaN,0.04
28-Mar-2014,0.08,NaN,0.1,0.5,NaN,0.46,0.25,NaN,0.07,0.1,NaN,0.022
31-Mar-2014,0.06,NaN,0.1,0.5,NaN,0.46,0.25,NaN,0.07,0.1,NaN,0.004
01-Apr-2014,0.08,NaN,0.1,0.5,NaN,0.48,0.25,NaN,0.09,0.1,NaN,0.005
02-Apr-2014,0.09,NaN,0.1,0.5,NaN,0.51,0.25,NaN,0.12,0.1,NaN,0.033
03-Apr-2014,0.08,NaN,0.1,0.5,NaN,0.5,0.25,NaN,0.11,0.1,NaN,0.058
04-Apr-2014,0.08,NaN,0.1,0.5,NaN,0.54,0.25,NaN,0.15,0.1,NaN,0.063
07-Apr-2014,0.09,NaN,0.1,0.5,NaN,0.54,0.25,NaN,0.15,0.1,NaN,0.058
08-Apr-2014,0.08,NaN,0.08,0.5,NaN,0.46,0.25,NaN,0.14,0.1,NaN,0.057
09-Apr-2014,0.08,NaN,0.1,0.5,NaN,0.46,0.25,NaN,0.16,0.1,NaN,0.058
10-Apr-2014,0.08,NaN,0.1,0.5,NaN,0.43,0.25,NaN,0.17,0.1,NaN,0.056
11-Apr-2014,0.09,NaN,0.1,0.5,NaN,0.43,0.25,NaN,0.17,0.1,NaN,0.057
14-Apr-2014,0.09,NaN,0.08,0.5,NaN,0.45,0.25,NaN,0.17,0.1,NaN,0.069
15-Apr-2014,0.1,NaN,0.08,0.5,NaN,0.43,0.25,NaN,0.18,0.1,NaN,0.091
16-Apr-2014,0.09,NaN,0.09,0.5,NaN,0.41,0.25,NaN,0.16,0.1,NaN,0.085
17-Apr-2014,0.09,NaN,0.09,0.5,NaN,0.41,0.25,NaN,0.16,0.1,NaN,0.086
18-Apr-2014,0.1,NaN,0.09,0.5,NaN,0.41,0.25,NaN,0.16,0.1,NaN,0.088
21-Apr-2014,0.1,NaN,0.09,0.5,NaN,0.41,0.25,NaN,0.16,0.1,NaN,0.093
22-Apr-2014,0.1,NaN,0.09,0.5,NaN,0.43,0.25,NaN,0.16,0.1,NaN,0.093
23-Apr-2014,0.1,NaN,0.06,0.5,NaN,0.43,0.25,NaN,0.16,0.1,NaN,0.094
24-Apr-2014,0.1,NaN,0.06,0.5,NaN,0.43,0.25,NaN,0.17,0.1,NaN,0.093
25-Apr-2014,0.09,NaN,0.06,0.5,NaN,0.35,0.25,NaN,0.2,0.1,NaN,0.092
28-Apr-2014,0.09,NaN,0.06,0.5,NaN,0.45,0.25,NaN,0.23,0.1,NaN,0.094
29-Apr-2014,0.1,NaN,0.06,0.5,NaN,0.45,0.25,NaN,0.19,0.1,NaN,0.094
30-Apr-2014,0.09,NaN,0.089,0.5,NaN,0.37,0.25,NaN,0.17,0.1,NaN,0.09
01-May-2014,0.09,NaN,0.089,0.5,NaN,0.29,0.25,NaN,0.12,0.1,NaN,0.09
02-May-2014,0.09,NaN,0.089,0.5,NaN,0.48,0.25,NaN,0.12,0.1,NaN,0.079
05-May-2014,0.09,NaN,0.089,0.5,NaN,0.48,0.25,NaN,0.12,0.1,NaN,0.079
06-May-2014,0.09,NaN,0.089,0.5,NaN,0.42,0.25,NaN,0.12,0.1,NaN,0.079
07-May-2014,0.08,NaN,0.089,0.5,NaN,0.42,0.25,NaN,0.17,0.1,NaN,0.082
08-May-2014,0.08,NaN,0.07,0.5,NaN,0.43,0.25,NaN,0.18,0.1,NaN,0.066
09-May-2014,0.08,NaN,0.07,0.5,NaN,0.43,0.25,NaN,0.18,0.1,NaN,0.062
12-May-2014,0.08,NaN,0.07,0.5,NaN,0.43,0.25,NaN,0.18,0.1,NaN,0.073
13-May-2014,0.09,NaN,0.06,0.5,NaN,0.44,0.25,NaN,0.21,0.1,NaN,0.06
14-May-2014,0.08,NaN,0.06,0.5,NaN,0.43,0.25,NaN,0.17,0.1,NaN,0.059
15-May-2014,0.09,NaN,0.08,0.5,NaN,0.43,0.25,NaN,0.17,0.1,NaN,0.061
16-May-2014,0.09,NaN,0.08,0.5,NaN,0.43,0.25,NaN,0.12,0.1,NaN,0.062
19-May-2014,0.09,NaN,0.08,0.5,NaN,0.44,0.25,NaN,0.17,0.1,NaN,0.085
20-May-2014,0.09,NaN,0.08,0.5,NaN,0.44,0.25,NaN,0.23,0.1,NaN,0.083
21-May-2014,0.09,NaN,0.08,0.5,NaN,0.47,0.25,NaN,0.25,0.1,NaN,0.067
22-May-2014,0.09,NaN,0.08,0.5,NaN,0.47,0.25,NaN,0.25,0.1,NaN,0.072
23-May-2014,0.09,NaN,0.08,0.5,NaN,0.47,0.25,NaN,0.23,0.1,NaN,0.07
26-May-2014,0.09,NaN,0.08,0.5,NaN,0.47,0.25,NaN,0.23,0.1,NaN,0.078
27-May-2014,0.09,NaN,0.08,0.5,NaN,0.44,0.25,NaN,0.2,0.1,NaN,0.068
28-May-2014,0.09,NaN,0.08,0.5,NaN,0.43,0.25,NaN,0.19,0.1,NaN,0.069
29-May-2014,0.09,NaN,0.12,0.5,NaN,0.47,0.25,NaN,0.17,0.1,NaN,0.069
30-May-2014,0.08,NaN,0.15,0.5,NaN,0.5,0.25,NaN,0.21,0.1,NaN,0.076
02-Jun-2014,0.09,NaN,0.12,0.5,NaN,0.5,0.25,NaN,0.21,0.1,NaN,0.087
03-Jun-2014,0.1,NaN,0.12,0.5,NaN,0.48,0.25,NaN,0.22,0.1,NaN,0.084
04-Jun-2014,0.09,NaN,0.12,0.5,NaN,0.48,0.25,NaN,0.22,0.1,NaN,0.065
05-Jun-2014,0.09,NaN,0.13,0.5,NaN,0.49,0.15,NaN,0.18,0.1,NaN,0.062
06-Jun-2014,0.09,NaN,0.13,0.5,NaN,0.37,0.15,NaN,0.07,0.1,NaN,0.066
09-Jun-2014,0.09,NaN,0.13,0.5,NaN,0.48,0.15,NaN,0.09,0.1,NaN,0.062
10-Jun-2014,0.09,NaN,0.133,0.5,NaN,0.49,0.15,NaN,0.09,0.1,NaN,0.06
11-Jun-2014,0.09,NaN,0.13,0.5,NaN,0.49,0.15,NaN,0.1,0.1,NaN,0.058
12-Jun-2014,0.09,NaN,0.14,0.5,NaN,0.49,0.15,NaN,0.02,0.1,NaN,0.058
13-Jun-2014,0.1,NaN,0.13,0.5,NaN,0.49,0.15,NaN,-0.01,0.1,NaN,0.07
16-Jun-2014,0.1,NaN,0.13,0.5,NaN,0.48,0.15,NaN,-0.03,0.1,NaN,0.065
17-Jun-2014,0.1,NaN,0.13,0.5,NaN,0.43,0.15,NaN,-0.04,0.1,NaN,0.058
18-Jun-2014,0.1,NaN,0.13,0.5,NaN,0.44,0.15,NaN,-0.02,0.1,NaN,0.05
19-Jun-2014,0.1,NaN,0.13,0.5,NaN,0.45,0.15,NaN,-0.01,0.1,NaN,0.052
20-Jun-2014,0.1,NaN,0.13,0.5,NaN,0.46,0.15,NaN,0,0.1,NaN,0.052
23-Jun-2014,0.1,NaN,0.1,0.5,NaN,0.46,0.15,NaN,0,0.1,NaN,0.05
24-Jun-2014,0.1,NaN,0.14,0.5,NaN,0.46,0.15,NaN,0,0.1,NaN,0.048
25-Jun-2014,0.1,NaN,0.14,0.5,NaN,0.48,0.15,NaN,0.02,0.1,NaN,0.046
26-Jun-2014,0.1,NaN,0.14,0.5,NaN,0.48,0.15,NaN,0.02,0.1,NaN,0.044
27-Jun-2014,0.1,NaN,0.14,0.5,NaN,0.43,0.15,NaN,0.02,0.1,NaN,0.049
30-Jun-2014,0.09,NaN,0.14,0.5,NaN,0.43,0.15,NaN,0,0.1,NaN,0.053
01-Jul-2014,0.1,NaN,0.14,0.5,NaN,0.43,0.15,NaN,0,0.1,NaN,0.053
02-Jul-2014,0.1,NaN,0.14,0.5,NaN,0.44,0.15,NaN,0.01,0.1,NaN,0.053
03-Jul-2014,0.09,NaN,0.14,0.5,NaN,0.43,0.15,NaN,0,0.1,NaN,0.057
04-Jul-2014,0.09,NaN,0.14,0.5,NaN,0.5,0.15,NaN,0.01,0.1,NaN,0.075
07-Jul-2014,0.1,NaN,0.14,0.5,NaN,0.46,0.15,NaN,0.01,0.1,NaN,0.05
08-Jul-2014,0.09,NaN,0.14,0.5,NaN,0.48,0.15,NaN,0.01,0.1,NaN,0.046
09-Jul-2014,0.09,NaN,0.14,0.5,NaN,0.48,0.15,NaN,0.01,0.1,NaN,0.047
10-Jul-2014,0.09,NaN,0.14,0.5,NaN,0.48,0.15,NaN,0.01,0.1,NaN,0.052
11-Jul-2014,0.09,NaN,0.14,0.5,NaN,0.48,0.15,NaN,0.01,0.1,NaN,0.065
14-Jul-2014,0.09,NaN,0.14,0.5,NaN,0.48,0.15,NaN,0.01,0.1,NaN,0.058
15-Jul-2014,0.09,NaN,0.13,0.5,NaN,0.52,0.15,NaN,0.01,0.1,NaN,0.05
16-Jul-2014,0.09,NaN,0.13,0.5,NaN,0.5,0.15,NaN,0.01,0.1,NaN,0.045
17-Jul-2014,0.09,NaN,0.13,0.5,NaN,0.51,0.15,NaN,-0.01,0.1,NaN,0.049
18-Jul-2014,0.09,NaN,0.13,0.5,NaN,0.51,0.15,NaN,-0.01,0.1,NaN,0.066
21-Jul-2014,0.1,NaN,0.09,0.5,NaN,0.49,0.15,NaN,-0.01,0.1,NaN,0.066
22-Jul-2014,0.09,NaN,0.09,0.5,NaN,0.51,0.15,NaN,0.02,0.1,NaN,0.084
23-Jul-2014,0.09,NaN,0.09,0.5,NaN,0.45,0.15,NaN,0.01,0.1,NaN,0.088
24-Jul-2014,0.09,NaN,0.09,0.5,NaN,0.47,0.15,NaN,0,0.1,NaN,0.088
25-Jul-2014,0.09,NaN,0.09,0.5,NaN,0.46,0.15,NaN,0,0.1,NaN,0.09
28-Jul-2014,0.09,NaN,0.09,0.5,NaN,0.47,0.15,NaN,0.01,0.1,NaN,0.086
29-Jul-2014,0.09,NaN,0.09,0.5,NaN,0.48,0.15,NaN,0.02,0.1,NaN,0.073
30-Jul-2014,0.09,NaN,0.09,0.5,NaN,0.46,0.15,NaN,-0.01,0.1,NaN,0.055
31-Jul-2014,0.08,NaN,0.09,0.5,NaN,0.46,0.15,NaN,-0.01,0.1,NaN,0.059
01-Aug-2014,0.09,NaN,0.09,0.5,NaN,0.46,0.15,NaN,-0.01,0.1,NaN,0.073
04-Aug-2014,0.09,NaN,0.12,0.5,NaN,0.45,0.15,NaN,-0.01,0.1,NaN,0.07
05-Aug-2014,0.09,NaN,0.09,0.5,NaN,0.46,0.15,NaN,-0.01,0.1,NaN,0.065
06-Aug-2014,0.09,NaN,0.09,0.5,NaN,0.46,0.15,NaN,-0.01,0.1,NaN,0.051
07-Aug-2014,0.09,NaN,0.09,0.5,NaN,0.47,0.15,NaN,-0.01,0.1,NaN,0.056
08-Aug-2014,0.09,NaN,0.09,0.5,NaN,0.45,0.15,NaN,-0.02,0.1,NaN,0.071
11-Aug-2014,0.09,NaN,0.09,0.5,NaN,0.46,0.15,NaN,-0.02,0.1,NaN,0.074
12-Aug-2014,0.09,NaN,0.09,0.5,NaN,0.45,0.15,NaN,-0.01,0.1,NaN,0.065
13-Aug-2014,0.09,NaN,0.09,0.5,NaN,0.45,0.15,NaN,-0.06,0.1,NaN,0.049
14-Aug-2014,0.09,NaN,0.09,0.5,NaN,0.44,0.15,NaN,-0.06,0.1,NaN,0.055
15-Aug-2014,0.09,NaN,0.13,0.5,NaN,0.44,0.15,NaN,-0.06,0.1,NaN,0.056
18-Aug-2014,0.09,NaN,0.12,0.5,NaN,0.47,0.15,NaN,-0.07,0.1,NaN,0.055
19-Aug-2014,0.09,NaN,0.09,0.5,NaN,0.45,0.15,NaN,-0.07,0.1,NaN,0.056
20-Aug-2014,0.09,NaN,0.09,0.5,NaN,0.45,0.15,NaN,-0.07,0.1,NaN,0.069
21-Aug-2014,0.09,NaN,0.074,0.5,NaN,0.45,0.15,NaN,-0.05,0.1,NaN,0.072
22-Aug-2014,0.09,NaN,0.093,0.5,NaN,0.45,0.15,NaN,-0.06,0.1,NaN,0.073
25-Aug-2014,0.09,NaN,0.087,0.5,NaN,0.45,0.15,NaN,-0.06,0.1,NaN,0.076
26-Aug-2014,0.09,NaN,0.069,0.5,NaN,0.42,0.15,NaN,-0.07,0.1,NaN,0.076
27-Aug-2014,0.09,NaN,0.062,0.5,NaN,0.43,0.15,NaN,-0.04,0.1,NaN,0.068
28-Aug-2014,0.09,NaN,0.062,0.5,NaN,0.46,0.15,NaN,-0.09,0.1,NaN,0.068
29-Aug-2014,0.07,NaN,0.085,0.5,NaN,0.46,0.15,NaN,-0.09,0.1,NaN,0.072
01-Sep-2014,0.07,NaN,0.085,0.5,NaN,0.46,0.15,NaN,-0.09,0.1,NaN,0.071
02-Sep-2014,0.09,NaN,0.094,0.5,NaN,0.46,0.15,NaN,-0.1,0.1,NaN,0.054
03-Sep-2014,0.09,NaN,0.094,0.5,NaN,0.46,0.15,NaN,-0.1,0.1,NaN,0.054
04-Sep-2014,0.09,NaN,0.107,0.5,NaN,0.46,0.05,NaN,-0.1,0.1,NaN,0.057
05-Sep-2014,0.09,NaN,0.099,0.5,NaN,0.48,0.05,NaN,-0.16,0.1,NaN,0.056
08-Sep-2014,0.09,NaN,0.085,0.5,NaN,0.5,0.05,NaN,-0.18,0.1,NaN,0.049
09-Sep-2014,0.09,NaN,0.072,0.5,NaN,0.5,0.05,NaN,-0.18,0.1,NaN,0.052
10-Sep-2014,0.09,NaN,0.065,0.5,NaN,0.53,0.05,NaN,-0.11,0.1,NaN,0.05
11-Sep-2014,0.09,NaN,0.07,0.5,NaN,0.48,0.05,NaN,-0.03,0.1,NaN,0.048
12-Sep-2014,0.09,NaN,0.074,0.5,NaN,0.48,0.05,NaN,-0.03,0.1,NaN,0.053
15-Sep-2014,0.09,NaN,0.114,0.5,NaN,0.5,0.05,NaN,-0.03,0.1,NaN,0.053
16-Sep-2014,0.09,NaN,0.081,0.5,NaN,0.5,0.05,NaN,-0.1,0.1,NaN,0.043
17-Sep-2014,0.09,NaN,0.07,0.5,NaN,0.52,0.05,NaN,-0.1,0.1,NaN,0.039
18-Sep-2014,0.09,NaN,0.059,0.5,NaN,0.5,0.05,NaN,-0.09,0.1,NaN,0.043
19-Sep-2014,0.09,NaN,0.063,0.5,NaN,0.47,0.05,NaN,-0.09,0.1,NaN,0.044
22-Sep-2014,0.09,NaN,0.053,0.5,NaN,0.48,0.05,NaN,-0.1,0.1,NaN,0.043
23-Sep-2014,0.09,NaN,0.048,0.5,NaN,0.48,0.05,NaN,-0.1,0.1,NaN,0.043
24-Sep-2014,0.09,NaN,0.056,0.5,NaN,0.45,0.05,NaN,-0.07,0.1,NaN,0.036
25-Sep-2014,0.09,NaN,0.056,0.5,NaN,0.49,0.05,NaN,-0.07,0.1,NaN,0.028
26-Sep-2014,0.09,NaN,0.067,0.5,NaN,0.47,0.05,NaN,-0.07,0.1,NaN,0.032
29-Sep-2014,0.08,NaN,0.057,0.5,NaN,0.49,0.05,NaN,0.06,0.1,NaN,0.031
30-Sep-2014,0.07,NaN,0.001,0.5,NaN,0.49,0.05,NaN,0.06,0.1,NaN,0.008
01-Oct-2014,0.09,NaN,0.067,0.5,NaN,0.46,0.05,NaN,-0.04,0.1,NaN,0.012
02-Oct-2014,0.09,NaN,0.077,0.5,NaN,0.46,0.05,NaN,-0.04,0.1,NaN,0.008
03-Oct-2014,0.09,NaN,0.077,0.5,NaN,0.46,0.05,NaN,-0.04,0.1,NaN,0.014
06-Oct-2014,0.09,NaN,0.08,0.5,NaN,0.49,0.05,NaN,-0.04,0.1,NaN,0.032
07-Oct-2014,0.09,NaN,0.086,0.5,NaN,0.48,0.05,NaN,-0.05,0.1,NaN,0.019
08-Oct-2014,0.09,NaN,0.072,0.5,NaN,0.52,0.05,NaN,-0.05,0.1,NaN,0.008
09-Oct-2014,0.08,NaN,0.097,0.5,NaN,0.51,0.05,NaN,-0.08,0.1,NaN,0.01
10-Oct-2014,0.09,NaN,0.103,0.5,NaN,0.51,0.05,NaN,-0.08,0.1,NaN,0.036
13-Oct-2014,0.09,NaN,0.103,0.5,NaN,0.54,0.05,NaN,-0.08,0.1,NaN,0.036
14-Oct-2014,0.09,NaN,0.105,0.5,NaN,0.48,0.05,NaN,-0.08,0.1,NaN,0.054
15-Oct-2014,0.09,NaN,0.149,0.5,NaN,0.51,0.05,NaN,-0.08,0.1,NaN,0.064
16-Oct-2014,0.09,NaN,0.159,0.5,NaN,0.5,0.05,NaN,-0.05,0.1,NaN,0.043
17-Oct-2014,0.09,NaN,0.188,0.5,NaN,0.52,0.05,NaN,-0.04,0.1,NaN,0.065
20-Oct-2014,0.09,NaN,0.125,0.5,NaN,0.49,0.05,NaN,-0.08,0.1,NaN,0.066
21-Oct-2014,0.09,NaN,0.125,0.5,NaN,0.49,0.05,NaN,-0.07,0.1,NaN,0.057
22-Oct-2014,0.09,NaN,0.116,0.5,NaN,0.49,0.05,NaN,-0.05,0.1,NaN,0.043
23-Oct-2014,0.09,NaN,0.12,0.5,NaN,0.5,0.05,NaN,-0.05,0.1,NaN,0.056
24-Oct-2014,0.09,NaN,0.139,0.5,NaN,0.5,0.05,NaN,-0.06,0.1,NaN,0.069
27-Oct-2014,0.09,NaN,0.147,0.5,NaN,0.5,0.05,NaN,-0.05,0.1,NaN,0.074
28-Oct-2014,0.09,NaN,0.103,0.5,NaN,0.49,0.05,NaN,-0.05,0.1,NaN,0.063
29-Oct-2014,0.09,NaN,0.113,0.5,NaN,0.5,0.05,NaN,0,0.1,NaN,0.044
30-Oct-2014,0.09,NaN,0.144,0.5,NaN,0.5,0.05,NaN,-0.05,0.1,NaN,0.05
31-Oct-2014,0.07,NaN,0.188,0.5,NaN,0.46,0.05,NaN,-0.05,0.1,NaN,0.065
03-Nov-2014,0.09,NaN,0.153,0.5,NaN,0.49,0.05,NaN,-0.06,0.1,NaN,0.065
04-Nov-2014,0.1,NaN,0.113,0.5,NaN,0.45,0.05,NaN,-0.07,0.1,NaN,0.076
05-Nov-2014,0.09,NaN,0.115,0.5,NaN,0.46,0.05,NaN,-0.07,0.1,NaN,0.069
06-Nov-2014,0.09,NaN,0.115,0.5,NaN,0.46,0.05,NaN,-0.08,0.1,NaN,0.053
07-Nov-2014,0.09,NaN,0.108,0.5,NaN,0.48,0.05,NaN,-0.12,0.1,NaN,0.062
10-Nov-2014,0.09,NaN,0.117,0.5,NaN,0.46,0.05,NaN,-0.12,0.1,NaN,0.049
11-Nov-2014,0.09,NaN,0.117,0.5,NaN,0.46,0.05,NaN,-0.12,0.1,NaN,0.035
12-Nov-2014,0.09,NaN,0.128,0.5,NaN,0.46,0.05,NaN,-0.12,0.1,NaN,0.026
13-Nov-2014,0.09,NaN,0.147,0.5,NaN,0.47,0.05,NaN,-0.1,0.1,NaN,0.025
14-Nov-2014,0.09,NaN,0.152,0.5,NaN,0.48,0.05,NaN,-0.1,0.1,NaN,0.032
17-Nov-2014,0.1,NaN,0.177,0.5,NaN,0.48,0.05,NaN,-0.11,0.1,NaN,0.045
18-Nov-2014,0.11,NaN,0.136,0.5,NaN,0.46,0.05,NaN,-0.11,0.1,NaN,0.038
19-Nov-2014,0.1,NaN,0.116,0.5,NaN,0.46,0.05,NaN,-0.1,0.1,NaN,0.035
20-Nov-2014,0.1,NaN,0.13,0.5,NaN,0.46,0.05,NaN,-0.1,0.1,NaN,0.04
21-Nov-2014,0.1,NaN,0.117,0.5,NaN,0.46,0.05,NaN,-0.1,0.1,NaN,0.044
24-Nov-2014,0.1,NaN,0.137,0.5,NaN,0.47,0.05,NaN,-0.06,0.1,NaN,0.044
25-Nov-2014,0.1,NaN,0.128,0.5,NaN,0.46,0.05,NaN,-0.06,0.1,NaN,0.053
26-Nov-2014,0.1,NaN,0.14,0.5,NaN,0.46,0.05,NaN,0,0.1,NaN,0.042
27-Nov-2014,0.1,NaN,0.14,0.5,NaN,0.47,0.05,NaN,0.01,0.1,NaN,0.033
28-Nov-2014,0.08,NaN,0.2,0.5,NaN,0.47,0.05,NaN,0.02,0.1,NaN,0.035
01-Dec-2014,0.13,NaN,0.206,0.5,NaN,0.48,0.05,NaN,0.01,0.1,NaN,0.031
02-Dec-2014,0.12,NaN,0.21,0.5,NaN,0.47,0.05,NaN,0.01,0.1,NaN,0.028
03-Dec-2014,0.12,NaN,0.171,0.5,NaN,0.49,0.05,NaN,0.03,0.1,NaN,0.024
04-Dec-2014,0.12,NaN,0.195,0.5,NaN,0.48,0.05,NaN,0.03,0.1,NaN,0.024
05-Dec-2014,0.12,NaN,0.2,0.5,NaN,0.48,0.05,NaN,0.03,0.1,NaN,0.03
08-Dec-2014,0.12,NaN,0.18,0.5,NaN,0.47,0.05,NaN,-0.09,0.1,NaN,0.041
09-Dec-2014,0.12,NaN,0.16,0.5,NaN,0.48,0.05,NaN,-0.1,0.1,NaN,0.035
10-Dec-2014,0.12,NaN,0.156,0.5,NaN,0.47,0.05,NaN,-0.1,0.1,NaN,0.038
11-Dec-2014,0.12,NaN,0.183,0.5,NaN,0.46,0.05,NaN,-0.1,0.1,NaN,0.042
12-Dec-2014,0.12,NaN,0.184,0.5,NaN,0.47,0.05,NaN,-0.11,0.1,NaN,0.045
15-Dec-2014,0.11,NaN,0.192,0.5,NaN,0.46,0.05,NaN,-0.11,0.1,NaN,0.048
16-Dec-2014,0.12,NaN,0.19,0.5,NaN,0.5,0.05,NaN,-0.11,0.1,NaN,0.031
17-Dec-2014,0.13,NaN,0.183,0.5,NaN,0.45,0.05,NaN,-0.11,0.1,NaN,0.034
18-Dec-2014,0.13,NaN,0.21,0.5,NaN,0.48,0.05,NaN,-0.11,0.1,NaN,0.036
19-Dec-2014,0.13,NaN,0.201,0.5,NaN,0.48,0.05,NaN,-0.11,0.1,NaN,0.045
22-Dec-2014,0.13,NaN,0.171,0.5,NaN,0.46,0.05,NaN,-0.11,0.1,NaN,0.055
23-Dec-2014,0.13,NaN,0.144,0.5,NaN,0.46,0.05,NaN,-0.11,0.1,NaN,0.055
24-Dec-2014,0.13,NaN,0.156,0.5,NaN,0.46,0.05,NaN,-0.11,0.1,NaN,0.061
25-Dec-2014,0.13,NaN,0.156,0.5,NaN,0.46,0.05,NaN,-0.11,0.1,NaN,0.06
26-Dec-2014,0.13,NaN,0.14,0.5,NaN,0.46,0.05,NaN,-0.11,0.1,NaN,0.06
29-Dec-2014,0.13,NaN,0.145,0.5,NaN,0.46,0.05,NaN,-0.11,0.1,NaN,0.063
30-Dec-2014,0.13,NaN,0.15,0.5,NaN,0.46,0.05,NaN,-0.11,0.1,NaN,0.069
31-Dec-2014,0.06,NaN,0.26,0.5,NaN,0.46,0.05,NaN,-0.11,0.1,NaN,0.069
01-Jan-2015,0.06,NaN,0.26,0.5,NaN,0.46,0.05,NaN,-0.11,0.1,NaN,0.069
02-Jan-2015,0.12,NaN,0.175,0.5,NaN,0.51,0.05,NaN,-0.11,0.1,NaN,0.069
05-Jan-2015,0.12,NaN,0.139,0.5,NaN,0.51,0.05,NaN,-0.11,0.1,NaN,0.064
06-Jan-2015,0.12,NaN,0.118,0.5,NaN,0.45,0.05,NaN,-0.17,0.1,NaN,0.066
07-Jan-2015,0.12,NaN,0.12,0.5,NaN,0.45,0.05,NaN,-0.17,0.1,NaN,0.072
08-Jan-2015,0.12,NaN,0.13,0.5,NaN,0.52,0.05,NaN,-0.18,0.1,NaN,0.075
09-Jan-2015,0.12,NaN,0.142,0.5,NaN,0.52,0.05,NaN,-0.2,0.1,NaN,0.082
12-Jan-2015,0.12,NaN,0.131,0.5,NaN,0.52,0.05,NaN,-0.2,0.1,NaN,0.082
13-Jan-2015,0.12,NaN,0.14,0.5,NaN,0.52,0.05,NaN,-0.2,0.1,NaN,0.074
14-Jan-2015,0.12,NaN,0.152,0.5,NaN,0.48,0.05,NaN,-0.18,0.1,NaN,0.078
15-Jan-2015,0.12,NaN,0.178,0.5,NaN,0.47,0.05,NaN,-0.19,0.1,NaN,0.079
16-Jan-2015,0.13,NaN,0.179,0.5,NaN,0.5,0.05,NaN,-0.24,0.1,NaN,0.079
19-Jan-2015,0.13,NaN,0.179,0.5,NaN,0.53,0.05,NaN,-0.25,0.1,NaN,0.078
20-Jan-2015,0.12,NaN,0.137,0.5,NaN,0.52,0.05,NaN,-0.25,0.1,NaN,0.076
21-Jan-2015,0.12,NaN,0.108,0.5,NaN,0.47,0.05,NaN,-0.24,0.1,NaN,0.075
22-Jan-2015,0.12,NaN,0.104,0.5,NaN,0.53,0.05,NaN,-0.21,0.1,NaN,0.077
23-Jan-2015,0.12,NaN,0.126,0.5,NaN,0.52,0.05,NaN,-0.19,0.1,NaN,0.079
26-Jan-2015,0.12,NaN,0.116,0.5,NaN,0.53,0.05,NaN,-0.19,0.1,NaN,0.074
27-Jan-2015,0.11,NaN,0.107,0.5,NaN,0.54,0.05,NaN,-0.19,0.1,NaN,0.07
28-Jan-2015,0.12,NaN,0.086,0.5,NaN,0.52,0.05,NaN,-0.16,0.1,NaN,0.063
29-Jan-2015,0.11,NaN,0.089,0.5,NaN,0.48,0.05,NaN,-0.17,0.1,NaN,0.064
30-Jan-2015,0.06,NaN,0.149,0.5,NaN,0.46,0.05,NaN,-0.17,0.1,NaN,0.071
02-Feb-2015,0.12,NaN,0.149,0.5,NaN,0.46,0.05,NaN,-0.17,0.1,NaN,0.069
03-Feb-2015,0.12,NaN,0.149,0.5,NaN,0.46,0.05,NaN,-0.17,0.1,NaN,0.059
04-Feb-2015,0.11,NaN,0.138,0.5,NaN,0.46,0.05,NaN,-0.17,0.1,NaN,0.055
05-Feb-2015,0.12,NaN,0.183,0.5,NaN,0.49,0.05,NaN,-0.17,0.1,NaN,0.054
06-Feb-2015,0.11,NaN,0.171,0.5,NaN,0.46,0.05,NaN,-0.17,0.1,NaN,0.065
09-Feb-2015,0.12,NaN,0.183,0.5,NaN,0.46,0.05,NaN,-0.17,0.1,NaN,0.077
10-Feb-2015,0.12,NaN,0.165,0.5,NaN,0.47,0.05,NaN,-0.17,0.1,NaN,0.074
11-Feb-2015,0.12,NaN,0.144,0.5,NaN,0.47,0.05,NaN,-0.17,0.1,NaN,0.074
12-Feb-2015,0.12,NaN,0.178,0.5,NaN,0.51,0.05,NaN,-0.17,0.1,NaN,0.064
13-Feb-2015,0.12,NaN,0.147,0.5,NaN,0.51,0.05,NaN,-0.17,0.1,NaN,0.06
16-Feb-2015,0.12,NaN,0.147,0.5,NaN,0.51,0.05,NaN,-0.17,0.1,NaN,0.061
17-Feb-2015,0.12,NaN,0.146,0.5,NaN,0.51,0.05,NaN,-0.17,0.1,NaN,0.062
18-Feb-2015,0.12,NaN,0.129,0.5,NaN,0.5,0.05,NaN,-0.17,0.1,NaN,0.056
19-Feb-2015,0.12,NaN,0.11,0.5,NaN,0.52,0.05,NaN,-0.17,0.1,NaN,0.061
20-Feb-2015,0.12,NaN,0.085,0.5,NaN,0.46,0.05,NaN,-0.17,0.1,NaN,0.064
23-Feb-2015,0.11,NaN,0.072,0.5,NaN,0.5,0.05,NaN,-0.17,0.1,NaN,0.067
24-Feb-2015,0.11,NaN,0.055,0.5,NaN,0.5,0.05,NaN,-0.09,0.1,NaN,0.06
25-Feb-2015,0.11,NaN,0.07,0.5,NaN,0.47,0.05,NaN,-0.11,0.1,NaN,0.055
26-Feb-2015,0.11,NaN,0.07,0.5,NaN,0.47,0.05,NaN,-0.11,0.1,NaN,0.059
27-Feb-2015,0.06,NaN,0.154,0.5,NaN,0.47,0.05,NaN,-0.11,0.1,NaN,0.072
02-Mar-2015,0.12,NaN,0.153,0.5,NaN,0.51,0.05,NaN,-0.13,0.1,NaN,0.059
03-Mar-2015,0.12,NaN,0.139,0.5,NaN,0.49,0.05,NaN,-0.16,0.1,NaN,0.05
04-Mar-2015,0.11,NaN,0.16,0.5,NaN,0.5,0.05,NaN,-0.16,0.1,NaN,0.038
05-Mar-2015,0.11,NaN,0.174,0.5,NaN,0.51,0.05,NaN,-0.16,0.1,NaN,0.018
06-Mar-2015,0.12,NaN,0.169,0.5,NaN,0.5,0.05,NaN,-0.16,0.1,NaN,0.013
09-Mar-2015,0.12,NaN,0.163,0.5,NaN,0.49,0.05,NaN,-0.17,0.1,NaN,0.02
10-Mar-2015,0.12,NaN,0.163,0.5,NaN,0.52,0.05,NaN,-0.14,0.1,NaN,0.038
11-Mar-2015,0.11,NaN,0.145,0.5,NaN,0.51,0.05,NaN,-0.14,0.1,NaN,0.024
12-Mar-2015,0.11,NaN,0.169,0.5,NaN,0.49,0.05,NaN,-0.16,0.1,NaN,0.024
13-Mar-2015,0.11,NaN,0.164,0.5,NaN,0.49,0.05,NaN,-0.16,0.1,NaN,0.024
16-Mar-2015,0.12,NaN,0.222,0.5,NaN,0.48,0.05,NaN,-0.17,0.1,NaN,0.024
17-Mar-2015,0.12,NaN,0.235,0.5,NaN,0.5,0.05,NaN,-0.18,0.1,NaN,0.018
18-Mar-2015,0.11,NaN,0.235,0.5,NaN,0.55,0.05,NaN,-0.13,0.1,NaN,0.015
19-Mar-2015,0.12,NaN,0.148,0.5,NaN,0.51,0.05,NaN,-0.12,0.1,NaN,0.017
20-Mar-2015,0.12,NaN,0.146,0.5,NaN,0.49,0.05,NaN,-0.14,0.1,NaN,0.049
23-Mar-2015,0.12,NaN,0.122,0.5,NaN,0.48,0.05,NaN,-0.11,0.1,NaN,0.056
24-Mar-2015,0.11,NaN,0.174,0.5,NaN,0.49,0.05,NaN,-0.13,0.1,NaN,0.048
25-Mar-2015,0.12,NaN,0.225,0.5,NaN,0.51,0.05,NaN,-0.11,0.1,NaN,0.04
26-Mar-2015,0.11,NaN,0.213,0.5,NaN,0.5,0.05,NaN,-0.14,0.1,NaN,0.054
27-Mar-2015,0.12,NaN,0.21,0.5,NaN,0.5,0.05,NaN,-0.14,0.1,NaN,0.058
30-Mar-2015,0.12,NaN,0.23,0.5,NaN,0.49,0.05,NaN,-0.15,0.1,NaN,0.043
31-Mar-2015,0.06,NaN,0.413,0.5,NaN,0.49,0.05,NaN,-0.15,0.1,NaN,-0.003
01-Apr-2015,0.12,NaN,0.251,0.5,NaN,0.53,0.05,NaN,-0.15,0.1,NaN,0.021
02-Apr-2015,0.12,NaN,0.243,0.5,NaN,0.53,0.05,NaN,-0.15,0.1,NaN,0.023
03-Apr-2015,0.12,NaN,0.243,0.5,NaN,0.53,0.05,NaN,-0.15,0.1,NaN,0.026
06-Apr-2015,0.13,NaN,0.213,0.5,NaN,0.53,0.05,NaN,-0.15,0.1,NaN,0.036
07-Apr-2015,0.12,NaN,0.213,0.5,NaN,0.52,0.05,NaN,-0.15,0.1,NaN,0.028
08-Apr-2015,0.12,NaN,0.208,0.5,NaN,0.52,0.05,NaN,-0.14,0.1,NaN,0.02
09-Apr-2015,0.12,NaN,0.224,0.5,NaN,0.52,0.05,NaN,-0.14,0.1,NaN,0.021
10-Apr-2015,0.12,NaN,0.219,0.5,NaN,0.52,0.05,NaN,-0.14,0.1,NaN,0.031
13-Apr-2015,0.13,NaN,0.222,0.5,NaN,0.52,0.05,NaN,-0.14,0.1,NaN,0.019
14-Apr-2015,0.13,NaN,0.223,0.5,NaN,0.52,0.05,NaN,-0.16,0.1,NaN,0.022
15-Apr-2015,0.13,NaN,0.256,0.5,NaN,0.55,0.05,NaN,-0.17,0.1,NaN,0.028
16-Apr-2015,0.13,NaN,0.245,0.5,NaN,0.55,0.05,NaN,-0.2,0.1,NaN,0.044
17-Apr-2015,0.13,NaN,0.227,0.5,NaN,0.55,0.05,NaN,-0.2,0.1,NaN,0.049
20-Apr-2015,0.13,NaN,0.163,0.5,NaN,0.55,0.05,NaN,-0.19,0.1,NaN,0.053
21-Apr-2015,0.13,NaN,0.128,0.5,NaN,0.52,0.05,NaN,-0.17,0.1,NaN,0.055
22-Apr-2015,0.13,NaN,0.106,0.5,NaN,0.54,0.05,NaN,-0.18,0.1,NaN,0.05
23-Apr-2015,0.13,NaN,0.106,0.5,NaN,0.51,0.05,NaN,-0.17,0.1,NaN,0.05
24-Apr-2015,0.13,NaN,0.15,0.5,NaN,0.51,0.05,NaN,-0.17,0.1,NaN,0.048
27-Apr-2015,0.13,NaN,0.17,0.5,NaN,0.51,0.05,NaN,-0.17,0.1,NaN,0.052
28-Apr-2015,0.13,NaN,0.133,0.5,NaN,0.55,0.05,NaN,-0.23,0.1,NaN,0.054
29-Apr-2015,0.13,NaN,0.134,0.5,NaN,0.52,0.05,NaN,-0.23,0.1,NaN,0.054
30-Apr-2015,0.08,NaN,0.264,0.5,NaN,0.52,0.05,NaN,-0.22,0.1,NaN,0.043
01-May-2015,0.13,NaN,0.22,0.5,NaN,0.51,0.05,NaN,-0.22,0.1,NaN,0.053
04-May-2015,0.13,NaN,0.15,0.5,NaN,0.51,0.05,NaN,-0.22,0.1,NaN,0.053
05-May-2015,0.13,NaN,0.158,0.5,NaN,0.51,0.05,NaN,-0.23,0.1,NaN,0.053
06-May-2015,0.13,NaN,0.133,0.5,NaN,0.52,0.05,NaN,-0.22,0.1,NaN,0.053
07-May-2015,0.13,NaN,0.124,0.5,NaN,0.53,0.05,NaN,-0.23,0.1,NaN,0.051
08-May-2015,0.13,NaN,0.144,0.5,NaN,0.53,0.05,NaN,-0.23,0.1,NaN,0.05
11-May-2015,0.13,NaN,0.155,0.5,NaN,0.53,0.05,NaN,-0.23,0.1,NaN,0.043
12-May-2015,0.13,NaN,0.174,0.5,NaN,0.53,0.05,NaN,-0.23,0.1,NaN,0.032
13-May-2015,0.13,NaN,0.199,0.5,NaN,0.51,0.05,NaN,-0.23,0.1,NaN,0.019
14-May-2015,0.13,NaN,0.17,0.5,NaN,0.52,0.05,NaN,-0.24,0.1,NaN,0.027
15-May-2015,0.13,NaN,0.167,0.5,NaN,0.51,0.05,NaN,-0.23,0.1,NaN,0.035
18-May-2015,0.13,NaN,0.112,0.5,NaN,0.51,0.05,NaN,-0.22,0.1,NaN,0.04
19-May-2015,0.12,NaN,0.093,0.5,NaN,0.5,0.05,NaN,-0.22,0.1,NaN,0.037
20-May-2015,0.12,NaN,0.081,0.5,NaN,0.52,0.05,NaN,-0.21,0.1,NaN,0.042
21-May-2015,0.12,NaN,0.118,0.5,NaN,0.52,0.05,NaN,-0.2,0.1,NaN,0.044
22-May-2015,0.13,NaN,0.148,0.5,NaN,0.51,0.05,NaN,-0.21,0.1,NaN,0.045
25-May-2015,0.13,NaN,0.148,0.5,NaN,0.51,0.05,NaN,-0.21,0.1,NaN,0.05
26-May-2015,0.12,NaN,0.148,0.5,NaN,0.53,0.05,NaN,-0.21,0.1,NaN,0.049
27-May-2015,0.12,NaN,0.113,0.5,NaN,0.51,0.05,NaN,-0.21,0.1,NaN,0.047
28-May-2015,0.12,NaN,0.127,0.5,NaN,0.51,0.05,NaN,-0.21,0.1,NaN,0.052
29-May-2015,0.08,NaN,0.215,0.5,NaN,0.54,0.05,NaN,-0.19,0.1,NaN,0.059
01-Jun-2015,0.12,NaN,0.19,0.5,NaN,0.51,0.05,NaN,-0.2,0.1,NaN,0.052
02-Jun-2015,0.12,NaN,0.178,0.5,NaN,0.52,0.05,NaN,-0.22,0.1,NaN,0.052
03-Jun-2015,0.13,NaN,0.216,0.5,NaN,0.52,0.05,NaN,-0.23,0.1,NaN,0.051
04-Jun-2015,0.13,NaN,0.205,0.5,NaN,0.52,0.05,NaN,-0.22,0.1,NaN,0.053
05-Jun-2015,0.13,NaN,0.195,0.5,NaN,0.51,0.05,NaN,-0.24,0.1,NaN,0.054
08-Jun-2015,0.13,NaN,0.179,0.5,NaN,0.51,0.05,NaN,-0.24,0.1,NaN,0.054
09-Jun-2015,0.13,NaN,0.17,0.5,NaN,0.51,0.05,NaN,-0.2,0.1,NaN,0.052
10-Jun-2015,0.13,NaN,0.172,0.5,NaN,0.54,0.05,NaN,-0.2,0.1,NaN,0.05
11-Jun-2015,0.13,NaN,0.199,0.5,NaN,0.55,0.05,NaN,-0.17,0.1,NaN,0.053
12-Jun-2015,0.13,NaN,0.204,0.5,NaN,0.55,0.05,NaN,-0.17,0.1,NaN,0.062
15-Jun-2015,0.13,NaN,0.204,0.5,NaN,0.53,0.05,NaN,-0.17,0.1,NaN,0.06
16-Jun-2015,0.14,NaN,0.21,0.5,NaN,0.53,0.05,NaN,-0.16,0.1,NaN,0.051
17-Jun-2015,0.14,NaN,0.18,0.5,NaN,0.52,0.05,NaN,-0.16,0.1,NaN,0.051
18-Jun-2015,0.14,NaN,0.147,0.5,NaN,0.52,0.05,NaN,-0.16,0.1,NaN,0.049
19-Jun-2015,0.13,NaN,0.114,0.5,NaN,0.51,0.05,NaN,-0.16,0.1,NaN,0.053
22-Jun-2015,0.13,NaN,0.097,0.5,NaN,0.51,0.05,NaN,-0.16,0.1,NaN,0.059
23-Jun-2015,0.13,NaN,0.077,0.5,NaN,0.51,0.05,NaN,-0.17,0.1,NaN,0.053
24-Jun-2015,0.13,NaN,0.162,0.5,NaN,0.5,0.05,NaN,-0.17,0.1,NaN,0.044
25-Jun-2015,0.13,NaN,0.199,0.5,NaN,0.49,0.05,NaN,-0.17,0.1,NaN,0.043
26-Jun-2015,0.13,NaN,0.201,0.5,NaN,0.51,0.05,NaN,-0.17,0.1,NaN,0.043
29-Jun-2015,0.14,NaN,0.182,0.5,NaN,0.55,0.05,NaN,-0.17,0.1,NaN,0.039
30-Jun-2015,0.08,NaN,0.453,0.5,NaN,0.54,0.05,NaN,-0.18,0.1,NaN,-0.109
01-Jul-2015,0.13,NaN,0.188,0.5,NaN,0.5,0.05,NaN,-0.17,0.1,NaN,0.016
02-Jul-2015,0.13,NaN,0.182,0.5,NaN,0.49,0.05,NaN,-0.19,0.1,NaN,0.031
03-Jul-2015,0.13,NaN,0.182,0.5,NaN,0.52,0.05,NaN,-0.21,0.1,NaN,0.033
06-Jul-2015,0.13,NaN,0.17,0.5,NaN,0.52,0.05,NaN,-0.21,0.1,NaN,0.02
07-Jul-2015,0.13,NaN,0.192,0.5,NaN,0.5,0.05,NaN,-0.19,0.1,NaN,0.011
08-Jul-2015,0.13,NaN,0.193,0.5,NaN,0.51,0.05,NaN,-0.19,0.1,NaN,0.01
09-Jul-2015,0.13,NaN,0.2,0.5,NaN,0.51,0.05,NaN,-0.19,0.1,NaN,0.015
10-Jul-2015,0.13,NaN,0.216,0.5,NaN,0.49,0.05,NaN,-0.19,0.1,NaN,0.038
13-Jul-2015,0.13,NaN,0.208,0.5,NaN,0.5,0.05,NaN,-0.19,0.1,NaN,0.028
14-Jul-2015,0.13,NaN,0.208,0.5,NaN,0.5,0.05,NaN,-0.22,0.1,NaN,0.035
15-Jul-2015,0.13,NaN,0.254,0.5,NaN,0.5,0.05,NaN,-0.22,0.1,NaN,0.042
16-Jul-2015,0.14,NaN,0.209,0.5,NaN,0.48,0.05,NaN,-0.24,0.1,NaN,0.034
17-Jul-2015,0.13,NaN,0.178,0.5,NaN,0.48,0.05,NaN,-0.24,0.1,NaN,0.041
20-Jul-2015,0.14,NaN,0.149,0.5,NaN,0.47,0.05,NaN,-0.25,0.1,NaN,0.041
21-Jul-2015,0.13,NaN,0.121,0.5,NaN,0.47,0.05,NaN,-0.25,0.1,NaN,0.057
22-Jul-2015,0.13,NaN,0.099,0.5,NaN,0.49,0.05,NaN,-0.24,0.1,NaN,0.048
23-Jul-2015,0.13,NaN,0.157,0.5,NaN,0.49,0.05,NaN,-0.24,0.1,NaN,0.047
24-Jul-2015,0.13,NaN,0.229,0.5,NaN,0.49,0.05,NaN,-0.22,0.1,NaN,0.049
27-Jul-2015,0.14,NaN,0.237,0.5,NaN,0.49,0.05,NaN,-0.23,0.1,NaN,0.046
28-Jul-2015,0.14,NaN,0.222,0.5,NaN,0.49,0.05,NaN,-0.23,0.1,NaN,0.052
29-Jul-2015,0.14,NaN,0.238,0.5,NaN,0.49,0.05,NaN,-0.23,0.1,NaN,0.045
30-Jul-2015,0.14,NaN,0.272,0.5,NaN,0.49,0.05,NaN,-0.23,0.1,NaN,0.035
31-Jul-2015,0.08,NaN,0.316,0.5,NaN,0.46,0.05,NaN,-0.24,0.1,NaN,0
03-Aug-2015,0.14,NaN,0.257,0.5,NaN,0.44,0.05,NaN,-0.25,0.1,NaN,0.042
04-Aug-2015,0.14,NaN,0.249,0.5,NaN,0.43,0.05,NaN,-0.26,0.1,NaN,0.052
05-Aug-2015,0.14,NaN,0.257,0.5,NaN,0.42,0.05,NaN,-0.27,0.1,NaN,0.059
06-Aug-2015,0.14,NaN,0.26,0.5,NaN,0.42,0.05,NaN,-0.28,0.1,NaN,0.06
07-Aug-2015,0.14,NaN,0.281,0.5,NaN,0.41,0.05,NaN,-0.29,0.1,NaN,0.064
10-Aug-2015,0.14,NaN,0.258,0.5,NaN,0.4,0.05,NaN,-0.3,0.1,NaN,0.058
11-Aug-2015,0.15,NaN,0.267,0.5,NaN,0.42,0.05,NaN,-0.27,0.1,NaN,0.055
12-Aug-2015,0.15,NaN,0.279,0.5,NaN,0.43,0.05,NaN,-0.26,0.1,NaN,0.057
13-Aug-2015,0.15,NaN,0.273,0.5,NaN,0.44,0.05,NaN,-0.25,0.1,NaN,0.07
14-Aug-2015,0.14,NaN,0.257,0.5,NaN,0.43,0.05,NaN,-0.26,0.1,NaN,0.074
17-Aug-2015,0.15,NaN,0.272,0.5,NaN,0.43,0.05,NaN,-0.27,0.1,NaN,0.065
18-Aug-2015,0.15,NaN,0.25,0.5,NaN,0.43,0.05,NaN,-0.27,0.1,NaN,0.064
19-Aug-2015,0.15,NaN,0.23,0.5,NaN,0.47,0.05,NaN,-0.23,0.1,NaN,0.064
20-Aug-2015,0.15,NaN,0.204,0.5,NaN,0.47,0.05,NaN,-0.23,0.1,NaN,0.066
21-Aug-2015,0.15,NaN,0.172,0.5,NaN,0.47,0.05,NaN,-0.23,0.1,NaN,0.072
24-Aug-2015,0.15,NaN,0.246,0.5,NaN,0.49,0.05,NaN,-0.23,0.1,NaN,0.071
25-Aug-2015,0.15,NaN,0.224,0.5,NaN,0.5,0.05,NaN,-0.22,0.1,NaN,0.063
26-Aug-2015,0.14,NaN,0.196,0.5,NaN,0.51,0.05,NaN,-0.22,0.1,NaN,0.063
27-Aug-2015,0.14,NaN,0.177,0.5,NaN,0.51,0.05,NaN,-0.22,0.1,NaN,0.064
28-Aug-2015,0.14,NaN,0.19,0.5,NaN,0.51,0.05,NaN,-0.22,0.1,NaN,0.055
31-Aug-2015,0.08,NaN,0.295,0.5,NaN,0.51,0.05,NaN,-0.22,0.1,NaN,0.039
01-Sep-2015,0.14,NaN,0.278,0.5,NaN,0.51,0.05,NaN,-0.22,0.1,NaN,0.048
02-Sep-2015,0.14,NaN,0.235,0.5,NaN,0.5,0.05,NaN,-0.22,0.1,NaN,0.042
03-Sep-2015,0.14,NaN,0.188,0.5,NaN,0.5,0.05,NaN,-0.22,0.1,NaN,0.04
04-Sep-2015,0.14,NaN,0.163,0.5,NaN,0.5,0.05,NaN,-0.23,0.1,NaN,0.05
07-Sep-2015,0.14,NaN,0.163,0.5,NaN,0.5,0.05,NaN,-0.23,0.1,NaN,0.055
08-Sep-2015,0.14,NaN,0.147,0.5,NaN,0.51,0.05,NaN,-0.22,0.1,NaN,0.053
09-Sep-2015,0.14,NaN,0.138,0.5,NaN,0.51,0.05,NaN,-0.22,0.1,NaN,0.053
10-Sep-2015,0.14,NaN,0.216,0.5,NaN,0.5,0.05,NaN,-0.22,0.1,NaN,0.047
11-Sep-2015,0.14,NaN,0.198,0.5,NaN,0.5,0.05,NaN,-0.22,0.1,NaN,0.04
14-Sep-2015,0.14,NaN,0.182,0.5,NaN,0.5,0.05,NaN,-0.22,0.1,NaN,0.033
15-Sep-2015,0.14,NaN,0.214,0.5,NaN,0.5,0.05,NaN,-0.22,0.1,NaN,0.027
16-Sep-2015,0.14,NaN,0.173,0.5,NaN,0.5,0.05,NaN,-0.22,0.1,NaN,0.024
17-Sep-2015,0.14,NaN,0.175,0.5,NaN,0.52,0.05,NaN,-0.21,0.1,NaN,0.022
18-Sep-2015,0.14,NaN,0.132,0.5,NaN,0.52,0.05,NaN,-0.2,0.1,NaN,0.031
21-Sep-2015,0.14,NaN,0.148,0.5,NaN,0.52,0.05,NaN,-0.21,0.1,NaN,0.031
22-Sep-2015,0.14,NaN,0.163,0.5,NaN,0.52,0.05,NaN,-0.21,0.1,NaN,0.031
23-Sep-2015,0.14,NaN,0.123,0.5,NaN,0.51,0.05,NaN,-0.22,0.1,NaN,0.031
24-Sep-2015,0.14,NaN,0.187,0.5,NaN,0.49,0.05,NaN,-0.23,0.1,NaN,0.045
25-Sep-2015,0.13,NaN,0.153,0.5,NaN,0.5,0.05,NaN,-0.23,0.1,NaN,0.046
28-Sep-2015,0.13,NaN,0.159,0.5,NaN,0.49,0.05,NaN,-0.23,0.1,NaN,0.037
29-Sep-2015,0.13,NaN,0.137,0.5,NaN,0.48,0.05,NaN,-0.24,0.1,NaN,0.033
30-Sep-2015,0.07,NaN,0.352,0.5,NaN,0.49,0.05,NaN,-0.24,0.1,NaN,0
01-Oct-2015,0.13,NaN,0.176,0.5,NaN,0.49,0.05,NaN,-0.24,0.1,NaN,0.03
02-Oct-2015,0.13,NaN,0.182,0.5,NaN,0.49,0.05,NaN,-0.23,0.1,NaN,0.045
05-Oct-2015,0.13,NaN,0.148,0.5,NaN,0.49,0.05,NaN,-0.23,0.1,NaN,0.048
06-Oct-2015,0.13,NaN,0.164,0.5,NaN,0.5,0.05,NaN,-0.23,0.1,NaN,0.04
07-Oct-2015,0.13,NaN,0.164,0.5,NaN,0.51,0.05,NaN,-0.21,0.1,NaN,0.038
08-Oct-2015,0.13,NaN,0.174,0.5,NaN,0.53,0.05,NaN,-0.2,0.1,NaN,0.04
09-Oct-2015,0.13,NaN,0.195,0.5,NaN,0.49,0.05,NaN,-0.23,0.1,NaN,0.038
12-Oct-2015,0.13,NaN,0.195,0.5,NaN,0.48,0.05,NaN,-0.25,0.1,NaN,0.038
13-Oct-2015,0.13,NaN,0.179,0.5,NaN,0.51,0.05,NaN,-0.22,0.1,NaN,0.048
14-Oct-2015,0.13,NaN,0.23,0.5,NaN,0.51,0.05,NaN,-0.22,0.1,NaN,0.043
15-Oct-2015,0.13,NaN,0.242,0.5,NaN,0.51,0.05,NaN,-0.22,0.1,NaN,0.043
16-Oct-2015,0.13,NaN,0.235,0.5,NaN,0.52,0.05,NaN,-0.2,0.1,NaN,0.046
19-Oct-2015,0.13,NaN,0.19,0.5,NaN,0.51,0.05,NaN,-0.2,0.1,NaN,0.047
20-Oct-2015,0.13,NaN,0.174,0.5,NaN,0.51,0.05,NaN,-0.21,0.1,NaN,0.047
21-Oct-2015,0.13,NaN,0.124,0.5,NaN,0.52,0.05,NaN,-0.21,0.1,NaN,0.046
22-Oct-2015,0.12,NaN,0.101,0.5,NaN,0.52,0.05,NaN,-0.21,0.1,NaN,0.048
23-Oct-2015,0.12,NaN,0.178,0.5,NaN,0.52,0.05,NaN,-0.21,0.1,NaN,0.055
26-Oct-2015,0.12,NaN,0.162,0.5,NaN,0.53,0.05,NaN,-0.2,0.1,NaN,0.056
27-Oct-2015,0.12,NaN,0.109,0.5,NaN,0.52,0.05,NaN,-0.2,0.1,NaN,0.047
28-Oct-2015,0.12,NaN,0.103,0.5,NaN,0.52,0.05,NaN,-0.2,0.1,NaN,0.045
29-Oct-2015,0.12,NaN,0.127,0.5,NaN,0.5,0.05,NaN,-0.23,0.1,NaN,0.035
30-Oct-2015,0.07,NaN,0.163,0.5,NaN,0.49,0.05,NaN,-0.23,0.1,NaN,0.036
02-Nov-2015,0.12,NaN,0.11,0.5,NaN,0.49,0.05,NaN,-0.24,0.1,NaN,0.042
03-Nov-2015,0.12,NaN,0.165,0.5,NaN,0.51,0.05,NaN,-0.21,0.1,NaN,0.042
04-Nov-2015,0.12,NaN,0.145,0.5,NaN,0.5,0.05,NaN,-0.22,0.1,NaN,0.036
05-Nov-2015,0.12,NaN,0.145,0.5,NaN,0.5,0.05,NaN,-0.22,0.1,NaN,0.032
06-Nov-2015,0.12,NaN,0.155,0.5,NaN,0.5,0.05,NaN,-0.22,0.1,NaN,0.034
09-Nov-2015,0.12,NaN,0.139,0.5,NaN,0.49,0.05,NaN,-0.23,0.1,NaN,0.036
10-Nov-2015,0.12,NaN,0.122,0.5,NaN,0.49,0.05,NaN,-0.23,0.1,NaN,0.037
11-Nov-2015,0.12,NaN,0.122,0.5,NaN,0.49,0.05,NaN,-0.23,0.1,NaN,0.034
12-Nov-2015,0.12,NaN,0.171,0.5,NaN,0.49,0.05,NaN,-0.23,0.1,NaN,0.034
13-Nov-2015,0.12,NaN,0.17,0.5,NaN,0.5,0.05,NaN,-0.22,0.1,NaN,0.037
16-Nov-2015,0.13,NaN,0.174,0.5,NaN,0.5,0.05,NaN,-0.22,0.1,NaN,0.036
17-Nov-2015,0.13,NaN,0.15,0.5,NaN,0.49,0.05,NaN,-0.23,0.1,NaN,0.036
18-Nov-2015,0.12,NaN,0.107,0.5,NaN,0.49,0.05,NaN,-0.23,0.1,NaN,0.035
19-Nov-2015,0.12,NaN,0.109,0.5,NaN,0.48,0.05,NaN,-0.24,0.1,NaN,0.037
20-Nov-2015,0.12,NaN,0.099,0.5,NaN,0.47,0.05,NaN,-0.25,0.1,NaN,0.037
23-Nov-2015,0.12,NaN,0.072,0.5,NaN,0.49,0.05,NaN,-0.23,0.1,NaN,0.037
24-Nov-2015,0.12,NaN,0.072,0.5,NaN,0.5,0.05,NaN,-0.22,0.1,NaN,0.042
25-Nov-2015,0.12,NaN,0.183,0.5,NaN,0.52,0.05,NaN,-0.2,0.1,NaN,0.045
26-Nov-2015,0.12,NaN,0.183,0.5,NaN,0.51,0.05,NaN,-0.21,0.1,NaN,0.049
27-Nov-2015,0.12,NaN,0.227,0.5,NaN,0.5,0.05,NaN,-0.22,0.1,NaN,0.048
30-Nov-2015,0.08,NaN,0.209,0.5,NaN,0.5,0.05,NaN,-0.22,0.1,NaN,0.041
01-Dec-2015,0.13,NaN,0.186,0.5,NaN,0.47,0.05,NaN,-0.25,0.1,NaN,0.034
02-Dec-2015,0.13,NaN,0.184,0.5,NaN,0.46,0.05,NaN,-0.26,0.1,NaN,0.032
03-Dec-2015,0.13,NaN,0.231,0.5,NaN,0.42,0.05,NaN,-0.3,0.1,NaN,0.032
04-Dec-2015,0.13,NaN,0.238,0.5,NaN,0.48,0.05,NaN,-0.29,0.1,NaN,0.031
07-Dec-2015,0.13,NaN,0.263,0.5,NaN,0.48,0.05,NaN,-0.29,0.1,NaN,0.03
08-Dec-2015,0.13,NaN,0.308,0.5,NaN,0.42,0.05,NaN,-0.35,0.1,NaN,0.023
09-Dec-2015,0.14,NaN,0.257,0.5,NaN,0.41,0.05,NaN,-0.36,0.1,NaN,0.027
10-Dec-2015,0.14,NaN,0.256,0.5,NaN,0.4,0.05,NaN,-0.37,0.1,NaN,0.037
11-Dec-2015,0.14,NaN,0.223,0.5,NaN,0.4,0.05,NaN,-0.37,0.1,NaN,0.04
14-Dec-2015,0.15,NaN,0.207,0.5,NaN,0.4,0.05,NaN,-0.37,0.1,NaN,0.037
15-Dec-2015,0.15,NaN,0.345,0.5,NaN,0.4,0.05,NaN,-0.37,0.1,NaN,0.038
16-Dec-2015,0.15,NaN,0.425,0.5,NaN,0.4,0.05,NaN,-0.37,0.1,NaN,0.038
17-Dec-2015,0.37,NaN,0.443,0.5,NaN,0.4,0.05,NaN,-0.37,0.1,NaN,0.032
18-Dec-2015,0.37,NaN,0.445,0.5,NaN,0.4,0.05,NaN,-0.37,0.1,NaN,0.037
21-Dec-2015,0.36,NaN,0.409,0.5,NaN,0.33,0.05,NaN,-0.43,0.1,NaN,0.05
22-Dec-2015,0.36,NaN,0.351,0.5,NaN,0.33,0.05,NaN,-0.43,0.1,NaN,0.047
23-Dec-2015,0.36,NaN,0.402,0.5,NaN,0.33,0.05,NaN,-0.43,0.1,NaN,0.047
24-Dec-2015,0.36,NaN,0.547,0.5,NaN,0.33,0.05,NaN,-0.43,0.1,NaN,0.047
25-Dec-2015,0.36,NaN,0.547,0.5,NaN,0.33,0.05,NaN,-0.43,0.1,NaN,0.058
28-Dec-2015,0.36,NaN,0.591,0.5,NaN,0.33,0.05,NaN,-0.43,0.1,NaN,0.049
29-Dec-2015,0.36,NaN,0.557,0.5,NaN,0.33,0.05,NaN,-0.43,0.1,NaN,0.05
30-Dec-2015,0.35,NaN,0.494,0.5,NaN,0.33,0.05,NaN,-0.43,0.1,NaN,0.025
31-Dec-2015,0.2,NaN,0.494,0.5,NaN,0.33,0.05,NaN,-0.43,0.1,NaN,0.025
01-Jan-2016,0.2,NaN,0.494,0.5,NaN,0.33,0.05,NaN,-0.43,0.1,NaN,0.025
04-Jan-2016,0.36,NaN,0.468,0.5,NaN,0.34,0.05,NaN,-0.43,0.1,NaN,0.039
05-Jan-2016,0.36,NaN,0.482,0.5,NaN,0.35,0.05,NaN,-0.42,0.1,NaN,0.041
06-Jan-2016,0.36,NaN,0.49,0.5,NaN,0.39,0.05,NaN,-0.38,0.1,NaN,0.046
07-Jan-2016,0.36,NaN,0.466,0.5,NaN,0.39,0.05,NaN,-0.37,0.1,NaN,0.05
08-Jan-2016,0.36,NaN,0.465,0.5,NaN,0.39,0.05,NaN,-0.38,0.1,NaN,0.057
11-Jan-2016,0.36,NaN,0.45,0.5,NaN,0.43,0.05,NaN,-0.34,0.1,NaN,0.057
12-Jan-2016,0.36,NaN,0.445,0.5,NaN,0.43,0.05,NaN,-0.34,0.1,NaN,0.06
13-Jan-2016,0.36,NaN,0.429,0.5,NaN,0.43,0.05,NaN,-0.34,0.1,NaN,0.051
14-Jan-2016,0.36,NaN,0.436,0.5,NaN,0.43,0.05,NaN,-0.34,0.1,NaN,0.053
15-Jan-2016,0.36,NaN,0.446,0.5,NaN,0.43,0.05,NaN,-0.34,0.1,NaN,0.049
18-Jan-2016,0.36,NaN,0.446,0.5,NaN,0.42,0.05,NaN,-0.35,0.1,NaN,0.046
19-Jan-2016,0.36,NaN,0.434,0.5,NaN,0.44,0.05,NaN,-0.33,0.1,NaN,0.047
20-Jan-2016,0.37,NaN,0.468,0.5,NaN,0.42,0.05,NaN,-0.35,0.1,NaN,0.046
21-Jan-2016,0.37,NaN,0.492,0.5,NaN,0.43,0.05,NaN,-0.34,0.1,NaN,0.048
22-Jan-2016,0.38,NaN,0.589,0.5,NaN,0.42,0.05,NaN,-0.35,0.1,NaN,0.05
25-Jan-2016,0.38,NaN,0.529,0.5,NaN,0.44,0.05,NaN,-0.33,0.1,NaN,0.058
26-Jan-2016,0.38,NaN,0.459,0.5,NaN,0.43,0.05,NaN,-0.34,0.1,NaN,0.049
27-Jan-2016,0.38,NaN,0.471,0.5,NaN,0.46,0.05,NaN,-0.31,0.1,NaN,0.048
28-Jan-2016,0.38,NaN,0.519,0.5,NaN,0.44,0.05,NaN,-0.33,0.1,NaN,0.047
29-Jan-2016,0.29,NaN,0.517,0.5,NaN,0.44,0.05,NaN,-0.33,-0.1,NaN,0.042
01-Feb-2016,0.38,NaN,0.476,0.5,NaN,0.44,0.05,NaN,-0.33,-0.1,NaN,0.007
02-Feb-2016,0.38,NaN,0.501,0.5,NaN,0.44,0.05,NaN,-0.33,-0.1,NaN,0
03-Feb-2016,0.38,NaN,0.493,0.5,NaN,0.44,0.05,NaN,-0.33,-0.1,NaN,0
04-Feb-2016,0.38,NaN,0.507,0.5,NaN,0.44,0.05,NaN,-0.33,-0.1,NaN,0.002
05-Feb-2016,0.38,NaN,0.51,0.5,NaN,0.44,0.05,NaN,-0.33,-0.1,NaN,0.005
08-Feb-2016,0.38,NaN,0.485,0.5,NaN,0.45,0.05,NaN,-0.32,-0.1,NaN,0.004
09-Feb-2016,0.38,NaN,0.489,0.5,NaN,0.45,0.05,NaN,-0.32,-0.1,NaN,0.009
10-Feb-2016,0.38,NaN,0.5,0.5,NaN,0.44,0.05,NaN,-0.33,-0.1,NaN,0.026
11-Feb-2016,0.38,NaN,0.515,0.5,NaN,0.44,0.05,NaN,-0.33,-0.1,NaN,0.026
12-Feb-2016,0.38,NaN,0.469,0.5,NaN,0.43,0.05,NaN,-0.34,-0.1,NaN,0.022
15-Feb-2016,0.38,NaN,0.469,0.5,NaN,0.44,0.05,NaN,-0.33,-0.1,NaN,0.014
16-Feb-2016,0.38,NaN,0.52,0.5,NaN,0.43,0.05,NaN,-0.34,-0.1,NaN,0.001
17-Feb-2016,0.37,NaN,0.489,0.5,NaN,0.43,0.05,NaN,-0.34,-0.1,NaN,0
18-Feb-2016,0.38,NaN,0.492,0.5,NaN,0.43,0.05,NaN,-0.34,-0.1,NaN,-0.01
19-Feb-2016,0.38,NaN,0.435,0.5,NaN,0.42,0.05,NaN,-0.35,-0.1,NaN,-0.012
22-Feb-2016,0.38,NaN,0.437,0.5,NaN,0.42,0.05,NaN,-0.35,-0.1,NaN,-0.01
23-Feb-2016,0.38,NaN,0.382,0.5,NaN,0.43,0.05,NaN,-0.34,-0.1,NaN,-0.011
24-Feb-2016,0.38,NaN,0.467,0.5,NaN,0.44,0.05,NaN,-0.33,-0.1,NaN,-0.01
25-Feb-2016,0.37,NaN,0.451,0.5,NaN,0.45,0.05,NaN,-0.32,-0.1,NaN,-0.01
26-Feb-2016,0.37,NaN,0.395,0.5,NaN,0.45,0.05,NaN,-0.34,-0.1,NaN,-0.007
29-Feb-2016,0.29,NaN,0.456,0.5,NaN,0.43,0.05,NaN,-0.34,-0.1,NaN,-0.01
01-Mar-2016,0.36,NaN,0.411,0.5,NaN,0.43,0.05,NaN,-0.34,-0.1,NaN,-0.01
02-Mar-2016,0.37,NaN,0.424,0.5,NaN,0.41,0.05,NaN,-0.36,-0.1,NaN,-0.01
03-Mar-2016,0.37,NaN,0.444,0.5,NaN,0.39,0.05,NaN,-0.38,-0.1,NaN,-0.01
04-Mar-2016,0.36,NaN,0.43,0.5,NaN,0.4,0.05,NaN,-0.37,-0.1,NaN,-0.01
07-Mar-2016,0.36,NaN,0.419,0.5,NaN,0.4,0.05,NaN,-0.37,-0.1,NaN,-0.01
08-Mar-2016,0.36,NaN,0.423,0.5,NaN,0.4,0.05,NaN,-0.37,-0.1,NaN,-0.016
09-Mar-2016,0.36,NaN,0.421,0.5,NaN,0.4,0.05,NaN,-0.37,-0.1,NaN,-0.018
10-Mar-2016,0.36,NaN,0.453,0.5,NaN,0.36,0.05,NaN,-0.41,-0.1,NaN,-0.024
11-Mar-2016,0.36,NaN,0.455,0.5,NaN,0.4,0.05,NaN,-0.37,-0.1,NaN,-0.022
14-Mar-2016,0.36,NaN,0.443,0.5,NaN,0.39,0.05,NaN,-0.38,-0.1,NaN,-0.02
15-Mar-2016,0.37,NaN,0.476,0.5,NaN,0.39,0.05,NaN,-0.38,-0.1,NaN,-0.017
16-Mar-2016,0.37,NaN,0.436,0.5,NaN,0.37,0,NaN,-0.4,-0.1,NaN,-0.029
17-Mar-2016,0.37,NaN,0.445,0.5,NaN,0.35,0,NaN,-0.42,-0.1,NaN,-0.038
18-Mar-2016,0.37,NaN,0.392,0.5,NaN,0.35,0,NaN,-0.42,-0.1,NaN,-0.039
21-Mar-2016,0.37,NaN,0.362,0.5,NaN,0.29,0,NaN,-0.48,-0.1,NaN,-0.039
22-Mar-2016,0.37,NaN,0.316,0.5,NaN,0.3,0,NaN,-0.47,-0.1,NaN,-0.035
23-Mar-2016,0.37,NaN,0.405,0.5,NaN,0.32,0,NaN,-0.45,-0.1,NaN,-0.046
24-Mar-2016,0.37,NaN,0.49,0.5,NaN,0.33,0,NaN,-0.44,-0.1,NaN,-0.047
25-Mar-2016,0.37,NaN,0.49,0.5,NaN,0.33,0,NaN,-0.44,-0.1,NaN,-0.059
28-Mar-2016,0.37,NaN,0.528,0.5,NaN,0.33,0,NaN,-0.44,-0.1,NaN,-0.075
29-Mar-2016,0.37,NaN,0.488,0.5,NaN,0.34,0,NaN,-0.43,-0.1,NaN,-0.082
30-Mar-2016,0.37,NaN,0.431,0.5,NaN,0.34,0,NaN,-0.43,-0.1,NaN,-0.088
31-Mar-2016,0.25,NaN,0.64,0.5,NaN,0.32,0,NaN,-0.45,-0.1,NaN,-0.093
01-Apr-2016,0.37,NaN,0.51,0.5,NaN,0.33,0,NaN,-0.44,-0.1,NaN,-0.102
04-Apr-2016,0.37,NaN,0.473,0.5,NaN,0.34,0,NaN,-0.43,-0.1,NaN,-0.096
05-Apr-2016,0.37,NaN,0.43,0.5,NaN,0.35,0,NaN,-0.42,-0.1,NaN,-0.093
06-Apr-2016,0.37,NaN,0.429,0.5,NaN,0.34,0,NaN,-0.43,-0.1,NaN,-0.089
07-Apr-2016,0.37,NaN,0.441,0.5,NaN,0.29,0,NaN,-0.48,-0.1,NaN,-0.094
08-Apr-2016,0.37,NaN,0.44,0.5,NaN,0.29,0,NaN,-0.48,-0.1,NaN,-0.091
11-Apr-2016,0.37,NaN,0.46,0.5,NaN,0.29,0,NaN,-0.48,-0.1,NaN,-0.087
12-Apr-2016,0.37,NaN,0.445,0.5,NaN,0.28,0,NaN,-0.49,-0.1,NaN,-0.083
13-Apr-2016,0.37,NaN,0.46,0.5,NaN,0.27,0,NaN,-0.49,-0.1,NaN,-0.084
14-Apr-2016,0.37,NaN,0.444,0.5,NaN,0.28,0,NaN,-0.49,-0.1,NaN,-0.082
15-Apr-2016,0.37,NaN,0.444,0.5,NaN,0.26,0,NaN,-0.5,-0.1,NaN,-0.082
18-Apr-2016,0.37,NaN,0.431,0.5,NaN,0.26,0,NaN,-0.5,-0.1,NaN,-0.084
19-Apr-2016,0.37,NaN,0.339,0.5,NaN,0.26,0,NaN,-0.5,-0.1,NaN,-0.091
20-Apr-2016,0.37,NaN,0.342,0.5,NaN,0.27,0,NaN,-0.49,-0.1,NaN,-0.093
21-Apr-2016,0.37,NaN,0.334,0.5,NaN,0.27,0,NaN,-0.49,-0.1,NaN,-0.089
22-Apr-2016,0.37,NaN,0.465,0.5,NaN,0.27,0,NaN,-0.5,-0.1,NaN,-0.092
25-Apr-2016,0.37,NaN,0.399,0.5,NaN,0.27,0,NaN,-0.5,-0.1,NaN,-0.091
26-Apr-2016,0.37,NaN,0.388,0.5,NaN,0.27,0,NaN,-0.5,-0.1,NaN,-0.092
27-Apr-2016,0.37,NaN,0.349,0.5,NaN,0.27,0,NaN,-0.5,-0.1,NaN,-0.092
28-Apr-2016,0.37,NaN,0.368,0.5,NaN,0.27,0,NaN,-0.49,-0.1,NaN,-0.087
29-Apr-2016,0.3,NaN,0.377,0.5,NaN,0.26,0,NaN,-0.51,-0.1,NaN,-0.087
02-May-2016,0.37,NaN,0.41,0.5,NaN,0.26,0,NaN,-0.51,-0.1,NaN,-0.074
03-May-2016,0.37,NaN,0.405,0.5,NaN,0.26,0,NaN,-0.5,-0.1,NaN,-0.074
04-May-2016,0.37,NaN,0.424,0.5,NaN,0.24,0,NaN,-0.53,-0.1,NaN,-0.074
05-May-2016,0.37,NaN,0.429,0.5,NaN,0.22,0,NaN,-0.55,-0.1,NaN,-0.074
06-May-2016,0.37,NaN,0.429,0.5,NaN,0.2,0,NaN,-0.57,-0.1,NaN,-0.081
09-May-2016,0.37,NaN,0.432,0.5,NaN,0.22,0,NaN,-0.55,-0.1,NaN,-0.087
10-May-2016,0.37,NaN,0.435,0.5,NaN,0.24,0,NaN,-0.53,-0.1,NaN,-0.09
11-May-2016,0.37,NaN,0.422,0.5,NaN,0.24,0,NaN,-0.53,-0.1,NaN,-0.085
12-May-2016,0.37,NaN,0.493,0.5,NaN,0.24,0,NaN,-0.53,-0.1,NaN,-0.079
13-May-2016,0.37,NaN,0.442,0.5,NaN,0.24,0,NaN,-0.53,-0.1,NaN,-0.076
16-May-2016,0.37,NaN,0.452,0.5,NaN,0.24,0,NaN,-0.53,-0.1,NaN,-0.084
17-May-2016,0.37,NaN,0.427,0.5,NaN,0.22,0,NaN,-0.55,-0.1,NaN,-0.081
18-May-2016,0.37,NaN,0.382,0.5,NaN,0.22,0,NaN,-0.55,-0.1,NaN,-0.074
19-May-2016,0.37,NaN,0.338,0.5,NaN,0.22,0,NaN,-0.55,-0.1,NaN,-0.069
20-May-2016,0.37,NaN,0.329,0.5,NaN,0.22,0,NaN,-0.55,-0.1,NaN,-0.067
23-May-2016,0.37,NaN,0.289,0.5,NaN,0.2,0,NaN,-0.57,-0.1,NaN,-0.075
24-May-2016,0.37,NaN,0.396,0.5,NaN,0.24,0,NaN,-0.53,-0.1,NaN,-0.076
25-May-2016,0.37,NaN,0.307,0.5,NaN,0.25,0,NaN,-0.52,-0.1,NaN,-0.083
26-May-2016,0.37,NaN,0.314,0.5,NaN,0.25,0,NaN,-0.52,-0.1,NaN,-0.084
27-May-2016,0.37,NaN,0.329,0.5,NaN,0.25,0,NaN,-0.52,-0.1,NaN,-0.077
30-May-2016,0.37,NaN,0.329,0.5,NaN,0.25,0,NaN,-0.52,-0.1,NaN,-0.079
31-May-2016,0.29,NaN,0.438,0.5,NaN,0.26,0,NaN,-0.51,-0.1,NaN,-0.088
01-Jun-2016,0.37,NaN,0.43,0.5,NaN,0.26,0,NaN,-0.51,-0.1,NaN,-0.084
02-Jun-2016,0.37,NaN,0.443,0.5,NaN,0.26,0,NaN,-0.51,-0.1,NaN,-0.082
03-Jun-2016,0.37,NaN,0.438,0.5,NaN,0.26,0,NaN,-0.52,-0.1,NaN,-0.079
06-Jun-2016,0.37,NaN,0.421,0.5,NaN,0.25,0,NaN,-0.52,-0.1,NaN,-0.079
07-Jun-2016,0.37,NaN,0.45,0.5,NaN,0.28,0,NaN,-0.49,-0.1,NaN,-0.085
08-Jun-2016,0.37,NaN,0.469,0.5,NaN,0.27,0,NaN,-0.5,-0.1,NaN,-0.086
09-Jun-2016,0.37,NaN,0.469,0.5,NaN,0.31,0,NaN,-0.46,-0.1,NaN,-0.084
10-Jun-2016,0.37,NaN,0.48,0.5,NaN,0.32,0,NaN,-0.45,-0.1,NaN,-0.084
13-Jun-2016,0.37,NaN,0.493,0.5,NaN,0.29,0,NaN,-0.47,-0.1,NaN,-0.086
14-Jun-2016,0.37,NaN,0.48,0.5,NaN,0.3,0,NaN,-0.47,-0.1,NaN,-0.085
15-Jun-2016,0.37,NaN,0.536,0.5,NaN,0.29,0,NaN,-0.48,-0.1,NaN,-0.087
16-Jun-2016,0.38,NaN,0.509,0.5,NaN,0.31,0,NaN,-0.46,-0.1,NaN,-0.087
17-Jun-2016,0.38,NaN,0.489,0.5,NaN,0.29,0,NaN,-0.47,-0.1,NaN,-0.075
20-Jun-2016,0.38,NaN,0.481,0.5,NaN,0.28,0,NaN,-0.49,-0.1,NaN,-0.064
21-Jun-2016,0.38,NaN,0.49,0.5,NaN,0.25,0,NaN,-0.51,-0.1,NaN,-0.055
22-Jun-2016,0.38,NaN,0.568,0.5,NaN,0.25,0,NaN,-0.51,-0.1,NaN,-0.05
23-Jun-2016,0.39,NaN,0.637,0.5,NaN,0.25,0,NaN,-0.51,-0.1,NaN,-0.06
24-Jun-2016,0.4,NaN,0.854,0.5,NaN,0.25,0,NaN,-0.51,-0.1,NaN,-0.069
27-Jun-2016,0.41,NaN,0.763,0.5,NaN,0.31,0,NaN,-0.45,-0.1,NaN,-0.072
28-Jun-2016,0.41,NaN,0.646,0.5,NaN,0.28,0,NaN,-0.48,-0.1,NaN,-0.079
29-Jun-2016,0.41,NaN,0.552,0.5,NaN,0.26,0,NaN,-0.51,-0.1,NaN,-0.084
30-Jun-2016,0.3,NaN,0.824,0.5,NaN,0.28,0,NaN,-0.49,-0.1,NaN,-0.089
01-Jul-2016,0.41,NaN,0.644,0.5,NaN,0.28,0,NaN,-0.49,-0.1,NaN,-0.08
04-Jul-2016,0.41,NaN,0.644,0.5,NaN,0.25,0,NaN,-0.51,-0.1,NaN,-0.081
05-Jul-2016,0.4,NaN,0.496,0.5,NaN,0.22,0,NaN,-0.55,-0.1,NaN,-0.083
06-Jul-2016,0.4,NaN,0.529,0.5,NaN,0.23,0,NaN,-0.54,-0.1,NaN,-0.085
07-Jul-2016,0.4,NaN,0.513,0.5,NaN,0.26,0,NaN,-0.51,-0.1,NaN,-0.084
08-Jul-2016,0.4,NaN,0.524,0.5,NaN,0.26,0,NaN,-0.51,-0.1,NaN,-0.076
11-Jul-2016,0.4,NaN,0.534,0.5,NaN,0.25,0,NaN,-0.52,-0.1,NaN,-0.08
12-Jul-2016,0.4,NaN,0.48,0.5,NaN,0.28,0,NaN,-0.49,-0.1,NaN,-0.081
13-Jul-2016,0.4,NaN,0.473,0.5,NaN,0.28,0,NaN,-0.49,-0.1,NaN,-0.077
14-Jul-2016,0.4,NaN,0.503,0.5,NaN,0.25,0,NaN,-0.52,-0.1,NaN,-0.078
15-Jul-2016,0.4,NaN,0.517,0.5,NaN,0.25,0,NaN,-0.52,-0.1,NaN,-0.066
18-Jul-2016,0.4,NaN,0.446,0.5,NaN,0.23,0,NaN,-0.54,-0.1,NaN,-0.066
19-Jul-2016,0.4,NaN,0.39,0.5,NaN,0.22,0,NaN,-0.55,-0.1,NaN,-0.071
20-Jul-2016,0.4,NaN,0.417,0.5,NaN,0.22,0,NaN,-0.55,-0.1,NaN,-0.068
21-Jul-2016,0.4,NaN,0.457,0.5,NaN,0.22,0,NaN,-0.55,-0.1,NaN,-0.08
22-Jul-2016,0.4,NaN,0.446,0.5,NaN,0.22,0,NaN,-0.55,-0.1,NaN,-0.079
25-Jul-2016,0.4,NaN,0.456,0.5,NaN,0.22,0,NaN,-0.55,-0.1,NaN,-0.081
26-Jul-2016,0.4,NaN,0.443,0.5,NaN,0.26,0,NaN,-0.51,-0.1,NaN,-0.084
27-Jul-2016,0.4,NaN,0.451,0.5,NaN,0.27,0,NaN,-0.5,-0.1,NaN,-0.085
28-Jul-2016,0.4,NaN,0.47,0.5,NaN,0.27,0,NaN,-0.5,-0.1,NaN,-0.088
29-Jul-2016,0.3,NaN,0.54,0.5,NaN,0.27,0,NaN,-0.5,-0.1,NaN,-0.088
01-Aug-2016,0.4,NaN,0.54,0.5,NaN,0.27,0,NaN,-0.5,-0.1,NaN,-0.084
02-Aug-2016,0.4,NaN,0.536,0.5,NaN,0.25,0,NaN,-0.52,-0.1,NaN,-0.084
03-Aug-2016,0.4,NaN,0.489,0.5,NaN,0.25,0,NaN,-0.52,-0.1,NaN,-0.084
04-Aug-2016,0.4,NaN,0.529,0.25,NaN,0.22,0,NaN,-0.55,-0.1,NaN,-0.082
05-Aug-2016,0.4,NaN,0.517,0.25,NaN,0.24,0,NaN,-0.53,-0.1,NaN,-0.08
08-Aug-2016,0.4,NaN,0.489,0.25,NaN,0.24,0,NaN,-0.53,-0.1,NaN,-0.084
09-Aug-2016,0.4,NaN,0.458,0.25,NaN,0.24,0,NaN,-0.53,-0.1,NaN,-0.081
10-Aug-2016,0.4,NaN,0.46,0.25,NaN,0.24,0,NaN,-0.53,-0.1,NaN,-0.083
11-Aug-2016,0.4,NaN,0.526,0.25,NaN,0.24,0,NaN,-0.53,-0.1,NaN,-0.083
12-Aug-2016,0.4,NaN,0.53,0.25,NaN,0.24,0,NaN,-0.53,-0.1,NaN,-0.079
15-Aug-2016,0.4,NaN,0.55,0.25,NaN,0.22,0,NaN,-0.55,-0.1,NaN,-0.08
16-Aug-2016,0.4,NaN,0.534,0.25,NaN,0.25,0,NaN,-0.52,-0.1,NaN,-0.084
17-Aug-2016,0.4,NaN,0.53,0.25,NaN,0.25,0,NaN,-0.52,-0.1,NaN,-0.085
18-Aug-2016,0.4,NaN,0.529,0.25,NaN,0.24,0,NaN,-0.53,-0.1,NaN,-0.085
19-Aug-2016,0.4,NaN,0.472,0.25,NaN,0.23,0,NaN,-0.54,-0.1,NaN,-0.084
22-Aug-2016,0.4,NaN,0.378,0.25,NaN,0.23,0,NaN,-0.54,-0.1,NaN,-0.083
23-Aug-2016,0.4,NaN,0.504,0.25,NaN,0.23,0,NaN,-0.54,-0.1,NaN,-0.086
24-Aug-2016,0.4,NaN,0.472,0.25,NaN,0.23,0,NaN,-0.54,-0.1,NaN,-0.088
25-Aug-2016,0.4,NaN,0.527,0.25,NaN,0.23,0,NaN,-0.54,-0.1,NaN,-0.088
26-Aug-2016,0.4,NaN,0.523,0.25,NaN,0.24,0,NaN,-0.52,-0.1,NaN,-0.086
29-Aug-2016,0.4,NaN,0.491,0.25,NaN,0.24,0,NaN,-0.52,-0.1,NaN,-0.085
30-Aug-2016,0.4,NaN,0.49,0.25,NaN,0.25,0,NaN,-0.52,-0.1,NaN,-0.091
31-Aug-2016,0.3,NaN,0.557,0.25,NaN,0.24,0,NaN,-0.53,-0.1,NaN,-0.086
01-Sep-2016,0.4,NaN,0.55,0.25,NaN,0.24,0,NaN,-0.53,-0.1,NaN,-0.086
02-Sep-2016,0.4,NaN,0.494,0.25,NaN,0.24,0,NaN,-0.53,-0.1,NaN,-0.084
05-Sep-2016,0.4,NaN,0.494,0.25,NaN,0.26,0,NaN,-0.51,-0.1,NaN,-0.085
06-Sep-2016,0.4,NaN,0.497,0.25,NaN,0.28,0,NaN,-0.49,-0.1,NaN,-0.087
07-Sep-2016,0.4,NaN,0.5,0.25,NaN,0.29,0,NaN,-0.48,-0.1,NaN,-0.091
08-Sep-2016,0.4,NaN,0.539,0.25,NaN,0.28,0,NaN,-0.49,-0.1,NaN,-0.095
09-Sep-2016,0.4,NaN,0.547,0.25,NaN,0.28,0,NaN,-0.49,-0.1,NaN,-0.094
12-Sep-2016,0.4,NaN,0.529,0.25,NaN,0.28,0,NaN,-0.49,-0.1,NaN,-0.101
13-Sep-2016,0.4,NaN,0.53,0.25,NaN,0.27,0,NaN,-0.5,-0.1,NaN,-0.102
14-Sep-2016,0.4,NaN,0.516,0.25,NaN,0.26,0,NaN,-0.51,-0.1,NaN,-0.1
15-Sep-2016,0.4,NaN,0.577,0.25,NaN,0.25,0,NaN,-0.52,-0.1,NaN,-0.096
16-Sep-2016,0.4,NaN,0.423,0.25,NaN,0.25,0,NaN,-0.52,-0.1,NaN,-0.09
19-Sep-2016,0.4,NaN,0.4,0.25,NaN,0.25,0,NaN,-0.52,-0.1,NaN,-0.09
20-Sep-2016,0.4,NaN,0.422,0.25,NaN,0.25,0,NaN,-0.52,-0.1,NaN,-0.089
21-Sep-2016,0.4,NaN,0.4,0.25,NaN,0.24,0,NaN,-0.53,-0.1,NaN,-0.086
22-Sep-2016,0.4,NaN,0.45,0.25,NaN,0.25,0,NaN,-0.52,-0.1,NaN,-0.086
23-Sep-2016,0.4,NaN,0.495,0.25,NaN,0.24,0,NaN,-0.53,-0.1,NaN,-0.085
26-Sep-2016,0.4,NaN,0.518,0.25,NaN,0.24,0,NaN,-0.53,-0.1,NaN,-0.084
27-Sep-2016,0.4,NaN,0.725,0.25,NaN,0.24,0,NaN,-0.53,-0.1,NaN,-0.083
28-Sep-2016,0.4,NaN,0.764,0.25,NaN,0.24,0,NaN,-0.53,-0.1,NaN,-0.083
29-Sep-2016,0.4,NaN,0.935,0.25,NaN,0.24,0,NaN,-0.53,-0.1,NaN,-0.084
30-Sep-2016,0.29,NaN,1.213,0.25,NaN,0.24,0,NaN,-0.53,-0.1,NaN,-0.286
03-Oct-2016,0.4,NaN,0.755,0.25,NaN,0.24,0,NaN,-0.53,-0.1,NaN,-0.087
04-Oct-2016,0.4,NaN,0.751,0.25,NaN,0.25,0,NaN,-0.52,-0.1,NaN,-0.085
05-Oct-2016,0.4,NaN,0.682,0.25,NaN,0.25,0,NaN,-0.52,-0.1,NaN,-0.085
06-Oct-2016,0.4,NaN,0.645,0.25,NaN,0.24,0,NaN,-0.53,-0.1,NaN,-0.084
07-Oct-2016,0.4,NaN,0.448,0.25,NaN,0.25,0,NaN,-0.52,-0.1,NaN,-0.083
10-Oct-2016,0.4,NaN,0.448,0.25,NaN,0.25,0,NaN,-0.52,-0.1,NaN,-0.083
11-Oct-2016,0.41,NaN,0.5,0.25,NaN,0.25,0,NaN,-0.52,-0.1,NaN,-0.081
12-Oct-2016,0.41,NaN,0.562,0.25,NaN,0.26,0,NaN,-0.51,-0.1,NaN,-0.08
13-Oct-2016,0.41,NaN,0.512,0.25,NaN,0.26,0,NaN,-0.51,-0.1,NaN,-0.08
14-Oct-2016,0.41,NaN,0.47,0.25,NaN,0.26,0,NaN,-0.51,-0.1,NaN,-0.094
17-Oct-2016,0.41,NaN,0.518,0.25,NaN,0.26,0,NaN,-0.51,-0.1,NaN,-0.086
18-Oct-2016,0.41,NaN,0.408,0.25,NaN,0.26,0,NaN,-0.51,-0.1,NaN,-0.085
19-Oct-2016,0.41,NaN,0.368,0.25,NaN,0.25,0,NaN,-0.52,-0.1,NaN,-0.085
20-Oct-2016,0.41,NaN,0.355,0.25,NaN,0.24,0,NaN,-0.53,-0.1,NaN,-0.086
21-Oct-2016,0.41,NaN,0.33,0.25,NaN,0.18,0,NaN,-0.59,-0.1,NaN,-0.085
24-Oct-2016,0.41,NaN,0.401,0.25,NaN,0.18,0,NaN,-0.59,-0.1,NaN,-0.085
25-Oct-2016,0.41,NaN,0.406,0.25,NaN,0.18,0,NaN,-0.59,-0.1,NaN,-0.084
26-Oct-2016,0.41,NaN,0.473,0.25,NaN,0.18,0,NaN,-0.59,-0.1,NaN,-0.086
27-Oct-2016,0.41,NaN,0.499,0.25,NaN,0.18,0,NaN,-0.59,-0.1,NaN,-0.087
28-Oct-2016,0.41,NaN,0.427,0.25,NaN,0.18,0,NaN,-0.59,-0.1,NaN,-0.087
31-Oct-2016,0.31,NaN,0.515,0.25,NaN,0.18,0,NaN,-0.59,-0.1,NaN,-0.089
01-Nov-2016,0.41,NaN,0.437,0.25,NaN,0.18,0,NaN,-0.59,-0.1,NaN,-0.089
02-Nov-2016,0.41,NaN,0.42,0.25,NaN,0.21,0,NaN,-0.56,-0.1,NaN,-0.09
03-Nov-2016,0.41,NaN,0.499,0.25,NaN,0.21,0,NaN,-0.56,-0.1,NaN,-0.09
04-Nov-2016,0.41,NaN,0.488,0.25,NaN,0.21,0,NaN,-0.56,-0.1,NaN,-0.095
07-Nov-2016,0.41,NaN,0.449,0.25,NaN,0.21,0,NaN,-0.56,-0.1,NaN,-0.102
08-Nov-2016,0.41,NaN,0.458,0.25,NaN,0.22,0,NaN,-0.55,-0.1,NaN,-0.103
09-Nov-2016,0.41,NaN,0.483,0.25,NaN,0.22,0,NaN,-0.55,-0.1,NaN,-0.101
10-Nov-2016,0.41,NaN,0.462,0.25,NaN,0.18,0,NaN,-0.59,-0.1,NaN,-0.095
11-Nov-2016,0.41,NaN,0.462,0.25,NaN,0.23,0,NaN,-0.54,-0.1,NaN,-0.098
14-Nov-2016,0.41,NaN,0.417,0.25,NaN,0.23,0,NaN,-0.54,-0.1,NaN,-0.094
15-Nov-2016,0.41,NaN,0.428,0.25,NaN,0.22,0,NaN,-0.55,-0.1,NaN,-0.093
16-Nov-2016,0.41,NaN,0.37,0.25,NaN,0.22,0,NaN,-0.55,-0.1,NaN,-0.092
17-Nov-2016,0.41,NaN,0.31,0.25,NaN,0.22,0,NaN,-0.55,-0.1,NaN,-0.094
18-Nov-2016,0.41,NaN,0.269,0.25,NaN,0.2,0,NaN,-0.57,-0.1,NaN,-0.096
21-Nov-2016,0.41,NaN,0.26,0.25,NaN,0.2,0,NaN,-0.57,-0.1,NaN,-0.097
22-Nov-2016,0.41,NaN,0.265,0.25,NaN,0.2,0,NaN,-0.57,-0.1,NaN,-0.096
23-Nov-2016,0.41,NaN,0.305,0.25,NaN,0.2,0,NaN,-0.57,-0.1,NaN,-0.096
24-Nov-2016,0.41,NaN,0.305,0.25,NaN,0.21,0,NaN,-0.56,-0.1,NaN,-0.096
25-Nov-2016,0.41,NaN,0.334,0.25,NaN,0.21,0,NaN,-0.56,-0.1,NaN,-0.097
28-Nov-2016,0.41,NaN,0.286,0.25,NaN,0.21,0,NaN,-0.56,-0.1,NaN,-0.096
29-Nov-2016,0.41,NaN,0.3,0.25,NaN,0.21,0,NaN,-0.56,-0.1,NaN,-0.098
30-Nov-2016,0.31,NaN,0.337,0.25,NaN,0.21,0,NaN,-0.56,-0.1,NaN,-0.105
01-Dec-2016,0.41,NaN,0.28,0.25,NaN,0.21,0,NaN,-0.56,-0.1,NaN,-0.102
02-Dec-2016,0.41,NaN,0.28,0.25,NaN,0.22,0,NaN,-0.55,-0.1,NaN,-0.098
05-Dec-2016,0.41,NaN,0.298,0.25,NaN,0.21,0,NaN,-0.56,-0.1,NaN,-0.098
06-Dec-2016,0.41,NaN,0.295,0.25,NaN,0.21,0,NaN,-0.56,-0.1,NaN,-0.098
07-Dec-2016,0.41,NaN,0.296,0.25,NaN,0.21,0,NaN,-0.56,-0.1,NaN,-0.097
08-Dec-2016,0.41,NaN,0.299,0.25,NaN,0.21,0,NaN,-0.56,-0.1,NaN,-0.098
09-Dec-2016,0.41,NaN,0.378,0.25,NaN,0.21,0,NaN,-0.56,-0.1,NaN,-0.098
12-Dec-2016,0.41,NaN,0.375,0.25,NaN,0.21,0,NaN,-0.56,-0.1,NaN,-0.097
13-Dec-2016,0.41,NaN,0.291,0.25,NaN,0.24,0,NaN,-0.53,-0.1,NaN,-0.096
14-Dec-2016,0.41,NaN,0.271,0.25,NaN,0.24,0,NaN,-0.53,-0.1,NaN,-0.092
15-Dec-2016,0.66,NaN,0.548,0.25,NaN,0.24,0,NaN,-0.53,-0.1,NaN,-0.08
16-Dec-2016,0.66,NaN,0.516,0.25,NaN,0.24,0,NaN,-0.53,-0.1,NaN,-0.09
19-Dec-2016,0.66,NaN,0.522,0.25,NaN,0.24,0,NaN,-0.53,-0.1,NaN,-0.095
20-Dec-2016,0.66,NaN,0.486,0.25,NaN,0.24,0,NaN,-0.53,-0.1,NaN,-0.096
21-Dec-2016,0.66,NaN,0.479,0.25,NaN,0.24,0,NaN,-0.53,-0.1,NaN,-0.095
22-Dec-2016,0.66,NaN,0.473,0.25,NaN,0.24,0,NaN,-0.53,-0.1,NaN,-0.094
23-Dec-2016,0.66,NaN,0.473,0.25,NaN,0.24,0,NaN,-0.53,-0.1,NaN,-0.094
26-Dec-2016,0.66,NaN,0.473,0.25,NaN,0.24,0,NaN,-0.53,-0.1,NaN,-0.094
27-Dec-2016,0.66,NaN,0.559,0.25,NaN,0.24,0,NaN,-0.53,-0.1,NaN,-0.091
28-Dec-2016,0.66,NaN,0.638,0.25,NaN,0.24,0,NaN,-0.53,-0.1,NaN,-0.091
29-Dec-2016,0.66,NaN,0.553,0.25,NaN,0.24,0,NaN,-0.53,-0.1,NaN,-0.093
30-Dec-2016,0.55,NaN,0.5,0.25,NaN,0.24,0,NaN,-0.53,-0.1,NaN,-0.194
02-Jan-2017,0.55,NaN,0.5,0.25,NaN,0.24,0,NaN,-0.53,-0.1,NaN,-0.194
03-Jan-2017,0.66,NaN,0.5,0.25,NaN,0.24,0,NaN,-0.53,-0.1,NaN,-0.194
04-Jan-2017,0.66,NaN,0.697,0.25,NaN,0.09,0,NaN,-0.68,-0.1,NaN,-0.095
05-Jan-2017,0.66,NaN,0.614,0.25,NaN,0.13,0,NaN,-0.64,-0.1,NaN,-0.095
06-Jan-2017,0.66,NaN,0.62,0.25,NaN,0.14,0,NaN,-0.62,-0.1,NaN,-0.088
09-Jan-2017,0.66,NaN,0.586,0.25,NaN,0.14,0,NaN,-0.62,-0.1,NaN,-0.088
10-Jan-2017,0.66,NaN,0.521,0.25,NaN,0.2,0,NaN,-0.57,-0.1,NaN,-0.087
11-Jan-2017,0.66,NaN,0.565,0.25,NaN,0.24,0,NaN,-0.53,-0.1,NaN,-0.085
12-Jan-2017,0.66,NaN,0.633,0.25,NaN,0.25,0,NaN,-0.52,-0.1,NaN,-0.087
13-Jan-2017,0.66,NaN,0.656,0.25,NaN,0.25,0,NaN,-0.52,-0.1,NaN,-0.087
16-Jan-2017,0.66,NaN,0.656,0.25,NaN,0.25,0,NaN,-0.52,-0.1,NaN,-0.105
17-Jan-2017,0.66,NaN,0.724,0.25,NaN,0.25,0,NaN,-0.52,-0.1,NaN,-0.102
18-Jan-2017,0.66,NaN,0.733,0.25,NaN,0.25,0,NaN,-0.52,-0.1,NaN,-0.1
19-Jan-2017,0.66,NaN,0.58,0.25,NaN,0.25,0,NaN,-0.52,-0.1,NaN,-0.098
20-Jan-2017,0.66,NaN,0.54,0.25,NaN,0.24,0,NaN,-0.53,-0.1,NaN,-0.098
23-Jan-2017,0.66,NaN,0.507,0.25,NaN,0.28,0,NaN,-0.49,-0.1,NaN,-0.097
24-Jan-2017,0.66,NaN,0.6,0.25,NaN,0.26,0,NaN,-0.5,-0.1,NaN,-0.097
25-Jan-2017,0.66,NaN,0.614,0.25,NaN,0.26,0,NaN,-0.5,-0.1,NaN,-0.096
26-Jan-2017,0.66,NaN,0.621,0.25,NaN,0.26,0,NaN,-0.5,-0.1,NaN,-0.096
27-Jan-2017,0.66,NaN,0.595,0.25,NaN,0.26,0,NaN,-0.5,-0.1,NaN,-0.096
30-Jan-2017,0.66,NaN,0.604,0.25,NaN,0.26,0,NaN,-0.5,-0.1,NaN,-0.095
31-Jan-2017,0.56,NaN,0.61,0.25,NaN,0.26,0,NaN,-0.5,-0.1,NaN,-0.106
01-Feb-2017,0.66,NaN,0.638,0.25,NaN,0.26,0,NaN,-0.5,-0.1,NaN,-0.104
02-Feb-2017,0.66,NaN,0.611,0.25,NaN,0.23,0,NaN,-0.54,-0.1,NaN,-0.102
03-Feb-2017,0.66,NaN,0.61,0.25,NaN,0.22,0,NaN,-0.55,-0.1,NaN,-0.099
06-Feb-2017,0.66,NaN,0.6,0.25,NaN,0.22,0,NaN,-0.55,-0.1,NaN,-0.097
07-Feb-2017,0.66,NaN,0.562,0.25,NaN,0.22,0,NaN,-0.54,-0.1,NaN,-0.095
08-Feb-2017,0.66,NaN,0.55,0.25,NaN,0.23,0,NaN,-0.53,-0.1,NaN,-0.096
09-Feb-2017,0.66,NaN,0.65,0.25,NaN,0.23,0,NaN,-0.53,-0.1,NaN,-0.095
10-Feb-2017,0.66,NaN,0.616,0.25,NaN,0.2,0,NaN,-0.57,-0.1,NaN,-0.093
13-Feb-2017,0.66,NaN,0.58,0.25,NaN,0.19,0,NaN,-0.58,-0.1,NaN,-0.087
14-Feb-2017,0.66,NaN,0.587,0.25,NaN,0.19,0,NaN,-0.58,-0.1,NaN,-0.085
15-Feb-2017,0.66,NaN,0.64,0.25,NaN,0.18,0,NaN,-0.59,-0.1,NaN,-0.079
16-Feb-2017,0.66,NaN,0.576,0.25,NaN,0.18,0,NaN,-0.59,-0.1,NaN,-0.088
17-Feb-2017,0.66,NaN,0.512,0.25,NaN,0.18,0,NaN,-0.59,-0.1,NaN,-0.086
20-Feb-2017,0.66,NaN,0.512,0.25,NaN,0.18,0,NaN,-0.59,-0.1,NaN,-0.087
21-Feb-2017,0.66,NaN,0.497,0.25,NaN,0.18,0,NaN,-0.59,-0.1,NaN,-0.089
22-Feb-2017,0.66,NaN,0.49,0.25,NaN,0.18,0,NaN,-0.59,-0.1,NaN,-0.088
23-Feb-2017,0.66,NaN,0.49,0.25,NaN,0.18,0,NaN,-0.59,-0.1,NaN,-0.089
24-Feb-2017,0.66,NaN,0.555,0.25,NaN,0.16,0,NaN,-0.6,-0.1,NaN,-0.089
27-Feb-2017,0.66,NaN,0.52,0.25,NaN,0.16,0,NaN,-0.6,-0.1,NaN,-0.092
28-Feb-2017,0.57,NaN,0.597,0.25,NaN,0.16,0,NaN,-0.6,-0.1,NaN,-0.099
01-Mar-2017,0.66,NaN,0.552,0.25,NaN,0.16,0,NaN,-0.6,-0.1,NaN,-0.093
02-Mar-2017,0.66,NaN,0.538,0.25,NaN,0.14,0,NaN,-0.63,-0.1,NaN,-0.094
03-Mar-2017,0.66,NaN,0.53,0.25,NaN,0.21,0,NaN,-0.56,-0.1,NaN,-0.097
06-Mar-2017,0.66,NaN,0.521,0.25,NaN,0.19,0,NaN,-0.58,-0.1,NaN,-0.099
07-Mar-2017,0.66,NaN,0.53,0.25,NaN,0.19,0,NaN,-0.58,-0.1,NaN,-0.099
08-Mar-2017,0.66,NaN,0.536,0.25,NaN,0.18,0,NaN,-0.59,-0.1,NaN,-0.1
09-Mar-2017,0.66,NaN,0.516,0.25,NaN,0.18,0,NaN,-0.59,-0.1,NaN,-0.097
10-Mar-2017,0.66,NaN,0.536,0.25,NaN,0.17,0,NaN,-0.6,-0.1,NaN,-0.094
13-Mar-2017,0.66,NaN,0.52,0.25,NaN,0.17,0,NaN,-0.6,-0.1,NaN,-0.089
14-Mar-2017,0.66,NaN,0.581,0.25,NaN,0.14,0,NaN,-0.63,-0.1,NaN,-0.089
15-Mar-2017,0.66,NaN,0.597,0.25,NaN,0.14,0,NaN,-0.63,-0.1,NaN,-0.088
16-Mar-2017,0.91,NaN,0.758,0.25,NaN,0.14,0,NaN,-0.63,-0.1,NaN,-0.09
17-Mar-2017,0.91,NaN,0.756,0.25,NaN,0.14,0,NaN,-0.63,-0.1,NaN,-0.084
20-Mar-2017,0.91,NaN,0.76,0.25,NaN,0.14,0,NaN,-0.63,-0.1,NaN,-0.084
21-Mar-2017,0.91,NaN,0.763,0.25,NaN,0.14,0,NaN,-0.63,-0.1,NaN,-0.088
22-Mar-2017,0.91,NaN,0.76,0.25,NaN,0.14,0,NaN,-0.63,-0.1,NaN,-0.086
23-Mar-2017,0.91,NaN,0.792,0.25,NaN,0.15,0,NaN,-0.62,-0.1,NaN,-0.086
24-Mar-2017,0.91,NaN,0.839,0.25,NaN,0.16,0,NaN,-0.61,-0.1,NaN,-0.066
27-Mar-2017,0.91,NaN,0.83,0.25,NaN,0.2,0,NaN,-0.57,-0.1,NaN,-0.057
28-Mar-2017,0.91,NaN,0.803,0.25,NaN,0.2,0,NaN,-0.57,-0.1,NaN,-0.058
29-Mar-2017,0.91,NaN,0.807,0.25,NaN,0.28,0,NaN,-0.49,-0.1,NaN,-0.045
30-Mar-2017,0.91,NaN,0.86,0.25,NaN,0.35,0,NaN,-0.42,-0.1,NaN,-0.044
31-Mar-2017,0.82,NaN,1.036,0.25,NaN,0.35,0,NaN,-0.42,-0.1,NaN,-0.52
03-Apr-2017,0.91,NaN,0.83,0.25,NaN,0.35,0,NaN,-0.42,-0.1,NaN,-0.053
04-Apr-2017,0.91,NaN,0.83,0.25,NaN,0.35,0,NaN,-0.42,-0.1,NaN,-0.054
05-Apr-2017,0.91,NaN,0.859,0.25,NaN,0.35,0,NaN,-0.42,-0.1,NaN,-0.047
06-Apr-2017,0.91,NaN,0.9,0.25,NaN,0.35,0,NaN,-0.42,-0.1,NaN,-0.044
07-Apr-2017,0.91,NaN,0.9,0.25,NaN,0.29,0,NaN,-0.48,-0.1,NaN,-0.034
10-Apr-2017,0.91,NaN,0.87,0.25,NaN,0.3,0,NaN,-0.47,-0.1,NaN,-0.03
11-Apr-2017,0.91,NaN,0.865,0.25,NaN,0.3,0,NaN,-0.47,-0.1,NaN,-0.027
12-Apr-2017,0.91,NaN,0.897,0.25,NaN,0.3,0,NaN,-0.47,-0.1,NaN,-0.024
13-Apr-2017,0.91,NaN,1.002,0.25,NaN,0.3,0,NaN,-0.47,-0.1,NaN,-0.026
14-Apr-2017,0.91,NaN,1.002,0.25,NaN,0.3,0,NaN,-0.47,-0.1,NaN,-0.059
17-Apr-2017,0.91,NaN,1.027,0.25,NaN,0.3,0,NaN,-0.47,-0.1,NaN,-0.082
18-Apr-2017,0.91,NaN,0.93,0.25,NaN,0.3,0,NaN,-0.47,-0.1,NaN,-0.087
19-Apr-2017,0.91,NaN,0.853,0.25,NaN,0.3,0,NaN,-0.47,-0.1,NaN,-0.088
20-Apr-2017,0.91,NaN,0.853,0.25,NaN,0.3,0,NaN,-0.47,-0.1,NaN,-0.09
21-Apr-2017,0.91,NaN,0.807,0.25,NaN,0.29,0,NaN,-0.48,-0.1,NaN,-0.091
24-Apr-2017,0.91,NaN,0.807,0.25,NaN,0.29,0,NaN,-0.48,-0.1,NaN,-0.09
25-Apr-2017,0.91,NaN,0.84,0.25,NaN,0.29,0,NaN,-0.48,-0.1,NaN,-0.094
26-Apr-2017,0.91,NaN,0.874,0.25,NaN,0.29,0,NaN,-0.48,-0.1,NaN,-0.095
27-Apr-2017,0.91,NaN,0.903,0.25,NaN,0.29,0,NaN,-0.48,-0.1,NaN,-0.095
28-Apr-2017,0.83,NaN,0.97,0.25,NaN,0.29,0,NaN,-0.48,-0.1,NaN,-0.089
01-May-2017,0.91,NaN,0.919,0.25,NaN,0.29,0,NaN,-0.48,-0.1,NaN,-0.092
02-May-2017,0.91,NaN,0.85,0.25,NaN,0.29,0,NaN,-0.48,-0.1,NaN,-0.086
03-May-2017,0.91,NaN,0.85,0.25,NaN,0.27,0,NaN,-0.5,-0.1,NaN,-0.086
04-May-2017,0.91,NaN,0.86,0.25,NaN,0.27,0,NaN,-0.5,-0.1,NaN,-0.086
05-May-2017,0.91,NaN,0.833,0.25,NaN,0.27,0,NaN,-0.5,-0.1,NaN,-0.086
08-May-2017,0.91,NaN,0.85,0.25,NaN,0.27,0,NaN,-0.5,-0.1,NaN,-0.082
09-May-2017,0.91,NaN,0.814,0.25,NaN,0.27,0,NaN,-0.5,-0.1,NaN,-0.09
10-May-2017,0.91,NaN,0.821,0.25,NaN,0.27,0,NaN,-0.5,-0.1,NaN,-0.107
11-May-2017,0.91,NaN,0.85,0.25,NaN,0.26,0,NaN,-0.5,-0.1,NaN,-0.097
12-May-2017,0.91,NaN,0.819,0.25,NaN,0.26,0,NaN,-0.5,-0.1,NaN,-0.087
15-May-2017,0.91,NaN,0.825,0.25,NaN,0.26,0,NaN,-0.5,-0.1,NaN,-0.072
16-May-2017,0.91,NaN,0.828,0.25,NaN,0.25,0,NaN,-0.51,-0.1,NaN,-0.092
17-May-2017,0.91,NaN,0.84,0.25,NaN,0.25,0,NaN,-0.51,-0.1,NaN,-0.093
18-May-2017,0.91,NaN,0.86,0.25,NaN,0.25,0,NaN,-0.51,-0.1,NaN,-0.093
19-May-2017,0.91,NaN,0.82,0.25,NaN,0.25,0,NaN,-0.51,-0.1,NaN,-0.092
22-May-2017,0.91,NaN,0.794,0.25,NaN,0.25,0,NaN,-0.51,-0.1,NaN,-0.085
23-May-2017,0.91,NaN,0.789,0.25,NaN,0.25,0,NaN,-0.51,-0.1,NaN,-0.086
24-May-2017,0.91,NaN,0.87,0.25,NaN,0.25,0,NaN,-0.51,-0.1,NaN,-0.083
25-May-2017,0.91,NaN,0.87,0.25,NaN,0.25,0,NaN,-0.51,-0.1,NaN,-0.083
26-May-2017,0.91,NaN,0.93,0.25,NaN,0.25,0,NaN,-0.51,-0.1,NaN,-0.064
29-May-2017,0.91,NaN,0.93,0.25,NaN,0.25,0,NaN,-0.51,-0.1,NaN,-0.071
30-May-2017,0.91,NaN,0.89,0.25,NaN,0.25,0,NaN,-0.52,-0.1,NaN,-0.077
31-May-2017,0.83,NaN,0.966,0.25,NaN,0.18,0,NaN,-0.59,-0.1,NaN,-0.078
01-Jun-2017,0.91,NaN,0.96,0.25,NaN,0.17,0,NaN,-0.59,-0.1,NaN,-0.074
02-Jun-2017,0.91,NaN,0.913,0.25,NaN,0.22,0,NaN,-0.55,-0.1,NaN,-0.074
05-Jun-2017,0.91,NaN,0.923,0.25,NaN,0.21,0,NaN,-0.55,-0.1,NaN,-0.074
06-Jun-2017,0.91,NaN,0.93,0.25,NaN,0.21,0,NaN,-0.55,-0.1,NaN,-0.071
07-Jun-2017,0.91,NaN,0.94,0.25,NaN,0.22,0,NaN,-0.54,-0.1,NaN,-0.072
08-Jun-2017,0.91,NaN,0.99,0.25,NaN,0.21,0,NaN,-0.56,-0.1,NaN,-0.068
09-Jun-2017,0.91,NaN,1.008,0.25,NaN,0.21,0,NaN,-0.56,-0.1,NaN,-0.072
12-Jun-2017,0.91,NaN,1.02,0.25,NaN,0.21,0,NaN,-0.56,-0.1,NaN,-0.077
13-Jun-2017,0.91,NaN,1.02,0.25,NaN,0.24,0,NaN,-0.52,-0.1,NaN,-0.083
14-Jun-2017,0.91,NaN,1.02,0.25,NaN,0.26,0,NaN,-0.5,-0.1,NaN,-0.088
15-Jun-2017,1.16,NaN,1.3,0.25,NaN,0.26,0,NaN,-0.5,-0.1,NaN,-0.085
16-Jun-2017,1.16,NaN,1.267,0.25,NaN,0.26,0,NaN,-0.5,-0.1,NaN,-0.078
19-Jun-2017,1.16,NaN,1.267,0.25,NaN,0.28,0,NaN,-0.49,-0.1,NaN,-0.077
20-Jun-2017,1.16,NaN,1.098,0.25,NaN,0.28,0,NaN,-0.49,-0.1,NaN,-0.074
21-Jun-2017,1.16,NaN,1.06,0.25,NaN,0.28,0,NaN,-0.49,-0.1,NaN,-0.076
22-Jun-2017,1.16,NaN,1.08,0.25,NaN,0.28,0,NaN,-0.49,-0.1,NaN,-0.07
23-Jun-2017,1.16,NaN,1.18,0.25,NaN,-0.03,0,NaN,-0.8,-0.1,NaN,-0.064
26-Jun-2017,1.16,NaN,1.144,0.25,NaN,-0.03,0,NaN,-0.8,-0.1,NaN,-0.061
27-Jun-2017,1.16,NaN,1.107,0.25,NaN,-0.04,0,NaN,-0.81,-0.1,NaN,-0.064
28-Jun-2017,1.16,NaN,1.135,0.25,NaN,-0.04,0,NaN,-0.81,-0.1,NaN,-0.065
29-Jun-2017,1.16,NaN,1.172,0.25,NaN,-0.11,0,NaN,-0.88,-0.1,NaN,-0.068
30-Jun-2017,1.06,NaN,1.382,0.25,NaN,-0.11,0,NaN,-0.88,-0.1,NaN,-0.112
03-Jul-2017,1.16,NaN,1.233,0.25,NaN,-0.11,0,NaN,-0.88,-0.1,NaN,-0.062
04-Jul-2017,1.16,NaN,1.233,0.25,NaN,-0.12,0,NaN,-0.89,-0.1,NaN,-0.062
05-Jul-2017,1.16,NaN,1.233,0.25,NaN,-0.11,0,NaN,-0.88,-0.1,NaN,-0.063
06-Jul-2017,1.16,NaN,1.07,0.25,NaN,-0.11,0,NaN,-0.88,-0.1,NaN,-0.07
07-Jul-2017,1.16,NaN,1.066,0.25,NaN,-0.11,0,NaN,-0.88,-0.1,NaN,-0.077
10-Jul-2017,1.16,NaN,1.02,0.25,NaN,-0.11,0,NaN,-0.88,-0.1,NaN,-0.083
11-Jul-2017,1.16,NaN,1.027,0.25,NaN,-0.12,0,NaN,-0.89,-0.1,NaN,-0.087
12-Jul-2017,1.16,NaN,1.027,0.25,NaN,-0.12,0,NaN,-0.89,-0.1,NaN,-0.086
13-Jul-2017,1.16,NaN,1.07,0.25,NaN,-0.12,0,NaN,-0.89,-0.1,NaN,-0.082
14-Jul-2017,1.16,NaN,1.07,0.25,NaN,-0.12,0,NaN,-0.89,-0.1,NaN,-0.064
17-Jul-2017,1.16,NaN,1.11,0.25,NaN,-0.12,0,NaN,-0.89,-0.1,NaN,-0.064
18-Jul-2017,1.16,NaN,1.05,0.25,NaN,-0.12,0,NaN,-0.89,-0.1,NaN,-0.087
19-Jul-2017,1.16,NaN,1.05,0.25,NaN,-0.12,0,NaN,-0.89,-0.1,NaN,-0.084
20-Jul-2017,1.16,NaN,1.079,0.25,NaN,-0.14,0,NaN,-0.91,-0.1,NaN,-0.083
21-Jul-2017,1.16,NaN,1.066,0.25,NaN,-0.14,0,NaN,-0.91,-0.1,NaN,-0.083
24-Jul-2017,1.16,NaN,1.14,0.25,NaN,-0.14,0,NaN,-0.91,-0.1,NaN,-0.085
25-Jul-2017,1.16,NaN,1.14,0.25,NaN,-0.14,0,NaN,-0.91,-0.1,NaN,-0.088
26-Jul-2017,1.16,NaN,1.067,0.25,NaN,-0.14,0,NaN,-0.91,-0.1,NaN,-0.089
27-Jul-2017,1.16,NaN,1.13,0.25,NaN,-0.15,0,NaN,-0.92,-0.1,NaN,-0.089
28-Jul-2017,1.16,NaN,1.08,0.25,NaN,-0.12,0,NaN,-0.89,-0.1,NaN,-0.087
31-Jul-2017,1.07,NaN,1.19,0.25,NaN,-0.12,0,NaN,-0.89,-0.1,NaN,-0.081
01-Aug-2017,1.16,NaN,1.05,0.25,NaN,-0.12,0,NaN,-0.89,-0.1,NaN,-0.083
02-Aug-2017,1.16,NaN,1.042,0.25,NaN,-0.12,0,NaN,-0.89,-0.1,NaN,-0.084
03-Aug-2017,1.16,NaN,1.062,0.25,NaN,-0.12,0,NaN,-0.89,-0.1,NaN,-0.084
04-Aug-2017,1.16,NaN,1.059,0.25,NaN,-0.12,0,NaN,-0.89,-0.1,NaN,-0.083
07-Aug-2017,1.16,NaN,1.06,0.25,NaN,-0.11,0,NaN,-0.88,-0.1,NaN,-0.082
08-Aug-2017,1.16,NaN,1.058,0.25,NaN,-0.11,0,NaN,-0.88,-0.1,NaN,-0.08
09-Aug-2017,1.16,NaN,1.058,0.25,NaN,-0.11,0,NaN,-0.88,-0.1,NaN,-0.08
10-Aug-2017,1.16,NaN,1.124,0.25,NaN,-0.11,0,NaN,-0.88,-0.1,NaN,-0.079
11-Aug-2017,1.16,NaN,1.153,0.25,NaN,-0.11,0,NaN,-0.88,-0.1,NaN,-0.079
14-Aug-2017,1.16,NaN,1.175,0.25,NaN,-0.12,0,NaN,-0.89,-0.1,NaN,-0.075
15-Aug-2017,1.16,NaN,1.21,0.25,NaN,-0.12,0,NaN,-0.89,-0.1,NaN,-0.065
16-Aug-2017,1.16,NaN,1.164,0.25,NaN,-0.12,0,NaN,-0.89,-0.1,NaN,-0.094
17-Aug-2017,1.16,NaN,1.188,0.25,NaN,-0.12,0,NaN,-0.89,-0.1,NaN,-0.096
18-Aug-2017,1.16,NaN,1.154,0.25,NaN,-0.12,0,NaN,-0.89,-0.1,NaN,-0.098
21-Aug-2017,1.16,NaN,1.098,0.25,NaN,-0.12,0,NaN,-0.89,-0.1,NaN,-0.096
22-Aug-2017,1.16,NaN,1.071,0.25,NaN,-0.12,0,NaN,-0.89,-0.1,NaN,-0.097
23-Aug-2017,1.16,NaN,1.09,0.25,NaN,-0.11,0,NaN,-0.88,-0.1,NaN,-0.097
24-Aug-2017,1.16,NaN,1.09,0.25,NaN,-0.11,0,NaN,-0.88,-0.1,NaN,-0.096
25-Aug-2017,1.16,NaN,1.15,0.25,NaN,-0.11,0,NaN,-0.88,-0.1,NaN,-0.096
28-Aug-2017,1.16,NaN,1.152,0.25,NaN,-0.11,0,NaN,-0.88,-0.1,NaN,-0.098
29-Aug-2017,1.16,NaN,1.123,0.25,NaN,-0.11,0,NaN,-0.88,-0.1,NaN,-0.097
30-Aug-2017,1.16,NaN,1.112,0.25,NaN,-0.11,0,NaN,-0.88,-0.1,NaN,-0.098
31-Aug-2017,1.07,NaN,1.112,0.25,NaN,-0.13,0,NaN,-0.9,-0.1,NaN,-0.098
01-Sep-2017,1.16,NaN,1.178,0.25,NaN,-0.13,0,NaN,-0.9,-0.1,NaN,-0.098
04-Sep-2017,1.16,NaN,1.178,0.25,NaN,-0.13,0,NaN,-0.9,-0.1,NaN,-0.099
05-Sep-2017,1.16,NaN,1.13,0.25,NaN,-0.13,0,NaN,-0.9,-0.1,NaN,-0.1
06-Sep-2017,1.16,NaN,1.117,0.25,NaN,-0.13,0,NaN,-0.9,-0.1,NaN,-0.101
07-Sep-2017,1.16,NaN,1.146,0.25,NaN,-0.16,0,NaN,-0.93,-0.1,NaN,-0.101
08-Sep-2017,1.16,NaN,1.12,0.25,NaN,-0.16,0,NaN,-0.93,-0.1,NaN,-0.098
11-Sep-2017,1.16,NaN,1.137,0.25,NaN,-0.14,0,NaN,-0.91,-0.1,NaN,-0.098
12-Sep-2017,1.16,NaN,1.159,0.25,NaN,-0.15,0,NaN,-0.92,-0.1,NaN,-0.093
13-Sep-2017,1.16,NaN,1.155,0.25,NaN,-0.15,0,NaN,-0.92,-0.1,NaN,-0.089
14-Sep-2017,1.16,NaN,1.2,0.25,NaN,-0.16,0,NaN,-0.93,-0.1,NaN,-0.085
15-Sep-2017,1.16,NaN,1.2,0.25,NaN,-0.16,0,NaN,-0.93,-0.1,NaN,-0.086
18-Sep-2017,1.16,NaN,1.113,0.25,NaN,-0.16,0,NaN,-0.93,-0.1,NaN,-0.086
19-Sep-2017,1.16,NaN,1.01,0.25,NaN,-0.16,0,NaN,-0.93,-0.1,NaN,-0.085
20-Sep-2017,1.16,NaN,0.97,0.25,NaN,-0.16,0,NaN,-0.93,-0.1,NaN,-0.083
21-Sep-2017,1.16,NaN,1.05,0.25,NaN,-0.16,0,NaN,-0.93,-0.1,NaN,-0.082
22-Sep-2017,1.16,NaN,1.066,0.25,NaN,-0.17,0,NaN,-0.94,-0.1,NaN,-0.072
25-Sep-2017,1.16,NaN,1.06,0.25,NaN,-0.17,0,NaN,-0.94,-0.1,NaN,-0.072
26-Sep-2017,1.16,NaN,1.043,0.25,NaN,-0.17,0,NaN,-0.94,-0.1,NaN,-0.07
27-Sep-2017,1.16,NaN,1.033,0.25,NaN,-0.16,0,NaN,-0.93,-0.1,NaN,-0.074
28-Sep-2017,1.16,NaN,1.05,0.25,NaN,-0.16,0,NaN,-0.93,-0.1,NaN,-0.072
29-Sep-2017,1.06,NaN,1.24,0.25,NaN,-0.14,0,NaN,-0.91,-0.1,NaN,-0.126
02-Oct-2017,1.16,NaN,1.24,0.25,NaN,-0.14,0,NaN,-0.91,-0.1,NaN,-0.09
03-Oct-2017,1.16,NaN,1.09,0.25,NaN,-0.14,0,NaN,-0.91,-0.1,NaN,-0.094
04-Oct-2017,1.16,NaN,1.09,0.25,NaN,-0.12,0,NaN,-0.89,-0.1,NaN,-0.098
05-Oct-2017,1.16,NaN,1.12,0.25,NaN,-0.12,0,NaN,-0.89,-0.1,NaN,-0.098
06-Oct-2017,1.16,NaN,1.122,0.25,NaN,0.22,0,NaN,-0.55,-0.1,NaN,-0.098
09-Oct-2017,1.16,NaN,1.122,0.25,NaN,0.22,0,NaN,-0.55,-0.1,NaN,-0.098
10-Oct-2017,1.16,NaN,1.127,0.25,NaN,0.22,0,NaN,-0.55,-0.1,NaN,-0.094
11-Oct-2017,1.16,NaN,1.113,0.25,NaN,0.22,0,NaN,-0.55,-0.1,NaN,-0.096
12-Oct-2017,1.16,NaN,1.13,0.25,NaN,0.23,0,NaN,-0.54,-0.1,NaN,-0.096
13-Oct-2017,1.16,NaN,1.08,0.25,NaN,0.23,0,NaN,-0.54,-0.1,NaN,-0.097
16-Oct-2017,1.16,NaN,1.171,0.25,NaN,0.23,0,NaN,-0.54,-0.1,NaN,-0.097
17-Oct-2017,1.16,NaN,1.17,0.25,NaN,0.23,0,NaN,-0.54,-0.1,NaN,-0.099
18-Oct-2017,1.16,NaN,1.146,0.25,NaN,0.23,0,NaN,-0.54,-0.1,NaN,-0.105
19-Oct-2017,1.16,NaN,1.146,0.25,NaN,0.22,0,NaN,-0.54,-0.1,NaN,-0.103
20-Oct-2017,1.16,NaN,1.21,0.25,NaN,0.22,0,NaN,-0.54,-0.1,NaN,-0.099
23-Oct-2017,1.16,NaN,1.192,0.25,NaN,0.22,0,NaN,-0.54,-0.1,NaN,-0.097
24-Oct-2017,1.16,NaN,1.181,0.25,NaN,0.22,0,NaN,-0.54,-0.1,NaN,-0.098
25-Oct-2017,1.16,NaN,1.15,0.25,NaN,0.22,0,NaN,-0.54,-0.1,NaN,-0.098
26-Oct-2017,1.16,NaN,1.18,0.25,NaN,0.22,0,NaN,-0.54,-0.1,NaN,-0.098
27-Oct-2017,1.16,NaN,1.16,0.25,NaN,0.22,0,NaN,-0.54,-0.1,NaN,-0.098
30-Oct-2017,1.16,NaN,1.125,0.25,NaN,0.22,0,NaN,-0.54,-0.1,NaN,-0.1
31-Oct-2017,1.07,NaN,1.213,0.25,NaN,0.22,0,NaN,-0.54,-0.1,NaN,-0.128
01-Nov-2017,1.16,NaN,1.15,0.25,NaN,0.22,0,NaN,-0.54,-0.1,NaN,-0.108
02-Nov-2017,1.16,NaN,1.212,0.5,NaN,0.22,0,NaN,-0.54,-0.1,NaN,-0.112
03-Nov-2017,1.16,NaN,1.195,0.5,NaN,0.22,0,NaN,-0.54,-0.1,NaN,-0.112
06-Nov-2017,1.16,NaN,1.176,0.5,NaN,0.22,0,NaN,-0.54,-0.1,NaN,-0.107
07-Nov-2017,1.16,NaN,1.15,0.5,NaN,0.22,0,NaN,-0.54,-0.1,NaN,-0.106
08-Nov-2017,1.16,NaN,1.188,0.5,NaN,0.22,0,NaN,-0.54,-0.1,NaN,-0.106
09-Nov-2017,1.16,NaN,1.205,0.5,NaN,0.22,0,NaN,-0.54,-0.1,NaN,-0.106
10-Nov-2017,1.16,NaN,1.205,0.5,NaN,0.22,0,NaN,-0.54,-0.1,NaN,-0.106
13-Nov-2017,1.16,NaN,1.191,0.5,NaN,0.22,0,NaN,-0.54,-0.1,NaN,-0.101
14-Nov-2017,1.16,NaN,1.191,0.5,NaN,0.22,0,NaN,-0.54,-0.1,NaN,-0.095
15-Nov-2017,1.16,NaN,1.285,0.5,NaN,0.22,0,NaN,-0.54,-0.1,NaN,-0.092
16-Nov-2017,1.16,NaN,1.3,0.5,NaN,0.22,0,NaN,-0.54,-0.1,NaN,-0.097
17-Nov-2017,1.16,NaN,1.26,0.5,NaN,0.22,0,NaN,-0.54,-0.1,NaN,-0.1
20-Nov-2017,1.16,NaN,1.2,0.5,NaN,0.22,0,NaN,-0.54,-0.1,NaN,-0.1
21-Nov-2017,1.16,NaN,1.155,0.5,NaN,0.22,0,NaN,-0.54,-0.1,NaN,-0.102
22-Nov-2017,1.16,NaN,1.12,0.5,NaN,0.22,0,NaN,-0.54,-0.1,NaN,-0.102
23-Nov-2017,1.16,NaN,1.12,0.5,NaN,0.22,0,NaN,-0.54,-0.1,NaN,-0.102
24-Nov-2017,1.16,NaN,1.232,0.5,NaN,0.22,0,NaN,-0.54,-0.1,NaN,-0.101
27-Nov-2017,1.16,NaN,1.176,0.5,NaN,0.22,0,NaN,-0.54,-0.1,NaN,-0.099
28-Nov-2017,1.16,NaN,1.123,0.5,NaN,0.22,0,NaN,-0.54,-0.1,NaN,-0.097
29-Nov-2017,1.16,NaN,1.071,0.5,NaN,0.22,0,NaN,-0.54,-0.1,NaN,-0.098
30-Nov-2017,1.07,NaN,1.194,0.5,NaN,0.23,0,NaN,-0.53,-0.1,NaN,-0.098
01-Dec-2017,1.16,NaN,1.105,0.5,NaN,0.23,0,NaN,-0.53,-0.1,NaN,-0.095
04-Dec-2017,1.16,NaN,1.086,0.5,NaN,0.23,0,NaN,-0.53,-0.1,NaN,-0.094
05-Dec-2017,1.16,NaN,1.185,0.5,NaN,0.23,0,NaN,-0.53,-0.1,NaN,-0.089
06-Dec-2017,1.16,NaN,1.165,0.5,NaN,0.22,0,NaN,-0.55,-0.1,NaN,-0.082
07-Dec-2017,1.16,NaN,1.145,0.5,NaN,0.22,0,NaN,-0.55,-0.1,NaN,-0.079
08-Dec-2017,1.16,NaN,1.117,0.5,NaN,0.21,0,NaN,-0.55,-0.1,NaN,-0.072
11-Dec-2017,1.16,NaN,1.131,0.5,NaN,0.22,0,NaN,-0.55,-0.1,NaN,-0.066
12-Dec-2017,1.17,NaN,1.117,0.5,NaN,0.22,0,NaN,-0.55,-0.1,NaN,-0.061
13-Dec-2017,1.17,NaN,1.116,0.5,NaN,0.22,0,NaN,-0.55,-0.1,NaN,-0.048
14-Dec-2017,1.41,NaN,1.422,0.5,NaN,0.2,0,NaN,-0.56,-0.1,NaN,-0.044
15-Dec-2017,1.41,NaN,1.49,0.5,NaN,0.2,0,NaN,-0.56,-0.1,NaN,-0.08
18-Dec-2017,1.42,NaN,1.49,0.5,NaN,0.14,0,NaN,-0.63,-0.1,NaN,-0.092
19-Dec-2017,1.42,NaN,1.468,0.5,NaN,0.14,0,NaN,-0.63,-0.1,NaN,-0.094
20-Dec-2017,1.42,NaN,1.46,0.5,NaN,0.14,0,NaN,-0.63,-0.1,NaN,-0.092
21-Dec-2017,1.42,NaN,1.51,0.5,NaN,0.15,0,NaN,-0.61,-0.1,NaN,-0.092
22-Dec-2017,1.42,NaN,1.558,0.5,NaN,0.15,0,NaN,-0.61,-0.1,NaN,-0.091
25-Dec-2017,1.42,NaN,1.558,0.5,NaN,0.15,0,NaN,-0.61,-0.1,NaN,-0.092
26-Dec-2017,1.42,NaN,1.537,0.5,NaN,0.15,0,NaN,-0.61,-0.1,NaN,-0.091
27-Dec-2017,1.42,NaN,1.533,0.5,NaN,0.15,0,NaN,-0.61,-0.1,NaN,-0.091
28-Dec-2017,1.42,NaN,1.54,0.5,NaN,0.15,0,NaN,-0.61,-0.1,NaN,-0.091
29-Dec-2017,1.33,NaN,1.995,0.5,NaN,0.15,0,NaN,-0.61,-0.1,NaN,-0.098
01-Jan-2018,1.33,NaN,1.995,0.5,NaN,0.15,0,NaN,-0.61,-0.1,NaN,-0.098
02-Jan-2018,1.42,NaN,1.621,0.5,NaN,0.15,0,NaN,-0.61,-0.1,NaN,-0.098
03-Jan-2018,1.42,NaN,1.56,0.5,NaN,0.2,0,NaN,-0.57,-0.1,NaN,-0.098
04-Jan-2018,1.42,NaN,1.6,0.5,NaN,0.2,0,NaN,-0.57,-0.1,NaN,-0.089
05-Jan-2018,1.42,NaN,1.6,0.5,NaN,0.23,0,NaN,-0.53,-0.1,NaN,-0.09
08-Jan-2018,1.42,NaN,1.423,0.5,NaN,0.23,0,NaN,-0.53,-0.1,NaN,-0.09
09-Jan-2018,1.42,NaN,1.375,0.5,NaN,0.23,0,NaN,-0.53,-0.1,NaN,-0.09
10-Jan-2018,1.42,NaN,1.343,0.5,NaN,0.24,0,NaN,-0.53,-0.1,NaN,-0.091
11-Jan-2018,1.42,NaN,1.473,0.5,NaN,0.24,0,NaN,-0.53,-0.1,NaN,-0.089
12-Jan-2018,1.42,NaN,1.481,0.5,NaN,0.24,0,NaN,-0.53,-0.1,NaN,-0.09
15-Jan-2018,1.42,NaN,1.481,0.5,NaN,0.24,0,NaN,-0.53,-0.1,NaN,-0.073
16-Jan-2018,1.42,NaN,1.528,0.5,NaN,0.24,0,NaN,-0.53,-0.1,NaN,-0.093
17-Jan-2018,1.42,NaN,1.48,0.5,NaN,0.24,0,NaN,-0.53,-0.1,NaN,-0.091
18-Jan-2018,1.42,NaN,1.427,0.5,NaN,0.24,0,NaN,-0.53,-0.1,NaN,-0.088
19-Jan-2018,1.42,NaN,1.415,0.5,NaN,0.24,0,NaN,-0.53,-0.1,NaN,-0.087
22-Jan-2018,1.42,NaN,1.39,0.5,NaN,0.24,0,NaN,-0.53,-0.1,NaN,-0.083
23-Jan-2018,1.42,NaN,1.39,0.5,NaN,0.24,0,NaN,-0.53,-0.1,NaN,-0.082
24-Jan-2018,1.42,NaN,1.475,0.5,NaN,0.24,0,NaN,-0.53,-0.1,NaN,-0.082
25-Jan-2018,1.42,NaN,1.475,0.5,NaN,0.24,0,NaN,-0.53,-0.1,NaN,-0.082
26-Jan-2018,1.42,NaN,1.434,0.5,NaN,0.27,0,NaN,-0.5,-0.1,NaN,-0.08
29-Jan-2018,1.42,NaN,1.396,0.5,NaN,0.27,0,NaN,-0.5,-0.1,NaN,-0.08
30-Jan-2018,1.42,NaN,1.383,0.5,NaN,0.27,0,NaN,-0.5,-0.1,NaN,-0.081
31-Jan-2018,1.34,NaN,1.387,0.5,NaN,0.27,0,NaN,-0.5,-0.1,NaN,-0.083
01-Feb-2018,1.42,NaN,1.41,0.5,NaN,0.26,0,NaN,-0.5,-0.1,NaN,-0.079
02-Feb-2018,1.42,NaN,1.422,0.5,NaN,0.26,0,NaN,-0.5,-0.1,NaN,-0.077
05-Feb-2018,1.42,NaN,1.375,0.5,NaN,0.26,0,NaN,-0.5,-0.1,NaN,-0.077
06-Feb-2018,1.42,NaN,1.336,0.5,NaN,0.26,0,NaN,-0.5,-0.1,NaN,-0.075
07-Feb-2018,1.42,NaN,1.368,0.5,NaN,0.26,0,NaN,-0.5,-0.1,NaN,-0.078
08-Feb-2018,1.42,NaN,1.47,0.5,NaN,0.26,0,NaN,-0.51,-0.1,NaN,-0.085
09-Feb-2018,1.42,NaN,1.426,0.5,NaN,0.26,0,NaN,-0.51,-0.1,NaN,-0.09
12-Feb-2018,1.42,NaN,1.426,0.5,NaN,0.26,0,NaN,-0.51,-0.1,NaN,-0.09
13-Feb-2018,1.42,NaN,1.426,0.5,NaN,0.26,0,NaN,-0.51,-0.1,NaN,-0.095
14-Feb-2018,1.42,NaN,1.389,0.5,NaN,0.26,0,NaN,-0.51,-0.1,NaN,-0.096
15-Feb-2018,1.42,NaN,1.491,0.5,NaN,0.2,0,NaN,-0.56,-0.1,NaN,-0.081
16-Feb-2018,1.42,NaN,1.49,0.5,NaN,0.2,0,NaN,-0.56,-0.1,NaN,-0.094
19-Feb-2018,1.42,NaN,1.49,0.5,NaN,0.2,0,NaN,-0.56,-0.1,NaN,-0.095
20-Feb-2018,1.42,NaN,1.436,0.5,NaN,0.2,0,NaN,-0.56,-0.1,NaN,-0.094
21-Feb-2018,1.42,NaN,1.409,0.5,NaN,0.2,0,NaN,-0.56,-0.1,NaN,-0.096
22-Feb-2018,1.42,NaN,1.43,0.5,NaN,0.2,0,NaN,-0.56,-0.1,NaN,-0.098
23-Feb-2018,1.42,NaN,1.45,0.5,NaN,0.2,0,NaN,-0.56,-0.1,NaN,-0.108
26-Feb-2018,1.42,NaN,1.43,0.5,NaN,0.2,0,NaN,-0.56,-0.1,NaN,-0.111
27-Feb-2018,1.42,NaN,1.473,0.5,NaN,0.2,0,NaN,-0.56,-0.1,NaN,-0.116
28-Feb-2018,1.35,NaN,1.52,0.5,NaN,0.2,0,NaN,-0.56,-0.1,NaN,-0.13
01-Mar-2018,1.42,NaN,1.52,0.5,NaN,0.2,0,NaN,-0.56,-0.1,NaN,-0.128
02-Mar-2018,1.42,NaN,1.547,0.5,NaN,0.2,0,NaN,-0.56,-0.1,NaN,-0.111
05-Mar-2018,1.42,NaN,1.523,0.5,NaN,0.2,0,NaN,-0.56,-0.1,NaN,-0.117
06-Mar-2018,1.42,NaN,1.513,0.5,NaN,0.2,0,NaN,-0.56,-0.1,NaN,-0.138
07-Mar-2018,1.42,NaN,1.513,0.5,NaN,0.2,0,NaN,-0.56,-0.1,NaN,-0.132
08-Mar-2018,1.42,NaN,1.568,0.5,NaN,0.2,0,NaN,-0.56,-0.1,NaN,-0.131
09-Mar-2018,1.42,NaN,1.56,0.5,NaN,0.2,0,NaN,-0.56,-0.1,NaN,-0.124
12-Mar-2018,1.42,NaN,1.534,0.5,NaN,0.2,0,NaN,-0.56,-0.1,NaN,-0.121
13-Mar-2018,1.42,NaN,1.534,0.5,NaN,0.2,0,NaN,-0.56,-0.1,NaN,-0.119
14-Mar-2018,1.42,NaN,1.55,0.5,NaN,0.2,0,NaN,-0.56,-0.1,NaN,-0.116
15-Mar-2018,1.43,NaN,1.642,0.5,NaN,0.2,0,NaN,-0.56,-0.1,NaN,-0.102
16-Mar-2018,1.43,NaN,1.569,0.5,NaN,0.2,0,NaN,-0.56,-0.1,NaN,-0.102
19-Mar-2018,1.43,NaN,1.569,0.5,NaN,0.14,0,NaN,-0.62,-0.1,NaN,-0.124
20-Mar-2018,1.44,NaN,1.545,0.5,NaN,0.17,0,NaN,-0.59,-0.1,NaN,-0.117
21-Mar-2018,1.44,NaN,1.587,0.5,NaN,0.17,0,NaN,-0.59,-0.1,NaN,-0.117
22-Mar-2018,1.68,NaN,1.76,0.5,NaN,0.15,0,NaN,-0.61,-0.1,NaN,-0.12
23-Mar-2018,1.68,NaN,1.8,0.5,NaN,0.15,0,NaN,-0.61,-0.1,NaN,-0.111
26-Mar-2018,1.68,NaN,1.847,0.5,NaN,0.15,0,NaN,-0.61,-0.1,NaN,-0.112
27-Mar-2018,1.68,NaN,1.814,0.5,NaN,0.15,0,NaN,-0.61,-0.1,NaN,-0.112
28-Mar-2018,1.68,NaN,1.82,0.5,NaN,0.15,0,NaN,-0.62,-0.1,NaN,-0.115
29-Mar-2018,1.68,NaN,2.099,0.5,NaN,0.15,0,NaN,-0.61,-0.1,NaN,-0.111
30-Mar-2018,1.67,NaN,2.099,0.5,NaN,0.15,0,NaN,-0.61,-0.1,NaN,-0.184
02-Apr-2018,1.68,NaN,1.957,0.5,NaN,0.15,0,NaN,-0.61,-0.1,NaN,-0.124
03-Apr-2018,1.69,NaN,1.962,0.5,NaN,0.15,0,NaN,-0.61,-0.1,NaN,-0.115
04-Apr-2018,1.69,NaN,1.799,0.5,NaN,0.15,0,NaN,-0.61,-0.1,NaN,-0.117
05-Apr-2018,1.69,NaN,1.819,0.5,NaN,0.21,0,NaN,-0.55,-0.1,NaN,-0.115
06-Apr-2018,1.69,NaN,1.817,0.5,NaN,0.21,0,NaN,-0.55,-0.1,NaN,-0.116
09-Apr-2018,1.69,NaN,1.823,0.5,NaN,0.21,0,NaN,-0.55,-0.1,NaN,-0.14
10-Apr-2018,1.69,NaN,1.83,0.5,NaN,0.21,0,NaN,-0.55,-0.1,NaN,-0.154
11-Apr-2018,1.69,NaN,1.82,0.5,NaN,0.21,0,NaN,-0.55,-0.1,NaN,-0.145
12-Apr-2018,1.69,NaN,1.782,0.5,NaN,0.21,0,NaN,-0.55,-0.1,NaN,-0.137
13-Apr-2018,1.69,NaN,1.79,0.5,NaN,0.21,0,NaN,-0.55,-0.1,NaN,-0.123
16-Apr-2018,1.69,NaN,1.825,0.5,NaN,0.21,0,NaN,-0.55,-0.1,NaN,-0.14
17-Apr-2018,1.69,NaN,1.83,0.5,NaN,0.21,0,NaN,-0.55,-0.1,NaN,-0.149
18-Apr-2018,1.69,NaN,1.8,0.5,NaN,0.21,0,NaN,-0.55,-0.1,NaN,-0.15
19-Apr-2018,1.69,NaN,1.785,0.5,NaN,0.22,0,NaN,-0.55,-0.1,NaN,-0.152
20-Apr-2018,1.7,NaN,1.76,0.5,NaN,0.22,0,NaN,-0.55,-0.1,NaN,-0.151
23-Apr-2018,1.7,NaN,1.728,0.5,NaN,0.22,0,NaN,-0.55,-0.1,NaN,-0.147
24-Apr-2018,1.7,NaN,1.78,0.5,NaN,0.22,0,NaN,-0.55,-0.1,NaN,-0.14
25-Apr-2018,1.7,NaN,1.755,0.5,NaN,0.22,0,NaN,-0.54,-0.1,NaN,-0.142
26-Apr-2018,1.7,NaN,1.776,0.5,NaN,0.22,0,NaN,-0.54,-0.1,NaN,-0.131
27-Apr-2018,1.7,NaN,1.771,0.5,NaN,0.21,0,NaN,-0.55,-0.1,NaN,-0.115
30-Apr-2018,1.69,NaN,1.83,0.5,NaN,0.22,0,NaN,-0.54,-0.1,NaN,-0.115
01-May-2018,1.7,NaN,1.813,0.5,NaN,0.22,0,NaN,-0.54,-0.1,NaN,-0.097
02-May-2018,1.7,NaN,1.797,0.5,NaN,0.22,0,NaN,-0.54,-0.1,NaN,-0.078
03-May-2018,1.7,NaN,1.773,0.5,NaN,0.22,0,NaN,-0.54,-0.1,NaN,-0.078
04-May-2018,1.7,NaN,1.76,0.5,NaN,0.23,0,NaN,-0.53,-0.1,NaN,-0.078
07-May-2018,1.7,NaN,1.77,0.5,NaN,0.23,0,NaN,-0.53,-0.1,NaN,-0.065
08-May-2018,1.7,NaN,1.787,0.5,NaN,0.23,0,NaN,-0.53,-0.1,NaN,-0.064
09-May-2018,1.7,NaN,1.778,0.5,NaN,0.24,0,NaN,-0.52,-0.1,NaN,-0.06
10-May-2018,1.7,NaN,1.79,0.5,NaN,0.23,0,NaN,-0.54,-0.1,NaN,-0.058
11-May-2018,1.7,NaN,1.784,0.5,NaN,0.22,0,NaN,-0.54,-0.1,NaN,-0.055
14-May-2018,1.7,NaN,1.786,0.5,NaN,0.22,0,NaN,-0.54,-0.1,NaN,-0.052
15-May-2018,1.7,NaN,1.85,0.5,NaN,0.22,0,NaN,-0.54,-0.1,NaN,-0.066
16-May-2018,1.7,NaN,1.787,0.5,NaN,0.22,0,NaN,-0.54,-0.1,NaN,-0.093
17-May-2018,1.7,NaN,1.787,0.5,NaN,0.22,0,NaN,-0.54,-0.1,NaN,-0.098
18-May-2018,1.7,NaN,1.761,0.5,NaN,0.22,0,NaN,-0.54,-0.1,NaN,-0.102
21-May-2018,1.7,NaN,1.71,0.5,NaN,0.22,0,NaN,-0.54,-0.1,NaN,-0.101
22-May-2018,1.7,NaN,1.673,0.5,NaN,0.22,0,NaN,-0.54,-0.1,NaN,-0.101
23-May-2018,1.7,NaN,1.78,0.5,NaN,0.22,0,NaN,-0.54,-0.1,NaN,-0.103
24-May-2018,1.7,NaN,1.8,0.5,NaN,0.23,0,NaN,-0.54,-0.1,NaN,-0.102
25-May-2018,1.7,NaN,1.8,0.5,NaN,0.23,0,NaN,-0.53,-0.1,NaN,-0.128
28-May-2018,1.7,NaN,1.8,0.5,NaN,0.23,0,NaN,-0.53,-0.1,NaN,-0.11
29-May-2018,1.7,NaN,1.8,0.5,NaN,0.23,0,NaN,-0.53,-0.1,NaN,-0.115
30-May-2018,1.7,NaN,1.8,0.5,NaN,0.21,0,NaN,-0.55,-0.1,NaN,-0.117
31-May-2018,1.7,NaN,1.89,0.5,NaN,0.21,0,NaN,-0.55,-0.1,NaN,-0.111
01-Jun-2018,1.7,NaN,1.89,0.5,NaN,0.17,0,NaN,-0.59,-0.1,NaN,-0.132
04-Jun-2018,1.7,NaN,1.83,0.5,NaN,0.17,0,NaN,-0.59,-0.1,NaN,-0.11
05-Jun-2018,1.7,NaN,1.809,0.5,NaN,0.17,0,NaN,-0.59,-0.1,NaN,-0.106
06-Jun-2018,1.7,NaN,1.788,0.5,NaN,0.17,0,NaN,-0.59,-0.1,NaN,-0.103
07-Jun-2018,1.7,NaN,1.784,0.5,NaN,0.17,0,NaN,-0.59,-0.1,NaN,-0.1
08-Jun-2018,1.7,NaN,1.75,0.5,NaN,0.17,0,NaN,-0.59,-0.1,NaN,-0.095
11-Jun-2018,1.7,NaN,1.742,0.5,NaN,0.17,0,NaN,-0.59,-0.1,NaN,-0.09
12-Jun-2018,1.7,NaN,1.742,0.5,NaN,0.17,0,NaN,-0.59,-0.1,NaN,-0.085
13-Jun-2018,1.7,NaN,1.79,0.5,NaN,0.18,0,NaN,-0.59,-0.1,NaN,-0.082
14-Jun-2018,1.9,NaN,1.93,0.5,NaN,0.18,0,NaN,-0.59,-0.1,NaN,-0.084
15-Jun-2018,1.9,NaN,1.973,0.5,NaN,0.19,0,NaN,-0.58,-0.1,NaN,-0.106
18-Jun-2018,1.9,NaN,1.95,0.5,NaN,0.19,0,NaN,-0.58,-0.1,NaN,-0.097
19-Jun-2018,1.91,NaN,1.94,0.5,NaN,0.19,0,NaN,-0.58,-0.1,NaN,-0.099
20-Jun-2018,1.92,NaN,1.93,0.5,NaN,0.19,0,NaN,-0.58,-0.1,NaN,-0.104
21-Jun-2018,1.92,NaN,1.96,0.5,NaN,0.19,0,NaN,-0.58,-0.1,NaN,-0.102
22-Jun-2018,1.92,NaN,1.985,0.5,NaN,0.19,0,NaN,-0.57,-0.1,NaN,-0.109
25-Jun-2018,1.92,NaN,1.985,0.5,NaN,0.19,0,NaN,-0.57,-0.1,NaN,-0.108
26-Jun-2018,1.92,NaN,1.96,0.5,NaN,0.19,0,NaN,-0.57,-0.1,NaN,-0.104
27-Jun-2018,1.91,NaN,1.97,0.5,NaN,0.19,0,NaN,-0.57,-0.1,NaN,-0.111
28-Jun-2018,1.91,NaN,2.152,0.5,NaN,0.19,0,NaN,-0.57,-0.1,NaN,-0.107
29-Jun-2018,1.91,NaN,2.152,0.5,NaN,0.21,0,NaN,-0.55,-0.1,NaN,-0.101
02-Jul-2018,1.91,NaN,2.119,0.5,NaN,0.21,0,NaN,-0.55,-0.1,NaN,-0.101
03-Jul-2018,1.91,NaN,2.055,0.5,NaN,0.21,0,NaN,-0.55,-0.1,NaN,-0.099
04-Jul-2018,1.91,NaN,2.055,0.5,NaN,0.21,0,NaN,-0.55,-0.1,NaN,-0.097
05-Jul-2018,1.91,NaN,2.021,0.5,NaN,0.21,0,NaN,-0.55,-0.1,NaN,-0.1
06-Jul-2018,1.91,NaN,1.98,0.5,NaN,0.21,0,NaN,-0.55,-0.1,NaN,-0.094
09-Jul-2018,1.91,NaN,1.951,0.5,NaN,0.21,0,NaN,-0.55,-0.1,NaN,-0.085
10-Jul-2018,1.91,NaN,1.95,0.5,NaN,0.22,0,NaN,-0.54,-0.1,NaN,-0.088
11-Jul-2018,1.91,NaN,1.968,0.5,NaN,0.22,0,NaN,-0.54,-0.1,NaN,-0.09
12-Jul-2018,1.91,NaN,1.957,0.5,NaN,0.22,0,NaN,-0.54,-0.1,NaN,-0.091
13-Jul-2018,1.91,NaN,1.98,0.5,NaN,0.22,0,NaN,-0.54,-0.1,NaN,-0.092
16-Jul-2018,1.91,NaN,2.029,0.5,NaN,0.22,0,NaN,-0.54,-0.1,NaN,-0.092
17-Jul-2018,1.91,NaN,2.003,0.5,NaN,0.22,0,NaN,-0.55,-0.1,NaN,-0.097
18-Jul-2018,1.91,NaN,1.95,0.5,NaN,0.22,0,NaN,-0.55,-0.1,NaN,-0.133
19-Jul-2018,1.91,NaN,1.97,0.5,NaN,0.22,0,NaN,-0.55,-0.1,NaN,-0.129
20-Jul-2018,1.91,NaN,1.94,0.5,NaN,0.22,0,NaN,-0.55,-0.1,NaN,-0.101
23-Jul-2018,1.91,NaN,1.95,0.5,NaN,0.22,0,NaN,-0.55,-0.1,NaN,-0.101
24-Jul-2018,1.91,NaN,1.99,0.5,NaN,0.24,0,NaN,-0.52,-0.1,NaN,-0.137
25-Jul-2018,1.91,NaN,1.965,0.5,NaN,0.24,0,NaN,-0.52,-0.1,NaN,-0.161
26-Jul-2018,1.91,NaN,2,0.5,NaN,0.24,0,NaN,-0.52,-0.1,NaN,-0.117
27-Jul-2018,1.91,NaN,1.96,0.5,NaN,0.24,0,NaN,-0.52,-0.1,NaN,-0.129
30-Jul-2018,1.91,NaN,1.94,0.5,NaN,0.26,0,NaN,-0.5,-0.1,NaN,-0.113
31-Jul-2018,1.91,NaN,1.985,0.5,NaN,0.26,0,NaN,-0.5,-0.1,NaN,-0.201
01-Aug-2018,1.91,NaN,1.954,0.5,NaN,0.26,0,NaN,-0.5,-0.1,NaN,-0.101
02-Aug-2018,1.91,NaN,1.981,0.75,NaN,0.26,0,NaN,-0.5,-0.1,NaN,-0.103
03-Aug-2018,1.91,NaN,1.911,0.75,NaN,0.26,0,NaN,-0.5,-0.1,NaN,-0.098
06-Aug-2018,1.91,NaN,1.937,0.75,NaN,0.26,0,NaN,-0.5,-0.1,NaN,-0.097
07-Aug-2018,1.91,NaN,1.967,0.75,NaN,0.26,0,NaN,-0.5,-0.1,NaN,-0.097
08-Aug-2018,1.91,NaN,1.97,0.75,NaN,0.27,0,NaN,-0.5,-0.1,NaN,-0.096
09-Aug-2018,1.91,NaN,1.994,0.75,NaN,0.27,0,NaN,-0.5,-0.1,NaN,-0.096
10-Aug-2018,1.91,NaN,1.995,0.75,NaN,0.27,0,NaN,-0.49,-0.1,NaN,-0.096
13-Aug-2018,1.91,NaN,2.022,0.75,NaN,0.27,0,NaN,-0.49,-0.1,NaN,-0.095
14-Aug-2018,1.91,NaN,2.037,0.75,NaN,0.26,0,NaN,-0.51,-0.1,NaN,-0.095
15-Aug-2018,1.91,NaN,2.073,0.75,NaN,0.26,0,NaN,-0.51,-0.1,NaN,-0.117
16-Aug-2018,1.92,NaN,2.08,0.75,NaN,0.26,0,NaN,-0.51,-0.1,NaN,-0.111
17-Aug-2018,1.92,NaN,1.968,0.75,NaN,0.26,0,NaN,-0.51,-0.1,NaN,-0.111
20-Aug-2018,1.92,NaN,1.97,0.75,NaN,0.26,0,NaN,-0.51,-0.1,NaN,-0.1
21-Aug-2018,1.92,NaN,1.979,0.75,NaN,0.26,0,NaN,-0.51,-0.1,NaN,-0.099
22-Aug-2018,1.92,NaN,2,0.75,NaN,0.27,0,NaN,-0.49,-0.1,NaN,-0.101
23-Aug-2018,1.92,NaN,2.02,0.75,NaN,0.27,0,NaN,-0.49,-0.1,NaN,-0.104
24-Aug-2018,1.92,NaN,2.023,0.75,NaN,0.27,0,NaN,-0.49,-0.1,NaN,-0.125
27-Aug-2018,1.92,NaN,2.052,0.75,NaN,0.27,0,NaN,-0.49,-0.1,NaN,-0.122
28-Aug-2018,1.92,NaN,2.034,0.75,NaN,0.27,0,NaN,-0.49,-0.1,NaN,-0.121
29-Aug-2018,1.92,NaN,2.007,0.75,NaN,0.26,0,NaN,-0.51,-0.1,NaN,-0.109
30-Aug-2018,1.92,NaN,2.02,0.75,NaN,0.26,0,NaN,-0.51,-0.1,NaN,-0.107
31-Aug-2018,1.91,NaN,2.01,0.75,NaN,0.26,0,NaN,-0.51,-0.1,NaN,-0.098
03-Sep-2018,1.91,NaN,2.01,0.75,NaN,0.26,0,NaN,-0.51,-0.1,NaN,-0.098
04-Sep-2018,1.92,NaN,2.02,0.75,NaN,0.26,0,NaN,-0.51,-0.1,NaN,-0.098
05-Sep-2018,1.92,NaN,2.02,0.75,NaN,0.26,0,NaN,-0.51,-0.1,NaN,-0.098
06-Sep-2018,1.92,NaN,2.015,0.75,NaN,0.26,0,NaN,-0.51,-0.1,NaN,-0.098
07-Sep-2018,1.92,NaN,2.015,0.75,NaN,0.26,0,NaN,-0.51,-0.1,NaN,-0.092
10-Sep-2018,1.92,NaN,2.014,0.75,NaN,0.26,0,NaN,-0.51,-0.1,NaN,-0.095
11-Sep-2018,1.92,NaN,2.02,0.75,NaN,0.26,0,NaN,-0.51,-0.1,NaN,-0.095
12-Sep-2018,1.92,NaN,2.027,0.75,NaN,0.26,0,NaN,-0.51,-0.1,NaN,-0.094
13-Sep-2018,1.92,NaN,1.999,0.75,NaN,0.26,0,NaN,-0.51,-0.1,NaN,-0.094
14-Sep-2018,1.92,NaN,2,0.75,NaN,0.26,0,NaN,-0.51,-0.1,NaN,-0.093
17-Sep-2018,1.92,NaN,2.032,0.75,NaN,0.26,0,NaN,-0.51,-0.1,NaN,-0.093
18-Sep-2018,1.92,NaN,1.993,0.75,NaN,0.26,0,NaN,-0.51,-0.1,NaN,-0.096
19-Sep-2018,1.92,NaN,1.973,0.75,NaN,0.27,0,NaN,-0.5,-0.1,NaN,-0.097
20-Sep-2018,1.92,NaN,1.997,0.75,NaN,0.27,0,NaN,-0.5,-0.1,NaN,-0.101
21-Sep-2018,1.92,NaN,1.98,0.75,NaN,0.27,0,NaN,-0.5,-0.1,NaN,-0.1
24-Sep-2018,1.93,NaN,2.017,0.75,NaN,0.27,0,NaN,-0.5,-0.1,NaN,-0.1
25-Sep-2018,1.93,NaN,1.979,0.75,NaN,0.27,0,NaN,-0.5,-0.1,NaN,-0.098
26-Sep-2018,1.93,NaN,1.996,0.75,NaN,0.27,0,NaN,-0.5,-0.1,NaN,-0.099
27-Sep-2018,2.18,NaN,2.224,0.75,NaN,0.26,0,NaN,-0.5,-0.1,NaN,-0.098
28-Sep-2018,2.18,NaN,2.35,0.75,NaN,0.26,0,NaN,-0.5,-0.1,NaN,-0.169
01-Oct-2018,2.18,NaN,2.296,0.75,NaN,0.26,0,NaN,-0.5,-0.1,NaN,-0.095
02-Oct-2018,2.18,NaN,2.286,0.75,NaN,0.26,0,NaN,-0.5,-0.1,NaN,-0.098
03-Oct-2018,2.18,NaN,2.28,0.75,NaN,0.27,0,NaN,-0.5,-0.1,NaN,-0.096
04-Oct-2018,2.18,NaN,2.243,0.75,NaN,0.27,0,NaN,-0.5,-0.1,NaN,-0.097
05-Oct-2018,2.18,NaN,2.228,0.75,NaN,0.27,0,NaN,-0.5,-0.1,NaN,-0.095
08-Oct-2018,2.18,NaN,2.228,0.75,NaN,0.27,0,NaN,-0.5,-0.1,NaN,-0.095
09-Oct-2018,2.18,NaN,2.235,0.75,NaN,0.27,0,NaN,-0.5,-0.1,NaN,-0.098
10-Oct-2018,2.18,NaN,2.258,0.75,NaN,0.27,0,NaN,-0.5,-0.1,NaN,-0.096
11-Oct-2018,2.18,NaN,2.259,0.75,NaN,0.27,0,NaN,-0.5,-0.1,NaN,-0.1
12-Oct-2018,2.18,NaN,2.261,0.75,NaN,0.27,0,NaN,-0.5,-0.1,NaN,-0.106
15-Oct-2018,2.18,NaN,2.29,0.75,NaN,0.27,0,NaN,-0.5,-0.1,NaN,-0.099
16-Oct-2018,2.18,NaN,2.266,0.75,NaN,0.27,0,NaN,-0.5,-0.1,NaN,-0.104
17-Oct-2018,2.19,NaN,2.27,0.75,NaN,0.26,0,NaN,-0.5,-0.1,NaN,-0.109
18-Oct-2018,2.19,NaN,2.271,0.75,NaN,0.26,0,NaN,-0.5,-0.1,NaN,-0.107
19-Oct-2018,2.19,NaN,2.26,0.75,NaN,0.26,0,NaN,-0.5,-0.1,NaN,-0.117
22-Oct-2018,2.19,NaN,2.248,0.75,NaN,0.26,0,NaN,-0.5,-0.1,NaN,-0.111
23-Oct-2018,2.2,NaN,2.237,0.75,NaN,0.26,0,NaN,-0.5,-0.1,NaN,-0.113
24-Oct-2018,2.2,NaN,2.251,0.75,NaN,0.26,0,NaN,-0.5,-0.1,NaN,-0.121
25-Oct-2018,2.2,NaN,2.27,0.75,NaN,0.26,0,NaN,-0.5,-0.1,NaN,-0.152
26-Oct-2018,2.2,NaN,2.263,0.75,NaN,0.26,0,NaN,-0.5,-0.1,NaN,-0.14
29-Oct-2018,2.2,NaN,2.26,0.75,NaN,0.26,0,NaN,-0.5,-0.1,NaN,-0.129
30-Oct-2018,2.2,NaN,2.25,0.75,NaN,0.26,0,NaN,-0.5,-0.1,NaN,-0.134
31-Oct-2018,2.2,NaN,2.296,0.75,NaN,0.26,0,NaN,-0.5,-0.1,NaN,-0.125
01-Nov-2018,2.2,NaN,2.296,0.75,NaN,0.26,0,NaN,-0.5,-0.1,NaN,-0.139
02-Nov-2018,2.19,NaN,2.36,0.75,NaN,0.26,0,NaN,-0.5,-0.1,NaN,-0.115
05-Nov-2018,2.2,NaN,2.311,0.75,NaN,0.26,0,NaN,-0.5,-0.1,NaN,-0.113
06-Nov-2018,2.2,NaN,2.286,0.75,NaN,0.26,0,NaN,-0.5,-0.1,NaN,-0.118
07-Nov-2018,2.2,NaN,2.232,0.75,NaN,0.26,0,NaN,-0.5,-0.1,NaN,-0.122
08-Nov-2018,2.2,NaN,2.275,0.75,NaN,0.26,0,NaN,-0.5,-0.1,NaN,-0.114
09-Nov-2018,2.19,NaN,2.269,0.75,NaN,0.26,0,NaN,-0.5,-0.1,NaN,-0.128
12-Nov-2018,2.19,NaN,2.269,0.75,NaN,0.26,0,NaN,-0.5,-0.1,NaN,-0.149
13-Nov-2018,2.2,NaN,2.248,0.75,NaN,0.26,0,NaN,-0.5,-0.1,NaN,-0.2
14-Nov-2018,2.2,NaN,2.271,0.75,NaN,0.26,0,NaN,-0.5,-0.1,NaN,-0.131
15-Nov-2018,2.2,NaN,2.37,0.75,NaN,0.26,0,NaN,-0.5,-0.1,NaN,-0.105
16-Nov-2018,2.2,NaN,2.337,0.75,NaN,0.26,0,NaN,-0.5,-0.1,NaN,-0.13
19-Nov-2018,2.2,NaN,2.301,0.75,NaN,0.26,0,NaN,-0.5,-0.1,NaN,-0.131
20-Nov-2018,2.2,NaN,2.268,0.75,NaN,0.26,0,NaN,-0.5,-0.1,NaN,-0.137
21-Nov-2018,2.2,NaN,2.252,0.75,NaN,0.26,0,NaN,-0.5,-0.1,NaN,-0.137
22-Nov-2018,2.2,NaN,2.252,0.75,NaN,0.26,0,NaN,-0.5,-0.1,NaN,-0.134
23-Nov-2018,2.2,NaN,2.26,0.75,NaN,0.26,0,NaN,-0.5,-0.1,NaN,-0.134
26-Nov-2018,2.2,NaN,2.266,0.75,NaN,0.26,0,NaN,-0.5,-0.1,NaN,-0.126
27-Nov-2018,2.2,NaN,2.261,0.75,NaN,0.29,0,NaN,-0.48,-0.1,NaN,-0.126
28-Nov-2018,2.2,NaN,2.271,0.75,NaN,0.29,0,NaN,-0.48,-0.1,NaN,-0.122
29-Nov-2018,2.2,NaN,2.325,0.75,NaN,0.29,0,NaN,-0.48,-0.1,NaN,-0.122
30-Nov-2018,2.2,NaN,2.36,0.75,NaN,0.29,0,NaN,-0.48,-0.1,NaN,-0.102
03-Dec-2018,2.19,NaN,2.307,0.75,NaN,0.29,0,NaN,-0.48,-0.1,NaN,-0.091
04-Dec-2018,2.2,NaN,2.61,0.75,NaN,0.29,0,NaN,-0.48,-0.1,NaN,-0.092
05-Dec-2018,2.2,NaN,2.61,0.75,NaN,0.29,0,NaN,-0.48,-0.1,NaN,-0.09
06-Dec-2018,2.2,NaN,2.61,0.75,NaN,0.29,0,NaN,-0.48,-0.1,NaN,-0.089
07-Dec-2018,2.19,NaN,2.371,0.75,NaN,0.29,0,NaN,-0.48,-0.1,NaN,-0.088
10-Dec-2018,2.2,NaN,2.262,0.75,NaN,0.29,0,NaN,-0.48,-0.1,NaN,-0.085
11-Dec-2018,2.19,NaN,2.25,0.75,NaN,0.29,0,NaN,-0.48,-0.1,NaN,-0.085
12-Dec-2018,2.19,NaN,2.262,0.75,NaN,0.28,0,NaN,-0.49,-0.1,NaN,-0.084
13-Dec-2018,2.19,NaN,2.26,0.75,NaN,0.28,0,NaN,-0.49,-0.1,NaN,-0.083
14-Dec-2018,2.19,NaN,2.294,0.75,NaN,0.28,0,NaN,-0.49,-0.1,NaN,-0.103
17-Dec-2018,2.2,NaN,2.398,0.75,NaN,0.28,0,NaN,-0.49,-0.1,NaN,-0.2
18-Dec-2018,2.2,NaN,2.398,0.75,NaN,0.28,0,NaN,-0.49,-0.1,NaN,-0.191
19-Dec-2018,2.2,NaN,2.309,0.75,NaN,0.28,0,NaN,-0.49,-0.1,NaN,-0.174
20-Dec-2018,2.4,NaN,2.486,0.75,NaN,0.28,0,NaN,-0.49,-0.1,NaN,-0.179
21-Dec-2018,2.4,NaN,2.47,0.75,NaN,0.28,0,NaN,-0.49,-0.1,NaN,-0.156
24-Dec-2018,2.4,NaN,2.516,0.75,NaN,0.28,0,NaN,-0.49,-0.1,NaN,-0.156
25-Dec-2018,2.4,NaN,2.516,0.75,NaN,0.28,0,NaN,-0.49,-0.1,NaN,-0.101
26-Dec-2018,2.4,NaN,2.529,0.75,NaN,0.28,0,NaN,-0.49,-0.1,NaN,-0.101
27-Dec-2018,2.4,NaN,2.499,0.75,NaN,0.28,0,NaN,-0.49,-0.1,NaN,-0.101
28-Dec-2018,2.4,NaN,2.55,0.75,NaN,0.28,0,NaN,-0.49,-0.1,NaN,-0.098
31-Dec-2018,2.4,NaN,2.55,0.75,NaN,0.28,0,NaN,-0.49,-0.1,NaN,-0.098
01-Jan-2019,2.4,NaN,2.55,0.75,NaN,0.28,0,NaN,-0.49,-0.1,NaN,-0.098
02-Jan-2019,2.4,NaN,3.245,0.75,NaN,0.21,0,NaN,-0.55,-0.1,NaN,-0.098
03-Jan-2019,2.4,NaN,2.655,0.75,NaN,0.21,0,NaN,-0.55,-0.1,NaN,-0.098
04-Jan-2019,2.4,NaN,2.474,0.75,NaN,0.23,0,NaN,-0.53,-0.1,NaN,-0.094
07-Jan-2019,2.4,NaN,2.485,0.75,NaN,0.23,0,NaN,-0.53,-0.1,NaN,-0.087
08-Jan-2019,2.4,NaN,2.521,0.75,NaN,0.23,0,NaN,-0.53,-0.1,NaN,-0.083
09-Jan-2019,2.4,NaN,2.518,0.75,NaN,0.26,0,NaN,-0.5,-0.1,NaN,-0.082
10-Jan-2019,2.4,NaN,2.488,0.75,NaN,0.26,0,NaN,-0.5,-0.1,NaN,-0.084
11-Jan-2019,2.4,NaN,2.46,0.75,NaN,0.26,0,NaN,-0.5,-0.1,NaN,-0.099
14-Jan-2019,2.4,NaN,2.46,0.75,NaN,0.26,0,NaN,-0.5,-0.1,NaN,-0.099
15-Jan-2019,2.4,NaN,2.498,0.75,NaN,0.26,0,NaN,-0.5,-0.1,NaN,-0.096
16-Jan-2019,2.4,NaN,2.458,0.75,NaN,0.26,0,NaN,-0.5,-0.1,NaN,-0.182
17-Jan-2019,2.4,NaN,2.458,0.75,NaN,0.27,0,NaN,-0.49,-0.1,NaN,-0.141
18-Jan-2019,2.4,NaN,2.458,0.75,NaN,0.27,0,NaN,-0.49,-0.1,NaN,-0.146
21-Jan-2019,2.4,NaN,2.458,0.75,NaN,0.27,0,NaN,-0.49,-0.1,NaN,-0.119
22-Jan-2019,2.4,NaN,2.466,0.75,NaN,0.27,0,NaN,-0.49,-0.1,NaN,-0.117
23-Jan-2019,2.4,NaN,2.461,0.75,NaN,0.27,0,NaN,-0.49,-0.1,NaN,-0.119
24-Jan-2019,2.4,NaN,2.475,0.75,NaN,0.27,0,NaN,-0.49,-0.1,NaN,-0.108
25-Jan-2019,2.4,NaN,2.449,0.75,NaN,0.27,0,NaN,-0.49,-0.1,NaN,-0.111
28-Jan-2019,2.4,NaN,2.446,0.75,NaN,0.27,0,NaN,-0.49,-0.1,NaN,-0.108
29-Jan-2019,2.4,NaN,2.454,0.75,NaN,0.27,0,NaN,-0.49,-0.1,NaN,-0.119
30-Jan-2019,2.4,NaN,2.449,0.75,NaN,0.28,0,NaN,-0.48,-0.1,NaN,-0.109
31-Jan-2019,2.4,NaN,2.654,0.75,NaN,0.28,0,NaN,-0.48,-0.1,NaN,-0.1
01-Feb-2019,2.4,NaN,2.533,0.75,NaN,0.28,0,NaN,-0.48,-0.1,NaN,-0.094
04-Feb-2019,2.4,NaN,2.468,0.75,NaN,0.28,0,NaN,-0.48,-0.1,NaN,-0.093
05-Feb-2019,2.4,NaN,2.44,0.75,NaN,0.28,0,NaN,-0.48,-0.1,NaN,-0.093
06-Feb-2019,2.4,NaN,2.459,0.75,NaN,0.29,0,NaN,-0.48,-0.1,NaN,-0.079
07-Feb-2019,2.4,NaN,2.446,0.75,NaN,0.29,0,NaN,-0.48,-0.1,NaN,-0.082
08-Feb-2019,2.4,NaN,2.441,0.75,NaN,0.29,0,NaN,-0.48,-0.1,NaN,-0.085
11-Feb-2019,2.4,NaN,2.47,0.75,NaN,0.29,0,NaN,-0.48,-0.1,NaN,-0.085
12-Feb-2019,2.4,NaN,2.472,0.75,NaN,0.29,0,NaN,-0.48,-0.1,NaN,-0.088
13-Feb-2019,2.4,NaN,2.454,0.75,NaN,0.29,0,NaN,-0.48,-0.1,NaN,-0.087
14-Feb-2019,2.4,NaN,2.461,0.75,NaN,0.29,0,NaN,-0.48,-0.1,NaN,-0.082
15-Feb-2019,2.4,NaN,2.461,0.75,NaN,0.29,0,NaN,-0.48,-0.1,NaN,-0.103
18-Feb-2019,2.4,NaN,2.461,0.75,NaN,0.29,0,NaN,-0.48,-0.1,NaN,-0.101
19-Feb-2019,2.4,NaN,2.465,0.75,NaN,0.29,0,NaN,-0.48,-0.1,NaN,-0.106
20-Feb-2019,2.4,NaN,2.452,0.75,NaN,0.29,0,NaN,-0.48,-0.1,NaN,-0.102
21-Feb-2019,2.4,NaN,2.457,0.75,NaN,0.29,0,NaN,-0.48,-0.1,NaN,-0.102
22-Feb-2019,2.4,NaN,2.449,0.75,NaN,0.29,0,NaN,-0.48,-0.1,NaN,-0.092
25-Feb-2019,2.4,NaN,2.455,0.75,NaN,0.29,0,NaN,-0.48,-0.1,NaN,-0.07
26-Feb-2019,2.4,NaN,2.541,0.75,NaN,0.29,0,NaN,-0.48,-0.1,NaN,-0.068
27-Feb-2019,2.4,NaN,2.441,0.75,NaN,0.29,0,NaN,-0.48,-0.1,NaN,-0.06
28-Feb-2019,2.4,NaN,2.682,0.75,NaN,0.29,0,NaN,-0.48,-0.1,NaN,-0.049
01-Mar-2019,2.4,NaN,2.459,0.75,NaN,0.29,0,NaN,-0.48,-0.1,NaN,-0.034
04-Mar-2019,2.4,NaN,2.429,0.75,NaN,0.29,0,NaN,-0.48,-0.1,NaN,-0.029
05-Mar-2019,2.4,NaN,2.437,0.75,NaN,0.29,0,NaN,-0.48,-0.1,NaN,-0.032
06-Mar-2019,2.4,NaN,2.437,0.75,NaN,0.29,0,NaN,-0.48,-0.1,NaN,-0.031
07-Mar-2019,2.4,NaN,2.458,0.75,NaN,0.29,0,NaN,-0.48,-0.1,NaN,-0.032
08-Mar-2019,2.4,NaN,2.446,0.75,NaN,0.29,0,NaN,-0.48,-0.1,NaN,-0.019
11-Mar-2019,2.4,NaN,2.452,0.75,NaN,0.29,0,NaN,-0.48,-0.1,NaN,-0.018
12-Mar-2019,2.4,NaN,2.467,0.75,NaN,0.29,0,NaN,-0.48,-0.1,NaN,-0.038
13-Mar-2019,2.4,NaN,2.455,0.75,NaN,0.29,0,NaN,-0.48,-0.1,NaN,-0.052
14-Mar-2019,2.4,NaN,2.478,0.75,NaN,0.27,0,NaN,-0.5,-0.1,NaN,-0.055
15-Mar-2019,2.4,NaN,2.514,0.75,NaN,0.27,0,NaN,-0.5,-0.1,NaN,-0.07
18-Mar-2019,2.4,NaN,2.477,0.75,NaN,0.27,0,NaN,-0.5,-0.1,NaN,-0.084
19-Mar-2019,2.4,NaN,2.538,0.75,NaN,0.27,0,NaN,-0.5,-0.1,NaN,-0.104
20-Mar-2019,2.41,NaN,2.557,0.75,NaN,0.27,0,NaN,-0.5,-0.1,NaN,-0.107
21-Mar-2019,2.41,NaN,2.509,0.75,NaN,0.27,0,NaN,-0.5,-0.1,NaN,-0.107
22-Mar-2019,2.41,NaN,2.455,0.75,NaN,0.27,0,NaN,-0.5,-0.1,NaN,-0.127
25-Mar-2019,2.4,NaN,2.451,0.75,NaN,0.27,0,NaN,-0.5,-0.1,NaN,-0.136
26-Mar-2019,2.4,NaN,2.482,0.75,NaN,0.27,0,NaN,-0.5,-0.1,NaN,-0.148
27-Mar-2019,2.41,NaN,2.46,0.75,NaN,0.27,0,NaN,-0.5,-0.1,NaN,-0.12
28-Mar-2019,2.41,NaN,2.38,0.75,NaN,0.27,0,NaN,-0.5,-0.1,NaN,-0.105
29-Mar-2019,2.43,NaN,2.622,0.75,NaN,0.27,0,NaN,-0.5,-0.1,NaN,-0.225
01-Apr-2019,2.41,NaN,2.552,0.75,NaN,0.27,0,NaN,-0.5,-0.1,NaN,-0.089
02-Apr-2019,2.41,NaN,2.607,0.75,NaN,0.27,0,NaN,-0.49,-0.1,NaN,-0.087
03-Apr-2019,2.41,NaN,2.527,0.75,NaN,0.27,0,NaN,-0.5,-0.1,NaN,-0.083
04-Apr-2019,2.41,NaN,2.536,0.75,NaN,0.27,0,NaN,-0.5,-0.1,NaN,-0.092
05-Apr-2019,2.41,NaN,2.536,0.75,NaN,0.27,0,NaN,-0.5,-0.1,NaN,-0.094
08-Apr-2019,2.41,NaN,2.53,0.75,NaN,0.27,0,NaN,-0.5,-0.1,NaN,-0.092
09-Apr-2019,2.41,NaN,2.519,0.75,NaN,0.27,0,NaN,-0.5,-0.1,NaN,-0.093
10-Apr-2019,2.41,NaN,2.499,0.75,NaN,0.27,0,NaN,-0.5,-0.1,NaN,-0.093
11-Apr-2019,2.41,NaN,2.477,0.75,NaN,0.27,0,NaN,-0.5,-0.1,NaN,-0.107
12-Apr-2019,2.41,NaN,2.486,0.75,NaN,0.27,0,NaN,-0.5,-0.1,NaN,-0.13
15-Apr-2019,2.41,NaN,2.522,0.75,NaN,0.27,0,NaN,-0.5,-0.1,NaN,-0.139
16-Apr-2019,2.41,NaN,2.522,0.75,NaN,0.27,0,NaN,-0.5,-0.1,NaN,-0.118
17-Apr-2019,2.42,NaN,2.591,0.75,NaN,0.27,0,NaN,-0.5,-0.1,NaN,-0.105
18-Apr-2019,2.43,NaN,2.536,0.75,NaN,0.27,0,NaN,-0.5,-0.1,NaN,-0.097
19-Apr-2019,2.44,NaN,2.536,0.75,NaN,0.27,0,NaN,-0.5,-0.1,NaN,-0.101
22-Apr-2019,2.44,NaN,2.53,0.75,NaN,0.27,0,NaN,-0.5,-0.1,NaN,-0.103
23-Apr-2019,2.44,NaN,2.526,0.75,NaN,0.27,0,NaN,-0.49,-0.1,NaN,-0.106
24-Apr-2019,2.44,NaN,2.494,0.75,NaN,0.27,0,NaN,-0.5,-0.1,NaN,-0.106
25-Apr-2019,2.44,NaN,2.498,0.75,NaN,0.27,0,NaN,-0.5,-0.1,NaN,-0.155
26-Apr-2019,2.44,NaN,2.53,0.75,NaN,0.27,0,NaN,-0.5,-0.1,NaN,-0.104
29-Apr-2019,2.45,NaN,2.55,0.75,NaN,0.27,0,NaN,-0.5,-0.1,NaN,-0.104
30-Apr-2019,2.45,NaN,2.815,0.75,NaN,0.27,0,NaN,-0.5,-0.1,NaN,-0.104
01-May-2019,2.45,NaN,2.595,0.75,NaN,0.27,0,NaN,-0.5,-0.1,NaN,-0.104
02-May-2019,2.41,NaN,2.541,0.75,NaN,0.27,0,NaN,-0.5,-0.1,NaN,-0.104
03-May-2019,2.4,NaN,2.541,0.75,NaN,0.27,0,NaN,-0.5,-0.1,NaN,-0.104
06-May-2019,2.4,NaN,2.46,0.75,NaN,0.27,0,NaN,-0.5,-0.1,NaN,-0.104
07-May-2019,2.4,NaN,2.5,0.75,NaN,0.27,0,NaN,-0.5,-0.1,NaN,-0.099
08-May-2019,2.39,NaN,2.466,0.75,NaN,0.27,0,NaN,-0.5,-0.1,NaN,-0.084
09-May-2019,2.38,NaN,2.445,0.75,NaN,0.27,0,NaN,-0.5,-0.1,NaN,-0.063
10-May-2019,2.38,NaN,2.441,0.75,NaN,0.27,0,NaN,-0.5,-0.1,NaN,-0.067
13-May-2019,2.38,NaN,2.43,0.75,NaN,0.27,0,NaN,-0.5,-0.1,NaN,-0.068
14-May-2019,2.38,NaN,2.44,0.75,NaN,0.27,0,NaN,-0.5,-0.1,NaN,-0.067
15-May-2019,2.4,NaN,2.54,0.75,NaN,0.27,0,NaN,-0.5,-0.1,NaN,-0.084
16-May-2019,2.39,NaN,2.484,0.75,NaN,0.27,0,NaN,-0.5,-0.1,NaN,-0.096
17-May-2019,2.39,NaN,2.468,0.75,NaN,0.27,0,NaN,-0.5,-0.1,NaN,-0.093
20-May-2019,2.39,NaN,2.425,0.75,NaN,0.27,0,NaN,-0.5,-0.1,NaN,-0.089
21-May-2019,2.39,NaN,2.38,0.75,NaN,0.27,0,NaN,-0.5,-0.1,NaN,-0.086
22-May-2019,2.38,NaN,2.417,0.75,NaN,0.27,0,NaN,-0.5,-0.1,NaN,-0.084
23-May-2019,2.38,NaN,2.442,0.75,NaN,0.27,0,NaN,-0.5,-0.1,NaN,-0.09
24-May-2019,2.38,NaN,2.431,0.75,NaN,0.27,0,NaN,-0.5,-0.1,NaN,-0.082
27-May-2019,2.38,NaN,2.431,0.75,NaN,0.27,0,NaN,-0.5,-0.1,NaN,-0.081
28-May-2019,2.39,NaN,2.451,0.75,NaN,0.27,0,NaN,-0.5,-0.1,NaN,-0.09
29-May-2019,2.39,NaN,2.446,0.75,NaN,0.27,0,NaN,-0.5,-0.1,NaN,-0.099
30-May-2019,2.39,NaN,2.446,0.75,NaN,0.27,0,NaN,-0.5,-0.1,NaN,-0.091
31-May-2019,2.4,NaN,2.532,0.75,NaN,0.27,0,NaN,-0.5,-0.1,NaN,-0.082
03-Jun-2019,2.38,NaN,2.452,0.75,NaN,0.27,0,NaN,-0.5,-0.1,NaN,-0.088
04-Jun-2019,2.38,NaN,2.448,0.75,NaN,0.27,0,NaN,-0.5,-0.1,NaN,-0.086
05-Jun-2019,2.38,NaN,2.454,0.75,NaN,0.27,0,NaN,-0.5,-0.1,NaN,-0.086
06-Jun-2019,2.37,NaN,2.459,0.75,NaN,0.27,0,NaN,-0.5,-0.1,NaN,-0.082
07-Jun-2019,2.37,NaN,2.437,0.75,NaN,0.27,0,NaN,-0.5,-0.1,NaN,-0.083
10-Jun-2019,2.37,NaN,2.446,0.75,NaN,0.27,0,NaN,-0.49,-0.1,NaN,-0.092
11-Jun-2019,2.37,NaN,2.437,0.75,NaN,0.27,0,NaN,-0.49,-0.1,NaN,-0.097
12-Jun-2019,2.37,NaN,2.427,0.75,NaN,0.27,0,NaN,-0.49,-0.1,NaN,-0.103
13-Jun-2019,2.37,NaN,2.415,0.75,NaN,0.27,0,NaN,-0.49,-0.1,NaN,-0.094
14-Jun-2019,2.36,NaN,2.405,0.75,NaN,0.27,0,NaN,-0.49,-0.1,NaN,-0.093
17-Jun-2019,2.38,NaN,2.498,0.75,NaN,0.27,0,NaN,-0.49,-0.1,NaN,-0.095
18-Jun-2019,2.37,NaN,2.414,0.75,NaN,0.26,0,NaN,-0.5,-0.1,NaN,-0.097
19-Jun-2019,2.37,NaN,2.414,0.75,NaN,0.26,0,NaN,-0.5,-0.1,NaN,-0.097
20-Jun-2019,2.37,NaN,2.466,0.75,NaN,0.26,0,NaN,-0.51,-0.1,NaN,-0.093
21-Jun-2019,2.38,NaN,2.413,0.75,NaN,0.25,0,NaN,-0.52,-0.1,NaN,-0.093
24-Jun-2019,2.38,NaN,2.465,0.75,NaN,0.25,0,NaN,-0.52,-0.1,NaN,-0.092
25-Jun-2019,2.38,NaN,2.467,0.75,NaN,0.29,0,NaN,-0.48,-0.1,NaN,-0.088
26-Jun-2019,2.38,NaN,2.452,0.75,NaN,0.29,0,NaN,-0.48,-0.1,NaN,-0.086
27-Jun-2019,2.38,NaN,2.469,0.75,NaN,0.29,0,NaN,-0.48,-0.1,NaN,-0.085
28-Jun-2019,2.4,NaN,2.631,0.75,NaN,0.3,0,NaN,-0.47,-0.1,NaN,-0.088
01-Jul-2019,2.39,NaN,2.645,0.75,NaN,0.3,0,NaN,-0.47,-0.1,NaN,-0.091
02-Jul-2019,2.4,NaN,2.712,0.75,NaN,0.3,0,NaN,-0.47,-0.1,NaN,-0.089
03-Jul-2019,2.41,NaN,2.62,0.75,NaN,0.3,0,NaN,-0.47,-0.1,NaN,-0.083
04-Jul-2019,2.41,NaN,2.62,0.75,NaN,0.32,0,NaN,-0.45,-0.1,NaN,-0.082
05-Jul-2019,2.42,NaN,2.629,0.75,NaN,0.32,0,NaN,-0.45,-0.1,NaN,-0.097
08-Jul-2019,2.41,NaN,2.554,0.75,NaN,0.32,0,NaN,-0.45,-0.1,NaN,-0.115
09-Jul-2019,2.41,NaN,2.538,0.75,NaN,0.33,0,NaN,-0.44,-0.1,NaN,-0.11
10-Jul-2019,2.41,NaN,2.49,0.75,NaN,0.33,0,NaN,-0.44,-0.1,NaN,-0.1
11-Jul-2019,2.4,NaN,2.42,0.75,NaN,0.33,0,NaN,-0.44,-0.1,NaN,-0.103
12-Jul-2019,2.38,NaN,2.53,0.75,NaN,0.33,0,NaN,-0.44,-0.1,NaN,-0.094
15-Jul-2019,2.4,NaN,2.532,0.75,NaN,0.33,0,NaN,-0.44,-0.1,NaN,-0.094
16-Jul-2019,2.41,NaN,2.545,0.75,NaN,0.33,0,NaN,-0.44,-0.1,NaN,-0.089
17-Jul-2019,2.41,NaN,2.541,0.75,NaN,0.33,0,NaN,-0.44,-0.1,NaN,-0.098
18-Jul-2019,2.41,NaN,2.511,0.75,NaN,0.33,0,NaN,-0.44,-0.1,NaN,-0.093
19-Jul-2019,2.41,NaN,2.471,0.75,NaN,0.33,0,NaN,-0.44,-0.1,NaN,-0.088
22-Jul-2019,2.4,NaN,2.469,0.75,NaN,0.33,0,NaN,-0.44,-0.1,NaN,-0.092
23-Jul-2019,2.4,NaN,2.468,0.75,NaN,0.33,0,NaN,-0.44,-0.1,NaN,-0.088
24-Jul-2019,2.4,NaN,2.47,0.75,NaN,0.33,0,NaN,-0.44,-0.1,NaN,-0.085
25-Jul-2019,2.4,NaN,2.495,0.75,NaN,0.29,0,NaN,-0.47,-0.1,NaN,-0.082
26-Jul-2019,2.4,NaN,2.478,0.75,NaN,0.33,0,NaN,-0.44,-0.1,NaN,-0.08
29-Jul-2019,2.4,NaN,2.475,0.75,NaN,0.33,0,NaN,-0.44,-0.1,NaN,-0.079
30-Jul-2019,2.39,NaN,2.456,0.75,NaN,0.32,0,NaN,-0.44,-0.1,NaN,-0.077
31-Jul-2019,2.4,NaN,2.63,0.75,NaN,0.32,0,NaN,-0.44,-0.1,NaN,-0.074
01-Aug-2019,2.14,NaN,2.273,0.75,NaN,0.33,0,NaN,-0.44,-0.1,NaN,-0.065
02-Aug-2019,2.14,NaN,2.226,0.75,NaN,0.33,0,NaN,-0.44,-0.1,NaN,-0.062
05-Aug-2019,2.13,NaN,2.18,0.75,NaN,0.33,0,NaN,-0.44,-0.1,NaN,-0.03
06-Aug-2019,2.13,NaN,2.226,0.75,NaN,0.33,0,NaN,-0.44,-0.1,NaN,-0.038
07-Aug-2019,2.12,NaN,2.164,0.75,NaN,0.33,0,NaN,-0.44,-0.1,NaN,-0.039
08-Aug-2019,2.12,NaN,2.222,0.75,NaN,0.33,0,NaN,-0.44,-0.1,NaN,-0.044
09-Aug-2019,2.12,NaN,2.185,0.75,NaN,0.33,0,NaN,-0.44,-0.1,NaN,-0.078
12-Aug-2019,2.12,NaN,2.202,0.75,NaN,-0.46,0,NaN,-0.46,-0.1,NaN,-0.078
13-Aug-2019,2.12,NaN,2.164,0.75,NaN,-0.46,0,NaN,-0.46,-0.1,NaN,-0.101
14-Aug-2019,2.12,NaN,2.189,0.75,NaN,-0.46,0,NaN,-0.46,-0.1,NaN,-0.102
15-Aug-2019,2.13,NaN,2.246,0.75,NaN,-0.46,0,NaN,-0.46,-0.1,NaN,-0.09
16-Aug-2019,2.13,NaN,2.195,0.75,NaN,-0.46,0,NaN,-0.46,-0.1,NaN,-0.085
19-Aug-2019,2.13,NaN,2.18,0.75,NaN,-0.46,0,NaN,-0.46,-0.1,NaN,-0.084
20-Aug-2019,2.13,NaN,2.175,0.75,NaN,-0.46,0,NaN,-0.46,-0.1,NaN,-0.08
21-Aug-2019,2.12,NaN,2.167,0.75,NaN,-0.47,0,NaN,-0.47,-0.1,NaN,-0.085
22-Aug-2019,2.12,NaN,2.16,0.75,NaN,-0.5,0,NaN,-0.5,-0.1,NaN,-0.078
23-Aug-2019,2.12,NaN,2.169,0.75,NaN,-0.5,0,NaN,-0.5,-0.1,NaN,-0.08
26-Aug-2019,2.12,NaN,2.197,0.75,NaN,-0.5,0,NaN,-0.5,-0.1,NaN,-0.083
27-Aug-2019,2.12,NaN,2.228,0.75,NaN,-0.5,0,NaN,-0.5,-0.1,NaN,-0.085
28-Aug-2019,2.12,NaN,2.159,0.75,NaN,-0.5,0,NaN,-0.5,-0.1,NaN,-0.084
29-Aug-2019,2.12,NaN,2.174,0.75,NaN,-0.51,0,NaN,-0.51,-0.1,NaN,-0.086
30-Aug-2019,2.13,NaN,2.258,0.75,NaN,-0.51,0,NaN,-0.51,-0.1,NaN,-0.085
02-Sep-2019,2.13,NaN,2.258,0.75,NaN,-0.51,0,NaN,-0.51,-0.1,NaN,-0.089
03-Sep-2019,2.13,NaN,2.308,0.75,NaN,-0.53,0,NaN,-0.53,-0.1,NaN,-0.089
04-Sep-2019,2.13,NaN,2.315,0.75,NaN,-0.53,0,NaN,-0.53,-0.1,NaN,-0.084
05-Sep-2019,2.13,NaN,2.274,0.75,NaN,-0.53,0,NaN,-0.53,-0.1,NaN,-0.084
06-Sep-2019,2.12,NaN,2.175,0.75,NaN,-0.56,0,NaN,-0.56,-0.1,NaN,-0.084
09-Sep-2019,2.13,NaN,2.192,0.75,NaN,-0.57,0,NaN,-0.57,-0.1,NaN,-0.083
10-Sep-2019,2.13,NaN,2.22,0.75,NaN,-0.57,0,NaN,-0.57,-0.1,NaN,-0.042
11-Sep-2019,2.13,NaN,2.224,0.75,NaN,-0.57,0,NaN,-0.57,-0.1,NaN,-0.051
12-Sep-2019,2.13,NaN,2.228,0.75,NaN,-0.57,0,NaN,-0.57,-0.1,NaN,-0.019
13-Sep-2019,2.14,NaN,2.251,0.75,NaN,-0.54,0,NaN,-0.54,-0.1,NaN,-0.019
16-Sep-2019,2.25,NaN,2.704,0.75,NaN,-0.54,0,NaN,-0.54,-0.1,NaN,-0.019
17-Sep-2019,2.3,NaN,3.934,0.75,NaN,-0.53,0,NaN,-0.53,-0.1,NaN,-0.063
18-Sep-2019,2.25,NaN,2.358,0.75,NaN,-0.53,0,NaN,-0.53,-0.1,NaN,-0.058
19-Sep-2019,1.9,NaN,2.011,0.75,NaN,-0.53,0,NaN,-0.53,-0.1,NaN,-0.067
20-Sep-2019,1.9,NaN,1.919,0.75,NaN,-0.53,0,NaN,-0.53,-0.1,NaN,-0.088
23-Sep-2019,1.9,NaN,1.91,0.75,NaN,-0.53,0,NaN,-0.53,-0.1,NaN,-0.088
24-Sep-2019,1.9,NaN,1.99,0.75,NaN,-0.53,0,NaN,-0.53,-0.1,NaN,-0.074
25-Sep-2019,1.9,NaN,2.072,0.75,NaN,-0.53,0,NaN,-0.53,-0.1,NaN,-0.083
26-Sep-2019,1.85,NaN,1.861,0.75,NaN,-0.53,0,NaN,-0.53,-0.1,NaN,-0.091
27-Sep-2019,1.83,NaN,1.859,0.75,NaN,-0.53,0,NaN,-0.53,-0.1,NaN,-0.093
30-Sep-2019,1.9,NaN,2.5,0.75,NaN,-0.53,0,NaN,-0.53,-0.1,NaN,-0.116
01-Oct-2019,1.88,NaN,2.002,0.75,NaN,-0.53,0,NaN,-0.53,-0.1,NaN,-0.097
02-Oct-2019,1.85,NaN,1.887,0.75,NaN,0.77,0,NaN,-0.52,-0.1,NaN,-0.073
03-Oct-2019,1.83,NaN,1.905,0.75,NaN,0.77,0,NaN,-0.52,-0.1,NaN,-0.052
04-Oct-2019,1.82,NaN,1.88,0.75,NaN,0.77,0,NaN,-0.52,-0.1,NaN,-0.049
07-Oct-2019,1.82,NaN,1.892,0.75,NaN,0.77,0,NaN,-0.52,-0.1,NaN,-0.046
08-Oct-2019,1.82,NaN,1.9,0.75,NaN,0.77,0,NaN,-0.52,-0.1,NaN,-0.05
09-Oct-2019,1.82,NaN,1.9,0.75,NaN,0.78,0,NaN,-0.52,-0.1,NaN,-0.064
10-Oct-2019,1.82,NaN,1.903,0.75,NaN,0.8,0,NaN,-0.52,-0.1,NaN,-0.052
11-Oct-2019,1.82,NaN,1.896,0.75,NaN,0.8,0,NaN,-0.52,-0.1,NaN,-0.054
14-Oct-2019,1.82,NaN,1.896,0.75,NaN,0.8,0,NaN,-0.52,-0.1,NaN,-0.054
15-Oct-2019,1.9,NaN,2.373,0.75,NaN,0.8,0,NaN,-0.52,-0.1,NaN,-0.076
16-Oct-2019,1.9,NaN,2.052,0.75,NaN,0.8,0,NaN,-0.52,-0.1,NaN,-0.094
17-Oct-2019,1.85,NaN,1.974,0.75,NaN,0.8,0,NaN,-0.52,-0.1,NaN,-0.083
18-Oct-2019,1.85,NaN,1.927,0.75,NaN,0.8,0,NaN,-0.52,-0.1,NaN,-0.069
21-Oct-2019,1.85,NaN,1.921,0.75,NaN,0.8,0,NaN,-0.52,-0.1,NaN,-0.077
22-Oct-2019,1.85,NaN,1.924,0.75,NaN,0.8,0,NaN,-0.52,-0.1,NaN,-0.077
23-Oct-2019,1.85,NaN,1.898,0.75,NaN,0.79,0,NaN,-0.51,-0.1,NaN,-0.077
24-Oct-2019,1.85,NaN,1.918,0.75,NaN,0.79,0,NaN,-0.51,-0.1,NaN,-0.075
25-Oct-2019,1.83,NaN,1.892,0.75,NaN,0.8,0,NaN,-0.51,-0.1,NaN,-0.065
28-Oct-2019,1.83,NaN,1.856,0.75,NaN,0.8,0,NaN,-0.51,-0.1,NaN,-0.063
29-Oct-2019,1.82,NaN,1.868,0.75,NaN,0.8,0,NaN,-0.51,-0.1,NaN,-0.072
30-Oct-2019,1.82,NaN,1.876,0.75,NaN,0.8,0,NaN,-0.51,-0.1,NaN,-0.073
31-Oct-2019,1.58,NaN,1.839,0.75,NaN,0.79,0,NaN,-0.49,-0.1,NaN,-0.064
01-Nov-2019,1.57,NaN,1.637,0.75,NaN,0.79,0,NaN,-0.49,-0.1,NaN,-0.064
04-Nov-2019,1.56,NaN,1.619,0.75,NaN,0.79,0,NaN,-0.49,-0.1,NaN,-0.064
05-Nov-2019,1.56,NaN,1.622,0.75,NaN,0.78,0,NaN,-0.49,-0.1,NaN,-0.079
06-Nov-2019,1.55,NaN,1.616,0.75,NaN,0.78,0,NaN,-0.49,-0.1,NaN,-0.102
07-Nov-2019,1.55,NaN,1.608,0.75,NaN,0.78,0,NaN,-0.49,-0.1,NaN,-0.103
08-Nov-2019,1.55,NaN,1.61,0.75,NaN,0.79,0,NaN,-0.49,-0.1,NaN,-0.104
11-Nov-2019,1.55,NaN,1.61,0.75,NaN,0.79,0,NaN,-0.49,-0.1,NaN,-0.164
12-Nov-2019,1.55,NaN,1.626,0.75,NaN,0.79,0,NaN,-0.49,-0.1,NaN,-0.211
13-Nov-2019,1.55,NaN,1.611,0.75,NaN,0.79,0,NaN,-0.49,-0.1,NaN,-0.108
14-Nov-2019,1.55,NaN,1.602,0.75,NaN,0.79,0,NaN,-0.49,-0.1,NaN,-0.086
15-Nov-2019,1.55,NaN,1.618,0.75,NaN,0.79,0,NaN,-0.49,-0.1,NaN,-0.075
18-Nov-2019,1.55,NaN,1.601,0.75,NaN,0.79,0,NaN,-0.49,-0.1,NaN,-0.081
19-Nov-2019,1.55,NaN,1.619,0.75,NaN,0.79,0,NaN,-0.49,-0.1,NaN,-0.079
20-Nov-2019,1.55,NaN,1.634,0.75,NaN,0.79,0,NaN,-0.49,-0.1,NaN,-0.081
21-Nov-2019,1.55,NaN,1.628,0.75,NaN,0.79,0,NaN,-0.49,-0.1,NaN,-0.083
22-Nov-2019,1.55,NaN,1.61,0.75,NaN,0.79,0,NaN,-0.49,-0.1,NaN,-0.078
25-Nov-2019,1.55,NaN,1.59,0.75,NaN,0.8,0,NaN,-0.49,-0.1,NaN,-0.079
26-Nov-2019,1.55,NaN,1.587,0.75,NaN,0.8,0,NaN,-0.49,-0.1,NaN,-0.081
27-Nov-2019,1.55,NaN,1.599,0.75,NaN,0.8,0,NaN,-0.49,-0.1,NaN,-0.075
28-Nov-2019,1.55,NaN,1.599,0.75,NaN,0.8,0,NaN,-0.49,-0.1,NaN,-0.078
29-Nov-2019,1.56,NaN,1.656,0.75,NaN,0.8,0,NaN,-0.49,-0.1,NaN,-0.071
02-Dec-2019,1.56,NaN,1.679,0.75,NaN,0.8,0,NaN,-0.49,-0.1,NaN,-0.033
03-Dec-2019,1.55,NaN,1.585,0.75,NaN,0.8,0,NaN,-0.49,-0.1,NaN,-0.052
04-Dec-2019,1.55,NaN,1.593,0.75,NaN,0.8,0,NaN,-0.49,-0.1,NaN,-0.049
05-Dec-2019,1.55,NaN,1.606,0.75,NaN,0.8,0,NaN,-0.49,-0.1,NaN,-0.038
06-Dec-2019,1.55,NaN,1.58,0.75,NaN,0.8,0,NaN,-0.49,-0.1,NaN,-0.035
09-Dec-2019,1.55,NaN,1.585,0.75,NaN,0.8,0,NaN,-0.49,-0.1,NaN,-0.024
10-Dec-2019,1.55,NaN,1.59,0.75,NaN,0.92,0,NaN,-0.49,-0.1,NaN,-0.018
11-Dec-2019,1.55,NaN,1.583,0.75,NaN,0.92,0,NaN,-0.49,-0.1,NaN,-0.008
12-Dec-2019,1.55,NaN,1.569,0.75,NaN,0.79,0,NaN,-0.49,-0.1,NaN,-0.003
13-Dec-2019,1.55,NaN,1.588,0.75,NaN,0.79,0,NaN,-0.49,-0.1,NaN,-0.02
16-Dec-2019,1.56,NaN,1.606,0.75,NaN,0.79,0,NaN,-0.5,-0.1,NaN,-0.089
17-Dec-2019,1.55,NaN,1.606,0.75,NaN,0.79,0,NaN,-0.51,-0.1,NaN,-0.09
18-Dec-2019,1.55,NaN,1.583,0.75,NaN,0.79,0,NaN,-0.51,-0.1,NaN,-0.092
19-Dec-2019,1.55,NaN,1.569,0.75,NaN,0.79,0,NaN,-0.51,-0.1,NaN,-0.091
20-Dec-2019,1.55,NaN,1.555,0.75,NaN,0.79,0,NaN,-0.56,-0.1,NaN,-0.08
23-Dec-2019,1.55,NaN,1.6,0.75,NaN,0.79,0,NaN,-0.56,-0.1,NaN,-0.064
24-Dec-2019,1.55,NaN,1.6,0.75,NaN,0.79,0,NaN,-0.59,-0.1,NaN,-0.068
25-Dec-2019,1.55,NaN,1.6,0.75,NaN,0.79,0,NaN,-0.59,-0.1,NaN,-0.048
26-Dec-2019,1.55,NaN,1.569,0.75,NaN,0.79,0,NaN,-0.59,-0.1,NaN,-0.055
27-Dec-2019,1.55,NaN,1.569,0.75,NaN,0.79,0,NaN,-0.59,-0.1,NaN,-0.056
30-Dec-2019,1.55,NaN,1.562,0.75,NaN,0.79,0,NaN,-0.59,-0.1,NaN,-0.082
31-Dec-2019,1.55,NaN,1.614,0.75,NaN,0.79,0,NaN,-0.59,-0.1,NaN,-0.082
01-Jan-2020,1.55,NaN,1.614,0.75,NaN,0.79,0,NaN,-0.59,-0.1,NaN,-0.082
02-Jan-2020,1.55,NaN,1.597,0.75,NaN,0.79,0,NaN,-0.53,-0.1,NaN,-0.082
03-Jan-2020,1.55,NaN,1.597,0.75,NaN,0.8,0,NaN,-0.53,-0.1,NaN,-0.082
06-Jan-2020,1.55,NaN,1.599,0.75,NaN,0.8,0,NaN,-0.53,-0.1,NaN,-0.104
07-Jan-2020,1.55,NaN,1.597,0.75,NaN,0.8,0,NaN,-0.53,-0.1,NaN,-0.092
08-Jan-2020,1.55,NaN,1.578,0.75,NaN,0.8,0,NaN,-0.53,-0.1,NaN,-0.061
09-Jan-2020,1.55,NaN,1.591,0.75,NaN,0.8,0,NaN,-0.53,-0.1,NaN,-0.083
10-Jan-2020,1.54,NaN,1.591,0.75,NaN,0.8,0,NaN,-0.53,-0.1,NaN,-0.112
13-Jan-2020,1.54,NaN,1.58,0.75,NaN,0.8,0,NaN,-0.51,-0.1,NaN,-0.112
14-Jan-2020,1.54,NaN,1.582,0.75,NaN,0.8,0,NaN,-0.51,-0.1,NaN,-0.092
15-Jan-2020,1.54,NaN,1.582,0.75,NaN,0.78,0,NaN,-0.51,-0.1,NaN,-0.076
16-Jan-2020,1.54,NaN,1.58,0.75,NaN,0.78,0,NaN,-0.51,-0.1,NaN,-0.074
17-Jan-2020,1.55,NaN,1.571,0.75,NaN,0.79,0,NaN,-0.51,-0.1,NaN,-0.07
20-Jan-2020,1.55,NaN,1.571,0.75,NaN,0.79,0,NaN,-0.51,-0.1,NaN,-0.049
21-Jan-2020,1.55,NaN,1.564,0.75,NaN,0.79,0,NaN,-0.51,-0.1,NaN,-0.07
22-Jan-2020,1.55,NaN,1.57,0.75,NaN,0.78,0,NaN,-0.5,-0.1,NaN,-0.077
23-Jan-2020,1.55,NaN,1.572,0.75,NaN,0.78,0,NaN,-0.5,-0.1,NaN,-0.074
24-Jan-2020,1.55,NaN,1.569,0.75,NaN,0.78,0,NaN,-0.5,-0.1,NaN,-0.079
27-Jan-2020,1.55,NaN,1.573,0.75,NaN,0.77,0,NaN,-0.5,-0.1,NaN,-0.071
28-Jan-2020,1.55,NaN,1.572,0.75,NaN,0.76,0,NaN,-0.5,-0.1,NaN,-0.083
29-Jan-2020,1.55,NaN,1.574,0.75,NaN,0.76,0,NaN,-0.5,-0.1,NaN,-0.101
30-Jan-2020,1.6,NaN,1.628,0.75,NaN,0.75,0,NaN,-0.5,-0.1,NaN,-0.132
31-Jan-2020,1.59,NaN,1.653,0.75,NaN,0.78,0,NaN,-0.5,-0.1,NaN,-0.093
03-Feb-2020,1.59,NaN,1.648,0.75,NaN,0.78,0,NaN,-0.5,-0.1,NaN,-0.064
04-Feb-2020,1.59,NaN,1.644,0.75,NaN,0.78,0,NaN,-0.5,-0.1,NaN,-0.073
05-Feb-2020,1.59,NaN,1.635,0.75,NaN,0.78,0,NaN,-0.5,-0.1,NaN,-0.091
06-Feb-2020,1.59,NaN,1.606,0.75,NaN,0.78,0,NaN,-0.5,-0.1,NaN,-0.086
07-Feb-2020,1.58,NaN,1.624,0.75,NaN,0.78,0,NaN,-0.5,-0.1,NaN,-0.062
10-Feb-2020,1.58,NaN,1.594,0.75,NaN,0.78,0,NaN,-0.5,-0.1,NaN,-0.054
11-Feb-2020,1.58,NaN,1.621,0.75,NaN,0.79,0,NaN,-0.5,-0.1,NaN,-0.054
12-Feb-2020,1.58,NaN,1.62,0.75,NaN,0.79,0,NaN,-0.5,-0.1,NaN,-0.077
13-Feb-2020,1.58,NaN,1.623,0.75,NaN,0.79,0,NaN,-0.5,-0.1,NaN,-0.093
14-Feb-2020,1.58,NaN,1.623,0.75,NaN,0.79,0,NaN,-0.5,-0.1,NaN,-0.077
17-Feb-2020,1.58,NaN,1.623,0.75,NaN,0.78,0,NaN,-0.5,-0.1,NaN,-0.086
18-Feb-2020,1.59,NaN,1.652,0.75,NaN,0.78,0,NaN,-0.5,-0.1,NaN,-0.102
19-Feb-2020,1.59,NaN,1.636,0.75,NaN,0.78,0,NaN,-0.5,-0.1,NaN,-0.063
20-Feb-2020,1.59,NaN,1.635,0.75,NaN,0.78,0,NaN,-0.5,-0.1,NaN,-0.061
21-Feb-2020,1.58,NaN,1.6,0.75,NaN,0.78,0,NaN,-0.5,-0.1,NaN,-0.078
24-Feb-2020,1.58,NaN,1.621,0.75,NaN,0.77,0,NaN,-0.5,-0.1,NaN,-0.078
25-Feb-2020,1.58,NaN,1.626,0.75,NaN,0.77,0,NaN,-0.5,-0.1,NaN,-0.085
26-Feb-2020,1.58,NaN,1.627,0.75,NaN,0.77,0,NaN,-0.5,-0.1,NaN,-0.081
27-Feb-2020,1.58,NaN,1.623,0.75,NaN,0.77,0,NaN,-0.5,-0.1,NaN,-0.081
28-Feb-2020,1.58,NaN,1.645,0.75,NaN,0.77,0,NaN,-0.5,-0.1,NaN,-0.075
02-Mar-2020,1.59,NaN,1.684,0.75,NaN,0.77,0,NaN,-0.5,-0.1,NaN,-0.073
03-Mar-2020,1.59,NaN,1.725,0.75,NaN,0.76,0,NaN,-0.5,-0.1,NaN,-0.083
04-Mar-2020,1.09,NaN,1.214,0.75,NaN,0.76,0,NaN,-0.5,-0.1,NaN,-0.107
05-Mar-2020,1.09,NaN,1.164,0.75,NaN,0.62,0,NaN,-0.5,-0.1,NaN,-0.101
06-Mar-2020,1.09,NaN,1.144,0.75,NaN,0.72,0,NaN,-0.5,-0.1,NaN,-0.137
09-Mar-2020,1.09,NaN,1.148,0.75,NaN,0.72,0,NaN,-0.5,-0.1,NaN,-0.13
10-Mar-2020,1.09,NaN,1.18,0.75,NaN,0.62,0,NaN,-0.5,-0.1,NaN,-0.094
11-Mar-2020,1.09,NaN,1.196,0.25,NaN,0.62,0,NaN,-0.52,-0.1,NaN,-0.095
12-Mar-2020,1.1,NaN,1.206,0.25,NaN,0.34,0,NaN,-0.57,-0.1,NaN,-0.103
13-Mar-2020,1.1,NaN,1.152,0.25,NaN,0.34,0,NaN,-0.57,-0.1,NaN,-0.196
16-Mar-2020,0.25,NaN,0.3,0.25,NaN,0.34,0,NaN,-0.65,-0.1,NaN,-0.132
17-Mar-2020,0.25,NaN,0.605,0.25,NaN,0.34,0,NaN,-0.66,-0.1,NaN,-0.35
18-Mar-2020,0.25,NaN,0.134,0.25,NaN,0.27,0,NaN,-0.66,-0.1,NaN,-0.199
19-Mar-2020,0.2,NaN,0.091,0.1,NaN,0.27,0,NaN,-0.66,-0.1,NaN,-0.223
20-Mar-2020,0.15,NaN,0.084,0.1,NaN,0.27,0,NaN,-0.64,-0.1,NaN,-0.223
23-Mar-2020,0.15,NaN,0.073,0.1,NaN,0.27,0,NaN,-0.64,-0.1,NaN,-0.536
24-Mar-2020,0.12,NaN,0.055,0.1,NaN,0.23,0,NaN,-0.6,-0.1,NaN,-0.833
25-Mar-2020,0.1,NaN,0.112,0.1,NaN,0.23,0,NaN,-0.6,-0.1,NaN,-0.229
26-Mar-2020,0.1,NaN,0.09,0.1,NaN,0.23,0,NaN,-0.57,-0.1,NaN,-0.191
27-Mar-2020,0.1,NaN,0.08,0.1,NaN,0.22,0,NaN,-0.5,-0.1,NaN,-0.126
30-Mar-2020,0.09,NaN,0.1,0.1,NaN,0.22,0,NaN,-0.5,-0.1,NaN,-0.168
31-Mar-2020,0.08,NaN,-0.026,0.1,NaN,0.22,0,NaN,-0.46,-0.1,NaN,-0.615
01-Apr-2020,0.06,NaN,0.059,0.1,NaN,0.22,0,NaN,-0.47,-0.1,NaN,-0.116
02-Apr-2020,0.05,NaN,0.088,0.1,NaN,0.22,0,NaN,-0.47,-0.1,NaN,-0.1
03-Apr-2020,0.05,NaN,0.088,0.1,NaN,0.22,0,NaN,-0.47,-0.1,NaN,-0.099
06-Apr-2020,0.05,NaN,0.06,0.1,NaN,0.22,0,NaN,-0.46,-0.1,NaN,-0.122
07-Apr-2020,0.05,NaN,0.067,0.1,NaN,0.19,0,NaN,-0.46,-0.1,NaN,-0.146
08-Apr-2020,0.05,NaN,0.09,0.1,NaN,0.19,0,NaN,-0.46,-0.1,NaN,-0.233
09-Apr-2020,0.05,NaN,0.103,0.1,NaN,0.19,0,NaN,-0.46,-0.1,NaN,-0.205
10-Apr-2020,0.05,NaN,0.103,0.1,NaN,0.19,0,NaN,-0.46,-0.1,NaN,-0.094
13-Apr-2020,0.05,NaN,0.12,0.1,NaN,0.19,0,NaN,-0.46,-0.1,NaN,-0.085
14-Apr-2020,0.05,NaN,0.119,0.1,NaN,0.19,0,NaN,-0.46,-0.1,NaN,-0.082
15-Apr-2020,0.05,NaN,0.087,0.1,NaN,0.19,0,NaN,-0.46,-0.1,NaN,-0.087
16-Apr-2020,0.05,NaN,0.089,0.1,NaN,0.19,0,NaN,-0.47,-0.1,NaN,-0.124
17-Apr-2020,0.05,NaN,0.092,0.1,NaN,0.19,0,NaN,-0.49,-0.1,NaN,-0.109
20-Apr-2020,0.05,NaN,0.059,0.1,NaN,0.18,0,NaN,-0.49,-0.1,NaN,-0.101
21-Apr-2020,0.05,NaN,0.022,0.1,NaN,0.18,0,NaN,-0.49,-0.1,NaN,-0.116
22-Apr-2020,0.05,NaN,0.05,0.1,NaN,0.18,0,NaN,-0.49,-0.1,NaN,-0.113
23-Apr-2020,0.04,NaN,0.077,0.1,NaN,0.16,0,NaN,-0.49,-0.1,NaN,-0.105
24-Apr-2020,0.05,NaN,0.103,0.1,NaN,0.16,0,NaN,-0.49,-0.1,NaN,-0.111
27-Apr-2020,0.04,NaN,0.062,0.1,NaN,0.16,0,NaN,-0.49,-0.1,NaN,-0.103
28-Apr-2020,0.04,NaN,0.051,0.1,NaN,0.16,0,NaN,-0.49,-0.1,NaN,-0.113
29-Apr-2020,0.04,NaN,0.051,0.1,NaN,0.16,0,NaN,-0.49,-0.1,NaN,-0.113
30-Apr-2020,0.05,NaN,0.108,0.1,NaN,0.07,0,NaN,-0.49,-0.1,NaN,-0.134
01-May-2020,0.05,NaN,0.11,0.1,NaN,0.16,0,NaN,-0.49,-0.1,NaN,-0.061
04-May-2020,0.05,NaN,0.099,0.1,NaN,0.13,0,NaN,-0.49,-0.1,NaN,-0.061
05-May-2020,0.05,NaN,0.1,0.1,NaN,0.13,0,NaN,-0.49,-0.1,NaN,-0.061
06-May-2020,0.05,NaN,0.1,0.1,NaN,0.13,0,NaN,-0.49,-0.1,NaN,-0.061
07-May-2020,0.05,NaN,0.1,0.1,NaN,0.13,0,NaN,-0.49,-0.1,NaN,-0.065
08-May-2020,0.05,NaN,0.119,0.1,NaN,0.13,0,NaN,-0.49,-0.1,NaN,-0.087
11-May-2020,0.05,NaN,0.119,0.1,NaN,0.13,0,NaN,-0.49,-0.1,NaN,-0.087
12-May-2020,0.05,NaN,0.121,0.1,NaN,0.13,0,NaN,-0.49,-0.1,NaN,-0.102
13-May-2020,0.05,NaN,0.032,0.1,NaN,0.13,0,NaN,-0.49,-0.1,NaN,-0.099
14-May-2020,0.05,NaN,0.115,0.1,NaN,0.13,0,NaN,-0.49,-0.1,NaN,-0.1
15-May-2020,0.05,NaN,0.109,0.1,NaN,0.13,0,NaN,-0.49,-0.1,NaN,-0.096
18-May-2020,0.05,NaN,0.087,0.1,NaN,0.13,0,NaN,-0.49,-0.1,NaN,-0.124
19-May-2020,0.05,NaN,0.085,0.1,NaN,0.13,0,NaN,-0.49,-0.1,NaN,-0.125
20-May-2020,0.05,NaN,-0.011,0.1,NaN,0.13,0,NaN,-0.49,-0.1,NaN,-0.104
21-May-2020,0.05,NaN,0.051,0.1,NaN,0.13,0,NaN,-0.49,-0.1,NaN,-0.101
22-May-2020,0.05,NaN,0.051,0.1,NaN,0.13,0,NaN,-0.49,-0.1,NaN,-0.093
25-May-2020,0.05,NaN,0.051,0.1,NaN,0.13,0,NaN,-0.49,-0.1,NaN,-0.07
26-May-2020,0.05,NaN,0.119,0.1,NaN,0.13,0,NaN,-0.49,-0.1,NaN,-0.081
27-May-2020,0.05,NaN,0.106,0.1,NaN,0.13,0,NaN,-0.49,-0.1,NaN,-0.089
28-May-2020,0.05,NaN,0.13,0.1,NaN,0.13,0,NaN,-0.49,-0.1,NaN,-0.11
29-May-2020,0.05,NaN,0.089,0.1,NaN,0.12,0,NaN,-0.49,-0.1,NaN,-0.106
01-Jun-2020,0.05,NaN,0.126,0.1,NaN,0.12,0,NaN,-0.49,-0.1,NaN,-0.097
02-Jun-2020,0.06,NaN,0.13,0.1,NaN,0.12,0,NaN,-0.49,-0.1,NaN,-0.098
03-Jun-2020,0.06,NaN,0.13,0.1,NaN,0.12,0,NaN,-0.49,-0.1,NaN,-0.097
04-Jun-2020,0.06,NaN,0.11,0.1,NaN,0.12,0,NaN,-0.49,-0.1,NaN,-0.098
05-Jun-2020,0.07,NaN,0.114,0.1,NaN,0.09,0,NaN,-0.49,-0.1,NaN,-0.094
08-Jun-2020,0.07,NaN,0.122,0.1,NaN,0.09,0,NaN,-0.49,-0.1,NaN,-0.084
09-Jun-2020,0.07,NaN,0.127,0.1,NaN,0.09,0,NaN,-0.49,-0.1,NaN,-0.064
10-Jun-2020,0.08,NaN,0.12,0.1,NaN,0.09,0,NaN,-0.49,-0.1,NaN,-0.059
11-Jun-2020,0.08,NaN,0.112,0.1,NaN,0.09,0,NaN,-0.49,-0.1,NaN,-0.048
12-Jun-2020,0.08,NaN,0.128,0.1,NaN,0.09,0,NaN,-0.49,-0.1,NaN,-0.059
15-Jun-2020,0.09,NaN,0.129,0.1,NaN,0.09,0,NaN,-0.49,-0.1,NaN,-0.093
16-Jun-2020,0.09,NaN,0.134,0.1,NaN,0.09,0,NaN,-0.49,-0.1,NaN,-0.054
17-Jun-2020,0.09,NaN,0.115,0.1,NaN,0.09,0,NaN,-0.49,-0.1,NaN,-0.069
18-Jun-2020,0.09,NaN,0.12,0.1,NaN,0.09,0,NaN,-0.49,-0.1,NaN,-0.079
19-Jun-2020,0.09,NaN,0.12,0.1,NaN,0.09,0,NaN,-0.49,-0.1,NaN,-0.088
22-Jun-2020,0.08,NaN,0.115,0.1,NaN,0.09,0,NaN,-0.49,-0.1,NaN,-0.069
23-Jun-2020,0.08,NaN,0.11,0.1,NaN,0.09,0,NaN,-0.5,-0.1,NaN,-0.06
24-Jun-2020,0.08,NaN,0.12,0.1,NaN,0.09,0,NaN,-0.5,-0.1,NaN,-0.061
25-Jun-2020,0.08,NaN,0.13,0.1,NaN,0.09,0,NaN,-0.5,-0.1,NaN,-0.063
26-Jun-2020,0.08,NaN,0.13,0.1,NaN,0.09,0,NaN,-0.5,-0.1,NaN,-0.058
29-Jun-2020,0.08,NaN,0.129,0.1,NaN,0.09,0,NaN,-0.5,-0.1,NaN,-0.06
30-Jun-2020,0.08,NaN,0.13,0.1,NaN,0.06,0,NaN,-0.5,-0.1,NaN,-0.062
01-Jul-2020,0.08,NaN,0.136,0.1,NaN,0.06,0,NaN,-0.5,-0.1,NaN,-0.071
02-Jul-2020,0.09,NaN,0.143,0.1,NaN,0.06,0,NaN,-0.51,-0.1,NaN,-0.09
03-Jul-2020,0.09,NaN,0.143,0.1,NaN,0.06,0,NaN,-0.51,-0.1,NaN,-0.083
06-Jul-2020,0.09,NaN,0.143,0.1,NaN,0.06,0,NaN,-0.51,-0.1,NaN,-0.066
07-Jul-2020,0.09,NaN,0.15,0.1,NaN,0.06,0,NaN,-0.51,-0.1,NaN,-0.074
08-Jul-2020,0.09,NaN,0.134,0.1,NaN,0.06,0,NaN,-0.51,-0.1,NaN,-0.084
09-Jul-2020,0.09,NaN,0.14,0.1,NaN,0.06,0,NaN,-0.51,-0.1,NaN,-0.083
10-Jul-2020,0.09,NaN,0.14,0.1,NaN,0.06,0,NaN,-0.51,-0.1,NaN,-0.082
13-Jul-2020,0.09,NaN,0.14,0.1,NaN,0.06,0,NaN,-0.51,-0.1,NaN,-0.069
14-Jul-2020,0.09,NaN,0.128,0.1,NaN,0.06,0,NaN,-0.51,-0.1,NaN,-0.073
15-Jul-2020,0.1,NaN,0.15,0.1,NaN,0.06,0,NaN,-0.51,-0.1,NaN,-0.074
16-Jul-2020,0.1,NaN,0.14,0.1,NaN,0.06,0,NaN,-0.52,-0.1,NaN,-0.072
17-Jul-2020,0.09,NaN,0.138,0.1,NaN,0.06,0,NaN,-0.52,-0.1,NaN,-0.082
20-Jul-2020,0.1,NaN,0.125,0.1,NaN,0.06,0,NaN,-0.52,-0.1,NaN,-0.066
21-Jul-2020,0.1,NaN,0.14,0.1,NaN,0.06,0,NaN,-0.51,-0.1,NaN,-0.069
22-Jul-2020,0.09,NaN,0.112,0.1,NaN,0.06,0,NaN,-0.51,-0.1,NaN,-0.073
23-Jul-2020,0.09,NaN,0.123,0.1,NaN,0.06,0,NaN,-0.51,-0.1,NaN,-0.073
24-Jul-2020,0.09,NaN,0.13,0.1,NaN,0.06,0,NaN,-0.51,-0.1,NaN,-0.073
27-Jul-2020,0.1,NaN,0.14,0.1,NaN,0.09,0,NaN,-0.51,-0.1,NaN,-0.073
28-Jul-2020,0.1,NaN,0.128,0.1,NaN,0.09,0,NaN,-0.52,-0.1,NaN,-0.069
29-Jul-2020,0.1,NaN,0.112,0.1,NaN,0.09,0,NaN,-0.52,-0.1,NaN,-0.097
30-Jul-2020,0.1,NaN,0.11,0.1,NaN,0.09,0,NaN,-0.52,-0.1,NaN,-0.082
31-Jul-2020,0.1,NaN,0.11,0.1,NaN,0.09,0,NaN,-0.53,-0.1,NaN,-0.073
03-Aug-2020,0.1,NaN,0.13,0.1,NaN,0.09,0,NaN,-0.53,-0.1,NaN,-0.065
04-Aug-2020,0.1,NaN,0.13,0.1,NaN,0.09,0,NaN,-0.53,-0.1,NaN,-0.067
05-Aug-2020,0.1,NaN,0.127,0.1,NaN,0.09,0,NaN,-0.53,-0.1,NaN,-0.063
06-Aug-2020,0.1,NaN,0.13,0.1,NaN,0.09,0,NaN,-0.53,-0.1,NaN,-0.061
07-Aug-2020,0.1,NaN,0.13,0.1,NaN,0.09,0,NaN,-0.53,-0.1,NaN,-0.063
10-Aug-2020,0.1,NaN,0.13,0.1,NaN,0.09,0,NaN,-0.53,-0.1,NaN,-0.063
11-Aug-2020,0.1,NaN,0.13,0.1,NaN,0.1,0,NaN,-0.53,-0.1,NaN,-0.055
12-Aug-2020,0.1,NaN,0.128,0.1,NaN,0.11,0,NaN,-0.53,-0.1,NaN,-0.064
13-Aug-2020,0.1,NaN,0.129,0.1,NaN,0.11,0,NaN,-0.53,-0.1,NaN,-0.089
14-Aug-2020,0.1,NaN,0.127,0.1,NaN,0.11,0,NaN,-0.53,-0.1,NaN,-0.076
17-Aug-2020,0.1,NaN,0.13,0.1,NaN,0.09,0,NaN,-0.53,-0.1,NaN,-0.071
18-Aug-2020,0.09,NaN,0.115,0.1,NaN,0.09,0,NaN,-0.53,-0.1,NaN,-0.075
19-Aug-2020,0.09,NaN,0.12,0.1,NaN,0.09,0,NaN,-0.53,-0.1,NaN,-0.068
20-Aug-2020,0.09,NaN,0.101,0.1,NaN,0.09,0,NaN,-0.53,-0.1,NaN,-0.068
21-Aug-2020,0.09,NaN,0.116,0.1,NaN,0.09,0,NaN,-0.52,-0.1,NaN,-0.071
24-Aug-2020,0.09,NaN,0.116,0.1,NaN,0.1,0,NaN,-0.51,-0.1,NaN,-0.069
25-Aug-2020,0.09,NaN,0.103,0.1,NaN,0.1,0,NaN,-0.51,-0.1,NaN,-0.069
26-Aug-2020,0.09,NaN,0.11,0.1,NaN,0.09,0,NaN,-0.52,-0.1,NaN,-0.076
27-Aug-2020,0.08,NaN,0.11,0.1,NaN,0.09,0,NaN,-0.52,-0.1,NaN,-0.077
28-Aug-2020,0.09,NaN,0.12,0.1,NaN,0.09,0,NaN,-0.52,-0.1,NaN,-0.08
31-Aug-2020,0.09,NaN,0.119,0.1,NaN,0.09,0,NaN,-0.52,-0.1,NaN,-0.084
01-Sep-2020,0.09,NaN,0.12,0.1,NaN,0.09,0,NaN,-0.52,-0.1,NaN,-0.089
02-Sep-2020,0.09,NaN,0.125,0.1,NaN,0.09,0,NaN,-0.52,-0.1,NaN,-0.086
03-Sep-2020,0.09,NaN,0.14,0.1,NaN,0.09,0,NaN,-0.52,-0.1,NaN,-0.111
04-Sep-2020,0.09,NaN,0.14,0.1,NaN,0.09,0,NaN,-0.52,-0.1,NaN,-0.106
07-Sep-2020,0.09,NaN,0.14,0.1,NaN,0.09,0,NaN,-0.52,-0.1,NaN,-0.127
08-Sep-2020,0.09,NaN,0.13,0.1,NaN,0.1,0,NaN,-0.52,-0.1,NaN,-0.167
09-Sep-2020,0.09,NaN,0.13,0.1,NaN,0.09,0,NaN,-0.52,-0.1,NaN,-0.104
10-Sep-2020,0.09,NaN,0.13,0.1,NaN,0.09,0,NaN,-0.52,-0.1,NaN,-0.094
11-Sep-2020,0.09,NaN,0.13,0.1,NaN,0.09,0,NaN,-0.51,-0.1,NaN,-0.102
14-Sep-2020,0.09,NaN,0.112,0.1,NaN,0.09,0,NaN,-0.51,-0.1,NaN,-0.088
15-Sep-2020,0.09,NaN,0.138,0.1,NaN,0.09,0,NaN,-0.52,-0.1,NaN,-0.081
16-Sep-2020,0.09,NaN,0.122,0.1,NaN,0.09,0,NaN,-0.52,-0.1,NaN,-0.083
17-Sep-2020,0.09,NaN,0.13,0.1,NaN,0.09,0,NaN,-0.52,-0.1,NaN,-0.089
18-Sep-2020,0.09,NaN,0.13,0.1,NaN,0.09,0,NaN,-0.52,-0.1,NaN,-0.09
21-Sep-2020,0.09,NaN,0.072,0.1,NaN,0.09,0,NaN,-0.52,-0.1,NaN,-0.09
22-Sep-2020,0.09,NaN,0.06,0.1,NaN,0.09,0,NaN,-0.52,-0.1,NaN,-0.09
23-Sep-2020,0.09,NaN,0.073,0.1,NaN,0.09,0,NaN,-0.53,-0.1,NaN,-0.091
24-Sep-2020,0.09,NaN,0.12,0.1,NaN,0.09,0,NaN,-0.53,-0.1,NaN,-0.102
25-Sep-2020,0.09,NaN,0.117,0.1,NaN,0.09,0,NaN,-0.53,-0.1,NaN,-0.101
28-Sep-2020,0.09,NaN,0.092,0.1,NaN,0.09,0,NaN,-0.55,-0.1,NaN,-0.094
29-Sep-2020,0.09,NaN,0.092,0.1,NaN,0.09,0,NaN,-0.55,-0.1,NaN,-0.103
30-Sep-2020,0.09,NaN,0.116,0.1,NaN,0.06,0,NaN,-0.76,-0.1,NaN,-0.102
01-Oct-2020,0.09,NaN,0.116,0.1,NaN,0.09,0,NaN,-0.54,-0.1,NaN,-0.087
02-Oct-2020,0.09,NaN,0.13,0.1,NaN,0.09,0,NaN,-0.54,-0.1,NaN,-0.079
05-Oct-2020,0.09,NaN,0.13,0.1,NaN,0.09,0,NaN,-0.53,-0.1,NaN,-0.07
06-Oct-2020,0.09,NaN,0.13,0.1,NaN,0.09,0,NaN,-0.52,-0.1,NaN,-0.073
07-Oct-2020,0.09,NaN,0.095,0.1,NaN,0.09,0,NaN,-0.52,-0.1,NaN,-0.071
08-Oct-2020,0.09,NaN,0.119,0.1,NaN,0.09,0,NaN,-0.52,-0.1,NaN,-0.079
09-Oct-2020,0.09,NaN,0.123,0.1,NaN,0.09,0,NaN,-0.52,-0.1,NaN,-0.072
12-Oct-2020,0.09,NaN,0.123,0.1,NaN,0.09,0,NaN,-0.52,-0.1,NaN,-0.064
13-Oct-2020,0.09,NaN,0.126,0.1,NaN,0.09,0,NaN,-0.52,-0.1,NaN,-0.069
14-Oct-2020,0.09,NaN,0.11,0.1,NaN,0.09,0,NaN,-0.53,-0.1,NaN,-0.078
15-Oct-2020,0.09,NaN,0.131,0.1,NaN,0.09,0,NaN,-0.52,-0.1,NaN,-0.081
16-Oct-2020,0.09,NaN,0.114,0.1,NaN,0.09,0,NaN,-0.53,-0.1,NaN,-0.083
19-Oct-2020,0.09,NaN,0.113,0.1,NaN,0.09,0,NaN,-0.52,-0.1,NaN,-0.074
20-Oct-2020,0.09,NaN,0.115,0.1,NaN,0.09,0,NaN,-0.52,-0.1,NaN,-0.075
21-Oct-2020,0.09,NaN,0.11,0.1,NaN,0.09,0,NaN,-0.52,-0.1,NaN,-0.076
22-Oct-2020,0.09,NaN,0.108,0.1,NaN,0.09,0,NaN,-0.51,-0.1,NaN,-0.09
23-Oct-2020,0.09,NaN,0.121,0.1,NaN,0.09,0,NaN,-0.52,-0.1,NaN,-0.091
26-Oct-2020,0.09,NaN,0.125,0.1,NaN,0.09,0,NaN,-0.52,-0.1,NaN,-0.078
27-Oct-2020,0.09,NaN,0.11,0.1,NaN,0.09,0,NaN,-0.52,-0.1,NaN,-0.078
28-Oct-2020,0.09,NaN,0.089,0.1,NaN,0.09,0,NaN,-0.52,-0.1,NaN,-0.084
29-Oct-2020,0.09,NaN,0.123,0.1,NaN,0.09,0,NaN,-0.52,-0.1,NaN,-0.091
30-Oct-2020,0.09,NaN,0.121,0.1,NaN,0.09,0,NaN,-0.52,-0.1,NaN,-0.093
02-Nov-2020,0.09,NaN,0.121,0.1,NaN,0.09,0,NaN,-0.52,-0.1,NaN,-0.086
03-Nov-2020,0.09,NaN,0.131,0.1,NaN,0.09,0,NaN,-0.52,-0.1,NaN,-0.086
04-Nov-2020,0.09,NaN,0.124,0.1,NaN,0.09,0,NaN,-0.52,-0.1,NaN,-0.097
05-Nov-2020,0.09,NaN,0.132,0.1,NaN,0.09,0,NaN,-0.52,-0.1,NaN,-0.094
06-Nov-2020,0.09,NaN,0.132,0.1,NaN,0.09,0,NaN,-0.52,-0.1,NaN,-0.091
09-Nov-2020,0.09,NaN,0.12,0.1,NaN,0.09,0,NaN,-0.51,-0.1,NaN,-0.091
10-Nov-2020,0.09,NaN,0.121,0.1,NaN,0.09,0,NaN,-0.51,-0.1,NaN,-0.084
11-Nov-2020,0.09,NaN,0.121,0.1,NaN,0.09,0,NaN,-0.51,-0.1,NaN,-0.083
12-Nov-2020,0.09,NaN,0.121,0.1,NaN,0.09,0,NaN,-0.51,-0.1,NaN,-0.086
13-Nov-2020,0.09,NaN,0.112,0.1,NaN,0.09,0,NaN,-0.51,-0.1,NaN,-0.088
16-Nov-2020,0.09,NaN,0.112,0.1,NaN,0.09,0,NaN,-0.52,-0.1,NaN,-0.084
17-Nov-2020,0.09,NaN,0.112,0.1,NaN,0.09,0,NaN,-0.52,-0.1,NaN,-0.093
18-Nov-2020,0.09,NaN,0.081,0.1,NaN,0.09,0,NaN,-0.53,-0.1,NaN,-0.087
19-Nov-2020,0.08,NaN,0.081,0.1,NaN,0.09,0,NaN,-0.53,-0.1,NaN,-0.1
20-Nov-2020,0.08,NaN,0.07,0.1,NaN,0.09,0,NaN,-0.5,-0.1,NaN,-0.081
23-Nov-2020,0.08,NaN,0.07,0.1,NaN,0.09,0,NaN,-0.51,-0.1,NaN,-0.081
24-Nov-2020,0.08,NaN,0.108,0.1,NaN,0.08,0,NaN,-0.51,-0.1,NaN,-0.081
25-Nov-2020,0.08,NaN,0.108,0.1,NaN,0.08,0,NaN,-0.5,-0.1,NaN,-0.079
26-Nov-2020,0.08,NaN,0.108,0.1,NaN,0.08,0,NaN,-0.5,-0.1,NaN,-0.078
27-Nov-2020,0.08,NaN,0.115,0.1,NaN,0.08,0,NaN,-0.52,-0.1,NaN,-0.079
30-Nov-2020,0.09,NaN,0.112,0.1,NaN,0.08,0,NaN,-0.53,-0.1,NaN,-0.077
01-Dec-2020,0.09,NaN,0.098,0.1,NaN,0.08,0,NaN,-0.53,-0.1,NaN,-0.076
02-Dec-2020,0.09,NaN,0.105,0.1,NaN,0.06,0,NaN,-0.53,-0.1,NaN,-0.077
03-Dec-2020,0.09,NaN,0.105,0.1,NaN,0.06,0,NaN,-0.58,-0.1,NaN,-0.076
04-Dec-2020,0.09,NaN,0.12,0.1,NaN,0.06,0,NaN,-0.58,-0.1,NaN,-0.077
07-Dec-2020,0.09,NaN,0.099,0.1,NaN,0.06,0,NaN,-0.58,-0.1,NaN,-0.077
08-Dec-2020,0.09,NaN,0.093,0.1,NaN,0.06,0,NaN,-0.58,-0.1,NaN,-0.084
09-Dec-2020,0.09,NaN,0.097,0.1,NaN,0.06,0,NaN,-0.58,-0.1,NaN,-0.084
10-Dec-2020,0.09,NaN,0.099,0.1,NaN,0.06,0,NaN,-0.57,-0.1,NaN,-0.082
11-Dec-2020,0.09,NaN,0.1,0.1,NaN,0.05,0,NaN,-0.57,-0.1,NaN,-0.081
14-Dec-2020,0.09,NaN,0.1,0.1,NaN,0.05,0,NaN,-0.57,-0.1,NaN,-0.07
15-Dec-2020,0.09,NaN,0.109,0.1,NaN,0.05,0,NaN,-0.57,-0.1,NaN,-0.071
16-Dec-2020,0.09,NaN,0.1,0.1,NaN,0.05,0,NaN,-0.57,-0.1,NaN,-0.073
17-Dec-2020,0.09,NaN,0.108,0.1,NaN,0.05,0,NaN,-0.57,-0.1,NaN,-0.073
18-Dec-2020,0.09,NaN,0.107,0.1,NaN,0.05,0,NaN,-0.59,-0.1,NaN,-0.072
21-Dec-2020,0.09,NaN,0.1,0.1,NaN,0.05,0,NaN,-0.59,-0.1,NaN,-0.073
22-Dec-2020,0.09,NaN,0.1,0.1,NaN,0.02,0,NaN,-0.59,-0.1,NaN,-0.079
23-Dec-2020,0.09,NaN,0.1,0.1,NaN,0.02,0,NaN,-0.59,-0.1,NaN,-0.084
24-Dec-2020,0.09,NaN,0.1,0.1,NaN,0.02,0,NaN,-0.59,-0.1,NaN,-0.082
25-Dec-2020,0.09,NaN,0.1,0.1,NaN,0.02,0,NaN,-0.59,-0.1,NaN,-0.082
28-Dec-2020,0.09,NaN,0.124,0.1,NaN,0.02,0,NaN,-0.59,-0.1,NaN,-0.079
29-Dec-2020,0.09,NaN,0.108,0.1,NaN,0.02,0,NaN,-0.59,-0.1,NaN,-0.074
30-Dec-2020,0.09,NaN,0.108,0.1,NaN,0.02,0,NaN,-0.59,-0.1,NaN,-0.102
31-Dec-2020,0.09,NaN,0.108,0.1,NaN,-0.24,0,NaN,-2.29,-0.1,NaN,-0.102
01-Jan-2021,0.09,NaN,0.108,0.1,NaN,-0.24,0,NaN,-2.29,-0.1,NaN,-0.102
04-Jan-2021,0.09,NaN,0.118,0.1,NaN,0.04,0,NaN,-0.57,-0.1,NaN,-0.075
05-Jan-2021,0.09,NaN,0.129,0.1,NaN,0.04,0,NaN,-0.58,-0.1,NaN,-0.081
06-Jan-2021,0.09,NaN,0.129,0.1,NaN,0.04,0,NaN,-0.58,-0.1,NaN,-0.074
07-Jan-2021,0.09,NaN,0.12,0.1,NaN,0.04,0,NaN,-0.58,-0.1,NaN,-0.081
08-Jan-2021,0.09,NaN,0.11,0.1,NaN,0.04,0,NaN,-0.58,-0.1,NaN,-0.082
11-Jan-2021,0.09,NaN,0.105,0.1,NaN,0.08,0,NaN,-0.58,-0.1,NaN,-0.082
12-Jan-2021,0.09,NaN,0.101,0.1,NaN,0.08,0,NaN,-0.59,-0.1,NaN,-0.077
13-Jan-2021,0.09,NaN,0.1,0.1,NaN,0.08,0,NaN,-0.58,-0.1,NaN,-0.079
14-Jan-2021,0.09,NaN,0.09,0.1,NaN,0.08,0,NaN,-0.58,-0.1,NaN,-0.074
15-Jan-2021,0.09,NaN,0.091,0.1,NaN,0.08,0,NaN,-0.59,-0.1,NaN,-0.096
18-Jan-2021,0.09,NaN,0.091,0.1,NaN,0.08,0,NaN,-0.58,-0.1,NaN,-0.082
19-Jan-2021,0.09,NaN,0.087,0.1,NaN,0.08,0,NaN,-0.58,-0.1,NaN,-0.083
20-Jan-2021,0.09,NaN,0.08,0.1,NaN,0.08,0,NaN,-0.58,-0.1,NaN,-0.079
21-Jan-2021,0.08,NaN,0.047,0.1,NaN,0.08,0,NaN,-0.59,-0.1,NaN,-0.079
22-Jan-2021,0.08,NaN,0.07,0.1,NaN,0.08,0,NaN,-0.59,-0.1,NaN,-0.086
25-Jan-2021,0.08,NaN,0.07,0.1,NaN,0.08,0,NaN,-0.59,-0.1,NaN,-0.078
26-Jan-2021,0.08,NaN,0.037,0.1,NaN,0.08,0,NaN,-0.58,-0.1,NaN,-0.079
27-Jan-2021,0.08,NaN,0.045,0.1,NaN,0.08,0,NaN,-0.58,-0.1,NaN,-0.081
28-Jan-2021,0.07,NaN,0.08,0.1,NaN,0.08,0,NaN,-0.58,-0.1,NaN,-0.082
29-Jan-2021,0.07,NaN,0.078,0.1,NaN,0.08,0,NaN,-0.59,-0.1,NaN,-0.086
01-Feb-2021,0.08,NaN,0.103,0.1,NaN,0.08,0,NaN,-0.58,-0.1,NaN,-0.082
02-Feb-2021,0.08,NaN,0.095,0.1,NaN,0.08,0,NaN,-0.58,-0.1,NaN,-0.082
03-Feb-2021,0.08,NaN,0.096,0.1,NaN,0.08,0,NaN,-0.58,-0.1,NaN,-0.081
04-Feb-2021,0.08,NaN,0.062,0.1,NaN,0.08,0,NaN,-0.57,-0.1,NaN,-0.081
05-Feb-2021,0.08,NaN,0.041,0.1,NaN,0.08,0,NaN,-0.55,-0.1,NaN,-0.08
08-Feb-2021,0.07,NaN,0.044,0.1,NaN,0.08,0,NaN,-0.55,-0.1,NaN,-0.081
09-Feb-2021,0.08,NaN,0.044,0.1,NaN,0.08,0,NaN,-0.56,-0.1,NaN,-0.081
10-Feb-2021,0.08,NaN,0.101,0.1,NaN,0.08,0,NaN,-0.56,-0.1,NaN,-0.081
11-Feb-2021,0.08,NaN,0.08,0.1,NaN,0.08,0,NaN,-0.56,-0.1,NaN,-0.081
12-Feb-2021,0.08,NaN,0.07,0.1,NaN,0.08,0,NaN,-0.55,-0.1,NaN,-0.081
15-Feb-2021,0.08,NaN,0.07,0.1,NaN,0.08,0,NaN,-0.55,-0.1,NaN,-0.078
16-Feb-2021,0.08,NaN,0.094,0.1,NaN,0.08,0,NaN,-0.55,-0.1,NaN,-0.085
17-Feb-2021,0.08,NaN,0.085,0.1,NaN,0.08,0,NaN,-0.55,-0.1,NaN,-0.088
18-Feb-2021,0.07,NaN,0.053,0.1,NaN,0.08,0,NaN,-0.56,-0.1,NaN,-0.092
19-Feb-2021,0.07,NaN,0.042,0.1,NaN,0.08,0,NaN,-0.56,-0.1,NaN,-0.087
22-Feb-2021,0.07,NaN,0.05,0.1,NaN,0.08,0,NaN,-0.56,-0.1,NaN,-0.084
23-Feb-2021,0.07,NaN,0.034,0.1,NaN,0.08,0,NaN,-0.56,-0.1,NaN,-0.084
24-Feb-2021,0.07,NaN,0.034,0.1,NaN,0.08,0,NaN,-0.56,-0.1,NaN,-0.084
25-Feb-2021,0.07,NaN,0.034,0.1,NaN,0.08,0,NaN,-0.58,-0.1,NaN,-0.087
26-Feb-2021,0.07,NaN,0.034,0.1,NaN,0.04,0,NaN,-0.58,-0.1,NaN,-0.088
01-Mar-2021,0.07,NaN,0.032,0.1,NaN,0.08,0,NaN,-0.58,-0.1,NaN,-0.084
02-Mar-2021,0.07,NaN,0.06,0.1,NaN,0.08,0,NaN,-0.58,-0.1,NaN,-0.083
03-Mar-2021,0.07,NaN,0.063,0.1,NaN,0.08,0,NaN,-0.64,-0.1,NaN,-0.083
04-Mar-2021,0.07,NaN,0.04,0.1,NaN,0.08,0,NaN,-0.62,-0.1,NaN,-0.08
05-Mar-2021,0.07,NaN,0.04,0.1,NaN,0.08,0,NaN,-0.6,-0.1,NaN,-0.076
08-Mar-2021,0.07,NaN,0.04,0.1,NaN,0.08,0,NaN,-0.58,-0.1,NaN,-0.069
09-Mar-2021,0.07,NaN,0.04,0.1,NaN,0.08,0,NaN,-0.57,-0.1,NaN,-0.066
10-Mar-2021,0.07,NaN,0.049,0.1,NaN,0.08,0,NaN,-0.58,-0.1,NaN,-0.063
11-Mar-2021,0.07,NaN,0.02,0.1,NaN,0.08,0,NaN,-0.58,-0.1,NaN,-0.064
12-Mar-2021,0.07,NaN,0.01,0.1,NaN,0.08,0,NaN,-0.57,-0.1,NaN,-0.056
15-Mar-2021,0.07,NaN,0.03,0.1,NaN,0.08,0,NaN,-0.58,-0.1,NaN,-0.067
16-Mar-2021,0.07,NaN,0.03,0.1,NaN,0.08,0,NaN,-0.58,-0.1,NaN,-0.081
17-Mar-2021,0.07,NaN,0.01,0.1,NaN,0.08,0,NaN,-0.58,-0.1,NaN,-0.081
18-Mar-2021,0.07,NaN,0.01,0.1,NaN,0.08,0,NaN,-0.58,-0.1,NaN,-0.078
19-Mar-2021,0.07,NaN,0.005,0.1,NaN,0.08,0,NaN,-0.58,-0.1,NaN,-0.077
22-Mar-2021,0.07,NaN,0.01,0.1,NaN,0.08,0,NaN,-0.58,-0.1,NaN,-0.076
23-Mar-2021,0.07,NaN,0.01,0.1,NaN,0.08,0,NaN,-0.58,-0.1,NaN,-0.086
24-Mar-2021,0.07,NaN,0.01,0.1,NaN,0.08,0,NaN,-0.58,-0.1,NaN,-0.092
25-Mar-2021,0.07,NaN,0.01,0.1,NaN,0.08,0,NaN,-0.58,-0.1,NaN,-0.094
26-Mar-2021,0.07,NaN,0.01,0.1,NaN,0.08,0,NaN,-0.59,-0.1,NaN,-0.091
29-Mar-2021,0.07,NaN,0.038,0.1,NaN,0.08,0,NaN,-0.59,-0.1,NaN,-0.085
30-Mar-2021,0.07,NaN,0.038,0.1,NaN,0.08,0,NaN,-0.59,-0.1,NaN,-0.086
31-Mar-2021,0.06,NaN,0.038,0.1,NaN,0.04,0,NaN,-0.59,-0.1,NaN,-0.177
01-Apr-2021,0.07,NaN,0.028,0.1,NaN,0.06,0,NaN,-0.59,-0.1,NaN,-0.088
02-Apr-2021,0.07,NaN,0.028,0.1,NaN,0.06,0,NaN,-0.59,-0.1,NaN,-0.081
05-Apr-2021,0.07,NaN,0.04,0.1,NaN,0.06,0,NaN,-0.59,-0.1,NaN,-0.063
06-Apr-2021,0.07,NaN,0.02,0.1,NaN,0.06,0,NaN,-0.59,-0.1,NaN,-0.074
07-Apr-2021,0.07,NaN,0.02,0.1,NaN,0.06,0,NaN,-0.59,-0.1,NaN,-0.074
08-Apr-2021,0.07,NaN,0.014,0.1,NaN,0.06,0,NaN,-0.59,-0.1,NaN,-0.077
09-Apr-2021,0.07,NaN,0.007,0.1,NaN,0.06,0,NaN,-0.58,-0.1,NaN,-0.078
12-Apr-2021,0.07,NaN,0.002,0.1,NaN,0.06,0,NaN,-0.58,-0.1,NaN,-0.081
13-Apr-2021,0.07,NaN,0.005,0.1,NaN,0.06,0,NaN,-0.59,-0.1,NaN,-0.099
14-Apr-2021,0.07,NaN,-0.006,0.1,NaN,0.06,0,NaN,-0.59,-0.1,NaN,-0.086
15-Apr-2021,0.07,NaN,0.01,0.1,NaN,0.06,0,NaN,-0.58,-0.1,NaN,-0.082
16-Apr-2021,0.07,NaN,0.01,0.1,NaN,0.06,0,NaN,-0.58,-0.1,NaN,-0.098
19-Apr-2021,0.07,NaN,0.008,0.1,NaN,0.06,0,NaN,-0.58,-0.1,NaN,-0.089
20-Apr-2021,0.07,NaN,0.008,0.1,NaN,0.06,0,NaN,-0.58,-0.1,NaN,-0.092
21-Apr-2021,0.07,NaN,0.002,0.1,NaN,0.06,0,NaN,-0.58,-0.1,NaN,-0.095
22-Apr-2021,0.07,NaN,0.008,0.1,NaN,0.06,0,NaN,-0.58,-0.1,NaN,-0.095
23-Apr-2021,0.07,NaN,0.02,0.1,NaN,0.06,0,NaN,-0.57,-0.1,NaN,-0.094
26-Apr-2021,0.07,NaN,0.02,0.1,NaN,0.06,0,NaN,-0.58,-0.1,NaN,-0.099
27-Apr-2021,0.07,NaN,0.02,0.1,NaN,0.06,0,NaN,-0.57,-0.1,NaN,-0.092
28-Apr-2021,0.07,NaN,0.01,0.1,NaN,0.06,0,NaN,-0.57,-0.1,NaN,-0.095
29-Apr-2021,0.06,NaN,0.5,0.1,NaN,0.06,0,NaN,-0.57,-0.1,NaN,-0.095
30-Apr-2021,0.05,NaN,0.009,0.1,NaN,0.06,0,NaN,-0.58,-0.1,NaN,-0.096
03-May-2021,0.06,NaN,0.02,0.1,NaN,0.06,0,NaN,-0.58,-0.1,NaN,-0.096
04-May-2021,0.06,NaN,0.01,0.1,NaN,0.06,0,NaN,-0.58,-0.1,NaN,-0.096
05-May-2021,0.06,NaN,0.01,0.1,NaN,0.06,0,NaN,-0.58,-0.1,NaN,-0.096
06-May-2021,0.06,NaN,0.013,0.1,NaN,0.06,0,NaN,-0.58,-0.1,NaN,-0.087
07-May-2021,0.06,NaN,0.01,0.1,NaN,0.06,0,NaN,-0.59,-0.1,NaN,-0.081
10-May-2021,0.06,NaN,0.01,0.1,NaN,0.06,0,NaN,-0.59,-0.1,NaN,-0.083
11-May-2021,0.06,NaN,0.01,0.1,NaN,0.06,0,NaN,-0.59,-0.1,NaN,-0.086
12-May-2021,0.06,NaN,0.01,0.1,NaN,0.06,0,NaN,-0.59,-0.1,NaN,-0.082
13-May-2021,0.06,NaN,-0.01,0.1,NaN,0.06,0,NaN,-0.59,-0.1,NaN,-0.082
14-May-2021,0.06,NaN,-0.005,0.1,NaN,0.06,0,NaN,-0.59,-0.1,NaN,-0.082
17-May-2021,0.06,NaN,0.01,0.1,NaN,0.06,0,NaN,-0.59,-0.1,NaN,-0.084
18-May-2021,0.06,NaN,0.003,0.1,NaN,0.06,0,NaN,-0.59,-0.1,NaN,-0.087
19-May-2021,0.06,NaN,0.005,0.1,NaN,0.06,0,NaN,-0.57,-0.1,NaN,-0.096
20-May-2021,0.06,NaN,0.005,0.1,NaN,0.06,0,NaN,-0.57,-0.1,NaN,-0.088
21-May-2021,0.06,NaN,0.005,0.1,NaN,0.06,0,NaN,-0.57,-0.1,NaN,-0.085
24-May-2021,0.06,NaN,0.005,0.1,NaN,0.06,0,NaN,-0.57,-0.1,NaN,-0.092
25-May-2021,0.06,NaN,0.005,0.1,NaN,0.06,0,NaN,-0.57,-0.1,NaN,-0.092
26-May-2021,0.06,NaN,0.0025,0.1,NaN,0.06,0,NaN,-0.57,-0.1,NaN,-0.101
27-May-2021,0.06,NaN,0.5,0.1,NaN,0.06,0,NaN,-0.57,-0.1,NaN,-0.103
28-May-2021,0.05,NaN,0.5,0.1,NaN,0.06,0,NaN,-0.57,-0.1,NaN,-0.093
31-May-2021,0.05,NaN,0.5,0.1,NaN,0.06,0,NaN,-0.57,-0.1,NaN,-0.093
01-Jun-2021,0.06,NaN,0.5,0.1,NaN,0.06,0,NaN,-0.57,-0.1,NaN,-0.09
02-Jun-2021,0.06,NaN,0.5,0.1,NaN,0.06,0,NaN,-0.57,-0.1,NaN,-0.081
03-Jun-2021,0.06,NaN,0.01,0.1,NaN,0.06,0,NaN,-0.59,-0.1,NaN,-0.083
04-Jun-2021,0.06,NaN,0.01,0.1,NaN,0.06,0,NaN,-0.59,-0.1,NaN,-0.076
07-Jun-2021,0.06,NaN,0.01,0.1,NaN,0.06,0,NaN,-0.58,-0.1,NaN,-0.069
08-Jun-2021,0.06,NaN,0.01,0.1,NaN,0.06,0,NaN,-0.58,-0.1,NaN,-0.064
09-Jun-2021,0.06,NaN,0.01,0.1,NaN,0.08,0,NaN,-0.58,-0.1,NaN,-0.063
10-Jun-2021,0.06,NaN,0.01,0.1,NaN,0.08,0,NaN,-0.58,-0.1,NaN,-0.064
11-Jun-2021,0.06,NaN,0.01,0.1,NaN,0.07,0,NaN,-0.57,-0.1,NaN,-0.071
14-Jun-2021,0.06,NaN,0.01,0.1,NaN,0.08,0,NaN,-0.56,-0.1,NaN,-0.071
15-Jun-2021,0.06,NaN,0.01,0.1,NaN,0.08,0,NaN,-0.57,-0.1,NaN,-0.076
16-Jun-2021,0.06,NaN,0.01,0.1,NaN,0.08,0,NaN,-0.57,-0.1,NaN,-0.081
17-Jun-2021,0.1,NaN,0.044,0.1,NaN,0.08,0,NaN,-0.57,-0.1,NaN,-0.082
18-Jun-2021,0.1,NaN,0.04,0.1,NaN,0.08,0,NaN,-0.56,-0.1,NaN,-0.081
21-Jun-2021,0.1,NaN,0.039,0.1,NaN,0.08,0,NaN,-0.55,-0.1,NaN,-0.083
22-Jun-2021,0.1,NaN,0.039,0.1,NaN,0.08,0,NaN,-0.57,-0.1,NaN,-0.084
23-Jun-2021,0.1,NaN,0.04,0.1,NaN,0.08,0,NaN,-0.57,-0.1,NaN,-0.083
24-Jun-2021,0.1,NaN,0.04,0.1,NaN,0.08,0,NaN,-0.58,-0.1,NaN,-0.081
25-Jun-2021,0.1,NaN,0.06,0.1,NaN,0.08,0,NaN,-0.59,-0.1,NaN,-0.084
28-Jun-2021,0.1,NaN,0.049,0.1,NaN,0.08,0,NaN,-0.65,-0.1,NaN,-0.083
29-Jun-2021,0.1,NaN,0.037,0.1,NaN,0.08,0,NaN,-0.65,-0.1,NaN,-0.082
30-Jun-2021,0.08,NaN,0.056,0.1,NaN,-0.03,0,NaN,-0.65,-0.1,NaN,-0.089
01-Jul-2021,0.1,NaN,0.063,0.1,NaN,-0.03,0,NaN,-0.61,-0.1,NaN,-0.082
02-Jul-2021,0.1,NaN,0.067,0.1,NaN,0.08,0,NaN,-0.61,-0.1,NaN,-0.077
05-Jul-2021,0.1,NaN,0.067,0.1,NaN,0.08,0,NaN,-0.6,-0.1,NaN,-0.073
06-Jul-2021,0.1,NaN,0.068,0.1,NaN,0.08,0,NaN,-0.58,-0.1,NaN,-0.076
07-Jul-2021,0.1,NaN,0.07,0.1,NaN,0.08,0,NaN,-0.59,-0.1,NaN,-0.072
08-Jul-2021,0.1,NaN,0.06,0.1,NaN,0.08,0,NaN,-0.59,-0.1,NaN,-0.071
09-Jul-2021,0.1,NaN,0.05,0.1,NaN,0.08,0,NaN,-0.59,-0.1,NaN,-0.072
12-Jul-2021,0.1,NaN,0.05,0.1,NaN,0.08,0,NaN,-0.6,-0.1,NaN,-0.074
13-Jul-2021,0.1,NaN,0.05,0.1,NaN,0.08,0,NaN,-0.6,-0.1,NaN,-0.081
14-Jul-2021,0.1,NaN,0.041,0.1,NaN,0.08,0,NaN,-0.59,-0.1,NaN,-0.093
15-Jul-2021,0.1,NaN,0.06,0.1,NaN,0.08,0,NaN,-0.59,-0.1,NaN,-0.089
16-Jul-2021,0.1,NaN,0.05,0.1,NaN,0.08,0,NaN,-0.59,-0.1,NaN,-0.087
19-Jul-2021,0.1,NaN,0.04,0.1,NaN,0.08,0,NaN,-0.59,-0.1,NaN,-0.089
20-Jul-2021,0.1,NaN,0.04,0.1,NaN,0.08,0,NaN,-0.58,-0.1,NaN,-0.095
21-Jul-2021,0.1,NaN,0.04,0.1,NaN,0.08,0,NaN,-0.56,-0.1,NaN,-0.092
22-Jul-2021,0.1,NaN,0.04,0.1,NaN,0.08,0,NaN,-0.55,-0.1,NaN,-0.092
23-Jul-2021,0.1,NaN,0.06,0.1,NaN,0.08,0,NaN,-0.55,-0.1,NaN,-0.092
26-Jul-2021,0.1,NaN,0.054,0.1,NaN,0.08,0,NaN,-0.55,-0.1,NaN,-0.09
27-Jul-2021,0.1,NaN,0.053,0.1,NaN,0.08,0,NaN,-0.55,-0.1,NaN,-0.089
28-Jul-2021,0.1,NaN,0.05,0.1,NaN,0.08,0,NaN,-0.55,-0.1,NaN,-0.085
29-Jul-2021,0.1,NaN,0.05,0.1,NaN,0.08,0,NaN,-0.55,-0.1,NaN,-0.086
30-Jul-2021,0.07,NaN,0.047,0.1,NaN,0.08,0,NaN,-0.55,-0.1,NaN,-0.083
02-Aug-2021,0.1,NaN,0.047,0.1,NaN,0.08,0,NaN,-0.58,-0.1,NaN,-0.085
03-Aug-2021,0.1,NaN,0.06,0.1,NaN,0.08,0,NaN,-0.59,-0.1,NaN,-0.083
04-Aug-2021,0.1,NaN,0.06,0.1,NaN,0.08,0,NaN,-0.59,-0.1,NaN,-0.082
05-Aug-2021,0.1,NaN,0.06,0.1,NaN,0.08,0,NaN,-0.59,-0.1,NaN,-0.079
06-Aug-2021,0.1,NaN,0.06,0.1,NaN,0.08,0,NaN,-0.59,-0.1,NaN,-0.077
09-Aug-2021,0.1,NaN,0.049,0.1,NaN,0.08,0,NaN,-0.59,-0.1,NaN,-0.077
10-Aug-2021,0.1,NaN,0.06,0.1,NaN,0.08,0,NaN,-0.59,-0.1,NaN,-0.073
11-Aug-2021,0.1,NaN,0.05,0.1,NaN,0.08,0,NaN,-0.59,-0.1,NaN,-0.07
12-Aug-2021,0.1,NaN,0.04,0.1,NaN,0.08,0,NaN,-0.59,-0.1,NaN,-0.069
13-Aug-2021,0.1,NaN,0.05,0.1,NaN,0.08,0,NaN,-0.59,-0.1,NaN,-0.075
16-Aug-2021,0.1,NaN,0.056,0.1,NaN,0.07,0,NaN,-0.6,-0.1,NaN,-0.097
17-Aug-2021,0.1,NaN,0.052,0.1,NaN,0.07,0,NaN,-0.6,-0.1,NaN,-0.124
18-Aug-2021,0.09,NaN,0.036,0.1,NaN,0.07,0,NaN,-0.59,-0.1,NaN,-0.131
19-Aug-2021,0.09,NaN,0.02,0.1,NaN,0.06,0,NaN,-0.58,-0.1,NaN,-0.126
20-Aug-2021,0.09,NaN,0.02,0.1,NaN,0.06,0,NaN,-0.57,-0.1,NaN,-0.092
23-Aug-2021,0.09,NaN,0.02,0.1,NaN,0.07,0,NaN,-0.58,-0.1,NaN,-0.094
24-Aug-2021,0.09,NaN,0.054,0.1,NaN,0.07,0,NaN,-0.56,-0.1,NaN,-0.095
25-Aug-2021,0.09,NaN,0.06,0.1,NaN,0.06,0,NaN,-0.56,-0.1,NaN,-0.091
26-Aug-2021,0.09,NaN,0.06,0.1,NaN,0.06,0,NaN,-0.57,-0.1,NaN,-0.089
27-Aug-2021,0.08,NaN,0.056,0.1,NaN,0.06,0,NaN,-0.57,-0.1,NaN,-0.087
30-Aug-2021,0.08,NaN,0.05,0.1,NaN,0.06,0,NaN,-0.57,-0.1,NaN,-0.088
31-Aug-2021,0.06,NaN,0.06,0.1,NaN,0.02,0,NaN,-0.61,-0.1,NaN,-0.087
01-Sep-2021,0.08,NaN,0.05,0.1,NaN,0.08,0,NaN,-0.57,-0.1,NaN,-0.081
02-Sep-2021,0.08,NaN,0.06,0.1,NaN,0.08,0,NaN,-0.58,-0.1,NaN,-0.076
03-Sep-2021,0.08,NaN,0.06,0.1,NaN,0.07,0,NaN,-0.58,-0.1,NaN,-0.073
06-Sep-2021,0.08,NaN,0.06,0.1,NaN,0.07,0,NaN,-0.58,-0.1,NaN,-0.07
07-Sep-2021,0.08,NaN,0.06,0.1,NaN,0.07,0,NaN,-0.58,-0.1,NaN,-0.071
08-Sep-2021,0.08,NaN,0.06,0.1,NaN,0.07,0,NaN,-0.57,-0.1,NaN,-0.072
09-Sep-2021,0.08,NaN,0.06,0.1,NaN,0.07,0,NaN,-0.57,-0.1,NaN,-0.074
10-Sep-2021,0.08,NaN,0.059,0.1,NaN,0.07,0,NaN,-0.57,-0.1,NaN,-0.068
13-Sep-2021,0.08,NaN,0.06,0.1,NaN,0.07,0,NaN,-0.58,-0.1,NaN,-0.066
14-Sep-2021,0.08,NaN,0.05,0.1,NaN,0.07,0,NaN,-0.58,-0.1,NaN,-0.063
15-Sep-2021,0.08,NaN,0.059,0.1,NaN,0.07,0,NaN,-0.59,-0.1,NaN,-0.069
16-Sep-2021,0.08,NaN,0.059,0.1,NaN,0.07,0,NaN,-0.59,-0.1,NaN,-0.095
17-Sep-2021,0.08,NaN,0.04,0.1,NaN,0.07,0,NaN,-0.59,-0.1,NaN,-0.097
20-Sep-2021,0.08,NaN,0.038,0.1,NaN,0.07,0,NaN,-0.6,-0.1,NaN,-0.097
21-Sep-2021,0.08,NaN,0.03,0.1,NaN,0.07,0,NaN,-0.59,-0.1,NaN,-0.094
22-Sep-2021,0.08,NaN,0.03,0.1,NaN,0.07,0,NaN,-0.59,-0.1,NaN,-0.092
23-Sep-2021,0.08,NaN,0.04,0.1,NaN,0.07,0,NaN,-0.58,-0.1,NaN,-0.092
24-Sep-2021,0.08,NaN,0.05,0.1,NaN,0.07,0,NaN,-0.58,-0.1,NaN,-0.092
27-Sep-2021,0.08,NaN,0.055,0.1,NaN,0.07,0,NaN,-0.6,-0.1,NaN,-0.097
28-Sep-2021,0.08,NaN,0.044,0.1,NaN,0.07,0,NaN,-0.6,-0.1,NaN,-0.097
29-Sep-2021,0.08,NaN,0.042,0.1,NaN,0.08,0,NaN,-0.64,-0.1,NaN,-0.087
30-Sep-2021,0.06,NaN,0.05,0.1,NaN,-0.09,0,NaN,-0.86,-0.1,NaN,-0.132
01-Oct-2021,0.08,NaN,0.05,0.1,NaN,-0.09,0,NaN,-0.62,-0.1,NaN,-0.079
04-Oct-2021,0.08,NaN,0.05,0.1,NaN,-0.09,0,NaN,-0.64,-0.1,NaN,-0.082
05-Oct-2021,0.08,NaN,0.045,0.1,NaN,-0.09,0,NaN,-0.63,-0.1,NaN,-0.083
06-Oct-2021,0.08,NaN,0.05,0.1,NaN,-0.09,0,NaN,-0.61,-0.1,NaN,-0.084
07-Oct-2021,0.08,NaN,0.04,0.1,NaN,-0.09,0,NaN,-0.57,-0.1,NaN,-0.083
08-Oct-2021,0.08,NaN,0.04,0.1,NaN,0.07,0,NaN,-0.57,-0.1,NaN,-0.084
11-Oct-2021,0.08,NaN,0.04,0.1,NaN,0.08,0,NaN,-0.59,-0.1,NaN,-0.082
12-Oct-2021,0.08,NaN,0.041,0.1,NaN,0.07,0,NaN,-0.58,-0.1,NaN,-0.088
13-Oct-2021,0.08,NaN,0.04,0.1,NaN,0.07,0,NaN,-0.58,-0.1,NaN,-0.106
14-Oct-2021,0.08,NaN,0.028,0.1,NaN,0.08,0,NaN,-0.58,-0.1,NaN,-0.127
15-Oct-2021,0.08,NaN,0.034,0.1,NaN,0.08,0,NaN,-0.57,-0.1,NaN,-0.085
18-Oct-2021,0.08,NaN,0.014,0.1,NaN,0.08,0,NaN,-0.59,-0.1,NaN,-0.093
19-Oct-2021,0.08,NaN,0.02,0.1,NaN,0.08,0,NaN,-0.6,-0.1,NaN,-0.096
20-Oct-2021,0.08,NaN,0.019,0.1,NaN,0.08,0,NaN,-0.59,-0.1,NaN,-0.096
21-Oct-2021,0.08,NaN,0.01,0.1,NaN,0.08,0,NaN,-0.58,-0.1,NaN,-0.096
22-Oct-2021,0.08,NaN,0.046,0.1,NaN,0.08,0,NaN,-0.58,-0.1,NaN,-0.092
25-Oct-2021,0.08,NaN,0.037,0.1,NaN,0.08,0,NaN,-0.59,-0.1,NaN,-0.095
26-Oct-2021,0.08,NaN,0.044,0.1,NaN,0.08,0,NaN,-0.59,-0.1,NaN,-0.094
27-Oct-2021,0.08,NaN,0.048,0.1,NaN,0.09,0,NaN,-0.6,-0.1,NaN,-0.095
28-Oct-2021,0.08,NaN,0.059,0.1,NaN,-0.09,0,NaN,-0.6,-0.1,NaN,-0.102
29-Oct-2021,0.07,NaN,0.024,0.1,NaN,-0.19,0,NaN,-0.66,-0.1,NaN,-0.093
01-Nov-2021,0.08,NaN,0.059,0.1,NaN,-0.01,0,NaN,-0.67,-0.1,NaN,-0.095
02-Nov-2021,0.08,NaN,0.053,0.1,NaN,-0.01,0,NaN,-0.68,-0.1,NaN,-0.093
03-Nov-2021,0.08,NaN,0.052,0.1,NaN,-0.01,0,NaN,-0.67,-0.1,NaN,-0.093
04-Nov-2021,0.08,NaN,0.054,0.1,NaN,0.06,0,NaN,-0.68,-0.1,NaN,-0.092
05-Nov-2021,0.08,NaN,0.055,0.1,NaN,0.06,0,NaN,-0.66,-0.1,NaN,-0.094
08-Nov-2021,0.08,NaN,0.06,0.1,NaN,0.06,0,NaN,-0.6,-0.1,NaN,-0.091
09-Nov-2021,0.08,NaN,0.054,0.1,NaN,0.05,0,NaN,-0.6,-0.1,NaN,-0.085
10-Nov-2021,0.08,NaN,0.05,0.1,NaN,0.05,0,NaN,-0.6,-0.1,NaN,-0.083
11-Nov-2021,0.08,NaN,0.05,0.1,NaN,0.04,0,NaN,-0.6,-0.1,NaN,-0.084
12-Nov-2021,0.08,NaN,0.05,0.1,NaN,0.04,0,NaN,-0.6,-0.1,NaN,-0.083
15-Nov-2021,0.08,NaN,0.06,0.1,NaN,0.04,0,NaN,-0.61,-0.1,NaN,-0.085
16-Nov-2021,0.08,NaN,0.575,0.1,NaN,0.03,0,NaN,-0.61,-0.1,NaN,-0.094
17-Nov-2021,0.08,NaN,0.048,0.1,NaN,0.03,0,NaN,-0.58,-0.1,NaN,-0.094
18-Nov-2021,0.08,NaN,0.049,0.1,NaN,0.03,0,NaN,-0.6,-0.1,NaN,-0.097
19-Nov-2021,0.08,NaN,0.044,0.1,NaN,0.03,0,NaN,-0.6,-0.1,NaN,-0.098
22-Nov-2021,0.08,NaN,0.044,0.1,NaN,0.04,0,NaN,-0.6,-0.1,NaN,-0.102
23-Nov-2021,0.08,NaN,0.057,0.1,NaN,0.04,0,NaN,-0.6,-0.1,NaN,-0.102
24-Nov-2021,0.08,NaN,0.05,0.1,NaN,0.04,0,NaN,-0.6,-0.1,NaN,-0.1
25-Nov-2021,0.08,NaN,0.05,0.1,NaN,0.04,0,NaN,-0.58,-0.1,NaN,-0.099
26-Nov-2021,0.08,NaN,0.058,0.1,NaN,0.04,0,NaN,-0.57,-0.1,NaN,-0.098
29-Nov-2021,0.08,NaN,0.058,0.1,NaN,0.03,0,NaN,-0.58,-0.1,NaN,-0.098
30-Nov-2021,0.07,NaN,0.063,0.1,NaN,0.01,0,NaN,-0.59,-0.1,NaN,-0.094
01-Dec-2021,0.08,NaN,0.04,0.1,NaN,0.01,0,NaN,-0.59,-0.1,NaN,-0.091
02-Dec-2021,0.08,NaN,0.06,0.1,NaN,0.01,0,NaN,-0.6,-0.1,NaN,-0.09
03-Dec-2021,0.08,NaN,0.06,0.1,NaN,0.01,0,NaN,-0.6,-0.1,NaN,-0.087
06-Dec-2021,0.08,NaN,0.06,0.1,NaN,0.02,0,NaN,-0.63,-0.1,NaN,-0.084
07-Dec-2021,0.08,NaN,0.06,0.1,NaN,0.01,0,NaN,-0.64,-0.1,NaN,-0.084
08-Dec-2021,0.08,NaN,0.058,0.1,NaN,0.03,0,NaN,-0.62,-0.1,NaN,-0.083
09-Dec-2021,0.08,NaN,0.06,0.1,NaN,0.03,0,NaN,-0.62,-0.1,NaN,-0.083
10-Dec-2021,0.08,NaN,0.034,0.1,NaN,0.03,0,NaN,-0.62,-0.1,NaN,-0.06
13-Dec-2021,0.08,NaN,0.031,0.1,NaN,0.03,0,NaN,-0.62,-0.1,NaN,-0.046
14-Dec-2021,0.08,NaN,0.03,0.1,NaN,0.03,0,NaN,-0.62,-0.1,NaN,-0.049
15-Dec-2021,0.08,NaN,0.03,0.1,NaN,0.03,0,NaN,-0.62,-0.1,NaN,-0.048
16-Dec-2021,0.08,NaN,0.04,0.25,NaN,0.03,0,NaN,-0.63,-0.1,NaN,-0.086
17-Dec-2021,0.08,NaN,0.04,0.25,NaN,0.06,0,NaN,-0.63,-0.1,NaN,-0.085
20-Dec-2021,0.08,NaN,0.04,0.25,NaN,0.06,0,NaN,-0.68,-0.1,NaN,-0.084
21-Dec-2021,0.08,NaN,0.026,0.25,NaN,0.06,0,NaN,-0.67,-0.1,NaN,-0.084
22-Dec-2021,0.08,NaN,0.02,0.25,NaN,0.06,0,NaN,-0.67,-0.1,NaN,-0.086
23-Dec-2021,0.08,NaN,0.05,0.25,NaN,0.06,0,NaN,-0.67,-0.1,NaN,-0.082
24-Dec-2021,0.08,NaN,0.05,0.25,NaN,0.06,0,NaN,-0.67,-0.1,NaN,-0.067
27-Dec-2021,0.08,NaN,0.03,0.25,NaN,0.06,0,NaN,-0.67,-0.1,NaN,-0.076
28-Dec-2021,0.08,NaN,0.038,0.25,NaN,0.06,0,NaN,-0.67,-0.1,NaN,-0.077
29-Dec-2021,0.08,NaN,0.041,0.25,NaN,0.03,0,NaN,-1.09,-0.1,NaN,-0.083
30-Dec-2021,0.08,NaN,0.04,0.25,NaN,-0.03,0,NaN,-1.74,-0.1,NaN,-0.08
31-Dec-2021,0.07,NaN,0.013,0.25,NaN,-0.03,0,NaN,-1.74,-0.1,NaN,-0.08
03-Jan-2022,0.08,NaN,0.04,0.25,NaN,0,0,NaN,-0.65,-0.1,NaN,-0.08
04-Jan-2022,0.08,NaN,0.069,0.25,NaN,0.07,0,NaN,-0.64,-0.1,NaN,-0.077
05-Jan-2022,0.08,NaN,0.069,0.25,NaN,0.13,0,NaN,-0.64,-0.1,NaN,-0.072
06-Jan-2022,0.08,NaN,0.05,0.25,NaN,0.14,0,NaN,-0.64,-0.1,NaN,-0.064
07-Jan-2022,0.08,NaN,0.03,0.25,NaN,0.17,0,NaN,-0.64,-0.1,NaN,-0.077
10-Jan-2022,0.08,NaN,0.07,0.25,NaN,0.2,0,NaN,-0.64,-0.1,NaN,-0.077
11-Jan-2022,0.08,NaN,0.07,0.25,NaN,0.23,0,NaN,-0.66,-0.1,NaN,-0.082
12-Jan-2022,0.08,NaN,0.033,0.25,NaN,0.25,0,NaN,-0.65,-0.1,NaN,-0.084
13-Jan-2022,0.08,NaN,0.022,0.25,NaN,0.25,0,NaN,-0.65,-0.1,NaN,-0.082
14-Jan-2022,0.08,NaN,0.022,0.25,NaN,0.27,0,NaN,-0.63,-0.1,NaN,-0.084
17-Jan-2022,0.08,NaN,0.022,0.25,NaN,0.27,0,NaN,-0.64,-0.1,NaN,-0.084
18-Jan-2022,0.08,NaN,0.04,0.25,NaN,0.22,0,NaN,-0.64,-0.1,NaN,-0.086
19-Jan-2022,0.08,NaN,0.04,0.25,NaN,0.22,0,NaN,-0.65,-0.1,NaN,-0.085
20-Jan-2022,0.08,NaN,0.01,0.25,NaN,0.2,0,NaN,-0.63,-0.1,NaN,-0.086
21-Jan-2022,0.08,NaN,0.01,0.25,NaN,0.2,0,NaN,-0.63,-0.1,NaN,-0.086
24-Jan-2022,0.08,NaN,0.01,0.25,NaN,0.11,0,NaN,-0.61,-0.1,NaN,-0.086
25-Jan-2022,0.08,NaN,0.038,0.25,NaN,0.21,0,NaN,-0.6,-0.1,NaN,-0.088
26-Jan-2022,0.08,NaN,0.042,0.25,NaN,0.21,0,NaN,-0.6,-0.1,NaN,-0.085
27-Jan-2022,0.08,NaN,0.05,0.25,NaN,0.21,0,NaN,-0.59,-0.1,NaN,-0.087
28-Jan-2022,0.08,NaN,0.01,0.25,NaN,0.21,0,NaN,-0.62,-0.1,NaN,-0.087
31-Jan-2022,0.08,NaN,0.04,0.25,NaN,0.21,0,NaN,-0.81,-0.1,NaN,-0.085
01-Feb-2022,0.08,NaN,0.05,0.25,NaN,0.09,0,NaN,-0.77,-0.1,NaN,-0.085
02-Feb-2022,0.08,NaN,0.05,0.25,NaN,0.06,0,NaN,-0.77,-0.1,NaN,-0.084
03-Feb-2022,0.08,NaN,0.06,0.5,NaN,0.06,0,NaN,-0.72,-0.1,NaN,-0.083
04-Feb-2022,0.08,NaN,0.05,0.5,NaN,0.44,0,NaN,-0.69,-0.1,NaN,-0.08
07-Feb-2022,0.08,NaN,0.01,0.5,NaN,0.42,0,NaN,-0.69,-0.1,NaN,-0.081
08-Feb-2022,0.08,NaN,0.005,0.5,NaN,0.42,0,NaN,-0.69,-0.1,NaN,-0.08
09-Feb-2022,0.08,NaN,0.03,0.5,NaN,0.41,0,NaN,-0.68,-0.1,NaN,-0.08
10-Feb-2022,0.08,NaN,0.053,0.5,NaN,0.41,0,NaN,-0.68,-0.1,NaN,-0.083
11-Feb-2022,0.08,NaN,0.06,0.5,NaN,0.41,0,NaN,-0.68,-0.1,NaN,-0.083
14-Feb-2022,0.08,NaN,0.05,0.5,NaN,0.41,0,NaN,-0.68,-0.1,NaN,-0.087
15-Feb-2022,0.08,NaN,0.05,0.5,NaN,0.43,0,NaN,-0.66,-0.1,NaN,-0.085
16-Feb-2022,0.08,NaN,0.058,0.5,NaN,0.44,0,NaN,-0.66,-0.1,NaN,-0.084
17-Feb-2022,0.08,NaN,0.05,0.5,NaN,0.44,0,NaN,-0.61,-0.1,NaN,-0.086
18-Feb-2022,0.08,NaN,0.05,0.5,NaN,0.44,0,NaN,-0.61,-0.1,NaN,-0.086
21-Feb-2022,0.08,NaN,0.05,0.5,NaN,0.41,0,NaN,-0.61,-0.1,NaN,-0.086
22-Feb-2022,0.08,NaN,0.05,0.5,NaN,0.41,0,NaN,-0.61,-0.1,NaN,-0.087
23-Feb-2022,0.08,NaN,0.05,0.5,NaN,0.39,0,NaN,-0.61,-0.1,NaN,-0.087
24-Feb-2022,0.08,NaN,0.05,0.5,NaN,0.39,0,NaN,-0.6,-0.1,NaN,-0.087
25-Feb-2022,0.08,NaN,0.058,0.5,NaN,0.39,0,NaN,-0.6,-0.1,NaN,-0.087
28-Feb-2022,0.08,NaN,0.062,0.5,NaN,0.39,0,NaN,-0.62,-0.1,NaN,-0.087
01-Mar-2022,0.08,NaN,0.062,0.5,NaN,0.42,0,NaN,-0.63,-0.1,NaN,-0.086
02-Mar-2022,0.08,NaN,0.058,0.5,NaN,0.42,0,NaN,-0.63,-0.1,NaN,-0.085
03-Mar-2022,0.08,NaN,0.06,0.5,NaN,0.44,0,NaN,-0.63,-0.1,NaN,-0.084
04-Mar-2022,0.08,NaN,0.06,0.5,NaN,0.44,0,NaN,-0.63,-0.1,NaN,-0.085
07-Mar-2022,0.08,NaN,0.061,0.5,NaN,0.49,0,NaN,-0.63,-0.1,NaN,-0.082
08-Mar-2022,0.08,NaN,0.061,0.5,NaN,0.51,0,NaN,-0.65,-0.1,NaN,-0.078
09-Mar-2022,0.08,NaN,0.049,0.5,NaN,0.51,0,NaN,-0.63,-0.1,NaN,-0.08
10-Mar-2022,0.08,NaN,0.05,0.5,NaN,0.49,0,NaN,-0.62,-0.1,NaN,-0.081
11-Mar-2022,0.08,NaN,0.04,0.5,NaN,0.47,0,NaN,-0.62,-0.1,NaN,-0.082
14-Mar-2022,0.08,NaN,0.01,0.5,NaN,0.47,0,NaN,-0.62,-0.1,NaN,-0.077
15-Mar-2022,0.08,NaN,0.046,0.5,NaN,0.52,0,NaN,-0.62,-0.1,NaN,-0.088
16-Mar-2022,0.08,NaN,0.045,0.5,NaN,0.52,0,NaN,-0.62,-0.1,NaN,-0.085
17-Mar-2022,0.33,NaN,0.3,0.75,NaN,0.71,0,NaN,-0.62,-0.1,NaN,-0.085
18-Mar-2022,0.33,NaN,0.28,0.75,NaN,0.75,0,NaN,-0.62,-0.1,NaN,-0.083
21-Mar-2022,0.33,NaN,0.3,0.75,NaN,0.74,0,NaN,-0.62,-0.1,NaN,-0.083
22-Mar-2022,0.33,NaN,0.27,0.75,NaN,0.72,0,NaN,-0.63,-0.1,NaN,-0.084
23-Mar-2022,0.33,NaN,0.26,0.75,NaN,0.57,0,NaN,-0.63,-0.1,NaN,-0.084
24-Mar-2022,0.33,NaN,0.28,0.75,NaN,0.67,0,NaN,-0.63,-0.1,NaN,-0.095
25-Mar-2022,0.33,NaN,0.28,0.75,NaN,0.69,0,NaN,-0.63,-0.1,NaN,-0.087
28-Mar-2022,0.33,NaN,0.28,0.75,NaN,0.7,0,NaN,-0.63,-0.1,NaN,-0.092
29-Mar-2022,0.33,NaN,0.269,0.75,NaN,0.67,0,NaN,-0.63,-0.1,NaN,-0.1
30-Mar-2022,0.33,NaN,0.271,0.75,NaN,0.67,0,NaN,-0.63,-0.1,NaN,-0.098
31-Mar-2022,0.33,NaN,0.09,0.75,NaN,0.67,0,NaN,-1.04,-0.1,NaN,-0.264
01-Apr-2022,0.33,NaN,0.307,0.75,NaN,0.71,0,NaN,-0.66,-0.1,NaN,-0.105
04-Apr-2022,0.33,NaN,0.31,0.75,NaN,0.71,0,NaN,-0.66,-0.1,NaN,-0.087
05-Apr-2022,0.33,NaN,0.31,0.75,NaN,0.71,0,NaN,-0.66,-0.1,NaN,-0.1
06-Apr-2022,0.33,NaN,0.293,0.75,NaN,0.71,0,NaN,-0.66,-0.1,NaN,-0.098
07-Apr-2022,0.33,NaN,0.292,0.75,NaN,0.71,0,NaN,-0.66,-0.1,NaN,-0.098
08-Apr-2022,0.33,NaN,0.287,0.75,NaN,0.72,0,NaN,-0.66,-0.1,NaN,-0.106
11-Apr-2022,0.33,NaN,0.293,0.75,NaN,0.72,0,NaN,-0.66,-0.1,NaN,-0.198
12-Apr-2022,0.33,NaN,0.3,0.75,NaN,0.74,0,NaN,-0.66,-0.1,NaN,-0.2
13-Apr-2022,0.33,NaN,0.29,0.75,NaN,0.74,0,NaN,-0.64,-0.1,NaN,-0.186
14-Apr-2022,0.33,NaN,0.292,0.75,NaN,0.75,0,NaN,-0.63,-0.1,NaN,-0.148
15-Apr-2022,0.33,NaN,0.292,0.75,NaN,0.75,0,NaN,-0.63,-0.1,NaN,-0.093
18-Apr-2022,0.33,NaN,0.29,0.75,NaN,0.75,0,NaN,-0.63,-0.1,NaN,-0.088
19-Apr-2022,0.33,NaN,0.286,0.75,NaN,0.76,0,NaN,-0.62,-0.1,NaN,-0.104
20-Apr-2022,0.33,NaN,0.254,0.75,NaN,0.76,0,NaN,-0.62,-0.1,NaN,-0.088
21-Apr-2022,0.33,NaN,0.32,0.75,NaN,0.75,0,NaN,-0.62,-0.1,NaN,-0.091
22-Apr-2022,0.33,NaN,0.287,0.75,NaN,0.75,0,NaN,-0.62,-0.1,NaN,-0.091
25-Apr-2022,0.33,NaN,0.263,0.75,NaN,0.75,0,NaN,-0.62,-0.1,NaN,-0.106
26-Apr-2022,0.33,NaN,0.28,0.75,NaN,0.75,0,NaN,-0.62,-0.1,NaN,-0.111
27-Apr-2022,0.33,NaN,0.29,0.75,NaN,0.75,0,NaN,-0.62,-0.1,NaN,-0.118
28-Apr-2022,0.33,NaN,0.27,0.75,NaN,0.75,0,NaN,-0.62,-0.1,NaN,-0.128
29-Apr-2022,0.33,NaN,0.247,0.75,NaN,0.75,0,NaN,-0.62,-0.1,NaN,-0.128
02-May-2022,0.33,NaN,0.302,0.75,NaN,0.75,0,NaN,-0.65,-0.1,NaN,-0.109
03-May-2022,0.33,NaN,0.3,0.75,NaN,0.75,0,NaN,-0.65,-0.1,NaN,-0.109
04-May-2022,0.33,NaN,0.29,0.75,NaN,0.75,0,NaN,-0.65,-0.1,NaN,-0.109
05-May-2022,0.83,NaN,0.781,1,NaN,0.99,0,NaN,-0.65,-0.1,NaN,-0.109
06-May-2022,0.83,NaN,0.783,1,NaN,0.96,0,NaN,-0.65,-0.1,NaN,-0.107
09-May-2022,0.83,NaN,0.77,1,NaN,0.97,0,NaN,-0.63,-0.1,NaN,-0.087
10-May-2022,0.83,NaN,0.772,1,NaN,0.99,0,NaN,-0.63,-0.1,NaN,-0.088
11-May-2022,0.83,NaN,0.783,1,NaN,0.99,0,NaN,-0.63,-0.1,NaN,-0.094
12-May-2022,0.83,NaN,0.8,1,NaN,0.99,0,NaN,-0.63,-0.1,NaN,-0.092
13-May-2022,0.83,NaN,0.804,1,NaN,0.99,0,NaN,-0.63,-0.1,NaN,-0.089
16-May-2022,0.83,NaN,0.804,1,NaN,0.99,0,NaN,-0.63,-0.1,NaN,-0.098
17-May-2022,0.83,NaN,0.8,1,NaN,0.99,0,NaN,-0.63,-0.1,NaN,-0.104
18-May-2022,0.83,NaN,0.79,1,NaN,0.99,0,NaN,-0.63,-0.1,NaN,-0.098
19-May-2022,0.83,NaN,0.79,1,NaN,0.99,0,NaN,-0.63,-0.1,NaN,-0.098
20-May-2022,0.83,NaN,0.79,1,NaN,0.99,0,NaN,-0.63,-0.1,NaN,-0.099
23-May-2022,0.83,NaN,0.797,1,NaN,0.99,0,NaN,-0.62,-0.1,NaN,-0.1
24-May-2022,0.83,NaN,0.79,1,NaN,0.99,0,NaN,-0.62,-0.1,NaN,-0.099
25-May-2022,0.83,NaN,0.78,1,NaN,1,0,NaN,-0.62,-0.1,NaN,-0.1
26-May-2022,0.83,NaN,0.79,1,NaN,1,0,NaN,-0.62,-0.1,NaN,-0.1
27-May-2022,0.83,NaN,0.777,1,NaN,1,0,NaN,-0.62,-0.1,NaN,-0.088
30-May-2022,0.83,NaN,0.777,1,NaN,1,0,NaN,-0.62,-0.1,NaN,-0.088
31-May-2022,0.83,NaN,0.808,1,NaN,1.04,0,NaN,-0.62,-0.1,NaN,-0.096
01-Jun-2022,0.83,NaN,0.8,1,NaN,1.08,0,NaN,-0.62,-0.1,NaN,-0.093
02-Jun-2022,0.83,NaN,0.8,1,NaN,1.08,0,NaN,-0.62,-0.1,NaN,-0.089
03-Jun-2022,0.83,NaN,0.759,1,NaN,1.08,0,NaN,-0.62,-0.1,NaN,-0.087
06-Jun-2022,0.83,NaN,0.78,1,NaN,1.08,0,NaN,-0.62,-0.1,NaN,-0.091
07-Jun-2022,0.83,NaN,0.75,1,NaN,1.09,0,NaN,-0.62,-0.1,NaN,-0.083
08-Jun-2022,0.83,NaN,0.757,1,NaN,1.1,0,NaN,-0.62,-0.1,NaN,-0.086
09-Jun-2022,0.83,NaN,0.759,1,NaN,1.14,0,NaN,-0.62,-0.1,NaN,-0.087
10-Jun-2022,0.83,NaN,0.754,1,NaN,1.14,0,NaN,-0.62,-0.1,NaN,-0.086
13-Jun-2022,0.83,NaN,0.709,1,NaN,1.15,0,NaN,-0.62,-0.1,NaN,-0.085
14-Jun-2022,0.83,NaN,0.709,1,NaN,1.21,0,NaN,-0.62,-0.1,NaN,-0.087
15-Jun-2022,0.83,NaN,0.723,1,NaN,1.21,0,NaN,-0.62,-0.1,NaN,-0.091
16-Jun-2022,1.58,NaN,1.495,1.25,NaN,1.21,0,NaN,-0.62,-0.1,NaN,-0.102
17-Jun-2022,1.58,NaN,1.47,1.25,NaN,1.21,0,NaN,-0.62,-0.1,NaN,-0.143
20-Jun-2022,1.58,NaN,1.47,1.25,NaN,1.19,0,NaN,-0.62,-0.1,NaN,-0.114
21-Jun-2022,1.58,NaN,1.483,1.25,NaN,1.19,0,NaN,-0.62,-0.1,NaN,-0.137
22-Jun-2022,1.58,NaN,1.492,1.25,NaN,1.19,0,NaN,-0.62,-0.1,NaN,-0.113
23-Jun-2022,1.58,NaN,1.492,1.25,NaN,1.19,0,NaN,-0.62,-0.1,NaN,-0.135
24-Jun-2022,1.58,NaN,1.518,1.25,NaN,1.19,0,NaN,-0.62,-0.1,NaN,-0.1
27-Jun-2022,1.58,NaN,1.559,1.25,NaN,1.2,0,NaN,-0.62,-0.1,NaN,-0.087
28-Jun-2022,1.58,NaN,1.542,1.25,NaN,1.2,0,NaN,-0.62,-0.1,NaN,-0.087
29-Jun-2022,1.58,NaN,1.54,1.25,NaN,1.18,0,NaN,-0.64,-0.1,NaN,-0.093
30-Jun-2022,1.58,NaN,1.466,1.25,NaN,1.2,0,NaN,-0.63,-0.1,NaN,-0.233
01-Jul-2022,1.58,NaN,1.532,1.25,NaN,1.18,0,NaN,-0.63,-0.1,NaN,-0.114
04-Jul-2022,1.58,NaN,1.532,1.25,NaN,1.18,0,NaN,-0.63,-0.1,NaN,-0.095
05-Jul-2022,1.58,NaN,1.48,1.25,NaN,1.21,0,NaN,-0.63,-0.1,NaN,-0.147
06-Jul-2022,1.58,NaN,1.55,1.25,NaN,1.22,0,NaN,-0.63,-0.1,NaN,-0.106
07-Jul-2022,1.58,NaN,1.55,1.25,NaN,1.22,0,NaN,-0.63,-0.1,NaN,-0.104
08-Jul-2022,1.58,NaN,1.55,1.25,NaN,1.26,0,NaN,-0.63,-0.1,NaN,-0.104
11-Jul-2022,1.58,NaN,1.55,1.25,NaN,1.28,0,NaN,-0.63,-0.1,NaN,-0.146
12-Jul-2022,1.58,NaN,1.55,1.25,NaN,1.32,0,NaN,-0.63,-0.1,NaN,-0.119
13-Jul-2022,1.58,NaN,1.55,1.25,NaN,1.38,0,NaN,-0.63,-0.1,NaN,-0.106
14-Jul-2022,1.58,NaN,1.58,1.25,NaN,1.38,0,NaN,-0.63,-0.1,NaN,-0.099
15-Jul-2022,1.58,NaN,1.56,1.25,NaN,1.4,0,NaN,-0.63,-0.1,NaN,-0.093
18-Jul-2022,1.58,NaN,1.553,1.25,NaN,1.41,0,NaN,-0.62,-0.1,NaN,-0.093
19-Jul-2022,1.58,NaN,1.55,1.25,NaN,1.43,0,NaN,-0.61,-0.1,NaN,-0.099
20-Jul-2022,1.58,NaN,1.534,1.25,NaN,1.43,0,NaN,-0.61,-0.1,NaN,-0.103
21-Jul-2022,1.58,NaN,1.53,1.25,NaN,1.43,0.5,NaN,-0.61,-0.1,NaN,-0.126
22-Jul-2022,1.58,NaN,1.53,1.25,NaN,1.43,0.5,NaN,-0.61,-0.1,NaN,-0.102
25-Jul-2022,1.58,NaN,1.549,1.25,NaN,1.43,0.5,NaN,-0.61,-0.1,NaN,-0.095
26-Jul-2022,1.58,NaN,1.56,1.25,NaN,1.43,0.5,NaN,-0.61,-0.1,NaN,-0.093
27-Jul-2022,1.58,NaN,1.553,1.25,NaN,1.43,0.5,NaN,-0.2,-0.1,NaN,-0.093
28-Jul-2022,2.33,NaN,2.27,1.25,NaN,1.45,0.5,NaN,-0.19,-0.1,NaN,-0.14
29-Jul-2022,2.32,NaN,2.32,1.25,NaN,1.45,0.5,NaN,-0.2,-0.1,NaN,-0.115
01-Aug-2022,2.33,NaN,2.31,1.25,NaN,1.45,0.5,NaN,-0.2,-0.1,NaN,-0.099
02-Aug-2022,2.33,NaN,2.313,1.25,NaN,1.22,0.5,NaN,-0.2,-0.1,NaN,-0.103
03-Aug-2022,2.33,NaN,2.31,1.25,NaN,1.17,0.5,NaN,-0.2,-0.1,NaN,-0.095
04-Aug-2022,2.33,NaN,2.31,1.75,NaN,1.7,0.5,NaN,-0.2,-0.1,NaN,-0.095
05-Aug-2022,2.33,NaN,2.31,1.75,NaN,1.7,0.5,NaN,-0.2,-0.1,NaN,-0.092
08-Aug-2022,2.33,NaN,2.31,1.75,NaN,1.68,0.5,NaN,-0.2,-0.1,NaN,-0.089
09-Aug-2022,2.33,NaN,2.305,1.75,NaN,1.68,0.5,NaN,-0.2,-0.1,NaN,-0.087
10-Aug-2022,2.33,NaN,2.305,1.75,NaN,1.68,0.5,NaN,-0.2,-0.1,NaN,-0.086
11-Aug-2022,2.33,NaN,2.31,1.75,NaN,1.69,0.5,NaN,-0.2,-0.1,NaN,-0.086
12-Aug-2022,2.33,NaN,2.29,1.75,NaN,1.69,0.5,NaN,-0.18,-0.1,NaN,-0.087
15-Aug-2022,2.33,NaN,2.31,1.75,NaN,1.69,0.5,NaN,-0.18,-0.1,NaN,-0.088
16-Aug-2022,2.33,NaN,2.302,1.75,NaN,1.69,0.5,NaN,-0.18,-0.1,NaN,-0.086
17-Aug-2022,2.33,NaN,2.3,1.75,NaN,1.73,0.5,NaN,-0.18,-0.1,NaN,-0.086
18-Aug-2022,2.33,NaN,2.297,1.75,NaN,1.73,0.5,NaN,-0.18,-0.1,NaN,-0.085
19-Aug-2022,2.33,NaN,2.29,1.75,NaN,1.73,0.5,NaN,-0.18,-0.1,NaN,-0.085
22-Aug-2022,2.33,NaN,2.29,1.75,NaN,1.73,0.5,NaN,-0.18,-0.1,NaN,-0.086
23-Aug-2022,2.33,NaN,2.289,1.75,NaN,1.75,0.5,NaN,-0.15,-0.1,NaN,-0.089
24-Aug-2022,2.33,NaN,2.289,1.75,NaN,1.75,0.5,NaN,-0.15,-0.1,NaN,-0.093
25-Aug-2022,2.33,NaN,2.29,1.75,NaN,1.75,0.5,NaN,-0.15,-0.1,NaN,-0.094
26-Aug-2022,2.33,NaN,2.3,1.75,NaN,1.8,0.5,NaN,-0.15,-0.1,NaN,-0.093
29-Aug-2022,2.33,NaN,2.29,1.75,NaN,1.8,0.5,NaN,-0.15,-0.1,NaN,-0.093
30-Aug-2022,2.33,NaN,2.29,1.75,NaN,1.8,0.5,NaN,-0.15,-0.1,NaN,-0.096
31-Aug-2022,2.33,NaN,2.284,1.75,NaN,1.77,0.5,NaN,-0.15,-0.1,NaN,-0.094
01-Sep-2022,2.33,NaN,2.3,1.75,NaN,1.78,0.5,NaN,-0.15,-0.1,NaN,-0.093
02-Sep-2022,2.33,NaN,2.298,1.75,NaN,1.78,0.5,NaN,-0.15,-0.1,NaN,-0.092
05-Sep-2022,2.33,NaN,2.298,1.75,NaN,1.78,0.5,NaN,-0.15,-0.1,NaN,-0.087
06-Sep-2022,2.33,NaN,2.298,1.75,NaN,1.78,0.5,NaN,-0.15,-0.1,NaN,-0.087
07-Sep-2022,2.33,NaN,2.3,1.75,NaN,1.72,0.5,NaN,-0.15,-0.1,NaN,-0.089
08-Sep-2022,2.33,NaN,2.297,1.75,NaN,1.77,1.25,NaN,-0.15,-0.1,NaN,-0.086
09-Sep-2022,2.33,NaN,2.296,1.75,NaN,1.77,1.25,NaN,-0.15,-0.1,NaN,-0.086
12-Sep-2022,2.33,NaN,2.295,1.75,NaN,1.67,1.25,NaN,-0.15,-0.1,NaN,-0.084
13-Sep-2022,2.33,NaN,2.297,1.75,NaN,1.67,1.25,NaN,-0.15,-0.1,NaN,-0.086
14-Sep-2022,2.33,NaN,2.296,1.75,NaN,1.67,1.25,NaN,-0.38,-0.1,NaN,-0.086
15-Sep-2022,2.33,NaN,2.304,1.75,NaN,1.62,1.25,NaN,-0.16,-0.1,NaN,-0.084
16-Sep-2022,2.33,NaN,2.286,1.75,NaN,1.62,1.25,NaN,0.32,-0.1,NaN,-0.087
19-Sep-2022,2.33,NaN,2.274,1.75,NaN,1.62,1.25,NaN,0.32,-0.1,NaN,-0.087
20-Sep-2022,2.33,NaN,2.283,1.75,NaN,1.62,1.25,NaN,0.39,-0.1,NaN,-0.087
21-Sep-2022,2.33,NaN,2.23,1.75,NaN,1.62,1.25,NaN,0.49,-0.1,NaN,-0.088
22-Sep-2022,3.08,NaN,2.99,2.25,NaN,2.15,1.25,NaN,0.49,-0.1,NaN,-0.086
23-Sep-2022,3.08,NaN,2.997,2.25,NaN,1.67,1.25,NaN,0.51,-0.1,NaN,-0.086
26-Sep-2022,3.08,NaN,2.996,2.25,NaN,1.98,1.25,NaN,0.51,-0.1,NaN,-0.085
27-Sep-2022,3.08,NaN,2.985,2.25,NaN,2.02,1.25,NaN,0.51,-0.1,NaN,-0.087
28-Sep-2022,3.08,NaN,2.964,2.25,NaN,2.32,1.25,NaN,0.51,-0.1,NaN,-0.087
29-Sep-2022,3.08,NaN,2.989,2.25,NaN,2.23,1.25,NaN,0.56,-0.1,NaN,-0.088
30-Sep-2022,3.08,NaN,3.019,2.25,NaN,2.2,1.25,NaN,-0.4,-0.1,NaN,-0.091
03-Oct-2022,3.08,NaN,3.062,2.25,NaN,2.17,1.25,NaN,0.56,-0.1,NaN,-0.096
04-Oct-2022,3.08,NaN,3.05,2.25,NaN,2.17,1.25,NaN,0.56,-0.1,NaN,-0.106
05-Oct-2022,3.08,NaN,3.063,2.25,NaN,2.24,1.25,NaN,0.56,-0.1,NaN,-0.104
06-Oct-2022,3.08,NaN,3.067,2.25,NaN,2.24,1.25,NaN,0.56,-0.1,NaN,-0.098
07-Oct-2022,3.08,NaN,3.062,2.25,NaN,2.37,1.25,NaN,0.56,-0.1,NaN,-0.086
10-Oct-2022,3.08,NaN,3.062,2.25,NaN,2.42,1.25,NaN,0.54,-0.1,NaN,-0.086
11-Oct-2022,3.08,NaN,3.069,2.25,NaN,2.49,1.25,NaN,0.55,-0.1,NaN,-0.081
12-Oct-2022,3.08,NaN,3.06,2.25,NaN,2.48,1.25,NaN,0.55,-0.1,NaN,-0.082
13-Oct-2022,3.08,NaN,3.04,2.25,NaN,2.48,1.25,NaN,0.55,-0.1,NaN,-0.115
14-Oct-2022,3.08,NaN,3.05,2.25,NaN,2.52,1.25,NaN,0.55,-0.1,NaN,-0.085
17-Oct-2022,3.08,NaN,3.062,2.25,NaN,2.52,1.25,NaN,0.55,-0.1,NaN,-0.084
18-Oct-2022,3.08,NaN,3.06,2.25,NaN,2.52,1.25,NaN,0.55,-0.1,NaN,-0.084
19-Oct-2022,3.08,NaN,3.05,2.25,NaN,2.52,1.25,NaN,0.55,-0.1,NaN,-0.084
20-Oct-2022,3.08,NaN,3.043,2.25,NaN,2.52,1.25,NaN,0.55,-0.1,NaN,-0.085
21-Oct-2022,3.08,NaN,3.043,2.25,NaN,2.52,1.25,NaN,0.55,-0.1,NaN,-0.075
24-Oct-2022,3.08,NaN,3.038,2.25,NaN,2.52,1.25,NaN,0.55,-0.1,NaN,-0.074
25-Oct-2022,3.08,NaN,3.041,2.25,NaN,2.52,1.25,NaN,0.55,-0.1,NaN,-0.076
26-Oct-2022,3.08,NaN,3.043,2.25,NaN,2.52,1.25,NaN,0.55,-0.1,NaN,-0.086
27-Oct-2022,3.08,NaN,3.052,2.25,NaN,2.52,2,NaN,0.55,-0.1,NaN,-0.085
28-Oct-2022,3.08,NaN,3.06,2.25,NaN,2.52,2,NaN,0.55,-0.1,NaN,-0.084
31-Oct-2022,3.08,NaN,3.047,2.25,NaN,1.94,2,NaN,0.55,-0.1,NaN,-0.085
01-Nov-2022,3.08,NaN,3.057,2.25,NaN,1.94,2,NaN,0.23,-0.1,NaN,-0.085
02-Nov-2022,3.08,NaN,3.059,2.25,NaN,1.94,2,NaN,1.19,-0.1,NaN,-0.084
03-Nov-2022,3.83,NaN,3.799,3,NaN,2.71,2,NaN,1.19,-0.1,NaN,-0.084
04-Nov-2022,3.83,NaN,3.79,3,NaN,2.76,2,NaN,1.22,-0.1,NaN,-0.084
07-Nov-2022,3.83,NaN,3.791,3,NaN,2.79,2,NaN,1.22,-0.1,NaN,-0.084
08-Nov-2022,3.83,NaN,3.795,3,NaN,2.79,2,NaN,1.22,-0.1,NaN,-0.086
09-Nov-2022,3.83,NaN,3.786,3,NaN,2.81,2,NaN,1.25,-0.1,NaN,-0.085
10-Nov-2022,3.83,NaN,3.794,3,NaN,2.84,2,NaN,1.29,-0.1,NaN,-0.084
11-Nov-2022,3.83,NaN,3.794,3,NaN,2.84,2,NaN,1.29,-0.1,NaN,-0.085
14-Nov-2022,3.83,NaN,3.813,3,NaN,2.84,2,NaN,1.29,-0.1,NaN,-0.084
15-Nov-2022,3.83,NaN,3.823,3,NaN,2.83,2,NaN,1.26,-0.1,NaN,-0.084
16-Nov-2022,3.83,NaN,3.824,3,NaN,2.81,2,NaN,1.26,-0.1,NaN,-0.085
17-Nov-2022,3.83,NaN,3.821,3,NaN,2.82,2,NaN,1.27,-0.1,NaN,-0.084
18-Nov-2022,3.83,NaN,3.818,3,NaN,2.84,2,NaN,1.27,-0.1,NaN,-0.085
21-Nov-2022,3.83,NaN,3.818,3,NaN,2.84,2,NaN,1.29,-0.1,NaN,-0.092
22-Nov-2022,3.83,NaN,3.819,3,NaN,2.84,2,NaN,1.29,-0.1,NaN,-0.092
23-Nov-2022,3.83,NaN,3.78,3,NaN,2.84,2,NaN,1.29,-0.1,NaN,-0.092
24-Nov-2022,3.83,NaN,3.78,3,NaN,2.84,2,NaN,1.31,-0.1,NaN,-0.093
25-Nov-2022,3.83,NaN,3.815,3,NaN,2.84,2,NaN,1.31,-0.1,NaN,-0.097
28-Nov-2022,3.83,NaN,3.831,3,NaN,2.84,2,NaN,1.31,-0.1,NaN,-0.119
29-Nov-2022,3.83,NaN,3.838,3,NaN,2.84,2,NaN,1.31,-0.1,NaN,-0.107
30-Nov-2022,3.83,NaN,3.838,3,NaN,2.84,2,NaN,1.31,-0.1,NaN,-0.115
01-Dec-2022,3.83,NaN,3.836,3,NaN,2.84,2,NaN,1.31,-0.1,NaN,-0.104
02-Dec-2022,3.83,NaN,3.837,3,NaN,2.84,2,NaN,1.31,-0.1,NaN,-0.103
05-Dec-2022,3.83,NaN,3.837,3,NaN,2.84,2,NaN,1.31,-0.1,NaN,-0.102
06-Dec-2022,3.83,NaN,3.815,3,NaN,2.84,2,NaN,1.31,-0.1,NaN,-0.099
07-Dec-2022,3.83,NaN,3.804,3,NaN,2.94,2,NaN,1.31,-0.1,NaN,-0.098
08-Dec-2022,3.83,NaN,3.817,3,NaN,2.94,2,NaN,1.31,-0.1,NaN,-0.096
09-Dec-2022,3.83,NaN,3.826,3,NaN,2.94,2,NaN,1.31,-0.1,NaN,-0.097
12-Dec-2022,3.83,NaN,3.829,3,NaN,2.94,2,NaN,1.31,-0.1,NaN,-0.089
13-Dec-2022,3.83,NaN,3.82,3,NaN,2.94,2,NaN,1.31,-0.1,NaN,-0.086
14-Dec-2022,3.83,NaN,3.812,3,NaN,2.94,2,NaN,1.31,-0.1,NaN,-0.086
15-Dec-2022,4.33,NaN,4.362,3.5,NaN,2.94,2.5,NaN,1.31,-0.1,NaN,-0.086
16-Dec-2022,4.33,NaN,4.352,3.5,NaN,3.46,2.5,NaN,1.31,-0.1,NaN,-0.086
19-Dec-2022,4.33,NaN,4.329,3.5,NaN,3.4,2.5,NaN,1.31,-0.1,NaN,-0.086
20-Dec-2022,4.33,NaN,4.3,3.5,NaN,3.4,2.5,NaN,1.31,-0.1,NaN,-0.087
21-Dec-2022,4.33,NaN,4.3,3.5,NaN,3.4,2.5,NaN,1.69,-0.1,NaN,-0.099
22-Dec-2022,4.33,NaN,4.307,3.5,NaN,3.4,2.5,NaN,1.69,-0.1,NaN,-0.091
23-Dec-2022,4.33,NaN,4.294,3.5,NaN,3.4,2.5,NaN,1.69,-0.1,NaN,-0.094
26-Dec-2022,4.33,NaN,4.294,3.5,NaN,3.4,2.5,NaN,1.69,-0.1,NaN,-0.091
27-Dec-2022,4.33,NaN,4.321,3.5,NaN,3.4,2.5,NaN,1.49,-0.1,NaN,-0.089
28-Dec-2022,4.33,NaN,4.306,3.5,NaN,3.4,2.5,NaN,1.49,-0.1,NaN,-0.089
29-Dec-2022,4.33,NaN,4.304,3.5,NaN,3.4,2.5,NaN,1.47,-0.1,NaN,-0.091
30-Dec-2022,4.33,NaN,4.279,3.5,NaN,3.52,2.5,NaN,1.47,-0.1,NaN,-0.091
02-Jan-2023,4.33,NaN,4.279,3.5,NaN,3.52,2.5,NaN,1.77,-0.1,NaN,-0.091
03-Jan-2023,4.33,NaN,4.321,3.5,NaN,3.42,2.5,NaN,1.77,-0.1,NaN,-0.091
04-Jan-2023,4.33,NaN,4.314,3.5,NaN,3.44,2.5,NaN,1.77,-0.1,NaN,-0.091
05-Jan-2023,4.33,NaN,4.32,3.5,NaN,3.45,2.5,NaN,1.77,-0.1,NaN,-0.093
06-Jan-2023,4.33,NaN,4.31,3.5,NaN,3.48,2.5,NaN,1.77,-0.1,NaN,-0.091
09-Jan-2023,4.33,NaN,4.321,3.5,NaN,3.5,2.5,NaN,1.87,-0.1,NaN,-0.091
10-Jan-2023,4.33,NaN,4.327,3.5,NaN,3.5,2.5,NaN,1.87,-0.1,NaN,-0.092
11-Jan-2023,4.33,NaN,4.323,3.5,NaN,3.5,2.5,NaN,1.87,-0.1,NaN,-0.097
12-Jan-2023,4.33,NaN,4.327,3.5,NaN,3.5,2.5,NaN,1.87,-0.1,NaN,-0.094
13-Jan-2023,4.33,NaN,4.311,3.5,NaN,3.5,2.5,NaN,1.87,-0.1,NaN,-0.096
16-Jan-2023,4.33,NaN,4.311,3.5,NaN,3.5,2.5,NaN,1.87,-0.1,NaN,-0.096
17-Jan-2023,4.33,NaN,4.324,3.5,NaN,3.5,2.5,NaN,1.87,-0.1,NaN,-0.095
18-Jan-2023,4.33,NaN,4.317,3.5,NaN,3.5,2.5,NaN,1.87,-0.1,NaN,-0.098
19-Jan-2023,4.33,NaN,4.311,3.5,NaN,3.5,2.5,NaN,1.87,-0.1,NaN,-0.096
20-Jan-2023,4.33,NaN,4.311,3.5,NaN,3.5,2.5,NaN,1.87,-0.1,NaN,-0.095
23-Jan-2023,4.33,NaN,4.311,3.5,NaN,3.5,2.5,NaN,1.87,-0.1,NaN,-0.095
24-Jan-2023,4.33,NaN,4.311,3.5,NaN,3.5,2.5,NaN,1.87,-0.1,NaN,-0.094
25-Jan-2023,4.33,NaN,4.321,3.5,NaN,3.5,2.5,NaN,1.87,-0.1,NaN,-0.093
26-Jan-2023,4.33,NaN,4.32,3.5,NaN,3.5,2.5,NaN,1.87,-0.1,NaN,-0.092
27-Jan-2023,4.33,NaN,4.328,3.5,NaN,3.5,2.5,NaN,1.87,-0.1,NaN,-0.092
30-Jan-2023,4.33,NaN,4.33,3.5,NaN,3.72,2.5,NaN,1.87,-0.1,NaN,-0.092
31-Jan-2023,4.33,NaN,4.35,3.5,NaN,3.87,2.5,NaN,1.87,-0.1,NaN,-0.111
01-Feb-2023,4.33,NaN,4.6,3.5,NaN,3.87,2.5,NaN,1.87,-0.1,NaN,-0.099
02-Feb-2023,4.58,NaN,4.6,4,NaN,3.9,3,NaN,1.89,-0.1,NaN,-0.1
03-Feb-2023,4.58,NaN,4.604,4,NaN,3.91,3,NaN,1.89,-0.1,NaN,-0.102
06-Feb-2023,4.58,NaN,4.579,4,NaN,3.85,3,NaN,1.89,-0.1,NaN,-0.1
07-Feb-2023,4.58,NaN,4.596,4,NaN,3.93,3,NaN,1.89,-0.1,NaN,-0.101
08-Feb-2023,4.58,NaN,4.596,4,NaN,3.93,3,NaN,2.31,-0.1,NaN,-0.101
09-Feb-2023,4.57,NaN,4.586,4,NaN,3.95,3,NaN,2.38,-0.1,NaN,-0.102
10-Feb-2023,4.58,NaN,4.584,4,NaN,3.95,3,NaN,2.38,-0.1,NaN,-0.101
13-Feb-2023,4.58,NaN,4.584,4,NaN,3.97,3,NaN,2.35,-0.1,NaN,-0.091
14-Feb-2023,4.58,NaN,4.58,4,NaN,3.97,3,NaN,2.35,-0.1,NaN,-0.091
15-Feb-2023,4.58,NaN,4.6,4,NaN,3.97,3,NaN,2.35,-0.1,NaN,-0.088
16-Feb-2023,4.58,NaN,4.59,4,NaN,3.97,3,NaN,2.35,-0.1,NaN,-0.087
17-Feb-2023,4.58,NaN,4.558,4,NaN,3.97,3,NaN,2.35,-0.1,NaN,-0.083
20-Feb-2023,4.58,NaN,4.558,4,NaN,3.97,3,NaN,2.35,-0.1,NaN,-0.081
21-Feb-2023,4.58,NaN,4.57,4,NaN,3.97,3,NaN,2.35,-0.1,NaN,-0.08
22-Feb-2023,4.58,NaN,4.547,4,NaN,3.97,3,NaN,2.35,-0.1,NaN,-0.079
23-Feb-2023,4.58,NaN,4.56,4,NaN,3.97,3,NaN,2.37,-0.1,NaN,-0.079
24-Feb-2023,4.58,NaN,4.56,4,NaN,3.97,3,NaN,2.37,-0.1,NaN,-0.081
27-Feb-2023,4.57,NaN,4.552,4,NaN,4,3,NaN,2.37,-0.1,NaN,-0.087
28-Feb-2023,4.57,NaN,4.59,4,NaN,4,3,NaN,2.37,-0.1,NaN,-0.087
01-Mar-2023,4.58,NaN,4.58,4,NaN,4,3,NaN,2.37,-0.1,NaN,-0.086
02-Mar-2023,4.57,NaN,4.58,4,NaN,4,3,NaN,2.37,-0.1,NaN,-0.085
03-Mar-2023,4.57,NaN,4.55,4,NaN,4,3,NaN,2.37,-0.1,NaN,-0.086
06-Mar-2023,4.57,NaN,4.565,4,NaN,4,3,NaN,2.37,-0.1,NaN,-0.092
07-Mar-2023,4.57,NaN,4.57,4,NaN,4.01,3,NaN,2.37,-0.1,NaN,-0.091
08-Mar-2023,4.57,NaN,4.58,4,NaN,4.04,3,NaN,2.37,-0.1,NaN,-0.089
09-Mar-2023,4.57,NaN,4.58,4,NaN,4.04,3,NaN,2.37,-0.1,NaN,-0.092
10-Mar-2023,4.57,NaN,4.58,4,NaN,4.04,3,NaN,2.37,-0.1,NaN,-0.093
13-Mar-2023,4.58,NaN,4.574,4,NaN,4.01,3,NaN,2.37,-0.1,NaN,-0.093
14-Mar-2023,4.58,NaN,4.648,4,NaN,4.01,3,NaN,2.37,-0.1,NaN,-0.094
15-Mar-2023,4.58,NaN,4.627,4,NaN,4.04,3,NaN,2.37,-0.1,NaN,-0.091
16-Mar-2023,4.58,NaN,4.602,4,NaN,4.04,3.5,NaN,2.37,-0.1,NaN,-0.09
17-Mar-2023,4.58,NaN,4.603,4,NaN,4.04,3.5,NaN,2.37,-0.1,NaN,-0.09
20-Mar-2023,4.58,NaN,4.584,4,NaN,4.04,3.5,NaN,2.37,-0.1,NaN,-0.09
21-Mar-2023,4.58,NaN,4.584,4,NaN,4.05,3.5,NaN,2.37,-0.1,NaN,-0.09
22-Mar-2023,4.58,NaN,4.588,4,NaN,4.05,3.5,NaN,2.84,-0.1,NaN,-0.091
23-Mar-2023,4.83,NaN,4.849,4.25,NaN,4.21,3.5,NaN,2.84,-0.1,NaN,-0.1
24-Mar-2023,4.83,NaN,4.852,4.25,NaN,4.21,3.5,NaN,2.84,-0.1,NaN,-0.101
27-Mar-2023,4.83,NaN,4.88,4.25,NaN,4.2,3.5,NaN,2.84,-0.1,NaN,-0.149
28-Mar-2023,4.83,NaN,4.863,4.25,NaN,4.2,3.5,NaN,2.84,-0.1,NaN,-0.187
29-Mar-2023,4.83,NaN,4.823,4.25,NaN,4.2,3.5,NaN,2.84,-0.1,NaN,-0.191
30-Mar-2023,4.83,NaN,4.872,4.25,NaN,4.2,3.5,NaN,2.84,-0.1,NaN,-0.328
31-Mar-2023,4.83,NaN,4.88,4.25,NaN,4.24,3.5,NaN,2.47,-0.1,NaN,-0.15
03-Apr-2023,4.83,NaN,4.926,4.25,NaN,4.21,3.5,NaN,2.82,-0.1,NaN,-0.13
04-Apr-2023,4.83,NaN,4.9,4.25,NaN,4.21,3.5,NaN,2.82,-0.1,NaN,-0.099
05-Apr-2023,4.83,NaN,4.882,4.25,NaN,4.21,3.5,NaN,2.82,-0.1,NaN,-0.098
06-Apr-2023,4.83,NaN,4.87,4.25,NaN,4.22,3.5,NaN,2.82,-0.1,NaN,-0.11
07-Apr-2023,4.83,NaN,4.87,4.25,NaN,4.22,3.5,NaN,2.82,-0.1,NaN,-0.113
10-Apr-2023,4.83,NaN,4.8,4.25,NaN,4.22,3.5,NaN,2.82,-0.1,NaN,-0.116
11-Apr-2023,4.83,NaN,4.838,4.25,NaN,4.22,3.5,NaN,2.83,-0.1,NaN,-0.102
12-Apr-2023,4.83,NaN,4.83,4.25,NaN,4.26,3.5,NaN,2.83,-0.1,NaN,-0.088
13-Apr-2023,4.83,NaN,4.84,4.25,NaN,4.26,3.5,NaN,2.84,-0.1,NaN,-0.091
14-Apr-2023,4.83,NaN,4.88,4.25,NaN,4.28,3.5,NaN,2.84,-0.1,NaN,-0.109
17-Apr-2023,4.83,NaN,4.85,4.25,NaN,4.29,3.5,NaN,2.85,-0.1,NaN,-0.096
18-Apr-2023,4.83,NaN,4.824,4.25,NaN,4.29,3.5,NaN,2.85,-0.1,NaN,-0.099
19-Apr-2023,4.83,NaN,4.795,4.25,NaN,4.33,3.5,NaN,2.85,-0.1,NaN,-0.1
20-Apr-2023,4.83,NaN,4.821,4.25,NaN,4.33,3.5,NaN,2.85,-0.1,NaN,-0.099
21-Apr-2023,4.83,NaN,4.815,4.25,NaN,4.35,3.5,NaN,2.85,-0.1,NaN,-0.098
24-Apr-2023,4.83,NaN,4.84,4.25,NaN,4.35,3.5,NaN,2.85,-0.1,NaN,-0.104
25-Apr-2023,4.83,NaN,4.852,4.25,NaN,4.35,3.5,NaN,2.85,-0.1,NaN,-0.106
26-Apr-2023,4.83,NaN,4.827,4.25,NaN,4.36,3.5,NaN,2.85,-0.1,NaN,-0.103
27-Apr-2023,4.83,NaN,4.844,4.25,NaN,4.37,3.5,NaN,2.85,-0.1,NaN,-0.161
28-Apr-2023,4.83,NaN,4.812,4.25,NaN,4.39,3.5,NaN,2.85,-0.1,NaN,-0.165
01-May-2023,4.83,NaN,4.871,4.25,NaN,4.39,3.5,NaN,2.85,-0.1,NaN,-0.134
02-May-2023,4.83,NaN,4.876,4.25,NaN,4.31,3.5,NaN,2.85,-0.1,NaN,-0.224
03-May-2023,4.83,NaN,4.882,4.25,NaN,4.31,3.5,NaN,2.85,-0.1,NaN,-0.224
04-May-2023,5.08,NaN,5.13,4.25,NaN,4.28,3.75,NaN,2.85,-0.1,NaN,-0.224
05-May-2023,5.08,NaN,5.125,4.25,NaN,4.28,3.75,NaN,2.85,-0.1,NaN,-0.224
08-May-2023,5.08,NaN,5.112,4.25,NaN,4.28,3.75,NaN,2.85,-0.1,NaN,-0.097
09-May-2023,5.08,NaN,5.113,4.25,NaN,4.28,3.75,NaN,2.85,-0.1,NaN,-0.103
10-May-2023,5.08,NaN,5.068,4.25,NaN,4.28,3.75,NaN,3.03,-0.1,NaN,-0.096
11-May-2023,5.08,NaN,5.09,4.5,NaN,4.28,3.75,NaN,3.03,-0.1,NaN,-0.097
12-May-2023,5.08,NaN,5.099,4.5,NaN,4.48,3.75,NaN,3.05,-0.1,NaN,-0.091
15-May-2023,5.08,NaN,5.11,4.5,NaN,4.48,3.75,NaN,3.05,-0.1,NaN,-0.091
16-May-2023,5.08,NaN,5.106,4.5,NaN,4.48,3.75,NaN,3.05,-0.1,NaN,-0.091
17-May-2023,5.08,NaN,5.093,4.5,NaN,4.48,3.75,NaN,3.05,-0.1,NaN,-0.095
18-May-2023,5.08,NaN,5.094,4.5,NaN,4.48,3.75,NaN,3.05,-0.1,NaN,-0.093
19-May-2023,5.08,NaN,5.06,4.5,NaN,4.49,3.75,NaN,3.05,-0.1,NaN,-0.096
22-May-2023,5.08,NaN,5.09,4.5,NaN,4.49,3.75,NaN,3.05,-0.1,NaN,-0.104
23-May-2023,5.08,NaN,5.12,4.5,NaN,4.5,3.75,NaN,3.05,-0.1,NaN,-0.107
24-May-2023,5.08,NaN,5.063,4.5,NaN,4.52,3.75,NaN,3.05,-0.1,NaN,-0.153
25-May-2023,5.08,NaN,5.155,4.5,NaN,4.54,3.75,NaN,3.05,-0.1,NaN,-0.173
26-May-2023,5.08,NaN,5.119,4.5,NaN,4.57,3.75,NaN,3.05,-0.1,NaN,-0.108
29-May-2023,5.08,NaN,5.119,4.5,NaN,4.57,3.75,NaN,3.05,-0.1,NaN,-0.124
30-May-2023,5.08,NaN,5.136,4.5,NaN,4.57,3.75,NaN,3.06,-0.1,NaN,-0.147
31-May-2023,5.08,NaN,5.18,4.5,NaN,4.57,3.75,NaN,3.06,-0.1,NaN,-0.105
01-Jun-2023,5.08,NaN,5.21,4.5,NaN,4.57,3.75,NaN,3.09,-0.1,NaN,-0.119
02-Jun-2023,5.08,NaN,5.15,4.5,NaN,4.58,3.75,NaN,3.1,-0.1,NaN,-0.102
05-Jun-2023,5.08,NaN,5.114,4.5,NaN,4.6,3.75,NaN,3.12,-0.1,NaN,-0.098
06-Jun-2023,5.08,NaN,5.1,4.5,NaN,4.53,3.75,NaN,3.14,-0.1,NaN,-0.096
07-Jun-2023,5.08,NaN,5.073,4.5,NaN,4.53,3.75,NaN,3.16,-0.1,NaN,-0.09
08-Jun-2023,5.08,NaN,5.105,4.5,NaN,4.53,3.75,NaN,3.16,-0.1,NaN,-0.088
09-Jun-2023,5.08,NaN,5.11,4.5,NaN,4.53,3.75,NaN,3.16,-0.1,NaN,-0.088
12-Jun-2023,5.08,NaN,5.092,4.5,NaN,4.53,3.75,NaN,3.16,-0.1,NaN,-0.089
13-Jun-2023,5.08,NaN,5.08,4.5,NaN,4.53,3.75,NaN,3.16,-0.1,NaN,-0.095
14-Jun-2023,5.08,NaN,5.082,4.5,NaN,4.53,3.75,NaN,3.16,-0.1,NaN,-0.1
15-Jun-2023,5.07,NaN,5.13,4.5,NaN,4.54,4,NaN,3.16,-0.1,NaN,-0.094
16-Jun-2023,5.08,NaN,5.089,4.5,NaN,4.54,4,NaN,3.16,-0.1,NaN,-0.091
19-Jun-2023,5.08,NaN,5.089,4.5,NaN,4.54,4,NaN,3.16,-0.1,NaN,-0.088
20-Jun-2023,5.07,NaN,5.11,4.5,NaN,4.56,4,NaN,3.16,-0.1,NaN,-0.088
21-Jun-2023,5.07,NaN,5.1,4.5,NaN,4.56,4,NaN,3.16,-0.1,NaN,-0.089
22-Jun-2023,5.07,NaN,5.111,5,NaN,4.56,4,NaN,3.33,-0.1,NaN,-0.088
23-Jun-2023,5.07,NaN,5.102,5,NaN,4.97,4,NaN,3.33,-0.1,NaN,-0.085
26-Jun-2023,5.07,NaN,5.11,5,NaN,4.97,4,NaN,3.33,-0.1,NaN,-0.084
27-Jun-2023,5.07,NaN,5.137,5,NaN,4.97,4,NaN,3.33,-0.1,NaN,-0.085
28-Jun-2023,5.07,NaN,5.15,5,NaN,4.97,4,NaN,3.33,-0.1,NaN,-0.085
29-Jun-2023,5.07,NaN,5.15,5,NaN,4.97,4,NaN,3.31,-0.1,NaN,-0.085
30-Jun-2023,5.08,NaN,5.17,5,NaN,4.98,4,NaN,3.24,-0.1,NaN,-0.084
03-Jul-2023,5.08,NaN,5.17,5,NaN,4.98,4,NaN,3.33,-0.1,NaN,-0.078
04-Jul-2023,5.08,NaN,5.17,5,NaN,4.98,4,NaN,3.39,-0.1,NaN,-0.077
05-Jul-2023,5.08,NaN,5.148,5,NaN,4.99,4,NaN,3.4,-0.1,NaN,-0.074
06-Jul-2023,5.08,NaN,5.135,5,NaN,4.99,4,NaN,3.4,-0.1,NaN,-0.071
07-Jul-2023,5.08,NaN,5.14,5,NaN,4.99,4,NaN,3.41,-0.1,NaN,-0.067
10-Jul-2023,5.07,NaN,5.131,5,NaN,4.99,4,NaN,3.41,-0.1,NaN,-0.09
11-Jul-2023,5.08,NaN,5.138,5,NaN,4.99,4,NaN,3.41,-0.1,NaN,-0.088
12-Jul-2023,5.08,NaN,5.12,5,NaN,4.99,4,NaN,3.41,-0.1,NaN,-0.076
13-Jul-2023,5.08,NaN,5.105,5,NaN,4.99,4,NaN,3.42,-0.1,NaN,-0.087
14-Jul-2023,5.08,NaN,5.11,5,NaN,4.99,4,NaN,3.42,-0.1,NaN,-0.076
17-Jul-2023,5.08,NaN,5.12,5,NaN,4.99,4,NaN,3.42,-0.1,NaN,-0.076
18-Jul-2023,5.08,NaN,5.12,5,NaN,4.99,4,NaN,3.42,-0.1,NaN,-0.087
19-Jul-2023,5.08,NaN,5.119,5,NaN,4.99,4,NaN,3.42,-0.1,NaN,-0.088
20-Jul-2023,5.08,NaN,5.11,5,NaN,4.99,4,NaN,3.42,-0.1,NaN,-0.086
21-Jul-2023,5.08,NaN,5.09,5,NaN,4.99,4,NaN,3.42,-0.1,NaN,-0.093
24-Jul-2023,5.08,NaN,5.11,5,NaN,4.99,4,NaN,3.42,-0.1,NaN,-0.095
25-Jul-2023,5.08,NaN,5.126,5,NaN,4.99,4,NaN,3.42,-0.1,NaN,-0.093
26-Jul-2023,5.08,NaN,5.1,5,NaN,4.99,4,NaN,3.42,-0.1,NaN,-0.093
27-Jul-2023,5.33,NaN,5.37,5,NaN,4.99,4.25,NaN,3.42,-0.1,NaN,-0.093
28-Jul-2023,5.33,NaN,5.36,5,NaN,4.99,4.25,NaN,3.42,-0.1,NaN,-0.093
31-Jul-2023,5.33,NaN,5.366,5,NaN,4.99,4.25,NaN,3.42,-0.1,NaN,-0.093
01-Aug-2023,5.33,NaN,5.36,5,NaN,4.99,4.25,NaN,3.42,-0.1,NaN,-0.091
02-Aug-2023,5.33,NaN,5.299,5,NaN,4.99,4.25,NaN,3.68,-0.1,NaN,-0.092
03-Aug-2023,5.33,NaN,5.35,5.25,NaN,4.99,4.25,NaN,3.68,-0.1,NaN,-0.094
04-Aug-2023,5.33,NaN,5.26,5.25,NaN,5.22,4.25,NaN,3.68,-0.1,NaN,-0.096
07-Aug-2023,5.33,NaN,5.3,5.25,NaN,5.22,4.25,NaN,3.68,-0.1,NaN,-0.096
08-Aug-2023,5.33,NaN,5.32,5.25,NaN,5.22,4.25,NaN,3.68,-0.1,NaN,-0.108
09-Aug-2023,5.33,NaN,5.325,5.25,NaN,5.22,4.25,NaN,3.68,-0.1,NaN,-0.103
10-Aug-2023,5.33,NaN,5.35,5.25,NaN,5.22,4.25,NaN,3.68,-0.1,NaN,-0.098
11-Aug-2023,5.33,NaN,5.326,5.25,NaN,5.22,4.25,NaN,3.68,-0.1,NaN,-0.098
14-Aug-2023,5.33,NaN,5.35,5.25,NaN,5.22,4.25,NaN,3.68,-0.1,NaN,-0.108
15-Aug-2023,5.33,NaN,5.36,5.25,NaN,5.22,4.25,NaN,3.68,-0.1,NaN,-0.097
16-Aug-2023,5.33,NaN,5.35,5.25,NaN,5.22,4.25,NaN,3.68,-0.1,NaN,-0.098
17-Aug-2023,5.33,NaN,5.35,5.25,NaN,5.22,4.25,NaN,3.68,-0.1,NaN,-0.1
18-Aug-2023,5.33,NaN,5.3,5.25,NaN,5.22,4.25,NaN,3.68,-0.1,NaN,-0.114
21-Aug-2023,5.33,NaN,5.311,5.25,NaN,5.22,4.25,NaN,3.68,-0.1,NaN,-0.106
22-Aug-2023,5.33,NaN,5.311,5.25,NaN,5.25,4.25,NaN,3.68,-0.1,NaN,-0.108
23-Aug-2023,5.33,NaN,5.33,5.25,NaN,5.25,4.25,NaN,3.68,-0.1,NaN,-0.111
24-Aug-2023,5.33,NaN,5.33,5.25,NaN,5.25,4.25,NaN,3.68,-0.1,NaN,-0.115
25-Aug-2023,5.33,NaN,5.354,5.25,NaN,5.25,4.25,NaN,3.68,-0.1,NaN,-0.108
28-Aug-2023,5.33,NaN,5.354,5.25,NaN,5.25,4.25,NaN,3.68,-0.1,NaN,-0.135
29-Aug-2023,5.33,NaN,5.36,5.25,NaN,5.25,4.25,NaN,3.68,-0.1,NaN,-0.122
30-Aug-2023,5.33,NaN,5.36,5.25,NaN,5.27,4.25,NaN,3.69,-0.1,NaN,-0.164
31-Aug-2023,5.33,NaN,5.375,5.25,NaN,5.25,4.25,NaN,3.69,-0.1,NaN,-0.161
01-Sep-2023,5.33,NaN,5.375,5.25,NaN,5.25,4.25,NaN,3.69,-0.1,NaN,-0.148
04-Sep-2023,5.33,NaN,5.375,5.25,NaN,5.25,4.25,NaN,3.69,-0.1,NaN,-0.107
05-Sep-2023,5.33,NaN,5.365,5.25,NaN,5.26,4.25,NaN,3.7,-0.1,NaN,-0.107
06-Sep-2023,5.33,NaN,5.344,5.25,NaN,5.26,4.25,NaN,3.7,-0.1,NaN,-0.099
07-Sep-2023,5.33,NaN,5.357,5.25,NaN,5.26,4.25,NaN,3.71,-0.1,NaN,-0.1
08-Sep-2023,5.33,NaN,5.36,5.25,NaN,5.26,4.25,NaN,3.71,-0.1,NaN,-0.096
11-Sep-2023,5.33,NaN,5.35,5.25,NaN,5.26,4.25,NaN,3.71,-0.1,NaN,-0.097
12-Sep-2023,5.33,NaN,5.358,5.25,NaN,5.26,4.25,NaN,3.72,-0.1,NaN,-0.096
13-Sep-2023,5.33,NaN,5.35,5.25,NaN,5.26,4.25,NaN,3.72,-0.1,NaN,-0.092
14-Sep-2023,5.33,NaN,5.36,5.25,NaN,5.26,4.5,NaN,3.72,-0.1,NaN,-0.091
15-Sep-2023,5.33,NaN,5.37,5.25,NaN,5.26,4.5,NaN,3.72,-0.1,NaN,-0.114
18-Sep-2023,5.33,NaN,5.37,5.25,NaN,5.26,4.5,NaN,3.72,-0.1,NaN,-0.114
19-Sep-2023,5.33,NaN,5.36,5.25,NaN,5.26,4.5,NaN,3.72,-0.1,NaN,-0.13
20-Sep-2023,5.33,NaN,5.356,5.25,NaN,5.26,4.5,NaN,3.91,-0.1,NaN,-0.128
21-Sep-2023,5.33,NaN,5.35,5.25,NaN,5.26,4.5,NaN,3.91,-0.1,NaN,-0.162
22-Sep-2023,5.33,NaN,5.361,5.25,NaN,5.26,4.5,NaN,3.91,-0.1,NaN,-0.208
25-Sep-2023,5.33,NaN,5.38,5.25,NaN,5.26,4.5,NaN,3.91,-0.1,NaN,-0.13
26-Sep-2023,5.33,NaN,5.384,5.25,NaN,5.26,4.5,NaN,3.91,-0.1,NaN,-0.185
27-Sep-2023,5.33,NaN,5.37,5.25,NaN,5.26,4.5,NaN,3.91,-0.1,NaN,-0.259
28-Sep-2023,5.33,NaN,5.39,5.25,NaN,5.26,4.5,NaN,3.91,-0.1,NaN,-0.259
29-Sep-2023,5.33,NaN,5.38,5.25,NaN,5.26,4.5,NaN,3.91,-0.1,NaN,-0.551
02-Oct-2023,5.33,NaN,5.392,5.25,NaN,5.26,4.5,NaN,3.91,-0.1,NaN,-0.122
03-Oct-2023,5.33,NaN,5.4,5.25,NaN,5.28,4.5,NaN,3.91,-0.1,NaN,-0.122
04-Oct-2023,5.33,NaN,5.39,5.25,NaN,5.28,4.5,NaN,3.91,-0.1,NaN,-0.103
05-Oct-2023,5.33,NaN,5.38,5.25,NaN,5.28,4.5,NaN,3.93,-0.1,NaN,-0.101
06-Oct-2023,5.33,NaN,5.39,5.25,NaN,5.28,4.5,NaN,3.93,-0.1,NaN,-0.098
09-Oct-2023,5.33,NaN,5.39,5.25,NaN,5.28,4.5,NaN,3.93,-0.1,NaN,-0.098
10-Oct-2023,5.33,NaN,5.39,5.25,NaN,5.28,4.5,NaN,3.93,-0.1,NaN,-0.101
11-Oct-2023,5.33,NaN,5.38,5.25,NaN,5.28,4.5,NaN,3.93,-0.1,NaN,-0.112
12-Oct-2023,5.33,NaN,5.38,5.25,NaN,5.3,4.5,NaN,3.92,-0.1,NaN,-0.108
13-Oct-2023,5.33,NaN,5.38,5.25,NaN,5.3,4.5,NaN,3.92,-0.1,NaN,-0.101
16-Oct-2023,5.33,NaN,5.384,5.25,NaN,5.3,4.5,NaN,3.92,-0.1,NaN,-0.097
17-Oct-2023,5.33,NaN,5.367,5.25,NaN,5.3,4.5,NaN,3.92,-0.1,NaN,-0.096
18-Oct-2023,5.33,NaN,5.367,5.25,NaN,5.3,4.5,NaN,3.92,-0.1,NaN,-0.096
19-Oct-2023,5.33,NaN,5.34,5.25,NaN,5.3,4.5,NaN,3.92,-0.1,NaN,-0.096
20-Oct-2023,5.33,NaN,5.33,5.25,NaN,5.28,4.5,NaN,3.92,-0.1,NaN,-0.094
23-Oct-2023,5.33,NaN,5.33,5.25,NaN,5.28,4.5,NaN,3.92,-0.1,NaN,-0.098
24-Oct-2023,5.33,NaN,5.35,5.25,NaN,5.29,4.5,NaN,3.94,-0.1,NaN,-0.099
25-Oct-2023,5.33,NaN,5.35,5.25,NaN,5.3,4.5,NaN,3.96,-0.1,NaN,-0.097
26-Oct-2023,5.33,NaN,5.359,5.25,NaN,5.3,4.5,NaN,3.95,-0.1,NaN,-0.099
27-Oct-2023,5.33,NaN,5.346,5.25,NaN,5.3,4.5,NaN,3.95,-0.1,NaN,-0.11
30-Oct-2023,5.33,NaN,5.346,5.25,NaN,5.3,4.5,NaN,3.93,-0.1,NaN,-0.132
31-Oct-2023,5.33,NaN,5.39,5.25,NaN,5.3,4.5,NaN,3.93,-0.1,NaN,-0.27
01-Nov-2023,5.33,NaN,5.392,5.25,NaN,5.3,4.5,NaN,3.93,-0.1,NaN,-0.103
02-Nov-2023,5.33,NaN,5.404,5.25,NaN,5.3,4.5,NaN,3.95,-0.1,NaN,-0.155
03-Nov-2023,5.33,NaN,5.395,5.25,NaN,5.3,4.5,NaN,3.95,-0.1,NaN,-0.155
06-Nov-2023,5.33,NaN,5.395,5.25,NaN,5.3,4.5,NaN,3.95,-0.1,NaN,-0.128
07-Nov-2023,5.33,NaN,5.397,5.25,NaN,5.3,4.5,NaN,3.95,-0.1,NaN,-0.138
08-Nov-2023,5.33,NaN,5.39,5.25,NaN,5.3,4.5,NaN,3.95,-0.1,NaN,-0.124
09-Nov-2023,5.33,NaN,5.4,5.25,NaN,5.3,4.5,NaN,3.95,-0.1,NaN,-0.133
10-Nov-2023,5.33,NaN,5.4,5.25,NaN,5.3,4.5,NaN,3.95,-0.1,NaN,-0.137
13-Nov-2023,5.33,NaN,5.393,5.25,NaN,5.3,4.5,NaN,3.95,-0.1,NaN,-0.146
14-Nov-2023,5.33,NaN,5.36,5.25,NaN,5.3,4.5,NaN,3.95,-0.1,NaN,-0.117
15-Nov-2023,5.33,NaN,5.4,5.25,NaN,5.3,4.5,NaN,3.95,-0.1,NaN,-0.104
16-Nov-2023,5.33,NaN,5.4,5.25,NaN,5.3,4.5,NaN,3.95,-0.1,NaN,-0.107
17-Nov-2023,5.33,NaN,5.35,5.25,NaN,5.3,4.5,NaN,3.95,-0.1,NaN,-0.11
20-Nov-2023,5.33,NaN,5.35,5.25,NaN,5.28,4.5,NaN,3.95,-0.1,NaN,-0.096
21-Nov-2023,5.33,NaN,5.36,5.25,NaN,5.28,4.5,NaN,3.95,-0.1,NaN,-0.094
22-Nov-2023,5.33,NaN,5.4,5.25,NaN,5.28,4.5,NaN,3.95,-0.1,NaN,-0.092
23-Nov-2023,5.33,NaN,5.4,5.25,NaN,5.28,4.5,NaN,3.95,-0.1,NaN,-0.092
24-Nov-2023,5.33,NaN,5.4,5.25,NaN,5.28,4.5,NaN,3.95,-0.1,NaN,-0.085
27-Nov-2023,5.33,NaN,5.41,5.25,NaN,5.28,4.5,NaN,3.95,-0.1,NaN,-0.077
28-Nov-2023,5.33,NaN,5.41,5.25,NaN,5.28,4.5,NaN,3.95,-0.1,NaN,-0.087
29-Nov-2023,5.33,NaN,5.41,5.25,NaN,5.28,4.5,NaN,3.95,-0.1,NaN,-0.089
30-Nov-2023,5.33,NaN,5.443,5.25,NaN,5.28,4.5,NaN,3.95,-0.1,NaN,-0.091
01-Dec-2023,5.33,NaN,5.443,5.25,NaN,5.28,4.5,NaN,3.95,-0.1,NaN,-0.094
04-Dec-2023,5.33,NaN,5.43,5.25,NaN,5.28,4.5,NaN,3.95,-0.1,NaN,-0.085
05-Dec-2023,5.33,NaN,5.346,5.25,NaN,5.28,4.5,NaN,3.95,-0.1,NaN,-0.077
06-Dec-2023,5.33,NaN,5.36,5.25,NaN,5.28,4.5,NaN,3.95,-0.1,NaN,-0.086
07-Dec-2023,5.33,NaN,5.398,5.25,NaN,5.28,4.5,NaN,3.95,-0.1,NaN,-0.08
08-Dec-2023,5.33,NaN,5.41,5.25,NaN,5.3,4.5,NaN,3.95,-0.1,NaN,-0.082
11-Dec-2023,5.33,NaN,5.38,5.25,NaN,5.3,4.5,NaN,3.95,-0.1,NaN,-0.086
12-Dec-2023,5.33,NaN,5.37,5.25,NaN,5.3,4.5,NaN,3.95,-0.1,NaN,-0.085
13-Dec-2023,5.33,NaN,5.38,5.25,NaN,5.3,4.5,NaN,3.94,-0.1,NaN,-0.086
14-Dec-2023,5.33,NaN,5.38,5.25,NaN,5.3,4.5,NaN,3.94,-0.1,NaN,-0.101
15-Dec-2023,5.33,NaN,5.41,5.25,NaN,5.3,4.5,NaN,3.94,-0.1,NaN,-0.132
18-Dec-2023,5.33,NaN,5.379,5.25,NaN,5.3,4.5,NaN,3.94,-0.1,NaN,-0.097
19-Dec-2023,5.33,NaN,5.35,5.25,NaN,5.28,4.5,NaN,3.94,-0.1,NaN,-0.207
20-Dec-2023,5.33,NaN,5.36,5.25,NaN,5.28,4.5,NaN,3.94,-0.1,NaN,-0.205
21-Dec-2023,5.33,NaN,5.398,5.25,NaN,5.28,4.5,NaN,3.94,-0.1,NaN,-0.097
22-Dec-2023,5.33,NaN,5.4,5.25,NaN,5.28,4.5,NaN,3.94,-0.1,NaN,-0.104
25-Dec-2023,5.33,NaN,5.4,5.25,NaN,5.28,4.5,NaN,3.94,-0.1,NaN,-0.094
26-Dec-2023,5.33,NaN,5.45,5.25,NaN,5.28,4.5,NaN,3.94,-0.1,NaN,-0.103
27-Dec-2023,5.33,NaN,5.454,5.25,NaN,5.28,4.5,NaN,3.84,-0.1,NaN,-0.097
28-Dec-2023,5.33,NaN,5.516,5.25,NaN,5.28,4.5,NaN,3.87,-0.1,NaN,-0.096
29-Dec-2023,5.33,NaN,5.422,5.25,NaN,5.29,4.5,NaN,3.59,-0.1,NaN,-0.087
01-Jan-2024,5.33,NaN,5.422,5.25,NaN,5.29,4.5,NaN,3.59,-0.1,NaN,-0.087
02-Jan-2024,5.33,NaN,5.526,5.25,NaN,5.29,4.5,NaN,3.89,-0.1,NaN,-0.087
03-Jan-2024,5.33,NaN,5.437,5.25,NaN,5.29,4.5,NaN,3.89,-0.1,NaN,-0.087
04-Jan-2024,5.33,NaN,5.41,5.25,NaN,5.29,4.5,NaN,3.91,-0.1,NaN,-0.088
05-Jan-2024,5.33,NaN,5.35,5.25,NaN,5.29,4.5,NaN,3.91,-0.1,NaN,-0.087
08-Jan-2024,5.33,NaN,5.36,5.25,NaN,5.29,4.5,NaN,3.91,-0.1,NaN,-0.087
09-Jan-2024,5.33,NaN,5.36,5.25,NaN,5.29,4.5,NaN,3.91,-0.1,NaN,-0.089
10-Jan-2024,5.33,NaN,5.35,5.25,NaN,5.29,4.5,NaN,3.92,-0.1,NaN,-0.186
11-Jan-2024,5.33,NaN,5.35,5.25,NaN,5.29,4.5,NaN,3.92,-0.1,NaN,-0.095
12-Jan-2024,5.33,NaN,5.35,5.25,NaN,5.29,4.5,NaN,3.92,-0.1,NaN,-0.096
15-Jan-2024,5.33,NaN,5.35,5.25,NaN,5.27,4.5,NaN,3.92,-0.1,NaN,-0.095
16-Jan-2024,5.33,NaN,5.366,5.25,NaN,5.27,4.5,NaN,3.93,-0.1,NaN,-0.094
17-Jan-2024,5.33,NaN,5.37,5.25,NaN,5.27,4.5,NaN,3.93,-0.1,NaN,-0.091
18-Jan-2024,5.33,NaN,5.332,5.25,NaN,5.29,4.5,NaN,3.93,-0.1,NaN,-0.091
19-Jan-2024,5.33,NaN,5.32,5.25,NaN,5.29,4.5,NaN,3.93,-0.1,NaN,-0.091
22-Jan-2024,5.33,NaN,5.33,5.25,NaN,5.29,4.5,NaN,3.93,-0.1,NaN,-0.081
23-Jan-2024,5.33,NaN,5.34,5.25,NaN,5.29,4.5,NaN,3.92,-0.1,NaN,-0.078
24-Jan-2024,5.33,NaN,5.37,5.25,NaN,5.29,4.5,NaN,3.92,-0.1,NaN,-0.076
25-Jan-2024,5.33,NaN,5.38,5.25,NaN,5.29,4.5,NaN,3.93,-0.1,NaN,-0.077
26-Jan-2024,5.33,NaN,5.38,5.25,NaN,5.29,4.5,NaN,3.93,-0.1,NaN,-0.08
29-Jan-2024,5.33,NaN,5.38,5.25,NaN,5.29,4.5,NaN,3.93,-0.1,NaN,-0.08
30-Jan-2024,5.33,NaN,5.39,5.25,NaN,5.29,4.5,NaN,3.93,-0.1,NaN,-0.08
31-Jan-2024,5.33,NaN,5.39,5.25,NaN,5.29,4.5,NaN,3.94,-0.1,NaN,-0.082
01-Feb-2024,5.33,NaN,5.39,5.25,NaN,5.29,4.5,NaN,3.94,-0.1,NaN,-0.08
02-Feb-2024,5.33,NaN,5.39,5.25,NaN,5.29,4.5,NaN,3.95,-0.1,NaN,-0.07
05-Feb-2024,5.33,NaN,5.39,5.25,NaN,5.29,4.5,NaN,3.95,-0.1,NaN,-0.068
06-Feb-2024,5.33,NaN,5.37,5.25,NaN,5.29,4.5,NaN,3.95,-0.1,NaN,-0.082
07-Feb-2024,5.33,NaN,5.35,5.25,NaN,5.29,4.5,NaN,3.95,-0.1,NaN,-0.082
08-Feb-2024,5.33,NaN,5.35,5.25,NaN,5.29,4.5,NaN,3.97,-0.1,NaN,-0.076
09-Feb-2024,5.33,NaN,5.37,5.25,NaN,5.29,4.5,NaN,3.97,-0.1,NaN,-0.074
12-Feb-2024,5.33,NaN,5.35,5.25,NaN,5.29,4.5,NaN,3.97,-0.1,NaN,-0.074
13-Feb-2024,5.33,NaN,5.35,5.25,NaN,5.29,4.5,NaN,3.97,-0.1,NaN,-0.07
14-Feb-2024,5.33,NaN,5.31,5.25,NaN,5.29,4.5,NaN,3.97,-0.1,NaN,-0.059
15-Feb-2024,5.33,NaN,5.31,5.25,NaN,5.29,4.5,NaN,3.96,-0.1,NaN,-0.075
16-Feb-2024,5.33,NaN,5.33,5.25,NaN,5.29,4.5,NaN,3.95,-0.1,NaN,-0.08
19-Feb-2024,5.33,NaN,5.33,5.25,NaN,5.29,4.5,NaN,3.96,-0.1,NaN,-0.092
20-Feb-2024,5.33,NaN,5.33,5.25,NaN,5.29,4.5,NaN,3.95,-0.1,NaN,-0.095
21-Feb-2024,5.33,NaN,5.33,5.25,NaN,5.29,4.5,NaN,3.94,-0.1,NaN,-0.095
22-Feb-2024,5.33,NaN,5.33,5.25,NaN,5.29,4.5,NaN,3.95,-0.1,NaN,-0.097
23-Feb-2024,5.33,NaN,5.35,5.25,NaN,5.29,4.5,NaN,3.95,-0.1,NaN,-0.097
26-Feb-2024,5.33,NaN,5.35,5.25,NaN,5.29,4.5,NaN,3.95,-0.1,NaN,-0.092
27-Feb-2024,5.33,NaN,5.34,5.25,NaN,5.29,4.5,NaN,3.95,-0.1,NaN,-0.1
28-Feb-2024,5.33,NaN,5.34,5.25,NaN,5.29,4.5,NaN,3.95,-0.1,NaN,-0.1
29-Feb-2024,5.33,NaN,5.34,5.25,NaN,5.29,4.5,NaN,3.95,-0.1,NaN,-0.1
01-Mar-2024,5.33,NaN,5.357,5.25,NaN,5.29,4.5,NaN,3.95,-0.1,NaN,-0.099
04-Mar-2024,5.33,NaN,5.35,5.25,NaN,5.29,4.5,NaN,3.95,-0.1,NaN,-0.098
05-Mar-2024,5.33,NaN,5.36,5.25,NaN,5.29,4.5,NaN,3.95,-0.1,NaN,-0.098
06-Mar-2024,5.33,NaN,5.33,5.25,NaN,5.29,4.5,NaN,3.95,-0.1,NaN,-0.098
07-Mar-2024,5.33,NaN,5.393,5.25,NaN,5.29,4.5,NaN,3.95,-0.1,NaN,-0.098
08-Mar-2024,5.33,NaN,5.41,5.25,NaN,5.29,4.5,NaN,3.95,-0.1,NaN,-0.099
11-Mar-2024,5.33,NaN,5.41,5.25,NaN,5.29,4.5,NaN,3.95,-0.1,NaN,-0.099
12-Mar-2024,5.33,NaN,5.378,5.25,NaN,5.29,4.5,NaN,3.95,-0.1,NaN,-0.104
13-Mar-2024,5.33,NaN,5.36,5.25,NaN,5.29,4.5,NaN,3.95,-0.1,NaN,-0.099
14-Mar-2024,5.33,NaN,5.36,5.25,NaN,5.29,4.5,NaN,3.95,-0.1,NaN,-0.098
15-Mar-2024,5.33,NaN,5.36,5.25,NaN,5.29,4.5,NaN,3.95,-0.1,NaN,-0.086
18-Mar-2024,5.33,NaN,5.331,5.25,NaN,5.29,4.5,NaN,3.95,-0.1,NaN,-0.085
19-Mar-2024,5.33,NaN,5.323,5.25,NaN,5.29,4.5,NaN,3.95,0.1,NaN,-0.181
20-Mar-2024,5.33,NaN,5.33,5.25,NaN,5.29,4.5,NaN,3.95,0.1,NaN,-0.181
21-Mar-2024,5.33,NaN,5.33,5.25,NaN,5.29,4.5,NaN,3.95,0.1,NaN,-0.101
22-Mar-2024,5.33,NaN,5.368,5.25,NaN,5.29,4.5,NaN,3.95,0.1,NaN,-0.024
25-Mar-2024,5.33,NaN,5.375,5.25,NaN,5.29,4.5,NaN,3.95,0.1,NaN,0.007
26-Mar-2024,5.33,NaN,5.375,5.25,NaN,5.29,4.5,NaN,3.95,0.1,NaN,0.028
27-Mar-2024,5.33,NaN,5.42,5.25,NaN,5.29,4.5,NaN,3.95,0.1,NaN,0.006
28-Mar-2024,5.33,NaN,5.385,5.25,NaN,5.29,4.5,NaN,3.98,0.1,NaN,0.029
29-Mar-2024,5.33,NaN,5.385,5.25,NaN,5.29,4.5,NaN,3.98,0.1,NaN,-0.029
01-Apr-2024,5.33,NaN,5.453,5.25,NaN,5.29,4.5,NaN,3.98,0.1,NaN,0.013
02-Apr-2024,5.33,NaN,5.42,5.25,NaN,5.29,4.5,NaN,3.98,0.1,NaN,0.008
03-Apr-2024,5.33,NaN,5.42,5.25,NaN,5.29,4.5,NaN,3.98,0.1,NaN,0.019
04-Apr-2024,5.33,NaN,5.42,5.25,NaN,5.29,4.5,NaN,3.98,0.1,NaN,0.036
05-Apr-2024,5.33,NaN,5.356,5.25,NaN,5.29,4.5,NaN,3.98,0.1,NaN,0.048
08-Apr-2024,5.33,NaN,5.356,5.25,NaN,5.29,4.5,NaN,3.97,0.1,NaN,0.048
09-Apr-2024,5.33,NaN,5.35,5.25,NaN,5.29,4.5,NaN,3.97,0.1,NaN,0.017
10-Apr-2024,5.33,NaN,5.35,5.25,NaN,5.29,4.5,NaN,3.97,0.1,NaN,0.061
11-Apr-2024,5.33,NaN,5.343,5.25,NaN,5.29,4.5,NaN,3.97,0.1,NaN,0.051
12-Apr-2024,5.33,NaN,5.342,5.25,NaN,5.29,4.5,NaN,3.97,0.1,NaN,0.065
15-Apr-2024,5.33,NaN,5.399,5.25,NaN,5.29,4.5,NaN,3.97,0.1,NaN,0.065
16-Apr-2024,5.33,NaN,5.357,5.25,NaN,5.29,4.5,NaN,3.97,0.1,NaN,0.044
17-Apr-2024,5.33,NaN,5.33,5.25,NaN,5.29,4.5,NaN,3.97,0.1,NaN,0.036
18-Apr-2024,5.33,NaN,5.33,5.25,NaN,5.29,4.5,NaN,3.97,0.1,NaN,0.026
19-Apr-2024,5.33,NaN,5.331,5.25,NaN,5.29,4.5,NaN,3.97,0.1,NaN,0.033
22-Apr-2024,5.33,NaN,5.32,5.25,NaN,5.29,4.5,NaN,3.97,0.1,NaN,0.054
23-Apr-2024,5.33,NaN,5.33,5.25,NaN,5.3,4.5,NaN,3.97,0.1,NaN,0.06
24-Apr-2024,5.33,NaN,5.35,5.25,NaN,5.3,4.5,NaN,3.97,0.1,NaN,0.057
25-Apr-2024,5.33,NaN,5.38,5.25,NaN,5.3,4.5,NaN,3.97,0.1,NaN,0.004
26-Apr-2024,5.33,NaN,5.357,5.25,NaN,5.3,4.5,NaN,3.97,0.1,NaN,0.021
29-Apr-2024,5.33,NaN,5.37,5.25,NaN,5.3,4.5,NaN,3.97,0.1,NaN,0.021
30-Apr-2024,5.33,NaN,5.429,5.25,NaN,5.3,4.5,NaN,3.77,0.1,NaN,0.001
01-May-2024,5.33,NaN,5.39,5.25,NaN,5.3,4.5,NaN,3.77,0.1,NaN,0.073
02-May-2024,5.33,NaN,5.362,5.25,NaN,5.3,4.5,NaN,3.95,0.1,NaN,0.068
03-May-2024,5.33,NaN,5.37,5.25,NaN,5.3,4.5,NaN,3.95,0.1,NaN,0.068
06-May-2024,5.33,NaN,5.353,5.25,NaN,5.3,4.5,NaN,3.95,0.1,NaN,0.068
07-May-2024,5.33,NaN,5.37,5.25,NaN,5.3,4.5,NaN,3.96,0.1,NaN,0.072
08-May-2024,5.33,NaN,5.37,5.25,NaN,5.3,4.5,NaN,3.96,0.1,NaN,0.072
09-May-2024,5.33,NaN,5.35,5.25,NaN,5.3,4.5,NaN,3.96,0.1,NaN,0.071
10-May-2024,5.33,NaN,5.343,5.25,NaN,5.3,4.5,NaN,3.96,0.1,NaN,0.09
13-May-2024,5.33,NaN,5.331,5.25,NaN,5.31,4.5,NaN,3.96,0.1,NaN,0.079
14-May-2024,5.33,NaN,5.34,5.25,NaN,5.31,4.5,NaN,3.96,0.1,NaN,0.076
15-May-2024,5.33,NaN,5.365,5.25,NaN,5.31,4.5,NaN,3.96,0.1,NaN,0.08
16-May-2024,5.33,NaN,5.389,5.25,NaN,5.3,4.5,NaN,3.96,0.1,NaN,0.044
17-May-2024,5.33,NaN,5.358,5.25,NaN,5.3,4.5,NaN,3.96,0.1,NaN,0.075
20-May-2024,5.33,NaN,5.346,5.25,NaN,5.31,4.5,NaN,3.96,0.1,NaN,0.083
21-May-2024,5.33,NaN,5.354,5.25,NaN,5.31,4.5,NaN,3.96,0.1,NaN,0.042
22-May-2024,5.33,NaN,5.338,5.25,NaN,5.31,4.5,NaN,3.96,0.1,NaN,0.071
23-May-2024,5.33,NaN,5.373,5.25,NaN,5.31,4.5,NaN,3.96,0.1,NaN,0.082
24-May-2024,5.33,NaN,5.373,5.25,NaN,5.31,4.5,NaN,3.96,0.1,NaN,0.03
27-May-2024,5.33,NaN,5.373,5.25,NaN,5.31,4.5,NaN,3.96,0.1,NaN,0.06
28-May-2024,5.33,NaN,5.41,5.25,NaN,5.31,4.5,NaN,3.96,0.1,NaN,0.045
29-May-2024,5.33,NaN,5.408,5.25,NaN,5.31,4.5,NaN,3.96,0.1,NaN,0.047
30-May-2024,5.33,NaN,5.306,5.25,NaN,5.31,4.5,NaN,3.96,0.1,NaN,0.039
31-May-2024,5.33,NaN,5.451,5.25,NaN,5.31,4.5,NaN,3.87,0.1,NaN,0.018
03-Jun-2024,5.33,NaN,5.411,5.25,NaN,5.31,4.5,NaN,3.94,0.1,NaN,0.086
04-Jun-2024,5.33,NaN,5.402,5.25,NaN,5.31,4.5,NaN,3.94,0.1,NaN,0.072
05-Jun-2024,5.33,NaN,5.388,5.25,NaN,5.31,4.5,NaN,3.94,0.1,NaN,0.079
06-Jun-2024,5.33,NaN,5.41,5.25,NaN,5.31,4.25,NaN,3.94,0.1,NaN,0.079
07-Jun-2024,5.33,NaN,5.41,5.25,NaN,5.31,4.25,NaN,3.94,0.1,NaN,0.021
10-Jun-2024,5.33,NaN,5.387,5.25,NaN,5.31,4.25,NaN,3.94,0.1,NaN,0.08
11-Jun-2024,5.33,NaN,5.368,5.25,NaN,5.31,4.25,NaN,3.94,0.1,NaN,0.088
12-Jun-2024,5.33,NaN,5.35,5.25,NaN,5.31,4.25,NaN,3.94,0.1,NaN,0.077
13-Jun-2024,5.33,NaN,5.37,5.25,NaN,5.31,4.25,NaN,3.71,0.1,NaN,0.011
14-Jun-2024,5.33,NaN,5.37,5.25,NaN,5.31,4.25,NaN,3.71,0.1,NaN,0.037
17-Jun-2024,5.33,NaN,5.422,5.25,NaN,5.31,4.25,NaN,3.71,0.25,NaN,0.073
18-Jun-2024,5.33,NaN,5.39,5.25,NaN,5.3,4.25,NaN,3.7,0.25,NaN,0.072
19-Jun-2024,5.33,NaN,5.39,5.25,NaN,5.3,4.25,NaN,3.7,0.25,NaN,0.041
20-Jun-2024,5.33,NaN,5.38,5.25,NaN,5.3,4.25,NaN,3.7,0.25,NaN,0.068
21-Jun-2024,5.33,NaN,5.349,5.25,NaN,5.3,4.25,NaN,3.7,0.25,NaN,0.084
24-Jun-2024,5.33,NaN,5.367,5.25,NaN,5.3,4.25,NaN,3.7,0.25,NaN,0.084
25-Jun-2024,5.33,NaN,5.41,5.25,NaN,5.3,4.25,NaN,3.7,0.25,NaN,0.077
26-Jun-2024,5.33,NaN,5.299,5.25,NaN,5.3,4.25,NaN,3.7,0.25,NaN,0.082
27-Jun-2024,5.33,NaN,5.35,5.25,NaN,5.3,4.25,NaN,3.7,0.25,NaN,0.026
28-Jun-2024,5.33,NaN,5.35,5.25,NaN,5.3,4.25,NaN,3.75,0.25,NaN,0.028
01-Jul-2024,5.33,NaN,5.466,5.25,NaN,5.3,4.25,NaN,3.75,0.25,NaN,0.076
02-Jul-2024,5.33,NaN,5.45,5.25,NaN,5.3,4.25,NaN,3.75,0.25,NaN,0.078
03-Jul-2024,5.33,NaN,5.25,5.25,NaN,5.3,4.25,NaN,3.75,0.25,NaN,0.047
04-Jul-2024,5.33,NaN,5.25,5.25,NaN,5.3,4.25,NaN,3.75,0.25,NaN,0.054
05-Jul-2024,5.33,NaN,5.353,5.25,NaN,5.29,4.25,NaN,3.74,0.25,NaN,0.051
08-Jul-2024,5.33,NaN,5.38,5.25,NaN,5.29,4.25,NaN,3.74,0.25,NaN,0.087
09-Jul-2024,5.33,NaN,5.41,5.25,NaN,5.29,4.25,NaN,3.74,0.25,NaN,0.054
10-Jul-2024,5.33,NaN,5.375,5.25,NaN,5.27,4.25,NaN,3.75,0.25,NaN,0.083
11-Jul-2024,5.33,NaN,5.43,5.25,NaN,5.28,4.25,NaN,3.75,0.25,NaN,0.079
12-Jul-2024,5.33,NaN,5.34,5.25,NaN,5.28,4.25,NaN,3.75,0.25,NaN,0.086
15-Jul-2024,5.33,NaN,5.41,5.25,NaN,5.28,4.25,NaN,3.75,0.25,NaN,0.086
16-Jul-2024,5.33,NaN,5.42,5.25,NaN,5.28,4.25,NaN,3.75,0.25,NaN,0.081
17-Jul-2024,5.33,NaN,5.42,5.25,NaN,5.28,4.25,NaN,3.75,0.25,NaN,0.079
18-Jul-2024,5.33,NaN,5.403,5.25,NaN,5.28,4.25,NaN,3.75,0.25,NaN,0.033
19-Jul-2024,5.33,NaN,5.407,5.25,NaN,5.28,4.25,NaN,3.75,0.25,NaN,0.037
22-Jul-2024,5.33,NaN,5.408,5.25,NaN,5.28,4.25,NaN,3.75,0.25,NaN,0.092
23-Jul-2024,5.33,NaN,5.381,5.25,NaN,5.28,4.25,NaN,3.75,0.25,NaN,0.073
24-Jul-2024,5.33,NaN,5.385,5.25,NaN,5.27,4.25,NaN,3.75,0.25,NaN,0.043
25-Jul-2024,5.33,NaN,5.432,5.25,NaN,5.27,4.25,NaN,3.75,0.25,NaN,0.065
26-Jul-2024,5.33,NaN,5.389,5.25,NaN,5.27,4.25,NaN,3.75,0.25,NaN,0.079
29-Jul-2024,5.33,NaN,5.374,5.25,NaN,5.26,4.25,NaN,3.75,0.25,NaN,0.081
30-Jul-2024,5.33,NaN,5.396,5.25,NaN,5.26,4.25,NaN,3.75,0.25,NaN,0.024
31-Jul-2024,5.33,NaN,5.497,5.25,NaN,5.26,4.25,NaN,3.72,0.25,NaN,-0.062
01-Aug-2024,5.33,NaN,5.446,5,NaN,5.26,4.25,NaN,3.73,0.25,NaN,0.166
02-Aug-2024,5.33,NaN,5.382,5,NaN,5.26,4.25,NaN,3.73,0.25,NaN,0.22
05-Aug-2024,5.33,NaN,5.38,5,NaN,5.26,4.25,NaN,3.73,0.25,NaN,0.051
06-Aug-2024,5.33,NaN,5.395,5,NaN,5.05,4.25,NaN,3.73,0.25,NaN,0.046
07-Aug-2024,5.33,NaN,5.392,5,NaN,5.05,4.25,NaN,3.73,0.25,NaN,0.213
08-Aug-2024,5.33,NaN,5.419,5,NaN,5.05,4.25,NaN,3.73,0.25,NaN,0.216
09-Aug-2024,5.33,NaN,5.43,5,NaN,5.05,4.25,NaN,3.73,0.25,NaN,0.182
12-Aug-2024,5.33,NaN,5.38,5,NaN,5.05,4.25,NaN,3.73,0.25,NaN,0.182
13-Aug-2024,5.33,NaN,5.387,5,NaN,5.05,4.25,NaN,3.73,0.25,NaN,0.229
14-Aug-2024,5.33,NaN,5.3,5,NaN,5.05,4.25,NaN,3.73,0.25,NaN,0.224
15-Aug-2024,5.33,NaN,5.41,5,NaN,5.05,4.25,NaN,3.73,0.25,NaN,0.238
16-Aug-2024,5.33,NaN,5.32,5,NaN,5.05,4.25,NaN,3.73,0.25,NaN,0.233
19-Aug-2024,5.33,NaN,5.359,5,NaN,5.05,4.25,NaN,3.73,0.25,NaN,0.224
20-Aug-2024,5.33,NaN,5.37,5,NaN,5.05,4.25,NaN,3.73,0.25,NaN,0.242
21-Aug-2024,5.33,NaN,5.346,5,NaN,5.05,4.25,NaN,3.73,0.25,NaN,0.238
22-Aug-2024,5.33,NaN,5.38,5,NaN,5.05,4.25,NaN,3.73,0.25,NaN,0.232
23-Aug-2024,5.33,NaN,5.402,5,NaN,5.07,4.25,NaN,3.73,0.25,NaN,0.142
26-Aug-2024,5.33,NaN,5.391,5,NaN,5.07,4.25,NaN,3.73,0.25,NaN,0.239
27-Aug-2024,5.33,NaN,5.467,5,NaN,5.07,4.25,NaN,3.73,0.25,NaN,0.242
28-Aug-2024,5.33,NaN,5.393,5,NaN,5.07,4.25,NaN,3.73,0.25,NaN,0.243
29-Aug-2024,5.33,NaN,5.332,5,NaN,5.07,4.25,NaN,3.73,0.25,NaN,0.204
30-Aug-2024,5.33,NaN,5.39,5,NaN,5.07,4.25,NaN,3.73,0.25,NaN,0.173
02-Sep-2024,5.33,NaN,5.381,5,NaN,5.07,4.25,NaN,3.73,0.25,NaN,0.244
03-Sep-2024,5.33,NaN,5.478,5,NaN,5.07,4.25,NaN,3.73,0.25,NaN,0.24
04-Sep-2024,5.33,NaN,5.434,5,NaN,5.06,4.25,NaN,3.73,0.25,NaN,0.243
05-Sep-2024,5.33,NaN,5.429,5,NaN,5.06,4.25,NaN,3.73,0.25,NaN,0.246
06-Sep-2024,5.33,NaN,5.416,5,NaN,5.06,4.25,NaN,3.73,0.25,NaN,0.243
09-Sep-2024,5.33,NaN,5.405,5,NaN,5.06,4.25,NaN,3.73,0.25,NaN,0.248
10-Sep-2024,5.33,NaN,5.375,5,NaN,5.06,4.25,NaN,3.73,0.25,NaN,0.234
11-Sep-2024,5.33,NaN,5.375,5,NaN,5.06,4.25,NaN,3.73,0.25,NaN,0.251
12-Sep-2024,5.33,NaN,5.385,5,NaN,5.06,3.65,NaN,3.73,0.25,NaN,0.237
13-Sep-2024,5.33,NaN,5.414,5,NaN,5.06,3.65,NaN,3.73,0.25,NaN,0.244
16-Sep-2024,5.33,NaN,5.435,5,NaN,5.06,3.65,NaN,3.73,0.25,NaN,0.244
17-Sep-2024,5.33,NaN,5.428,5,NaN,5.06,3.65,NaN,3.73,0.25,NaN,0.248
18-Sep-2024,5.33,NaN,5.372,5,NaN,5.06,3.65,NaN,3.73,0.25,NaN,0.243
19-Sep-2024,4.83,NaN,4.855,5,NaN,5.06,3.65,NaN,3.5,0.25,NaN,0.227
20-Sep-2024,4.83,NaN,4.86,5,NaN,5.06,3.65,NaN,3.5,0.25,NaN,0.244
23-Sep-2024,4.83,NaN,4.88,5,NaN,5.06,3.65,NaN,3.5,0.25,NaN,0.244
24-Sep-2024,4.83,NaN,4.875,5,NaN,5.06,3.65,NaN,3.49,0.25,NaN,0.219
25-Sep-2024,4.83,NaN,4.884,5,NaN,5.06,3.65,NaN,3.49,0.25,NaN,0.243
26-Sep-2024,4.83,NaN,4.894,5,NaN,5.06,3.65,NaN,3.49,0.25,NaN,0.241
27-Sep-2024,4.83,NaN,4.886,5,NaN,5.06,3.65,NaN,3.49,0.25,NaN,0.244
30-Sep-2024,4.83,NaN,5.29,5,NaN,5.06,3.65,NaN,3.58,0.25,NaN,0.232
01-Oct-2024,4.83,NaN,5.186,5,NaN,5.06,3.65,NaN,3.58,0.25,NaN,0.242
02-Oct-2024,4.83,NaN,4.942,5,NaN,5.06,3.65,NaN,3.52,0.25,NaN,0.242
03-Oct-2024,4.83,NaN,4.89,5,NaN,5.06,3.65,NaN,3.52,0.25,NaN,0.242
04-Oct-2024,4.83,NaN,4.88,5,NaN,5.06,3.65,NaN,3.52,0.25,NaN,0.241
07-Oct-2024,4.83,NaN,4.876,5,NaN,5.06,3.65,NaN,3.52,0.25,NaN,0.233
08-Oct-2024,4.83,NaN,4.885,5,NaN,5.06,3.65,NaN,3.52,0.25,NaN,0.191
09-Oct-2024,4.83,NaN,4.861,5,NaN,5.06,3.65,NaN,3.52,0.25,NaN,0.197
10-Oct-2024,4.83,NaN,4.843,5,NaN,5.06,3.65,NaN,3.52,0.25,NaN,0.236
11-Oct-2024,4.83,NaN,4.831,5,NaN,5.03,3.65,NaN,3.52,0.25,NaN,0.248
14-Oct-2024,4.83,NaN,4.831,5,NaN,5.03,3.65,NaN,3.52,0.25,NaN,0.248
15-Oct-2024,4.83,NaN,4.948,5,NaN,5.03,3.65,NaN,3.52,0.25,NaN,0.236
16-Oct-2024,4.83,NaN,4.939,5,NaN,5.01,3.65,NaN,3.52,0.25,NaN,0.24
17-Oct-2024,4.83,NaN,4.93,5,NaN,5.01,3.4,NaN,3.52,0.25,NaN,0.237
18-Oct-2024,4.83,NaN,4.876,5,NaN,5.01,3.4,NaN,3.52,0.25,NaN,0.232
21-Oct-2024,4.83,NaN,4.865,5,NaN,5.01,3.4,NaN,3.52,0.25,NaN,0.236
22-Oct-2024,4.83,NaN,4.88,5,NaN,5.01,3.4,NaN,3.52,0.25,NaN,0.229
23-Oct-2024,4.83,NaN,4.872,5,NaN,5.03,3.4,NaN,3.28,0.25,NaN,0.241
24-Oct-2024,4.83,NaN,4.869,5,NaN,5.03,3.4,NaN,3.28,0.25,NaN,0.239
25-Oct-2024,4.83,NaN,4.858,5,NaN,5.01,3.4,NaN,3.26,0.25,NaN,0.24
28-Oct-2024,4.83,NaN,4.825,5,NaN,5.01,3.4,NaN,3.26,0.25,NaN,0.24
29-Oct-2024,4.83,NaN,4.847,5,NaN,4.97,3.4,NaN,3.26,0.25,NaN,0.137
30-Oct-2024,4.83,NaN,4.845,5,NaN,4.97,3.4,NaN,3.26,0.25,NaN,0.174
31-Oct-2024,4.83,NaN,4.98,5,NaN,4.95,3.4,NaN,3.14,0.25,NaN,0.178
01-Nov-2024,4.83,NaN,4.89,5,NaN,4.95,3.4,NaN,3.24,0.25,NaN,0.241
04-Nov-2024,4.83,NaN,4.847,5,NaN,4.93,3.4,NaN,3.24,0.25,NaN,0.241
05-Nov-2024,4.83,NaN,4.845,5,NaN,4.93,3.4,NaN,3.24,0.25,NaN,0.238
06-Nov-2024,4.83,NaN,4.816,5,NaN,4.88,3.4,NaN,3.24,0.25,NaN,0.24
07-Nov-2024,4.83,NaN,4.852,4.75,NaN,4.86,3.4,NaN,3.24,0.25,NaN,0.226
08-Nov-2024,4.58,NaN,4.634,4.75,NaN,4.86,3.4,NaN,3.24,0.25,NaN,0.164
11-Nov-2024,4.58,NaN,4.634,4.75,NaN,4.85,3.4,NaN,3.24,0.25,NaN,0.243
12-Nov-2024,4.58,NaN,4.645,4.75,NaN,4.85,3.4,NaN,3.24,0.25,NaN,0.215
13-Nov-2024,4.58,NaN,4.62,4.75,NaN,4.85,3.4,NaN,3.24,0.25,NaN,0.24
14-Nov-2024,4.58,NaN,4.564,4.75,NaN,4.85,3.4,NaN,3.24,0.25,NaN,0.192
15-Nov-2024,4.58,NaN,4.605,4.75,NaN,4.85,3.4,NaN,3.24,0.25,NaN,0.203
18-Nov-2024,4.58,NaN,4.59,4.75,NaN,4.85,3.4,NaN,3.23,0.25,NaN,0.24
19-Nov-2024,4.58,NaN,4.58,4.75,NaN,4.85,3.4,NaN,3.23,0.25,NaN,0.231
20-Nov-2024,4.58,NaN,4.569,4.75,NaN,4.85,3.4,NaN,3.23,0.25,NaN,0.231
21-Nov-2024,4.58,NaN,4.614,4.75,NaN,4.85,3.4,NaN,3.23,0.25,NaN,0.234
22-Nov-2024,4.58,NaN,4.587,4.75,NaN,4.85,3.4,NaN,3.23,0.25,NaN,0.223
25-Nov-2024,4.58,NaN,4.587,4.75,NaN,4.85,3.4,NaN,3.23,0.25,NaN,0.234
26-Nov-2024,4.58,NaN,4.605,4.75,NaN,4.85,3.4,NaN,3.23,0.25,NaN,0.176
27-Nov-2024,4.58,NaN,4.585,4.75,NaN,4.85,3.4,NaN,3.23,0.25,NaN,0.158
28-Nov-2024,4.58,NaN,4.585,4.75,NaN,4.85,3.4,NaN,3.23,0.25,NaN,0.197
29-Nov-2024,4.58,NaN,4.653,4.75,NaN,4.85,3.4,NaN,3.23,0.25,NaN,0.228
02-Dec-2024,4.58,NaN,4.692,4.75,NaN,4.85,3.4,NaN,3.23,0.25,NaN,0.234
03-Dec-2024,4.58,NaN,4.663,4.75,NaN,4.85,3.4,NaN,3.23,0.25,NaN,0.23
04-Dec-2024,4.58,NaN,4.621,4.75,NaN,4.85,3.4,NaN,3.23,0.25,NaN,0.237
05-Dec-2024,4.58,NaN,4.625,4.75,NaN,4.85,3.4,NaN,3.23,0.25,NaN,0.238
06-Dec-2024,4.58,NaN,4.644,4.75,NaN,4.85,3.4,NaN,3.23,0.25,NaN,0.245
09-Dec-2024,4.58,NaN,4.669,4.75,NaN,4.85,3.4,NaN,3.23,0.25,NaN,0.243
10-Dec-2024,4.58,NaN,4.648,4.75,NaN,4.85,3.4,NaN,3.23,0.25,NaN,0.243
11-Dec-2024,4.58,NaN,4.63,4.75,NaN,4.85,3.4,NaN,3.23,0.25,NaN,0.248
12-Dec-2024,4.58,NaN,4.64,4.75,NaN,4.85,3.15,NaN,3.23,0.25,NaN,0.237
13-Dec-2024,4.58,NaN,4.646,4.75,NaN,4.85,3.15,NaN,3.23,0.25,NaN,0.242
16-Dec-2024,4.58,NaN,4.684,4.75,NaN,4.85,3.15,NaN,3.23,0.25,NaN,0.239
17-Dec-2024,4.58,NaN,4.667,4.75,NaN,4.85,3.15,NaN,3.23,0.25,NaN,0.237
18-Dec-2024,4.58,NaN,4.6,4.75,NaN,4.83,3.15,NaN,2.98,0.25,NaN,0.242
19-Dec-2024,4.33,NaN,4.407,4.75,NaN,4.83,3.15,NaN,2.98,0.25,NaN,0.239
20-Dec-2024,4.33,NaN,4.35,4.75,NaN,4.83,3.15,NaN,2.98,0.25,NaN,0.234
23-Dec-2024,4.33,NaN,4.38,4.75,NaN,4.78,3.15,NaN,2.98,0.25,NaN,0.235
24-Dec-2024,4.33,NaN,4.46,4.75,NaN,4.78,3.15,NaN,2.98,0.25,NaN,0.244
25-Dec-2024,4.33,NaN,4.46,4.75,NaN,4.78,3.15,NaN,2.98,0.25,NaN,0.247
26-Dec-2024,4.33,NaN,4.47,4.75,NaN,4.78,3.15,NaN,2.98,0.25,NaN,0.241
27-Dec-2024,4.33,NaN,4.424,4.75,NaN,4.78,3.15,NaN,2.96,0.25,NaN,0.241
30-Dec-2024,4.33,NaN,4.338,4.75,NaN,4.78,3.15,NaN,2.96,0.25,NaN,0.244
31-Dec-2024,4.33,NaN,4.5,4.75,NaN,4.78,3.15,NaN,2.96,0.25,NaN,0.244
01-Jan-2025,4.33,NaN,4.5,4.75,NaN,4.78,3.15,NaN,2.96,0.25,NaN,0.244
02-Jan-2025,4.33,NaN,4.4,4.75,NaN,4.83,3.15,NaN,2.95,0.25,NaN,0.244
03-Jan-2025,4.33,NaN,4.318,4.75,NaN,4.83,3.15,NaN,2.97,0.25,NaN,0.244
06-Jan-2025,4.33,NaN,4.276,4.75,NaN,4.82,3.15,NaN,2.99,0.25,NaN,0.246
07-Jan-2025,4.33,NaN,4.345,4.75,NaN,4.82,3.15,NaN,2.99,0.25,NaN,0.243
08-Jan-2025,4.33,NaN,4.323,4.75,NaN,4.82,3.15,NaN,2.99,0.25,NaN,0.248
09-Jan-2025,4.33,NaN,4.36,4.75,NaN,4.82,3.15,NaN,2.99,0.25,NaN,0.24
10-Jan-2025,4.33,NaN,4.33,4.75,NaN,4.81,3.15,NaN,2.99,0.25,NaN,0.243
13-Jan-2025,4.33,NaN,4.32,4.75,NaN,4.79,3.15,NaN,2.99,0.25,NaN,0.243
14-Jan-2025,4.33,NaN,4.32,4.75,NaN,4.79,3.15,NaN,2.99,0.25,NaN,0.244
15-Jan-2025,4.33,NaN,4.308,4.75,NaN,4.78,3.15,NaN,2.99,0.25,NaN,0.244
16-Jan-2025,4.33,NaN,4.326,4.75,NaN,4.78,3.15,NaN,2.99,0.25,NaN,0.241
17-Jan-2025,4.33,NaN,4.32,4.75,NaN,4.78,3.15,NaN,2.99,0.25,NaN,0.242
20-Jan-2025,4.33,NaN,4.32,4.75,NaN,4.78,3.15,NaN,2.99,0.25,NaN,0.248
21-Jan-2025,4.33,NaN,4.32,4.75,NaN,4.77,3.15,NaN,2.99,0.25,NaN,0.238
22-Jan-2025,4.33,NaN,4.36,4.75,NaN,4.76,3.15,NaN,2.99,0.25,NaN,0.236
23-Jan-2025,4.33,NaN,4.41,4.75,NaN,4.77,3.15,NaN,3,0.25,NaN,0.239
24-Jan-2025,4.33,NaN,4.39,4.75,NaN,4.75,3.15,NaN,3,0.5,NaN,0.232
27-Jan-2025,4.33,NaN,4.39,4.75,NaN,4.75,3.15,NaN,3,0.5,NaN,0.09
28-Jan-2025,4.33,NaN,4.413,4.75,NaN,4.74,3.15,NaN,3,0.5,NaN,0.056
29-Jan-2025,4.33,NaN,4.39,4.75,NaN,4.73,3.15,NaN,2.99,0.5,NaN,0.208
30-Jan-2025,4.33,NaN,4.397,4.75,NaN,4.73,2.9,NaN,2.99,0.5,NaN,0.293
31-Jan-2025,4.33,NaN,4.43,4.75,NaN,4.71,2.9,NaN,2.99,0.5,NaN,0.169
03-Feb-2025,4.33,NaN,4.39,4.75,NaN,4.7,2.9,NaN,3.01,0.5,NaN,0.474
04-Feb-2025,4.33,NaN,4.38,4.75,NaN,4.67,2.9,NaN,3.01,0.5,NaN,0.454
05-Feb-2025,4.33,NaN,4.386,4.75,NaN,4.65,2.9,NaN,2.76,0.5,NaN,0.46
06-Feb-2025,4.33,NaN,4.401,4.5,NaN,4.55,2.9,NaN,2.76,0.5,NaN,0.482
07-Feb-2025,4.33,NaN,4.395,4.5,NaN,4.55,2.9,NaN,2.76,0.5,NaN,0.381
10-Feb-2025,4.33,NaN,4.39,4.5,NaN,4.55,2.9,NaN,2.76,0.5,NaN,0.467
11-Feb-2025,4.33,NaN,4.37,4.5,NaN,4.55,2.9,NaN,2.76,0.5,NaN,0.467
12-Feb-2025,4.33,NaN,4.375,4.5,NaN,4.55,2.9,NaN,2.76,0.5,NaN,0.407
13-Feb-2025,4.33,NaN,4.38,4.5,NaN,4.55,2.9,NaN,2.76,0.5,NaN,0.384
14-Feb-2025,4.33,NaN,4.38,4.5,NaN,4.55,2.9,NaN,2.76,0.5,NaN,0.307
17-Feb-2025,4.33,NaN,4.38,4.5,NaN,4.55,2.9,NaN,2.76,0.5,NaN,0.479
18-Feb-2025,4.33,NaN,4.42,4.5,NaN,4.55,2.9,NaN,2.76,0.5,NaN,0.459
19-Feb-2025,4.33,NaN,4.385,4.5,NaN,4.55,2.9,NaN,2.76,0.5,NaN,0.489
20-Feb-2025,4.33,NaN,4.387,4.5,NaN,4.55,2.9,NaN,2.76,0.5,NaN,0.495
21-Feb-2025,4.33,NaN,4.38,4.5,NaN,4.55,2.9,NaN,2.76,0.5,NaN,0.497
24-Feb-2025,4.33,NaN,4.38,4.5,NaN,4.55,2.9,NaN,2.76,0.5,NaN,0.497
25-Feb-2025,4.33,NaN,4.37,4.5,NaN,4.55,2.9,NaN,2.76,0.5,NaN,0.492
26-Feb-2025,4.33,NaN,4.4,4.5,NaN,4.54,2.9,NaN,2.76,0.5,NaN,0.476
27-Feb-2025,4.33,NaN,4.4,4.5,NaN,4.54,2.9,NaN,2.76,0.5,NaN,0.478
28-Feb-2025,4.33,NaN,4.405,4.5,NaN,4.54,2.9,NaN,2.76,0.5,NaN,0.401
03-Mar-2025,4.33,NaN,4.37,4.5,NaN,4.54,2.9,NaN,2.76,0.5,NaN,0.482
04-Mar-2025,4.33,NaN,4.38,4.5,NaN,4.54,2.9,NaN,2.76,0.5,NaN,0.494
05-Mar-2025,4.33,NaN,4.39,4.5,NaN,4.54,2.9,NaN,2.76,0.5,NaN,0.486
06-Mar-2025,4.33,NaN,4.383,4.5,NaN,4.55,2.65,NaN,2.76,0.5,NaN,0.49
07-Mar-2025,4.33,NaN,4.37,4.5,NaN,4.55,2.65,NaN,2.76,0.5,NaN,0.483
10-Mar-2025,4.33,NaN,4.36,4.5,NaN,4.55,2.65,NaN,2.76,0.5,NaN,0.481
11-Mar-2025,4.33,NaN,4.36,4.5,NaN,4.55,2.65,NaN,2.76,0.5,NaN,0.491
12-Mar-2025,4.33,NaN,4.34,4.5,NaN,4.55,2.65,NaN,2.5,0.5,NaN,0.484
13-Mar-2025,4.33,NaN,4.34,4.5,NaN,4.55,2.65,NaN,2.5,0.5,NaN,0.493
14-Mar-2025,4.33,NaN,4.35,4.5,NaN,4.55,2.65,NaN,2.5,0.5,NaN,0.493
17-Mar-2025,4.33,NaN,4.38,4.5,NaN,4.55,2.65,NaN,2.5,0.5,NaN,0.491
18-Mar-2025,4.33,NaN,4.34,4.5,NaN,4.55,2.65,NaN,2.5,0.5,NaN,0.496
19-Mar-2025,4.33,NaN,4.32,4.5,NaN,4.55,2.65,NaN,2.5,0.5,NaN,0.491
20-Mar-2025,4.33,NaN,4.347,4.5,NaN,4.55,2.65,NaN,2.5,0.5,NaN,0.491
21-Mar-2025,4.33,NaN,4.34,4.5,NaN,4.56,2.65,NaN,2.5,0.5,NaN,0.487
24-Mar-2025,4.33,NaN,4.354,4.5,NaN,4.56,2.65,NaN,2.5,0.5,NaN,0.484
25-Mar-2025,4.33,NaN,4.38,4.5,NaN,4.56,2.65,NaN,2.5,0.5,NaN,0.482
26-Mar-2025,4.33,NaN,4.396,4.5,NaN,4.56,2.65,NaN,2.5,0.5,NaN,0.484
27-Mar-2025,4.33,NaN,4.39,4.5,NaN,4.56,2.65,NaN,2.5,0.5,NaN,0.479
28-Mar-2025,4.33,NaN,4.39,4.5,NaN,4.56,2.65,NaN,2.5,0.5,NaN,0.481
31-Mar-2025,4.33,NaN,4.52,4.5,NaN,4.56,2.65,NaN,2.53,0.5,NaN,0.186
01-Apr-2025,4.33,NaN,4.43,4.5,NaN,4.56,2.65,NaN,2.53,0.5,NaN,0.495
02-Apr-2025,4.33,NaN,4.42,4.5,NaN,4.56,2.65,NaN,2.5,0.5,NaN,0.495
03-Apr-2025,4.33,NaN,4.404,4.5,NaN,4.56,2.65,NaN,2.5,0.5,NaN,0.493
04-Apr-2025,4.33,NaN,4.36,4.5,NaN,4.56,2.65,NaN,2.5,0.5,NaN,0.497
07-Apr-2025,4.33,NaN,4.41,4.5,NaN,4.56,2.65,NaN,2.5,0.5,NaN,0.497
08-Apr-2025,4.33,NaN,4.44,4.5,NaN,4.56,2.65,NaN,2.5,0.5,NaN,0.494
09-Apr-2025,4.33,NaN,4.42,4.5,NaN,4.56,2.65,NaN,2.5,0.5,NaN,0.489
10-Apr-2025,4.33,NaN,4.37,4.5,NaN,4.56,2.65,NaN,2.5,0.5,NaN,0.495
11-Apr-2025,4.33,NaN,4.352,4.5,NaN,4.56,2.65,NaN,2.5,0.5,NaN,0.494
14-Apr-2025,4.33,NaN,4.32,4.5,NaN,4.56,2.65,NaN,2.5,0.5,NaN,0.492
15-Apr-2025,4.33,NaN,4.388,4.5,NaN,4.55,2.65,NaN,2.5,0.5,NaN,0.483
16-Apr-2025,4.33,NaN,4.38,4.5,NaN,4.57,2.65,NaN,2.5,0.5,NaN,0.49
17-Apr-2025,4.33,NaN,4.38,4.5,NaN,4.53,2.4,NaN,2.5,0.5,NaN,0.496
18-Apr-2025,4.33,NaN,4.38,4.5,NaN,4.53,2.4,NaN,2.5,0.5,NaN,0.497
21-Apr-2025,4.33,NaN,4.35,4.5,NaN,4.53,2.4,NaN,2.5,0.5,NaN,0.496
22-Apr-2025,4.33,NaN,4.32,4.5,NaN,4.53,2.4,NaN,2.5,0.5,NaN,0.49
23-Apr-2025,4.33,NaN,4.29,4.5,NaN,4.53,2.4,NaN,2.5,0.5,NaN,0.491
24-Apr-2025,4.33,NaN,4.338,4.5,NaN,4.51,2.4,NaN,2.25,0.5,NaN,0.497
25-Apr-2025,4.33,NaN,4.38,4.5,NaN,4.51,2.4,NaN,2.25,0.5,NaN,0.494
28-Apr-2025,4.33,NaN,4.382,4.5,NaN,4.55,2.4,NaN,2.25,0.5,NaN,0.459
29-Apr-2025,4.33,NaN,4.38,4.5,NaN,4.59,2.4,NaN,2.25,0.5,NaN,0.459
30-Apr-2025,4.33,NaN,4.515,4.5,NaN,4.63,2.4,NaN,2.22,0.5,NaN,0.272
01-May-2025,4.33,NaN,4.44,4.5,NaN,4.62,2.4,NaN,2.24,0.5,NaN,0.493
02-May-2025,4.33,NaN,4.392,4.5,NaN,4.62,2.4,NaN,2.24,0.5,NaN,0.493
05-May-2025,4.33,NaN,4.347,4.5,NaN,4.61,2.4,NaN,2.28,0.5,NaN,0.493
06-May-2025,4.33,NaN,4.364,4.5,NaN,4.61,2.4,NaN,2.27,0.5,NaN,0.493
07-May-2025,4.33,NaN,4.3,4.5,NaN,4.61,2.4,NaN,2.25,0.5,NaN,0.49
08-May-2025,4.33,NaN,4.34,4.25,NaN,4.32,2.4,NaN,2.25,0.5,NaN,0.478
09-May-2025,4.33,NaN,4.33,4.25,NaN,4.34,2.4,NaN,2.25,0.5,NaN,0.493
12-May-2025,4.33,NaN,4.34,4.25,NaN,4.34,2.4,NaN,2.25,0.5,NaN,0.487
13-May-2025,4.33,NaN,4.35,4.25,NaN,4.34,2.4,NaN,2.25,0.5,NaN,0.477
14-May-2025,4.33,NaN,4.329,4.25,NaN,4.34,2.4,NaN,2.25,0.5,NaN,0.487
15-May-2025,4.33,NaN,4.376,4.25,NaN,4.34,2.4,NaN,2.25,0.5,NaN,0.483
16-May-2025,4.33,NaN,4.338,4.25,NaN,4.34,2.4,NaN,2.25,0.5,NaN,0.496
19-May-2025,4.33,NaN,4.33,4.25,NaN,4.34,2.4,NaN,2.25,0.5,NaN,0.489
20-May-2025,4.33,NaN,4.33,4.25,NaN,4.34,2.4,NaN,2.25,0.5,NaN,0.497
21-May-2025,4.33,NaN,4.31,4.25,NaN,4.33,2.4,NaN,2.25,0.5,NaN,0.49
22-May-2025,4.33,NaN,4.28,4.25,NaN,4.34,2.4,NaN,2.25,0.5,NaN,0.49
23-May-2025,4.33,NaN,4.304,4.25,NaN,4.32,2.4,NaN,2.25,0.5,NaN,0.494
26-May-2025,4.33,NaN,4.304,4.25,NaN,4.32,2.4,NaN,2.25,0.5,NaN,0.492
27-May-2025,4.33,NaN,4.304,4.25,NaN,4.29,2.4,NaN,2.25,0.5,NaN,0.491
28-May-2025,4.33,NaN,4.304,4.25,NaN,4.31,2.4,NaN,2.25,0.5,NaN,0.495
29-May-2025,4.33,NaN,4.304,4.25,NaN,4.34,2.4,NaN,2.25,0.5,NaN,0.488
30-May-2025,4.33,NaN,4.304,4.25,NaN,4.38,2.4,NaN,2.21,0.5,NaN,0.496
02-Jun-2025,4.33,NaN,4.304,4.25,NaN,4.34,2.4,NaN,2.25,0.5,NaN,0.497
03-Jun-2025,4.33,NaN,4.304,4.25,NaN,4.36,2.4,NaN,2.25,0.5,NaN,0.497
04-Jun-2025,4.33,NaN,4.37,4.25,NaN,4.36,2.4,NaN,2.25,0.5,NaN,0.495
05-Jun-2025,4.33,NaN,4.33,4.25,NaN,4.34,2.15,NaN,2.25,0.5,NaN,0.487
06-Jun-2025,4.33,NaN,4.33,4.25,NaN,4.36,2.15,NaN,2.25,0.5,NaN,0.491
09-Jun-2025,4.33,NaN,4.35,4.25,NaN,4.36,2.15,NaN,2.27,0.5,NaN,0.493
10-Jun-2025,4.33,NaN,4.35,4.25,NaN,4.34,2.15,NaN,2.25,0.5,NaN,0.488
11-Jun-2025,4.33,NaN,4.333,4.25,NaN,4.34,2.15,NaN,2.04,0.5,NaN,0.494
12-Jun-2025,4.33,NaN,4.333,4.25,NaN,4.34,2.15,NaN,2.04,0.5,NaN,0.493
13-Jun-2025,4.33,NaN,4.333,4.25,NaN,4.32,2.15,NaN,2.04,0.5,NaN,0.493
16-Jun-2025,4.33,NaN,4.333,4.25,NaN,4.32,2.15,NaN,2.04,0.5,NaN,0.485
17-Jun-2025,4.33,NaN,4.37,4.25,NaN,4.32,2.15,NaN,2.02,0.5,NaN,0.493
18-Jun-2025,4.33,NaN,4.37,4.25,NaN,4.32,2.15,NaN,2.02,0.5,NaN,0.492
19-Jun-2025,4.33,NaN,4.37,4.25,NaN,4.32,2.15,NaN,2.02,0.5,NaN,0.482
20-Jun-2025,4.33,NaN,4.37,4.25,NaN,4.3,2.15,NaN,2.03,0.5,NaN,0.496
23-Jun-2025,4.33,NaN,4.34,4.25,NaN,4.3,2.15,NaN,2.02,0.5,NaN,0.491
24-Jun-2025,4.33,NaN,4.34,4.25,NaN,4.3,2.15,NaN,2.02,0.5,NaN,0.47
25-Jun-2025,4.33,NaN,4.41,4.25,NaN,4.32,2.15,NaN,2.02,0.5,NaN,0.49
26-Jun-2025,4.33,NaN,4.43,4.25,NaN,4.32,2.15,NaN,2.02,0.5,NaN,0.49
27-Jun-2025,4.33,NaN,4.43,4.25,NaN,4.42,2.15,NaN,2.02,0.5,NaN,0.491
30-Jun-2025,4.33,NaN,4.49,4.25,NaN,4.42,2.15,NaN,2.02,0.5,NaN,0.491
01-Jul-2025,4.33,NaN,4.49,4.25,NaN,4.42,2.15,NaN,2.02,0.5,NaN,0.482
02-Jul-2025,4.33,NaN,4.44,4.25,NaN,4.37,2.15,NaN,2.02,0.5,NaN,0.492
03-Jul-2025,4.33,NaN,4.38,4.25,NaN,4.33,2.15,NaN,2.02,0.5,NaN,0.494
04-Jul-2025,4.33,NaN,4.38,4.25,NaN,4.33,2.15,NaN,2.02,0.5,NaN,0.499
07-Jul-2025,4.33,NaN,4.37,4.25,NaN,4.33,2.15,NaN,2.02,0.5,NaN,0.486
08-Jul-2025,4.33,NaN,4.37,4.25,NaN,4.33,2.15,NaN,2.02,0.5,NaN,0.489
09-Jul-2025,4.33,NaN,4.37,4.25,NaN,4.33,2.15,NaN,2.02,0.5,NaN,0.489
10-Jul-2025,4.33,NaN,4.39,4.25,NaN,4.33,2.15,NaN,2.02,0.5,NaN,0.499
11-Jul-2025,4.33,NaN,4.38,4.25,NaN,4.33,2.15,NaN,2.02,0.5,NaN,0.492
14-Jul-2025,4.33,NaN,4.38,4.25,NaN,4.35,2.15,NaN,2.02,0.5,NaN,0.491
15-Jul-2025,4.33,NaN,4.38,4.25,NaN,4.33,2.15,NaN,2.02,0.5,NaN,0.489
16-Jul-2025,4.33,NaN,4.38,4.25,NaN,4.33,2.15,NaN,2.02,0.5,NaN,0.486
17-Jul-2025,4.33,NaN,4.38,4.25,NaN,4.31,2.15,NaN,2.02,0.5,NaN,0.486
18-Jul-2025,4.33,NaN,4.38,4.25,NaN,4.29,2.15,NaN,2.02,0.5,NaN,0.482
21-Jul-2025,4.33,NaN,4.35,4.25,NaN,4.29,2.15,NaN,2.02,0.5,NaN,0.482
22-Jul-2025,4.33,NaN,4.35,4.25,NaN,4.29,2.15,NaN,2.02,0.5,NaN,0.491
23-Jul-2025,4.33,NaN,4.318,4.25,NaN,4.3,2.15,NaN,2.02,0.5,NaN,0.486
24-Jul-2025,4.33,NaN,4.34,4.25,NaN,4.3,2.15,NaN,2.02,0.5,NaN,0.487
25-Jul-2025,4.33,NaN,4.39,4.25,NaN,4.3,2.15,NaN,2.02,0.5,NaN,0.488
28-Jul-2025,4.33,NaN,4.39,4.25,NaN,4.3,2.15,NaN,2.02,0.5,NaN,0.487
29-Jul-2025,4.33,NaN,4.38,4.25,NaN,4.3,2.15,NaN,2.02,0.5,NaN,0.486
30-Jul-2025,4.33,NaN,4.37,4.25,NaN,4.31,2.15,NaN,2.02,0.5,NaN,0.488
31-Jul-2025,4.33,NaN,4.44,4.25,NaN,4.34,2.15,NaN,2.01,0.5,NaN,0.364
01-Aug-2025,4.33,NaN,4.38,4.25,NaN,4.34,2.15,NaN,2.01,0.5,NaN,0.496
04-Aug-2025,4.33,NaN,4.37,4.25,NaN,4.3,2.15,NaN,2.01,0.5,NaN,0.496
05-Aug-2025,4.33,NaN,4.38,4.25,NaN,4.3,2.15,NaN,2.01,0.5,NaN,0.49
06-Aug-2025,4.33,NaN,4.38,4.25,NaN,4.24,2.15,NaN,2.01,0.5,NaN,0.492
07-Aug-2025,4.33,NaN,4.39,4,NaN,4.06,2.15,NaN,2.01,0.5,NaN,0.491
08-Aug-2025,4.33,NaN,4.39,4,NaN,4.06,2.15,NaN,2.01,0.5,NaN,0.491
11-Aug-2025,4.33,NaN,4.39,4,NaN,4.06,2.15,NaN,2.01,0.5,NaN,0.491
12-Aug-2025,4.33,NaN,4.39,4,NaN,4.06,2.15,NaN,2.01,0.5,NaN,0.49
13-Aug-2025,4.33,NaN,4.39,4,NaN,4.05,2.15,NaN,2.01,0.5,NaN,0.487
14-Aug-2025,4.33,NaN,4.362,4,NaN,4.05,2.15,NaN,2.01,0.5,NaN,0.487
15-Aug-2025,4.33,NaN,4.362,4,NaN,4.05,2.15,NaN,2.01,0.5,NaN,0.491
18-Aug-2025,4.33,NaN,4.362,4,NaN,4.05,2.15,NaN,2.01,0.5,NaN,0.487
19-Aug-2025,4.33,NaN,4.362,4,NaN,4.05,2.15,NaN,2.01,0.5,NaN,0.493
20-Aug-2025,4.33,NaN,4.37,4,NaN,4.05,2.15,NaN,2.01,0.5,NaN,0.492
21-Aug-2025,4.33,NaN,4.37,4,NaN,4.05,2.15,NaN,2.01,0.5,NaN,0.493
22-Aug-2025,4.33,NaN,4.376,4,NaN,4.05,2.15,NaN,2.01,0.5,NaN,0.491
25-Aug-2025,4.33,NaN,4.376,4,NaN,4.05,2.15,NaN,2.01,0.5,NaN,0.493
26-Aug-2025,4.33,NaN,4.427,4,NaN,4.05,2.15,NaN,2.01,0.5,NaN,0.488
27-Aug-2025,4.33,NaN,4.427,4,NaN,4.05,2.15,NaN,2.01,0.5,NaN,0.488
28-Aug-2025,4.33,NaN,4.377,4,NaN,4.05,2.15,NaN,2.01,0.5,NaN,0.486
29-Aug-2025,4.33,NaN,4.37,4,NaN,4.05,2.15,NaN,2.01,0.5,NaN,0.455
01-Sep-2025,4.33,NaN,4.37,4,NaN,4.1,2.15,NaN,2.01,0.5,NaN,0.489
02-Sep-2025,4.33,NaN,4.37,4,NaN,4.1,2.15,NaN,2.01,0.5,NaN,0.489
03-Sep-2025,4.33,NaN,4.43,4,NaN,4.1,2.15,NaN,2.01,0.5,NaN,0.488
04-Sep-2025,4.33,NaN,4.47,4,NaN,4.1,2.15,NaN,2.01,0.5,NaN,0.487
05-Sep-2025,4.33,NaN,4.47,4,NaN,4.1,2.15,NaN,2.01,0.5,NaN,0.49
08-Sep-2025,4.33,NaN,4.47,4,NaN,4.08,2.15,NaN,2.01,0.5,NaN,0.492
09-Sep-2025,4.33,NaN,4.447,4,NaN,4.08,2.15,NaN,2.01,0.5,NaN,0.486
10-Sep-2025,4.33,NaN,4.447,4,NaN,4.07,2.15,NaN,2.01,0.5,NaN,0.489
11-Sep-2025,4.33,NaN,4.447,4,NaN,4.07,2.15,NaN,2.01,0.5,NaN,0.489
12-Sep-2025,4.33,NaN,4.447,4,NaN,4.07,2.15,NaN,2.01,0.5,NaN,0.498
15-Sep-2025,4.33,NaN,4.447,4,NaN,4.08,2.15,NaN,2.01,0.5,NaN,0.498
16-Sep-2025,4.33,NaN,4.434,4,NaN,4.07,2.15,NaN,2.01,0.5,NaN,0.492
17-Sep-2025,4.33,NaN,4.43,4,NaN,4.06,2.15,NaN,2.01,0.5,NaN,0.492
18-Sep-2025,4.08,NaN,4.19,4,NaN,4.06,2.15,NaN,2.01,0.5,NaN,0.493
19-Sep-2025,4.08,NaN,4.177,4,NaN,4.08,2.15,NaN,2.01,0.5,NaN,0.487
22-Sep-2025,4.09,NaN,4.177,4,NaN,4.08,2.15,NaN,2.01,0.5,NaN,0.488
23-Sep-2025,4.09,NaN,4.177,4,NaN,4.08,2.15,NaN,2.01,0.5,NaN,0.488
24-Sep-2025,4.09,NaN,4.19,4,NaN,4.1,2.15,NaN,2.01,0.5,NaN,0.49
25-Sep-2025,4.09,NaN,4.19,4,NaN,4.09,2.15,NaN,2.01,0.5,NaN,0.491
26-Sep-2025,4.09,NaN,4.17,4,NaN,4.09,2.15,NaN,2.01,0.5,NaN,0.487
29-Sep-2025,4.09,NaN,4.19,4,NaN,4.08,2.15,NaN,2.01,0.5,NaN,0.489
30-Sep-2025,4.09,NaN,4.19,4,NaN,4.08,2.15,NaN,1.98,0.5,NaN,0.362
01-Oct-2025,4.09,NaN,4.23,4,NaN,4.09,2.15,NaN,1.98,0.5,NaN,0.494
02-Oct-2025,4.09,NaN,4.23,4,NaN,4.08,2.15,NaN,1.98,0.5,NaN,0.491
03-Oct-2025,4.09,NaN,4.21,4,NaN,4.08,2.15,NaN,1.98,0.5,NaN,0.491
06-Oct-2025,4.09,NaN,4.19,4,NaN,4.08,2.15,NaN,1.98,0.5,NaN,0.492
07-Oct-2025,4.09,NaN,4.18,4,NaN,4.07,2.15,NaN,1.98,0.5,NaN,0.489
08-Oct-2025,4.1,NaN,4.155,4,NaN,4.07,2.15,NaN,1.98,0.5,NaN,0.492
09-Oct-2025,4.1,NaN,4.155,4,NaN,4.09,2.15,NaN,1.99,0.5,NaN,0.492
10-Oct-2025,4.1,NaN,4.18,4,NaN,4.07,2.15,NaN,1.99,0.5,NaN,0.495
13-Oct-2025,4.1,NaN,4.18,4,NaN,4.07,2.15,NaN,2,0.5,NaN,0.495
14-Oct-2025,4.1,NaN,4.25,4,NaN,4.04,2.15,NaN,2.01,0.5,NaN,0.496
15-Oct-2025,4.1,NaN,4.25,4,NaN,4.06,2.15,NaN,2.01,0.5,NaN,0.498
16-Oct-2025,4.11,NaN,4.32,4,NaN,4.06,2.15,NaN,2.01,0.5,NaN,0.494
17-Oct-2025,4.11,NaN,4.22,4,NaN,4.06,2.15,NaN,2.01,0.5,NaN,0.497
20-Oct-2025,4.11,NaN,4.19,4,NaN,4.08,2.15,NaN,2.01,0.5,NaN,0.499
21-Oct-2025,4.11,NaN,4.19,4,NaN,4.09,2.15,NaN,2.01,0.5,NaN,0.497
22-Oct-2025,4.11,NaN,4.19,4,NaN,4.09,2.15,NaN,2.01,0.5,NaN,0.496
23-Oct-2025,4.11,NaN,4.26,4,NaN,4.09,2.15,NaN,2.01,0.5,NaN,0.496
24-Oct-2025,4.11,NaN,4.26,4,NaN,4.09,2.15,NaN,2.01,0.5,NaN,0.498
27-Oct-2025,4.11,NaN,4.26,4,NaN,4.09,2.15,NaN,2.01,0.5,NaN,0.497
28-Oct-2025,4.12,NaN,4.26,4,NaN,4.09,2.15,NaN,2.01,0.5,NaN,0.494
29-Oct-2025,4.12,NaN,4.29,4,NaN,4.31,2.15,NaN,2.01,0.5,NaN,0.496
30-Oct-2025,3.87,NaN,4.29,4,NaN,4.31,2.15,NaN,2.01,0.5,NaN,0.496
31-Oct-2025,3.86,NaN,4.29,4,NaN,4.07,2.15,NaN,1.98,0.5,NaN,0.493
03-Nov-2025,3.87,NaN,4.29,4,NaN,4.08,2.15,NaN,2.01,0.5,NaN,0.493
04-Nov-2025,3.87,NaN,4.29,4,NaN,4.06,2.15,NaN,2.01,0.5,NaN,0.496
05-Nov-2025,3.87,NaN,3.955,4,NaN,4.04,2.15,NaN,2.01,0.5,NaN,0.492
06-Nov-2025,3.87,NaN,3.955,4,NaN,4.04,2.15,NaN,2.01,0.5,NaN,0.494
07-Nov-2025,3.87,NaN,3.955,4,NaN,4.19,2.15,NaN,2.01,0.5,NaN,0.494
10-Nov-2025,3.87,NaN,3.98,4,NaN,4.17,2.15,NaN,2.01,0.5,NaN,0.497
11-Nov-2025,3.87,NaN,3.98,4,NaN,4.17,2.15,NaN,2.01,0.5,NaN,0.495
12-Nov-2025,3.87,NaN,3.98,4,NaN,4.17,2.15,NaN,2.01,0.5,NaN,0.496
13-Nov-2025,3.88,NaN,4.04,4,NaN,4.09,2.15,NaN,2.01,0.5,NaN,0.495
14-Nov-2025,3.88,NaN,3.95,4,NaN,4.09,2.15,NaN,1.99,0.5,NaN,0.496
17-Nov-2025,3.88,NaN,4.02,4,NaN,4.07,2.15,NaN,2.01,0.5,NaN,0.496
18-Nov-2025,3.88,NaN,4.02,4,NaN,4.07,2.15,NaN,2.01,0.5,NaN,0.494
19-Nov-2025,3.88,NaN,3.94,4,NaN,4.07,2.15,NaN,2.01,0.5,NaN,0.494
20-Nov-2025,3.88,NaN,3.95,4,NaN,4.07,2.15,NaN,2.01,0.5,NaN,0.502
21-Nov-2025,3.88,NaN,3.96,4,NaN,4.07,2.15,NaN,2.01,0.5,NaN,0.501
24-Nov-2025,3.88,NaN,3.995,4,NaN,4.07,2.15,NaN,2.01,0.5,NaN,0.501
25-Nov-2025,3.88,NaN,3.995,4,NaN,4.07,2.15,NaN,2.02,0.5,NaN,0.498
26-Nov-2025,3.88,NaN,3.995,4,NaN,4.07,2.15,NaN,2.02,0.5,NaN,0.501
27-Nov-2025,3.88,NaN,3.995,4,NaN,4.07,2.15,NaN,2.02,0.5,NaN,0.5
28-Nov-2025,3.89,NaN,4.13,4,NaN,4.09,2.15,NaN,2.03,0.5,NaN,0.498
01-Dec-2025,3.89,NaN,4.13,4,NaN,4.09,2.15,NaN,2.03,0.5,NaN,0.501
02-Dec-2025,3.89,NaN,4.03,4,NaN,4.08,2.15,NaN,2.04,0.5,NaN,0.5
03-Dec-2025,3.89,NaN,3.98,4,NaN,4.08,2.15,NaN,2.04,0.5,NaN,0.499
04-Dec-2025,3.89,NaN,3.96,4,NaN,4.07,2.15,NaN,2.04,0.5,NaN,0.499
05-Dec-2025,3.89,NaN,3.96,4,NaN,4.07,2.15,NaN,2.03,0.5,NaN,0.5
08-Dec-2025,3.89,NaN,3.96,4,NaN,4.05,2.15,NaN,2.04,0.5,NaN,0.5
09-Dec-2025,3.89,NaN,3.96,4,NaN,4.05,2.15,NaN,2.04,0.5,NaN,0.498
10-Dec-2025,3.89,NaN,3.94,4,NaN,4.05,2.15,NaN,2.04,0.5,NaN,0.5
11-Dec-2025,3.64,NaN,3.94,4,NaN,4.05,2.15,NaN,2.04,0.5,NaN,0.5
12-Dec-2025,3.64,NaN,3.69,4,NaN,4.05,2.15,NaN,2.04,0.5,NaN,0.499
15-Dec-2025,3.64,NaN,3.81,4,NaN,4.06,2.15,NaN,2.04,0.5,NaN,0.499
16-Dec-2025,3.64,NaN,3.73,4,NaN,4.06,2.15,NaN,2.01,0.5,NaN,0.499
17-Dec-2025,3.64,NaN,3.71,4,NaN,4.06,2.15,NaN,2.01,0.5,NaN,0.5
18-Dec-2025,3.64,NaN,3.71,3.75,NaN,4.06,2.15,NaN,2.01,0.5,NaN,0.497
19-Dec-2025,3.64,NaN,3.7,3.75,NaN,3.85,2.15,NaN,2.01,0.75,NaN,0.497
22-Dec-2025,3.64,NaN,3.7,3.75,NaN,3.9,2.15,NaN,2.01,0.75,NaN,0.743
23-Dec-2025,3.64,NaN,3.7,3.75,NaN,3.9,2.15,NaN,2,0.75,NaN,0.735
24-Dec-2025,3.64,NaN,3.74,3.75,NaN,4.03,2.15,NaN,1.99,0.75,NaN,0.737
25-Dec-2025,3.64,NaN,3.74,3.75,NaN,4.03,2.15,NaN,1.99,0.75,NaN,0.744
26-Dec-2025,3.64,NaN,3.802,3.75,NaN,4.03,2.15,NaN,1.99,0.75,NaN,0.741
29-Dec-2025,3.64,NaN,3.79,3.75,NaN,3.86,2.15,NaN,1.99,0.75,NaN,0.739
30-Dec-2025,3.64,NaN,3.79,3.75,NaN,3.84,2.15,NaN,1.99,0.75,NaN,0.747
31-Dec-2025,3.64,NaN,3.89,3.75,NaN,3.92,2.15,NaN,1.77,0.75,NaN,0.747
01-Jan-2026,3.64,NaN,3.89,3.75,NaN,3.92,2.15,NaN,1.77,0.75,NaN,0.747
02-Jan-2026,3.64,NaN,3.89,3.75,NaN,3.87,2.15,NaN,2.02,0.75,NaN,0.747
05-Jan-2026,3.64,NaN,3.71,3.75,NaN,3.87,2.15,NaN,2.01,0.75,NaN,0.742
06-Jan-2026,3.64,NaN,3.71,3.75,NaN,3.87,2.15,NaN,2.01,0.75,NaN,0.731
07-Jan-2026,3.64,NaN,3.68,3.75,NaN,3.85,2.15,NaN,2.01,0.75,NaN,0.746
08-Jan-2026,3.64,NaN,3.68,3.75,NaN,3.84,2.15,NaN,2.01,0.75,NaN,0.739
09-Jan-2026,3.64,NaN,3.68,3.75,NaN,3.82,2.15,NaN,2.02,0.75,NaN,0.743
12-Jan-2026,3.64,NaN,3.68,3.75,NaN,3.82,2.15,NaN,2.02,0.75,NaN,0.743
13-Jan-2026,3.64,NaN,3.68,3.75,NaN,3.82,2.15,NaN,2.02,0.75,NaN,0.746
14-Jan-2026,3.64,NaN,3.68,3.75,NaN,3.82,2.15,NaN,2.02,0.75,NaN,0.74
15-Jan-2026,3.64,NaN,3.68,3.75,NaN,3.82,2.15,NaN,2.02,0.75,NaN,0.744
16-Jan-2026,3.64,NaN,3.68,3.75,NaN,3.82,2.15,NaN,2.02,0.75,NaN,0.743
19-Jan-2026,3.64,NaN,3.68,3.75,NaN,3.82,2.15,NaN,2.02,0.75,NaN,0.746
20-Jan-2026,3.64,NaN,3.68,3.75,NaN,3.82,2.15,NaN,2.02,0.75,NaN,0.741
21-Jan-2026,3.64,NaN,3.68,3.75,NaN,3.82,2.15,NaN,2.02,0.75,NaN,0.745
22-Jan-2026,3.64,NaN,3.68,3.75,NaN,3.81,2.15,NaN,2,0.75,NaN,0.746
23-Jan-2026,3.64,NaN,3.68,3.75,NaN,3.81,2.15,NaN,2,0.75,NaN,0.748
26-Jan-2026,3.64,NaN,3.69,3.75,NaN,3.82,2.15,NaN,2,0.75,NaN,0.744
27-Jan-2026,3.64,NaN,3.69,3.75,NaN,3.82,2.15,NaN,2,0.75,NaN,0.744
28-Jan-2026,3.64,NaN,3.68,3.75,NaN,3.82,2.15,NaN,2,0.75,NaN,0.741
29-Jan-2026,3.64,NaN,3.68,3.75,NaN,3.82,2.15,NaN,2,0.75,NaN,0.745
30-Jan-2026,3.64,NaN,3.72,3.75,NaN,3.82,2.15,NaN,2,0.75,NaN,0.738
02-Feb-2026,3.64,NaN,3.73,3.75,NaN,3.82,2.15,NaN,2,0.75,NaN,0.748
03-Feb-2026,3.64,NaN,3.73,3.75,NaN,3.82,2.15,NaN,2,0.75,NaN,0.742
04-Feb-2026,3.64,NaN,3.73,3.75,NaN,3.8,2.15,NaN,2,0.75,NaN,0.747
05-Feb-2026,3.64,NaN,3.68,3.75,NaN,3.8,2.15,NaN,2,0.75,NaN,0.744
06-Feb-2026,3.64,NaN,3.68,3.75,NaN,3.8,2.15,NaN,2,0.75,NaN,0.749
09-Feb-2026,3.64,NaN,3.66,3.75,NaN,3.79,2.15,NaN,2,0.75,NaN,0.748
10-Feb-2026,3.64,NaN,3.66,3.75,NaN,3.79,2.15,NaN,2,0.75,NaN,0.748
11-Feb-2026,3.64,NaN,3.66,3.75,NaN,3.79,2.15,NaN,2.01,0.75,NaN,0.748
12-Feb-2026,3.64,NaN,3.704,3.75,NaN,3.79,2.15,NaN,2.02,0.75,NaN,0.742
13-Feb-2026,3.64,NaN,3.69,3.75,NaN,3.79,2.15,NaN,2.02,0.75,NaN,0.747
16-Feb-2026,3.64,NaN,3.69,3.75,NaN,3.79,2.15,NaN,2.02,0.75,NaN,0.743
17-Feb-2026,3.64,NaN,3.75,3.75,NaN,3.79,2.15,NaN,2.01,0.75,NaN,0.737
18-Feb-2026,3.64,NaN,3.77,3.75,NaN,3.79,2.15,NaN,2.01,0.75,NaN,0.743
19-Feb-2026,3.64,NaN,3.706,3.75,NaN,3.79,2.15,NaN,2.02,0.75,NaN,0.747
20-Feb-2026,3.64,NaN,3.706,3.75,NaN,3.79,2.15,NaN,2.02,0.75,NaN,0.747
23-Feb-2026,3.64,NaN,3.67,3.75,NaN,3.81,2.15,NaN,2.02,0.75,NaN,0.747
24-Feb-2026,3.64,NaN,3.67,3.75,NaN,3.81,2.15,NaN,2.02,0.75,NaN,0.749
25-Feb-2026,3.64,NaN,3.69,3.75,NaN,3.81,2.15,NaN,2.02,0.75,NaN,0.747
26-Feb-2026,3.64,NaN,3.69,3.75,NaN,3.81,2.15,NaN,2.02,0.75,NaN,0.748
27-Feb-2026,3.64,NaN,3.71,3.75,NaN,3.88,2.15,NaN,2.02,0.75,NaN,0.748
02-Mar-2026,3.64,NaN,3.74,3.75,NaN,3.85,2.15,NaN,2.02,0.75,NaN,0.749
03-Mar-2026,3.64,NaN,3.73,3.75,NaN,3.85,2.15,NaN,2.02,0.75,NaN,0.748
04-Mar-2026,3.64,NaN,3.71,3.75,NaN,3.82,2.15,NaN,2.02,0.75,NaN,0.748
05-Mar-2026,3.64,NaN,3.71,3.75,NaN,3.82,2.15,NaN,2.02,0.75,NaN,0.749
06-Mar-2026,3.64,NaN,3.71,3.75,NaN,3.82,2.15,NaN,2.03,0.75,NaN,0.75
09-Mar-2026,3.64,NaN,3.686,3.75,NaN,3.82,2.15,NaN,2.03,0.75,NaN,0.75
10-Mar-2026,3.64,NaN,3.688,3.75,NaN,3.81,2.15,NaN,2.03,0.75,NaN,0.751
11-Mar-2026,3.64,NaN,3.68,3.75,NaN,3.81,2.15,NaN,2.03,0.75,NaN,0.75
12-Mar-2026,3.64,NaN,3.69,3.75,NaN,3.81,2.15,NaN,2.03,0.75,NaN,0.751
13-Mar-2026,3.64,NaN,3.67,3.75,NaN,3.81,2.15,NaN,2.02,0.75,NaN,0.751
16-Mar-2026,3.64,NaN,3.67,3.75,NaN,3.81,2.15,NaN,2.02,0.75,NaN,0.75
17-Mar-2026,3.64,NaN,3.68,3.75,NaN,3.81,2.15,NaN,2.02,0.75,NaN,0.75
18-Mar-2026,3.64,NaN,3.66,3.75,NaN,3.81,2.15,NaN,2.02,0.75,NaN,0.751
19-Mar-2026,3.64,NaN,3.66,3.75,NaN,3.81,2.15,NaN,2.02,0.75,NaN,0.749
20-Mar-2026,3.64,NaN,3.66,3.75,NaN,3.81,2.15,NaN,2.02,0.75,NaN,0.749
23-Mar-2026,3.64,NaN,3.66,3.75,NaN,3.81,2.15,NaN,2.02,0.75,NaN,0.752
24-Mar-2026,3.64,NaN,3.66,3.75,NaN,3.81,2.15,NaN,2.02,0.75,NaN,0.749
25-Mar-2026,3.64,NaN,3.695,3.75,NaN,3.81,2.15,NaN,2.02,0.75,NaN,0.748
26-Mar-2026,3.64,NaN,3.695,3.75,NaN,3.82,2.15,NaN,2.02,0.75,NaN,0.747
27-Mar-2026,3.64,NaN,3.695,3.75,NaN,3.82,2.15,NaN,2.02,0.75,NaN,0.749
30-Mar-2026,3.64,NaN,3.67,3.75,NaN,3.82,2.15,NaN,2.02,0.75,NaN,0.748
31-Mar-2026,3.64,NaN,3.728,3.75,NaN,3.88,2.15,NaN,2.02,0.75,NaN,0.738
01-Apr-2026,3.64,NaN,3.728,3.75,NaN,3.82,2.15,NaN,2.01,0.75,NaN,0.748
02-Apr-2026,3.64,NaN,3.72,3.75,NaN,3.82,2.15,NaN,2.01,0.75,NaN,0.749
03-Apr-2026,3.64,NaN,3.72,3.75,NaN,3.82,2.15,NaN,2.01,0.75,NaN,0.75
06-Apr-2026,3.64,NaN,3.72,3.75,NaN,3.82,2.15,NaN,2.01,0.75,NaN,0.75
07-Apr-2026,3.64,NaN,3.65,3.75,NaN,3.82,2.15,NaN,2.01,0.75,NaN,0.749
08-Apr-2026,3.64,NaN,3.616,3.75,NaN,3.82,2.15,NaN,2.01,0.75,NaN,0.751
09-Apr-2026,3.64,NaN,3.656,3.75,NaN,3.81,2.15,NaN,2.03,0.75,NaN,0.752
10-Apr-2026,3.64,NaN,3.68,3.75,NaN,3.81,2.15,NaN,2.03,0.75,NaN,0.751
13-Apr-2026,3.64,NaN,3.68,3.75,NaN,3.81,2.15,NaN,2.03,0.75,NaN,0.75
14-Apr-2026,3.64,NaN,3.68,3.75,NaN,3.81,2.15,NaN,2.03,0.75,NaN,0.751
15-Apr-2026,3.64,NaN,3.76,3.75,NaN,3.81,2.15,NaN,2.03,0.75,NaN,0.751
16-Apr-2026,3.64,NaN,3.704,3.75,NaN,3.81,2.15,NaN,2.03,0.75,NaN,0.751
17-Apr-2026,3.64,NaN,3.67,3.75,NaN,3.81,2.15,NaN,2.03,0.75,NaN,0.751
20-Apr-2026,3.64,NaN,3.67,3.75,NaN,3.81,2.15,NaN,2.03,0.75,NaN,0.751
21-Apr-2026,3.64,NaN,3.68,3.75,NaN,3.81,2.15,NaN,2.03,0.75,NaN,0.751
22-Apr-2026,3.64,NaN,3.68,3.75,NaN,3.81,2.15,NaN,2.03,0.75,NaN,0.751
23-Apr-2026,3.64,NaN,3.668,3.75,NaN,3.81,2.15,NaN,2.03,0.75,NaN,0.75
24-Apr-2026,3.64,NaN,3.7,3.75,NaN,3.81,2.15,NaN,2.02,0.75,NaN,0.75
27-Apr-2026,3.64,NaN,3.7,3.75,NaN,3.81,2.15,NaN,2.02,0.75,NaN,0.751
28-Apr-2026,3.64,NaN,3.68,3.75,NaN,3.81,2.15,NaN,2.02,0.75,NaN,0.751
29-Apr-2026,3.64,NaN,3.67,3.75,NaN,3.81,2.15,NaN,2.02,0.75,NaN,0.751
30-Apr-2026,3.64,NaN,3.67,3.75,NaN,3.81,2.15,NaN,2.02,0.75,NaN,0.75
01-May-2026,3.64,NaN,3.67,3.75,NaN,3.81,2.15,NaN,2.02,0.75,NaN,0.751
04-May-2026,3.64,NaN,3.66,3.75,NaN,3.81,2.15,NaN,2.02,0.75,NaN,0.751
05-May-2026,3.64,NaN,3.66,3.75,NaN,3.81,2.15,NaN,2.02,0.75,NaN,0.751
06-May-2026,3.64,NaN,3.636,3.75,NaN,3.81,2.15,NaN,2.02,0.75,NaN,0.751
07-May-2026,3.63,NaN,3.636,3.75,NaN,3.81,2.15,NaN,2.02,0.75,NaN,0.748
08-May-2026,3.63,NaN,3.646,3.75,NaN,3.81,2.15,NaN,2.02,0.75,NaN,0.752
11-May-2026,3.63,NaN,3.64,3.75,NaN,3.81,2.15,NaN,2.01,0.75,NaN,0.745
12-May-2026,3.63,NaN,3.64,3.75,NaN,3.81,2.15,NaN,2.02,0.75,NaN,0.749
13-May-2026,3.63,NaN,3.64,3.75,NaN,3.82,2.15,NaN,2.01,0.75,NaN,0.75
14-May-2026,3.63,NaN,3.64,3.75,NaN,3.82,2.15,NaN,2.01,0.75,NaN,0.749
15-May-2026,3.63,NaN,3.64,3.75,NaN,3.82,2.15,NaN,2.02,0.75,NaN,0.751
18-May-2026,3.63,NaN,3.64,3.75,NaN,3.82,2.15,NaN,2.02,0.75,NaN,0.751
19-May-2026,3.62,NaN,3.64,3.75,NaN,3.82,2.15,NaN,2.02,0.75,NaN,0.751
20-May-2026,3.62,NaN,3.64,3.75,NaN,3.82,2.15,NaN,2.02,0.75,NaN,0.752
