Date,USD_RepoGC_ON,USD_RepoGC_1W,USD_RepoGC_1M,USD_RepoGC_3M,USD_RepoGC_6M,USD_RepoGC_1Y,GBP_RepoGC_ON,GBP_RepoGC_1W,GBP_RepoGC_1M,GBP_RepoGC_3M,GBP_RepoGC_6M,GBP_RepoGC_1Y,EUR_RepoGC_ON,EUR_RepoGC_1W,EUR_RepoGC_1M,EUR_RepoGC_3M,EUR_RepoGC_6M,EUR_RepoGC_1Y,JPY_RepoGC_ON,JPY_RepoGC_1W,JPY_RepoGC_1M,JPY_RepoGC_3M,JPY_RepoGC_6M,JPY_RepoGC_1Y
31-Dec-1998,NaN,NaN,NaN,NaN,NaN,NaN,NaN,NaN,NaN,NaN,NaN,NaN,NaN,NaN,NaN,NaN,NaN,NaN,NaN,NaN,NaN,NaN,NaN,NaN
01-Jan-1999,NaN,NaN,NaN,NaN,NaN,NaN,NaN,NaN,NaN,NaN,NaN,NaN,NaN,NaN,NaN,NaN,NaN,NaN,NaN,NaN,NaN,NaN,NaN,NaN
04-Jan-1999,NaN,NaN,NaN,NaN,NaN,NaN,NaN,NaN,NaN,NaN,NaN,NaN,NaN,NaN,NaN,NaN,NaN,NaN,NaN,NaN,NaN,NaN,NaN,NaN
05-Jan-1999,NaN,NaN,NaN,NaN,NaN,NaN,NaN,NaN,NaN,NaN,NaN,NaN,NaN,NaN,NaN,NaN,NaN,NaN,NaN,NaN,NaN,NaN,NaN,NaN
06-Jan-1999,NaN,NaN,NaN,NaN,NaN,NaN,NaN,NaN,NaN,NaN,NaN,NaN,NaN,NaN,NaN,NaN,NaN,NaN,NaN,NaN,NaN,NaN,NaN,NaN
07-Jan-1999,NaN,NaN,NaN,NaN,NaN,NaN,NaN,NaN,NaN,NaN,NaN,NaN,NaN,NaN,NaN,NaN,NaN,NaN,NaN,NaN,NaN,NaN,NaN,NaN
08-Jan-1999,NaN,NaN,NaN,NaN,NaN,NaN,NaN,NaN,NaN,NaN,NaN,NaN,NaN,NaN,NaN,NaN,NaN,NaN,NaN,NaN,NaN,NaN,NaN,NaN
11-Jan-1999,NaN,NaN,NaN,NaN,NaN,NaN,NaN,NaN,NaN,NaN,NaN,NaN,NaN,NaN,NaN,NaN,NaN,NaN,NaN,NaN,NaN,NaN,NaN,NaN
12-Jan-1999,NaN,NaN,NaN,NaN,NaN,NaN,NaN,NaN,NaN,NaN,NaN,NaN,NaN,NaN,NaN,NaN,NaN,NaN,NaN,NaN,NaN,NaN,NaN,NaN
13-Jan-1999,NaN,NaN,NaN,NaN,NaN,NaN,NaN,NaN,NaN,NaN,NaN,NaN,NaN,NaN,NaN,NaN,NaN,NaN,NaN,NaN,NaN,NaN,NaN,NaN
14-Jan-1999,NaN,NaN,NaN,NaN,NaN,NaN,NaN,NaN,NaN,NaN,NaN,NaN,NaN,NaN,NaN,NaN,NaN,NaN,NaN,NaN,NaN,NaN,NaN,NaN
15-Jan-1999,NaN,NaN,NaN,NaN,NaN,NaN,NaN,NaN,NaN,NaN,NaN,NaN,NaN,NaN,NaN,NaN,NaN,NaN,NaN,NaN,NaN,NaN,NaN,NaN
18-Jan-1999,NaN,NaN,NaN,NaN,NaN,NaN,NaN,NaN,NaN,NaN,NaN,NaN,NaN,NaN,NaN,NaN,NaN,NaN,NaN,NaN,NaN,NaN,NaN,NaN
19-Jan-1999,NaN,NaN,NaN,NaN,NaN,NaN,NaN,NaN,NaN,NaN,NaN,NaN,NaN,NaN,NaN,NaN,NaN,NaN,NaN,NaN,NaN,NaN,NaN,NaN
20-Jan-1999,NaN,NaN,NaN,NaN,NaN,NaN,NaN,NaN,NaN,NaN,NaN,NaN,NaN,NaN,NaN,NaN,NaN,NaN,NaN,NaN,NaN,NaN,NaN,NaN
21-Jan-1999,NaN,NaN,NaN,NaN,NaN,NaN,NaN,NaN,NaN,NaN,NaN,NaN,NaN,NaN,NaN,NaN,NaN,NaN,NaN,NaN,NaN,NaN,NaN,NaN
22-Jan-1999,NaN,NaN,NaN,NaN,NaN,NaN,NaN,NaN,NaN,NaN,NaN,NaN,NaN,NaN,NaN,NaN,NaN,NaN,NaN,NaN,NaN,NaN,NaN,NaN
25-Jan-1999,NaN,NaN,NaN,NaN,NaN,NaN,NaN,NaN,NaN,NaN,NaN,NaN,NaN,NaN,NaN,NaN,NaN,NaN,NaN,NaN,NaN,NaN,NaN,NaN
26-Jan-1999,NaN,NaN,NaN,NaN,NaN,NaN,NaN,NaN,NaN,NaN,NaN,NaN,NaN,NaN,NaN,NaN,NaN,NaN,NaN,NaN,NaN,NaN,NaN,NaN
27-Jan-1999,NaN,NaN,NaN,NaN,NaN,NaN,NaN,NaN,NaN,NaN,NaN,NaN,NaN,NaN,NaN,NaN,NaN,NaN,NaN,NaN,NaN,NaN,NaN,NaN
28-Jan-1999,NaN,NaN,NaN,NaN,NaN,NaN,NaN,NaN,NaN,NaN,NaN,NaN,NaN,NaN,NaN,NaN,NaN,NaN,NaN,NaN,NaN,NaN,NaN,NaN
29-Jan-1999,NaN,NaN,NaN,NaN,NaN,NaN,NaN,NaN,NaN,NaN,NaN,NaN,NaN,NaN,NaN,NaN,NaN,NaN,NaN,NaN,NaN,NaN,NaN,NaN
01-Feb-1999,NaN,NaN,NaN,NaN,NaN,NaN,NaN,NaN,NaN,NaN,NaN,NaN,NaN,NaN,NaN,NaN,NaN,NaN,NaN,NaN,NaN,NaN,NaN,NaN
02-Feb-1999,NaN,NaN,NaN,NaN,NaN,NaN,NaN,NaN,NaN,NaN,NaN,NaN,NaN,NaN,NaN,NaN,NaN,NaN,NaN,NaN,NaN,NaN,NaN,NaN
03-Feb-1999,NaN,NaN,NaN,NaN,NaN,NaN,NaN,NaN,NaN,NaN,NaN,NaN,NaN,NaN,NaN,NaN,NaN,NaN,NaN,NaN,NaN,NaN,NaN,NaN
04-Feb-1999,NaN,NaN,NaN,NaN,NaN,NaN,NaN,NaN,NaN,NaN,NaN,NaN,NaN,NaN,NaN,NaN,NaN,NaN,NaN,NaN,NaN,NaN,NaN,NaN
05-Feb-1999,NaN,NaN,NaN,NaN,NaN,NaN,NaN,NaN,NaN,NaN,NaN,NaN,NaN,NaN,NaN,NaN,NaN,NaN,NaN,NaN,NaN,NaN,NaN,NaN
08-Feb-1999,NaN,NaN,NaN,NaN,NaN,NaN,NaN,NaN,NaN,NaN,NaN,NaN,NaN,NaN,NaN,NaN,NaN,NaN,NaN,NaN,NaN,NaN,NaN,NaN
09-Feb-1999,NaN,NaN,NaN,NaN,NaN,NaN,NaN,NaN,NaN,NaN,NaN,NaN,NaN,NaN,NaN,NaN,NaN,NaN,NaN,NaN,NaN,NaN,NaN,NaN
10-Feb-1999,NaN,NaN,NaN,NaN,NaN,NaN,NaN,NaN,NaN,NaN,NaN,NaN,NaN,NaN,NaN,NaN,NaN,NaN,NaN,NaN,NaN,NaN,NaN,NaN
11-Feb-1999,NaN,NaN,NaN,NaN,NaN,NaN,NaN,NaN,NaN,NaN,NaN,NaN,NaN,NaN,NaN,NaN,NaN,NaN,NaN,NaN,NaN,NaN,NaN,NaN
12-Feb-1999,NaN,NaN,NaN,NaN,NaN,NaN,NaN,NaN,NaN,NaN,NaN,NaN,NaN,NaN,NaN,NaN,NaN,NaN,NaN,NaN,NaN,NaN,NaN,NaN
15-Feb-1999,NaN,NaN,NaN,NaN,NaN,NaN,NaN,NaN,NaN,NaN,NaN,NaN,NaN,NaN,NaN,NaN,NaN,NaN,NaN,NaN,NaN,NaN,NaN,NaN
16-Feb-1999,NaN,NaN,NaN,NaN,NaN,NaN,NaN,NaN,NaN,NaN,NaN,NaN,NaN,NaN,NaN,NaN,NaN,NaN,NaN,NaN,NaN,NaN,NaN,NaN
17-Feb-1999,NaN,NaN,NaN,NaN,NaN,NaN,NaN,NaN,NaN,NaN,NaN,NaN,NaN,NaN,NaN,NaN,NaN,NaN,NaN,NaN,NaN,NaN,NaN,NaN
18-Feb-1999,NaN,NaN,NaN,NaN,NaN,NaN,NaN,NaN,NaN,NaN,NaN,NaN,NaN,NaN,NaN,NaN,NaN,NaN,NaN,NaN,NaN,NaN,NaN,NaN
19-Feb-1999,NaN,NaN,NaN,NaN,NaN,NaN,NaN,NaN,NaN,NaN,NaN,NaN,NaN,NaN,NaN,NaN,NaN,NaN,NaN,NaN,NaN,NaN,NaN,NaN
22-Feb-1999,NaN,NaN,NaN,NaN,NaN,NaN,NaN,NaN,NaN,NaN,NaN,NaN,NaN,NaN,NaN,NaN,NaN,NaN,NaN,NaN,NaN,NaN,NaN,NaN
23-Feb-1999,NaN,NaN,NaN,NaN,NaN,NaN,NaN,NaN,NaN,NaN,NaN,NaN,NaN,NaN,NaN,NaN,NaN,NaN,NaN,NaN,NaN,NaN,NaN,NaN
24-Feb-1999,NaN,NaN,NaN,NaN,NaN,NaN,NaN,NaN,NaN,NaN,NaN,NaN,NaN,NaN,NaN,NaN,NaN,NaN,NaN,NaN,NaN,NaN,NaN,NaN
25-Feb-1999,NaN,NaN,NaN,NaN,NaN,NaN,NaN,NaN,NaN,NaN,NaN,NaN,NaN,NaN,NaN,NaN,NaN,NaN,NaN,NaN,NaN,NaN,NaN,NaN
26-Feb-1999,NaN,NaN,NaN,NaN,NaN,NaN,NaN,NaN,NaN,NaN,NaN,NaN,NaN,NaN,NaN,NaN,NaN,NaN,NaN,NaN,NaN,NaN,NaN,NaN
01-Mar-1999,NaN,NaN,NaN,NaN,NaN,NaN,NaN,NaN,NaN,NaN,NaN,NaN,NaN,NaN,NaN,NaN,NaN,NaN,NaN,NaN,NaN,NaN,NaN,NaN
02-Mar-1999,NaN,NaN,NaN,NaN,NaN,NaN,NaN,NaN,NaN,NaN,NaN,NaN,NaN,NaN,NaN,NaN,NaN,NaN,NaN,NaN,NaN,NaN,NaN,NaN
03-Mar-1999,NaN,NaN,NaN,NaN,NaN,NaN,NaN,NaN,NaN,NaN,NaN,NaN,NaN,NaN,NaN,NaN,NaN,NaN,NaN,NaN,NaN,NaN,NaN,NaN
04-Mar-1999,NaN,NaN,NaN,NaN,NaN,NaN,NaN,NaN,NaN,NaN,NaN,NaN,NaN,NaN,NaN,NaN,NaN,NaN,NaN,NaN,NaN,NaN,NaN,NaN
05-Mar-1999,NaN,NaN,NaN,NaN,NaN,NaN,NaN,NaN,NaN,NaN,NaN,NaN,NaN,NaN,NaN,NaN,NaN,NaN,NaN,NaN,NaN,NaN,NaN,NaN
08-Mar-1999,NaN,NaN,NaN,NaN,NaN,NaN,NaN,NaN,NaN,NaN,NaN,NaN,NaN,NaN,NaN,NaN,NaN,NaN,NaN,NaN,NaN,NaN,NaN,NaN
09-Mar-1999,NaN,NaN,NaN,NaN,NaN,NaN,NaN,NaN,NaN,NaN,NaN,NaN,NaN,NaN,NaN,NaN,NaN,NaN,NaN,NaN,NaN,NaN,NaN,NaN
10-Mar-1999,NaN,NaN,NaN,NaN,NaN,NaN,NaN,NaN,NaN,NaN,NaN,NaN,NaN,NaN,NaN,NaN,NaN,NaN,NaN,NaN,NaN,NaN,NaN,NaN
11-Mar-1999,NaN,NaN,NaN,NaN,NaN,NaN,NaN,NaN,NaN,NaN,NaN,NaN,NaN,NaN,NaN,NaN,NaN,NaN,NaN,NaN,NaN,NaN,NaN,NaN
12-Mar-1999,NaN,NaN,NaN,NaN,NaN,NaN,NaN,NaN,NaN,NaN,NaN,NaN,NaN,NaN,NaN,NaN,NaN,NaN,NaN,NaN,NaN,NaN,NaN,NaN
15-Mar-1999,NaN,NaN,NaN,NaN,NaN,NaN,NaN,NaN,NaN,NaN,NaN,NaN,NaN,NaN,NaN,NaN,NaN,NaN,NaN,NaN,NaN,NaN,NaN,NaN
16-Mar-1999,NaN,NaN,NaN,NaN,NaN,NaN,NaN,NaN,NaN,NaN,NaN,NaN,NaN,NaN,NaN,NaN,NaN,NaN,NaN,NaN,NaN,NaN,NaN,NaN
17-Mar-1999,NaN,NaN,NaN,NaN,NaN,NaN,NaN,NaN,NaN,NaN,NaN,NaN,NaN,NaN,NaN,NaN,NaN,NaN,NaN,NaN,NaN,NaN,NaN,NaN
18-Mar-1999,NaN,NaN,NaN,NaN,NaN,NaN,NaN,NaN,NaN,NaN,NaN,NaN,NaN,NaN,NaN,NaN,NaN,NaN,NaN,NaN,NaN,NaN,NaN,NaN
19-Mar-1999,NaN,NaN,NaN,NaN,NaN,NaN,NaN,NaN,NaN,NaN,NaN,NaN,NaN,NaN,NaN,NaN,NaN,NaN,NaN,NaN,NaN,NaN,NaN,NaN
22-Mar-1999,NaN,NaN,NaN,NaN,NaN,NaN,NaN,NaN,NaN,NaN,NaN,NaN,NaN,NaN,NaN,NaN,NaN,NaN,NaN,NaN,NaN,NaN,NaN,NaN
23-Mar-1999,NaN,NaN,NaN,NaN,NaN,NaN,NaN,NaN,NaN,NaN,NaN,NaN,NaN,NaN,NaN,NaN,NaN,NaN,NaN,NaN,NaN,NaN,NaN,NaN
24-Mar-1999,NaN,NaN,NaN,NaN,NaN,NaN,NaN,NaN,NaN,NaN,NaN,NaN,NaN,NaN,NaN,NaN,NaN,NaN,NaN,NaN,NaN,NaN,NaN,NaN
25-Mar-1999,NaN,NaN,NaN,NaN,NaN,NaN,NaN,NaN,NaN,NaN,NaN,NaN,NaN,NaN,NaN,NaN,NaN,NaN,NaN,NaN,NaN,NaN,NaN,NaN
26-Mar-1999,NaN,NaN,NaN,NaN,NaN,NaN,NaN,NaN,NaN,NaN,NaN,NaN,NaN,NaN,NaN,NaN,NaN,NaN,NaN,NaN,NaN,NaN,NaN,NaN
29-Mar-1999,NaN,NaN,NaN,NaN,NaN,NaN,NaN,NaN,NaN,NaN,NaN,NaN,NaN,NaN,NaN,NaN,NaN,NaN,NaN,NaN,NaN,NaN,NaN,NaN
30-Mar-1999,NaN,NaN,NaN,NaN,NaN,NaN,NaN,NaN,NaN,NaN,NaN,NaN,NaN,NaN,NaN,NaN,NaN,NaN,NaN,NaN,NaN,NaN,NaN,NaN
31-Mar-1999,NaN,NaN,NaN,NaN,NaN,NaN,NaN,NaN,NaN,NaN,NaN,NaN,NaN,NaN,NaN,NaN,NaN,NaN,NaN,NaN,NaN,NaN,NaN,NaN
01-Apr-1999,NaN,NaN,NaN,NaN,NaN,NaN,NaN,NaN,NaN,NaN,NaN,NaN,NaN,NaN,NaN,NaN,NaN,NaN,NaN,NaN,NaN,NaN,NaN,NaN
02-Apr-1999,NaN,NaN,NaN,NaN,NaN,NaN,NaN,NaN,NaN,NaN,NaN,NaN,NaN,NaN,NaN,NaN,NaN,NaN,NaN,NaN,NaN,NaN,NaN,NaN
05-Apr-1999,NaN,NaN,NaN,NaN,NaN,NaN,NaN,NaN,NaN,NaN,NaN,NaN,NaN,NaN,NaN,NaN,NaN,NaN,NaN,NaN,NaN,NaN,NaN,NaN
06-Apr-1999,NaN,NaN,NaN,NaN,NaN,NaN,NaN,NaN,NaN,NaN,NaN,NaN,NaN,NaN,NaN,NaN,NaN,NaN,NaN,NaN,NaN,NaN,NaN,NaN
07-Apr-1999,NaN,NaN,NaN,NaN,NaN,NaN,NaN,NaN,NaN,NaN,NaN,NaN,NaN,NaN,NaN,NaN,NaN,NaN,NaN,NaN,NaN,NaN,NaN,NaN
08-Apr-1999,NaN,NaN,NaN,NaN,NaN,NaN,NaN,NaN,NaN,NaN,NaN,NaN,NaN,NaN,NaN,NaN,NaN,NaN,NaN,NaN,NaN,NaN,NaN,NaN
09-Apr-1999,NaN,NaN,NaN,NaN,NaN,NaN,NaN,NaN,NaN,NaN,NaN,NaN,NaN,NaN,NaN,NaN,NaN,NaN,NaN,NaN,NaN,NaN,NaN,NaN
12-Apr-1999,NaN,NaN,NaN,NaN,NaN,NaN,NaN,NaN,NaN,NaN,NaN,NaN,NaN,NaN,NaN,NaN,NaN,NaN,NaN,NaN,NaN,NaN,NaN,NaN
13-Apr-1999,NaN,NaN,NaN,NaN,NaN,NaN,NaN,NaN,NaN,NaN,NaN,NaN,NaN,NaN,NaN,NaN,NaN,NaN,NaN,NaN,NaN,NaN,NaN,NaN
14-Apr-1999,NaN,NaN,NaN,NaN,NaN,NaN,NaN,NaN,NaN,NaN,NaN,NaN,NaN,NaN,NaN,NaN,NaN,NaN,NaN,NaN,NaN,NaN,NaN,NaN
15-Apr-1999,NaN,NaN,NaN,NaN,NaN,NaN,NaN,NaN,NaN,NaN,NaN,NaN,NaN,NaN,NaN,NaN,NaN,NaN,NaN,NaN,NaN,NaN,NaN,NaN
16-Apr-1999,NaN,NaN,NaN,NaN,NaN,NaN,NaN,NaN,NaN,NaN,NaN,NaN,NaN,NaN,NaN,NaN,NaN,NaN,NaN,NaN,NaN,NaN,NaN,NaN
19-Apr-1999,NaN,NaN,NaN,NaN,NaN,NaN,NaN,NaN,NaN,NaN,NaN,NaN,NaN,NaN,NaN,NaN,NaN,NaN,NaN,NaN,NaN,NaN,NaN,NaN
20-Apr-1999,NaN,NaN,NaN,NaN,NaN,NaN,NaN,NaN,NaN,NaN,NaN,NaN,NaN,NaN,NaN,NaN,NaN,NaN,NaN,NaN,NaN,NaN,NaN,NaN
21-Apr-1999,NaN,NaN,NaN,NaN,NaN,NaN,NaN,NaN,NaN,NaN,NaN,NaN,NaN,NaN,NaN,NaN,NaN,NaN,NaN,NaN,NaN,NaN,NaN,NaN
22-Apr-1999,NaN,NaN,NaN,NaN,NaN,NaN,NaN,NaN,NaN,NaN,NaN,NaN,NaN,NaN,NaN,NaN,NaN,NaN,NaN,NaN,NaN,NaN,NaN,NaN
23-Apr-1999,NaN,NaN,NaN,NaN,NaN,NaN,NaN,NaN,NaN,NaN,NaN,NaN,NaN,NaN,NaN,NaN,NaN,NaN,NaN,NaN,NaN,NaN,NaN,NaN
26-Apr-1999,NaN,NaN,NaN,NaN,NaN,NaN,NaN,NaN,NaN,NaN,NaN,NaN,NaN,NaN,NaN,NaN,NaN,NaN,NaN,NaN,NaN,NaN,NaN,NaN
27-Apr-1999,NaN,NaN,NaN,NaN,NaN,NaN,NaN,NaN,NaN,NaN,NaN,NaN,NaN,NaN,NaN,NaN,NaN,NaN,NaN,NaN,NaN,NaN,NaN,NaN
28-Apr-1999,NaN,NaN,NaN,NaN,NaN,NaN,NaN,NaN,NaN,NaN,NaN,NaN,NaN,NaN,NaN,NaN,NaN,NaN,NaN,NaN,NaN,NaN,NaN,NaN
29-Apr-1999,NaN,NaN,NaN,NaN,NaN,NaN,NaN,NaN,NaN,NaN,NaN,NaN,NaN,NaN,NaN,NaN,NaN,NaN,NaN,NaN,NaN,NaN,NaN,NaN
30-Apr-1999,NaN,NaN,NaN,NaN,NaN,NaN,NaN,NaN,NaN,NaN,NaN,NaN,NaN,NaN,NaN,NaN,NaN,NaN,NaN,NaN,NaN,NaN,NaN,NaN
03-May-1999,NaN,NaN,NaN,NaN,NaN,NaN,NaN,NaN,NaN,NaN,NaN,NaN,NaN,NaN,NaN,NaN,NaN,NaN,NaN,NaN,NaN,NaN,NaN,NaN
04-May-1999,NaN,NaN,NaN,NaN,NaN,NaN,NaN,NaN,NaN,NaN,NaN,NaN,NaN,NaN,NaN,NaN,NaN,NaN,NaN,NaN,NaN,NaN,NaN,NaN
05-May-1999,NaN,NaN,NaN,NaN,NaN,NaN,NaN,NaN,NaN,NaN,NaN,NaN,NaN,NaN,NaN,NaN,NaN,NaN,NaN,NaN,NaN,NaN,NaN,NaN
06-May-1999,NaN,NaN,NaN,NaN,NaN,NaN,NaN,NaN,NaN,NaN,NaN,NaN,NaN,NaN,NaN,NaN,NaN,NaN,NaN,NaN,NaN,NaN,NaN,NaN
07-May-1999,NaN,NaN,NaN,NaN,NaN,NaN,NaN,NaN,NaN,NaN,NaN,NaN,NaN,NaN,NaN,NaN,NaN,NaN,NaN,NaN,NaN,NaN,NaN,NaN
10-May-1999,NaN,NaN,NaN,NaN,NaN,NaN,NaN,NaN,NaN,NaN,NaN,NaN,NaN,NaN,NaN,NaN,NaN,NaN,NaN,NaN,NaN,NaN,NaN,NaN
11-May-1999,NaN,NaN,NaN,NaN,NaN,NaN,NaN,NaN,NaN,NaN,NaN,NaN,NaN,NaN,NaN,NaN,NaN,NaN,NaN,NaN,NaN,NaN,NaN,NaN
12-May-1999,NaN,NaN,NaN,NaN,NaN,NaN,NaN,NaN,NaN,NaN,NaN,NaN,NaN,NaN,NaN,NaN,NaN,NaN,NaN,NaN,NaN,NaN,NaN,NaN
13-May-1999,NaN,NaN,NaN,NaN,NaN,NaN,NaN,NaN,NaN,NaN,NaN,NaN,NaN,NaN,NaN,NaN,NaN,NaN,NaN,NaN,NaN,NaN,NaN,NaN
14-May-1999,NaN,NaN,NaN,NaN,NaN,NaN,NaN,NaN,NaN,NaN,NaN,NaN,NaN,NaN,NaN,NaN,NaN,NaN,NaN,NaN,NaN,NaN,NaN,NaN
17-May-1999,NaN,NaN,NaN,NaN,NaN,NaN,NaN,NaN,NaN,NaN,NaN,NaN,NaN,NaN,NaN,NaN,NaN,NaN,NaN,NaN,NaN,NaN,NaN,NaN
18-May-1999,NaN,NaN,NaN,NaN,NaN,NaN,NaN,NaN,NaN,NaN,NaN,NaN,NaN,NaN,NaN,NaN,NaN,NaN,NaN,NaN,NaN,NaN,NaN,NaN
19-May-1999,NaN,NaN,NaN,NaN,NaN,NaN,NaN,NaN,NaN,NaN,NaN,NaN,NaN,NaN,NaN,NaN,NaN,NaN,NaN,NaN,NaN,NaN,NaN,NaN
20-May-1999,NaN,NaN,NaN,NaN,NaN,NaN,NaN,NaN,NaN,NaN,NaN,NaN,NaN,NaN,NaN,NaN,NaN,NaN,NaN,NaN,NaN,NaN,NaN,NaN
21-May-1999,NaN,NaN,NaN,NaN,NaN,NaN,NaN,NaN,NaN,NaN,NaN,NaN,NaN,NaN,NaN,NaN,NaN,NaN,NaN,NaN,NaN,NaN,NaN,NaN
24-May-1999,NaN,NaN,NaN,NaN,NaN,NaN,NaN,NaN,NaN,NaN,NaN,NaN,NaN,NaN,NaN,NaN,NaN,NaN,NaN,NaN,NaN,NaN,NaN,NaN
25-May-1999,NaN,NaN,NaN,NaN,NaN,NaN,NaN,NaN,NaN,NaN,NaN,NaN,NaN,NaN,NaN,NaN,NaN,NaN,NaN,NaN,NaN,NaN,NaN,NaN
26-May-1999,NaN,NaN,NaN,NaN,NaN,NaN,NaN,NaN,NaN,NaN,NaN,NaN,NaN,NaN,NaN,NaN,NaN,NaN,NaN,NaN,NaN,NaN,NaN,NaN
27-May-1999,NaN,NaN,NaN,NaN,NaN,NaN,NaN,NaN,NaN,NaN,NaN,NaN,NaN,NaN,NaN,NaN,NaN,NaN,NaN,NaN,NaN,NaN,NaN,NaN
28-May-1999,NaN,NaN,NaN,NaN,NaN,NaN,NaN,NaN,NaN,NaN,NaN,NaN,NaN,NaN,NaN,NaN,NaN,NaN,NaN,NaN,NaN,NaN,NaN,NaN
31-May-1999,NaN,NaN,NaN,NaN,NaN,NaN,NaN,NaN,NaN,NaN,NaN,NaN,NaN,NaN,NaN,NaN,NaN,NaN,NaN,NaN,NaN,NaN,NaN,NaN
01-Jun-1999,NaN,NaN,NaN,NaN,NaN,NaN,NaN,NaN,NaN,NaN,NaN,NaN,NaN,NaN,NaN,NaN,NaN,NaN,NaN,NaN,NaN,NaN,NaN,NaN
02-Jun-1999,NaN,NaN,NaN,NaN,NaN,NaN,NaN,NaN,NaN,NaN,NaN,NaN,NaN,NaN,NaN,NaN,NaN,NaN,NaN,NaN,NaN,NaN,NaN,NaN
03-Jun-1999,NaN,NaN,NaN,NaN,NaN,NaN,NaN,NaN,NaN,NaN,NaN,NaN,NaN,NaN,NaN,NaN,NaN,NaN,NaN,NaN,NaN,NaN,NaN,NaN
04-Jun-1999,NaN,NaN,NaN,NaN,NaN,NaN,NaN,NaN,NaN,NaN,NaN,NaN,NaN,NaN,NaN,NaN,NaN,NaN,NaN,NaN,NaN,NaN,NaN,NaN
07-Jun-1999,NaN,NaN,NaN,NaN,NaN,NaN,NaN,NaN,NaN,NaN,NaN,NaN,NaN,NaN,NaN,NaN,NaN,NaN,NaN,NaN,NaN,NaN,NaN,NaN
08-Jun-1999,NaN,NaN,NaN,NaN,NaN,NaN,NaN,NaN,NaN,NaN,NaN,NaN,NaN,NaN,NaN,NaN,NaN,NaN,NaN,NaN,NaN,NaN,NaN,NaN
09-Jun-1999,NaN,NaN,NaN,NaN,NaN,NaN,NaN,NaN,NaN,NaN,NaN,NaN,NaN,NaN,NaN,NaN,NaN,NaN,NaN,NaN,NaN,NaN,NaN,NaN
10-Jun-1999,NaN,NaN,NaN,NaN,NaN,NaN,NaN,NaN,NaN,NaN,NaN,NaN,NaN,NaN,NaN,NaN,NaN,NaN,NaN,NaN,NaN,NaN,NaN,NaN
11-Jun-1999,NaN,NaN,NaN,NaN,NaN,NaN,NaN,NaN,NaN,NaN,NaN,NaN,NaN,NaN,NaN,NaN,NaN,NaN,NaN,NaN,NaN,NaN,NaN,NaN
14-Jun-1999,NaN,NaN,NaN,NaN,NaN,NaN,NaN,NaN,NaN,NaN,NaN,NaN,NaN,NaN,NaN,NaN,NaN,NaN,NaN,NaN,NaN,NaN,NaN,NaN
15-Jun-1999,NaN,NaN,NaN,NaN,NaN,NaN,NaN,NaN,NaN,NaN,NaN,NaN,NaN,NaN,NaN,NaN,NaN,NaN,NaN,NaN,NaN,NaN,NaN,NaN
16-Jun-1999,NaN,NaN,NaN,NaN,NaN,NaN,NaN,NaN,NaN,NaN,NaN,NaN,NaN,NaN,NaN,NaN,NaN,NaN,NaN,NaN,NaN,NaN,NaN,NaN
17-Jun-1999,NaN,NaN,NaN,NaN,NaN,NaN,NaN,NaN,NaN,NaN,NaN,NaN,NaN,NaN,NaN,NaN,NaN,NaN,NaN,NaN,NaN,NaN,NaN,NaN
18-Jun-1999,NaN,NaN,NaN,NaN,NaN,NaN,NaN,NaN,NaN,NaN,NaN,NaN,NaN,NaN,NaN,NaN,NaN,NaN,NaN,NaN,NaN,NaN,NaN,NaN
21-Jun-1999,NaN,NaN,NaN,NaN,NaN,NaN,NaN,NaN,NaN,NaN,NaN,NaN,NaN,NaN,NaN,NaN,NaN,NaN,NaN,NaN,NaN,NaN,NaN,NaN
22-Jun-1999,NaN,NaN,NaN,NaN,NaN,NaN,NaN,NaN,NaN,NaN,NaN,NaN,NaN,NaN,NaN,NaN,NaN,NaN,NaN,NaN,NaN,NaN,NaN,NaN
23-Jun-1999,NaN,NaN,NaN,NaN,NaN,NaN,NaN,NaN,NaN,NaN,NaN,NaN,NaN,NaN,NaN,NaN,NaN,NaN,NaN,NaN,NaN,NaN,NaN,NaN
24-Jun-1999,NaN,NaN,NaN,NaN,NaN,NaN,NaN,NaN,NaN,NaN,NaN,NaN,NaN,NaN,NaN,NaN,NaN,NaN,NaN,NaN,NaN,NaN,NaN,NaN
25-Jun-1999,NaN,NaN,NaN,NaN,NaN,NaN,NaN,NaN,NaN,NaN,NaN,NaN,NaN,NaN,NaN,NaN,NaN,NaN,NaN,NaN,NaN,NaN,NaN,NaN
28-Jun-1999,NaN,NaN,NaN,NaN,NaN,NaN,NaN,NaN,NaN,NaN,NaN,NaN,NaN,NaN,NaN,NaN,NaN,NaN,NaN,NaN,NaN,NaN,NaN,NaN
29-Jun-1999,NaN,NaN,NaN,NaN,NaN,NaN,NaN,NaN,NaN,NaN,NaN,NaN,NaN,NaN,NaN,NaN,NaN,NaN,NaN,NaN,NaN,NaN,NaN,NaN
30-Jun-1999,NaN,NaN,NaN,NaN,NaN,NaN,NaN,NaN,NaN,NaN,NaN,NaN,NaN,NaN,NaN,NaN,NaN,NaN,NaN,NaN,NaN,NaN,NaN,NaN
01-Jul-1999,NaN,NaN,NaN,NaN,NaN,NaN,NaN,NaN,NaN,NaN,NaN,NaN,NaN,NaN,NaN,NaN,NaN,NaN,NaN,NaN,NaN,NaN,NaN,NaN
02-Jul-1999,NaN,NaN,NaN,NaN,NaN,NaN,NaN,NaN,NaN,NaN,NaN,NaN,NaN,NaN,NaN,NaN,NaN,NaN,NaN,NaN,NaN,NaN,NaN,NaN
05-Jul-1999,NaN,NaN,NaN,NaN,NaN,NaN,NaN,NaN,NaN,NaN,NaN,NaN,NaN,NaN,NaN,NaN,NaN,NaN,NaN,NaN,NaN,NaN,NaN,NaN
06-Jul-1999,NaN,NaN,NaN,NaN,NaN,NaN,NaN,NaN,NaN,NaN,NaN,NaN,NaN,NaN,NaN,NaN,NaN,NaN,NaN,NaN,NaN,NaN,NaN,NaN
07-Jul-1999,NaN,NaN,NaN,NaN,NaN,NaN,NaN,NaN,NaN,NaN,NaN,NaN,NaN,NaN,NaN,NaN,NaN,NaN,NaN,NaN,NaN,NaN,NaN,NaN
08-Jul-1999,NaN,NaN,NaN,NaN,NaN,NaN,NaN,NaN,NaN,NaN,NaN,NaN,NaN,NaN,NaN,NaN,NaN,NaN,NaN,NaN,NaN,NaN,NaN,NaN
09-Jul-1999,NaN,NaN,NaN,NaN,NaN,NaN,NaN,NaN,NaN,NaN,NaN,NaN,NaN,NaN,NaN,NaN,NaN,NaN,NaN,NaN,NaN,NaN,NaN,NaN
12-Jul-1999,NaN,NaN,NaN,NaN,NaN,NaN,NaN,NaN,NaN,NaN,NaN,NaN,NaN,NaN,NaN,NaN,NaN,NaN,NaN,NaN,NaN,NaN,NaN,NaN
13-Jul-1999,NaN,NaN,NaN,NaN,NaN,NaN,NaN,NaN,NaN,NaN,NaN,NaN,NaN,NaN,NaN,NaN,NaN,NaN,NaN,NaN,NaN,NaN,NaN,NaN
14-Jul-1999,NaN,NaN,NaN,NaN,NaN,NaN,NaN,NaN,NaN,NaN,NaN,NaN,NaN,NaN,NaN,NaN,NaN,NaN,NaN,NaN,NaN,NaN,NaN,NaN
15-Jul-1999,NaN,NaN,NaN,NaN,NaN,NaN,NaN,NaN,NaN,NaN,NaN,NaN,NaN,NaN,NaN,NaN,NaN,NaN,NaN,NaN,NaN,NaN,NaN,NaN
16-Jul-1999,NaN,NaN,NaN,NaN,NaN,NaN,NaN,NaN,NaN,NaN,NaN,NaN,NaN,NaN,NaN,NaN,NaN,NaN,NaN,NaN,NaN,NaN,NaN,NaN
19-Jul-1999,NaN,NaN,NaN,NaN,NaN,NaN,NaN,NaN,NaN,NaN,NaN,NaN,NaN,NaN,NaN,NaN,NaN,NaN,NaN,NaN,NaN,NaN,NaN,NaN
20-Jul-1999,NaN,NaN,NaN,NaN,NaN,NaN,NaN,NaN,NaN,NaN,NaN,NaN,NaN,NaN,NaN,NaN,NaN,NaN,NaN,NaN,NaN,NaN,NaN,NaN
21-Jul-1999,NaN,NaN,NaN,NaN,NaN,NaN,NaN,NaN,NaN,NaN,NaN,NaN,NaN,NaN,NaN,NaN,NaN,NaN,NaN,NaN,NaN,NaN,NaN,NaN
22-Jul-1999,NaN,NaN,NaN,NaN,NaN,NaN,NaN,NaN,NaN,NaN,NaN,NaN,NaN,NaN,NaN,NaN,NaN,NaN,NaN,NaN,NaN,NaN,NaN,NaN
23-Jul-1999,NaN,NaN,NaN,NaN,NaN,NaN,NaN,NaN,NaN,NaN,NaN,NaN,NaN,NaN,NaN,NaN,NaN,NaN,NaN,NaN,NaN,NaN,NaN,NaN
26-Jul-1999,NaN,NaN,NaN,NaN,NaN,NaN,NaN,NaN,NaN,NaN,NaN,NaN,NaN,NaN,NaN,NaN,NaN,NaN,NaN,NaN,NaN,NaN,NaN,NaN
27-Jul-1999,NaN,NaN,NaN,NaN,NaN,NaN,NaN,NaN,NaN,NaN,NaN,NaN,NaN,NaN,NaN,NaN,NaN,NaN,NaN,NaN,NaN,NaN,NaN,NaN
28-Jul-1999,NaN,NaN,NaN,NaN,NaN,NaN,NaN,NaN,NaN,NaN,NaN,NaN,NaN,NaN,NaN,NaN,NaN,NaN,NaN,NaN,NaN,NaN,NaN,NaN
29-Jul-1999,NaN,NaN,NaN,NaN,NaN,NaN,NaN,NaN,NaN,NaN,NaN,NaN,NaN,NaN,NaN,NaN,NaN,NaN,NaN,NaN,NaN,NaN,NaN,NaN
30-Jul-1999,NaN,NaN,NaN,NaN,NaN,NaN,NaN,NaN,NaN,NaN,NaN,NaN,NaN,NaN,NaN,NaN,NaN,NaN,NaN,NaN,NaN,NaN,NaN,NaN
02-Aug-1999,NaN,NaN,NaN,NaN,NaN,NaN,NaN,NaN,NaN,NaN,NaN,NaN,NaN,NaN,NaN,NaN,NaN,NaN,NaN,NaN,NaN,NaN,NaN,NaN
03-Aug-1999,NaN,NaN,NaN,NaN,NaN,NaN,NaN,NaN,NaN,NaN,NaN,NaN,NaN,NaN,NaN,NaN,NaN,NaN,NaN,NaN,NaN,NaN,NaN,NaN
04-Aug-1999,NaN,NaN,NaN,NaN,NaN,NaN,NaN,NaN,NaN,NaN,NaN,NaN,NaN,NaN,NaN,NaN,NaN,NaN,NaN,NaN,NaN,NaN,NaN,NaN
05-Aug-1999,NaN,NaN,NaN,NaN,NaN,NaN,NaN,NaN,NaN,NaN,NaN,NaN,NaN,NaN,NaN,NaN,NaN,NaN,NaN,NaN,NaN,NaN,NaN,NaN
06-Aug-1999,NaN,NaN,NaN,NaN,NaN,NaN,NaN,NaN,NaN,NaN,NaN,NaN,NaN,NaN,NaN,NaN,NaN,NaN,NaN,NaN,NaN,NaN,NaN,NaN
09-Aug-1999,NaN,NaN,NaN,NaN,NaN,NaN,NaN,NaN,NaN,NaN,NaN,NaN,NaN,NaN,NaN,NaN,NaN,NaN,NaN,NaN,NaN,NaN,NaN,NaN
10-Aug-1999,NaN,NaN,NaN,NaN,NaN,NaN,NaN,NaN,NaN,NaN,NaN,NaN,NaN,NaN,NaN,NaN,NaN,NaN,NaN,NaN,NaN,NaN,NaN,NaN
11-Aug-1999,NaN,NaN,NaN,NaN,NaN,NaN,NaN,NaN,NaN,NaN,NaN,NaN,NaN,NaN,NaN,NaN,NaN,NaN,NaN,NaN,NaN,NaN,NaN,NaN
12-Aug-1999,NaN,NaN,NaN,NaN,NaN,NaN,NaN,NaN,NaN,NaN,NaN,NaN,NaN,NaN,NaN,NaN,NaN,NaN,NaN,NaN,NaN,NaN,NaN,NaN
13-Aug-1999,NaN,NaN,NaN,NaN,NaN,NaN,NaN,NaN,NaN,NaN,NaN,NaN,NaN,NaN,NaN,NaN,NaN,NaN,NaN,NaN,NaN,NaN,NaN,NaN
16-Aug-1999,NaN,NaN,NaN,NaN,NaN,NaN,NaN,NaN,NaN,NaN,NaN,NaN,NaN,NaN,NaN,NaN,NaN,NaN,NaN,NaN,NaN,NaN,NaN,NaN
17-Aug-1999,NaN,NaN,NaN,NaN,NaN,NaN,NaN,NaN,NaN,NaN,NaN,NaN,NaN,NaN,NaN,NaN,NaN,NaN,NaN,NaN,NaN,NaN,NaN,NaN
18-Aug-1999,NaN,NaN,NaN,NaN,NaN,NaN,NaN,NaN,NaN,NaN,NaN,NaN,NaN,NaN,NaN,NaN,NaN,NaN,NaN,NaN,NaN,NaN,NaN,NaN
19-Aug-1999,NaN,NaN,NaN,NaN,NaN,NaN,NaN,NaN,NaN,NaN,NaN,NaN,NaN,NaN,NaN,NaN,NaN,NaN,NaN,NaN,NaN,NaN,NaN,NaN
20-Aug-1999,NaN,NaN,NaN,NaN,NaN,NaN,NaN,NaN,NaN,NaN,NaN,NaN,NaN,NaN,NaN,NaN,NaN,NaN,NaN,NaN,NaN,NaN,NaN,NaN
23-Aug-1999,NaN,NaN,NaN,NaN,NaN,NaN,NaN,NaN,NaN,NaN,NaN,NaN,NaN,NaN,NaN,NaN,NaN,NaN,NaN,NaN,NaN,NaN,NaN,NaN
24-Aug-1999,NaN,NaN,NaN,NaN,NaN,NaN,NaN,NaN,NaN,NaN,NaN,NaN,NaN,NaN,NaN,NaN,NaN,NaN,NaN,NaN,NaN,NaN,NaN,NaN
25-Aug-1999,NaN,NaN,NaN,NaN,NaN,NaN,NaN,NaN,NaN,NaN,NaN,NaN,NaN,NaN,NaN,NaN,NaN,NaN,NaN,NaN,NaN,NaN,NaN,NaN
26-Aug-1999,NaN,NaN,NaN,NaN,NaN,NaN,NaN,NaN,NaN,NaN,NaN,NaN,NaN,NaN,NaN,NaN,NaN,NaN,NaN,NaN,NaN,NaN,NaN,NaN
27-Aug-1999,NaN,NaN,NaN,NaN,NaN,NaN,NaN,NaN,NaN,NaN,NaN,NaN,NaN,NaN,NaN,NaN,NaN,NaN,NaN,NaN,NaN,NaN,NaN,NaN
30-Aug-1999,NaN,NaN,NaN,NaN,NaN,NaN,NaN,NaN,NaN,NaN,NaN,NaN,NaN,NaN,NaN,NaN,NaN,NaN,NaN,NaN,NaN,NaN,NaN,NaN
31-Aug-1999,NaN,NaN,NaN,NaN,NaN,NaN,NaN,NaN,NaN,NaN,NaN,NaN,NaN,NaN,NaN,NaN,NaN,NaN,NaN,NaN,NaN,NaN,NaN,NaN
01-Sep-1999,NaN,NaN,NaN,NaN,NaN,NaN,NaN,NaN,NaN,NaN,NaN,NaN,NaN,NaN,NaN,NaN,NaN,NaN,NaN,NaN,NaN,NaN,NaN,NaN
02-Sep-1999,NaN,NaN,NaN,NaN,NaN,NaN,NaN,NaN,NaN,NaN,NaN,NaN,NaN,NaN,NaN,NaN,NaN,NaN,NaN,NaN,NaN,NaN,NaN,NaN
03-Sep-1999,NaN,NaN,NaN,NaN,NaN,NaN,NaN,NaN,NaN,NaN,NaN,NaN,NaN,NaN,NaN,NaN,NaN,NaN,NaN,NaN,NaN,NaN,NaN,NaN
06-Sep-1999,NaN,NaN,NaN,NaN,NaN,NaN,NaN,NaN,NaN,NaN,NaN,NaN,NaN,NaN,NaN,NaN,NaN,NaN,NaN,NaN,NaN,NaN,NaN,NaN
07-Sep-1999,NaN,NaN,NaN,NaN,NaN,NaN,NaN,NaN,NaN,NaN,NaN,NaN,NaN,NaN,NaN,NaN,NaN,NaN,NaN,NaN,NaN,NaN,NaN,NaN
08-Sep-1999,NaN,NaN,NaN,NaN,NaN,NaN,NaN,NaN,NaN,NaN,NaN,NaN,NaN,NaN,NaN,NaN,NaN,NaN,NaN,NaN,NaN,NaN,NaN,NaN
09-Sep-1999,NaN,NaN,NaN,NaN,NaN,NaN,NaN,NaN,NaN,NaN,NaN,NaN,NaN,NaN,NaN,NaN,NaN,NaN,NaN,NaN,NaN,NaN,NaN,NaN
10-Sep-1999,NaN,NaN,NaN,NaN,NaN,NaN,NaN,NaN,NaN,NaN,NaN,NaN,NaN,NaN,NaN,NaN,NaN,NaN,NaN,NaN,NaN,NaN,NaN,NaN
13-Sep-1999,NaN,NaN,NaN,NaN,NaN,NaN,NaN,NaN,NaN,NaN,NaN,NaN,NaN,NaN,NaN,NaN,NaN,NaN,NaN,NaN,NaN,NaN,NaN,NaN
14-Sep-1999,NaN,NaN,NaN,NaN,NaN,NaN,NaN,NaN,NaN,NaN,NaN,NaN,NaN,NaN,NaN,NaN,NaN,NaN,NaN,NaN,NaN,NaN,NaN,NaN
15-Sep-1999,NaN,NaN,NaN,NaN,NaN,NaN,NaN,NaN,NaN,NaN,NaN,NaN,NaN,NaN,NaN,NaN,NaN,NaN,NaN,NaN,NaN,NaN,NaN,NaN
16-Sep-1999,NaN,NaN,NaN,NaN,NaN,NaN,NaN,NaN,NaN,NaN,NaN,NaN,NaN,NaN,NaN,NaN,NaN,NaN,NaN,NaN,NaN,NaN,NaN,NaN
17-Sep-1999,NaN,NaN,NaN,NaN,NaN,NaN,NaN,NaN,NaN,NaN,NaN,NaN,NaN,NaN,NaN,NaN,NaN,NaN,NaN,NaN,NaN,NaN,NaN,NaN
20-Sep-1999,NaN,NaN,NaN,NaN,NaN,NaN,NaN,NaN,NaN,NaN,NaN,NaN,NaN,NaN,NaN,NaN,NaN,NaN,NaN,NaN,NaN,NaN,NaN,NaN
21-Sep-1999,NaN,NaN,NaN,NaN,NaN,NaN,NaN,NaN,NaN,NaN,NaN,NaN,NaN,NaN,NaN,NaN,NaN,NaN,NaN,NaN,NaN,NaN,NaN,NaN
22-Sep-1999,NaN,NaN,NaN,NaN,NaN,NaN,NaN,NaN,NaN,NaN,NaN,NaN,NaN,NaN,NaN,NaN,NaN,NaN,NaN,NaN,NaN,NaN,NaN,NaN
23-Sep-1999,NaN,NaN,NaN,NaN,NaN,NaN,NaN,NaN,NaN,NaN,NaN,NaN,NaN,NaN,NaN,NaN,NaN,NaN,NaN,NaN,NaN,NaN,NaN,NaN
24-Sep-1999,NaN,NaN,NaN,NaN,NaN,NaN,NaN,NaN,NaN,NaN,NaN,NaN,NaN,NaN,NaN,NaN,NaN,NaN,NaN,NaN,NaN,NaN,NaN,NaN
27-Sep-1999,NaN,NaN,NaN,NaN,NaN,NaN,NaN,NaN,NaN,NaN,NaN,NaN,NaN,NaN,NaN,NaN,NaN,NaN,NaN,NaN,NaN,NaN,NaN,NaN
28-Sep-1999,NaN,NaN,NaN,NaN,NaN,NaN,NaN,NaN,NaN,NaN,NaN,NaN,NaN,NaN,NaN,NaN,NaN,NaN,NaN,NaN,NaN,NaN,NaN,NaN
29-Sep-1999,NaN,NaN,NaN,NaN,NaN,NaN,NaN,NaN,NaN,NaN,NaN,NaN,NaN,NaN,NaN,NaN,NaN,NaN,NaN,NaN,NaN,NaN,NaN,NaN
30-Sep-1999,NaN,NaN,NaN,NaN,NaN,NaN,NaN,NaN,NaN,NaN,NaN,NaN,NaN,NaN,NaN,NaN,NaN,NaN,NaN,NaN,NaN,NaN,NaN,NaN
01-Oct-1999,NaN,NaN,NaN,NaN,NaN,NaN,NaN,NaN,NaN,NaN,NaN,NaN,NaN,NaN,NaN,NaN,NaN,NaN,NaN,NaN,NaN,NaN,NaN,NaN
04-Oct-1999,NaN,NaN,NaN,NaN,NaN,NaN,NaN,NaN,NaN,NaN,NaN,NaN,NaN,NaN,NaN,NaN,NaN,NaN,NaN,NaN,NaN,NaN,NaN,NaN
05-Oct-1999,NaN,NaN,NaN,NaN,NaN,NaN,NaN,NaN,NaN,NaN,NaN,NaN,NaN,NaN,NaN,NaN,NaN,NaN,NaN,NaN,NaN,NaN,NaN,NaN
06-Oct-1999,NaN,NaN,NaN,NaN,NaN,NaN,NaN,NaN,NaN,NaN,NaN,NaN,NaN,NaN,NaN,NaN,NaN,NaN,NaN,NaN,NaN,NaN,NaN,NaN
07-Oct-1999,NaN,NaN,NaN,NaN,NaN,NaN,NaN,NaN,NaN,NaN,NaN,NaN,NaN,NaN,NaN,NaN,NaN,NaN,NaN,NaN,NaN,NaN,NaN,NaN
08-Oct-1999,NaN,NaN,NaN,NaN,NaN,NaN,NaN,NaN,NaN,NaN,NaN,NaN,NaN,NaN,NaN,NaN,NaN,NaN,NaN,NaN,NaN,NaN,NaN,NaN
11-Oct-1999,NaN,NaN,NaN,NaN,NaN,NaN,NaN,NaN,NaN,NaN,NaN,NaN,NaN,NaN,NaN,NaN,NaN,NaN,NaN,NaN,NaN,NaN,NaN,NaN
12-Oct-1999,NaN,NaN,NaN,NaN,NaN,NaN,NaN,NaN,NaN,NaN,NaN,NaN,NaN,NaN,NaN,NaN,NaN,NaN,NaN,NaN,NaN,NaN,NaN,NaN
13-Oct-1999,NaN,NaN,NaN,NaN,NaN,NaN,NaN,NaN,NaN,NaN,NaN,NaN,NaN,NaN,NaN,NaN,NaN,NaN,NaN,NaN,NaN,NaN,NaN,NaN
14-Oct-1999,NaN,NaN,NaN,NaN,NaN,NaN,NaN,NaN,NaN,NaN,NaN,NaN,NaN,NaN,NaN,NaN,NaN,NaN,NaN,NaN,NaN,NaN,NaN,NaN
15-Oct-1999,NaN,NaN,NaN,NaN,NaN,NaN,NaN,NaN,NaN,NaN,NaN,NaN,NaN,NaN,NaN,NaN,NaN,NaN,NaN,NaN,NaN,NaN,NaN,NaN
18-Oct-1999,NaN,NaN,NaN,NaN,NaN,NaN,NaN,NaN,NaN,NaN,NaN,NaN,NaN,NaN,NaN,NaN,NaN,NaN,NaN,NaN,NaN,NaN,NaN,NaN
19-Oct-1999,NaN,NaN,NaN,NaN,NaN,NaN,NaN,NaN,NaN,NaN,NaN,NaN,NaN,NaN,NaN,NaN,NaN,NaN,NaN,NaN,NaN,NaN,NaN,NaN
20-Oct-1999,NaN,NaN,NaN,NaN,NaN,NaN,NaN,NaN,NaN,NaN,NaN,NaN,NaN,NaN,NaN,NaN,NaN,NaN,NaN,NaN,NaN,NaN,NaN,NaN
21-Oct-1999,NaN,NaN,NaN,NaN,NaN,NaN,NaN,NaN,NaN,NaN,NaN,NaN,NaN,NaN,NaN,NaN,NaN,NaN,NaN,NaN,NaN,NaN,NaN,NaN
22-Oct-1999,NaN,NaN,NaN,NaN,NaN,NaN,NaN,NaN,NaN,NaN,NaN,NaN,NaN,NaN,NaN,NaN,NaN,NaN,NaN,NaN,NaN,NaN,NaN,NaN
25-Oct-1999,NaN,NaN,NaN,NaN,NaN,NaN,NaN,NaN,NaN,NaN,NaN,NaN,NaN,NaN,NaN,NaN,NaN,NaN,NaN,NaN,NaN,NaN,NaN,NaN
26-Oct-1999,NaN,NaN,NaN,NaN,NaN,NaN,NaN,NaN,NaN,NaN,NaN,NaN,NaN,NaN,NaN,NaN,NaN,NaN,NaN,NaN,NaN,NaN,NaN,NaN
27-Oct-1999,NaN,NaN,NaN,NaN,NaN,NaN,NaN,NaN,NaN,NaN,NaN,NaN,NaN,NaN,NaN,NaN,NaN,NaN,NaN,NaN,NaN,NaN,NaN,NaN
28-Oct-1999,NaN,NaN,NaN,NaN,NaN,NaN,NaN,NaN,NaN,NaN,NaN,NaN,NaN,NaN,NaN,NaN,NaN,NaN,NaN,NaN,NaN,NaN,NaN,NaN
29-Oct-1999,NaN,NaN,NaN,NaN,NaN,NaN,NaN,NaN,NaN,NaN,NaN,NaN,NaN,NaN,NaN,NaN,NaN,NaN,NaN,NaN,NaN,NaN,NaN,NaN
01-Nov-1999,NaN,NaN,NaN,NaN,NaN,NaN,NaN,NaN,NaN,NaN,NaN,NaN,NaN,NaN,NaN,NaN,NaN,NaN,NaN,NaN,NaN,NaN,NaN,NaN
02-Nov-1999,NaN,NaN,NaN,NaN,NaN,NaN,NaN,NaN,NaN,NaN,NaN,NaN,NaN,NaN,NaN,NaN,NaN,NaN,NaN,NaN,NaN,NaN,NaN,NaN
03-Nov-1999,NaN,NaN,NaN,NaN,NaN,NaN,NaN,NaN,NaN,NaN,NaN,NaN,NaN,NaN,NaN,NaN,NaN,NaN,NaN,NaN,NaN,NaN,NaN,NaN
04-Nov-1999,NaN,NaN,NaN,NaN,NaN,NaN,NaN,NaN,NaN,NaN,NaN,NaN,NaN,NaN,NaN,NaN,NaN,NaN,NaN,NaN,NaN,NaN,NaN,NaN
05-Nov-1999,NaN,NaN,NaN,NaN,NaN,NaN,NaN,NaN,NaN,NaN,NaN,NaN,NaN,NaN,NaN,NaN,NaN,NaN,NaN,NaN,NaN,NaN,NaN,NaN
08-Nov-1999,NaN,NaN,NaN,NaN,NaN,NaN,NaN,NaN,NaN,NaN,NaN,NaN,NaN,NaN,NaN,NaN,NaN,NaN,NaN,NaN,NaN,NaN,NaN,NaN
09-Nov-1999,NaN,NaN,NaN,NaN,NaN,NaN,NaN,NaN,NaN,NaN,NaN,NaN,NaN,NaN,NaN,NaN,NaN,NaN,NaN,NaN,NaN,NaN,NaN,NaN
10-Nov-1999,NaN,NaN,NaN,NaN,NaN,NaN,NaN,NaN,NaN,NaN,NaN,NaN,NaN,NaN,NaN,NaN,NaN,NaN,NaN,NaN,NaN,NaN,NaN,NaN
11-Nov-1999,NaN,NaN,NaN,NaN,NaN,NaN,NaN,NaN,NaN,NaN,NaN,NaN,NaN,NaN,NaN,NaN,NaN,NaN,NaN,NaN,NaN,NaN,NaN,NaN
12-Nov-1999,NaN,NaN,NaN,NaN,NaN,NaN,NaN,NaN,NaN,NaN,NaN,NaN,NaN,NaN,NaN,NaN,NaN,NaN,NaN,NaN,NaN,NaN,NaN,NaN
15-Nov-1999,NaN,NaN,NaN,NaN,NaN,NaN,NaN,NaN,NaN,NaN,NaN,NaN,NaN,NaN,NaN,NaN,NaN,NaN,NaN,NaN,NaN,NaN,NaN,NaN
16-Nov-1999,NaN,NaN,NaN,NaN,NaN,NaN,NaN,NaN,NaN,NaN,NaN,NaN,NaN,NaN,NaN,NaN,NaN,NaN,NaN,NaN,NaN,NaN,NaN,NaN
17-Nov-1999,NaN,NaN,NaN,NaN,NaN,NaN,NaN,NaN,NaN,NaN,NaN,NaN,NaN,NaN,NaN,NaN,NaN,NaN,NaN,NaN,NaN,NaN,NaN,NaN
18-Nov-1999,NaN,NaN,NaN,NaN,NaN,NaN,NaN,NaN,NaN,NaN,NaN,NaN,NaN,NaN,NaN,NaN,NaN,NaN,NaN,NaN,NaN,NaN,NaN,NaN
19-Nov-1999,NaN,NaN,NaN,NaN,NaN,NaN,NaN,NaN,NaN,NaN,NaN,NaN,NaN,NaN,NaN,NaN,NaN,NaN,NaN,NaN,NaN,NaN,NaN,NaN
22-Nov-1999,NaN,NaN,NaN,NaN,NaN,NaN,NaN,NaN,NaN,NaN,NaN,NaN,NaN,NaN,NaN,NaN,NaN,NaN,NaN,NaN,NaN,NaN,NaN,NaN
23-Nov-1999,NaN,NaN,NaN,NaN,NaN,NaN,NaN,NaN,NaN,NaN,NaN,NaN,NaN,NaN,NaN,NaN,NaN,NaN,NaN,NaN,NaN,NaN,NaN,NaN
24-Nov-1999,NaN,NaN,NaN,NaN,NaN,NaN,NaN,NaN,NaN,NaN,NaN,NaN,NaN,NaN,NaN,NaN,NaN,NaN,NaN,NaN,NaN,NaN,NaN,NaN
25-Nov-1999,NaN,NaN,NaN,NaN,NaN,NaN,NaN,NaN,NaN,NaN,NaN,NaN,NaN,NaN,NaN,NaN,NaN,NaN,NaN,NaN,NaN,NaN,NaN,NaN
26-Nov-1999,NaN,NaN,NaN,NaN,NaN,NaN,NaN,NaN,NaN,NaN,NaN,NaN,NaN,NaN,NaN,NaN,NaN,NaN,NaN,NaN,NaN,NaN,NaN,NaN
29-Nov-1999,NaN,NaN,NaN,NaN,NaN,NaN,NaN,NaN,NaN,NaN,NaN,NaN,NaN,NaN,NaN,NaN,NaN,NaN,NaN,NaN,NaN,NaN,NaN,NaN
30-Nov-1999,NaN,NaN,NaN,NaN,NaN,NaN,NaN,NaN,NaN,NaN,NaN,NaN,NaN,NaN,NaN,NaN,NaN,NaN,NaN,NaN,NaN,NaN,NaN,NaN
01-Dec-1999,NaN,NaN,NaN,NaN,NaN,NaN,NaN,NaN,NaN,NaN,NaN,NaN,NaN,NaN,NaN,NaN,NaN,NaN,NaN,NaN,NaN,NaN,NaN,NaN
02-Dec-1999,NaN,NaN,NaN,NaN,NaN,NaN,NaN,NaN,NaN,NaN,NaN,NaN,NaN,NaN,NaN,NaN,NaN,NaN,NaN,NaN,NaN,NaN,NaN,NaN
03-Dec-1999,NaN,NaN,NaN,NaN,NaN,NaN,NaN,NaN,NaN,NaN,NaN,NaN,NaN,NaN,NaN,NaN,NaN,NaN,NaN,NaN,NaN,NaN,NaN,NaN
06-Dec-1999,NaN,NaN,NaN,NaN,NaN,NaN,NaN,NaN,NaN,NaN,NaN,NaN,NaN,NaN,NaN,NaN,NaN,NaN,NaN,NaN,NaN,NaN,NaN,NaN
07-Dec-1999,NaN,NaN,NaN,NaN,NaN,NaN,NaN,NaN,NaN,NaN,NaN,NaN,NaN,NaN,NaN,NaN,NaN,NaN,NaN,NaN,NaN,NaN,NaN,NaN
08-Dec-1999,NaN,NaN,NaN,NaN,NaN,NaN,NaN,NaN,NaN,NaN,NaN,NaN,NaN,NaN,NaN,NaN,NaN,NaN,NaN,NaN,NaN,NaN,NaN,NaN
09-Dec-1999,NaN,NaN,NaN,NaN,NaN,NaN,NaN,NaN,NaN,NaN,NaN,NaN,NaN,NaN,NaN,NaN,NaN,NaN,NaN,NaN,NaN,NaN,NaN,NaN
10-Dec-1999,NaN,NaN,NaN,NaN,NaN,NaN,NaN,NaN,NaN,NaN,NaN,NaN,NaN,NaN,NaN,NaN,NaN,NaN,NaN,NaN,NaN,NaN,NaN,NaN
13-Dec-1999,NaN,NaN,NaN,NaN,NaN,NaN,NaN,NaN,NaN,NaN,NaN,NaN,NaN,NaN,NaN,NaN,NaN,NaN,NaN,NaN,NaN,NaN,NaN,NaN
14-Dec-1999,NaN,NaN,NaN,NaN,NaN,NaN,NaN,NaN,NaN,NaN,NaN,NaN,NaN,NaN,NaN,NaN,NaN,NaN,NaN,NaN,NaN,NaN,NaN,NaN
15-Dec-1999,NaN,NaN,NaN,NaN,NaN,NaN,NaN,NaN,NaN,NaN,NaN,NaN,NaN,NaN,NaN,NaN,NaN,NaN,NaN,NaN,NaN,NaN,NaN,NaN
16-Dec-1999,NaN,NaN,NaN,NaN,NaN,NaN,NaN,NaN,NaN,NaN,NaN,NaN,NaN,NaN,NaN,NaN,NaN,NaN,NaN,NaN,NaN,NaN,NaN,NaN
17-Dec-1999,NaN,NaN,NaN,NaN,NaN,NaN,NaN,NaN,NaN,NaN,NaN,NaN,NaN,NaN,NaN,NaN,NaN,NaN,NaN,NaN,NaN,NaN,NaN,NaN
20-Dec-1999,NaN,NaN,NaN,NaN,NaN,NaN,NaN,NaN,NaN,NaN,NaN,NaN,NaN,NaN,NaN,NaN,NaN,NaN,NaN,NaN,NaN,NaN,NaN,NaN
21-Dec-1999,NaN,NaN,NaN,NaN,NaN,NaN,NaN,NaN,NaN,NaN,NaN,NaN,NaN,NaN,NaN,NaN,NaN,NaN,NaN,NaN,NaN,NaN,NaN,NaN
22-Dec-1999,NaN,NaN,NaN,NaN,NaN,NaN,NaN,NaN,NaN,NaN,NaN,NaN,NaN,NaN,NaN,NaN,NaN,NaN,NaN,NaN,NaN,NaN,NaN,NaN
23-Dec-1999,NaN,NaN,NaN,NaN,NaN,NaN,NaN,NaN,NaN,NaN,NaN,NaN,NaN,NaN,NaN,NaN,NaN,NaN,NaN,NaN,NaN,NaN,NaN,NaN
24-Dec-1999,NaN,NaN,NaN,NaN,NaN,NaN,NaN,NaN,NaN,NaN,NaN,NaN,NaN,NaN,NaN,NaN,NaN,NaN,NaN,NaN,NaN,NaN,NaN,NaN
27-Dec-1999,NaN,NaN,NaN,NaN,NaN,NaN,NaN,NaN,NaN,NaN,NaN,NaN,NaN,NaN,NaN,NaN,NaN,NaN,NaN,NaN,NaN,NaN,NaN,NaN
28-Dec-1999,NaN,NaN,NaN,NaN,NaN,NaN,NaN,NaN,NaN,NaN,NaN,NaN,NaN,NaN,NaN,NaN,NaN,NaN,NaN,NaN,NaN,NaN,NaN,NaN
29-Dec-1999,NaN,NaN,NaN,NaN,NaN,NaN,NaN,NaN,NaN,NaN,NaN,NaN,NaN,NaN,NaN,NaN,NaN,NaN,NaN,NaN,NaN,NaN,NaN,NaN
30-Dec-1999,NaN,NaN,NaN,NaN,NaN,NaN,NaN,NaN,NaN,NaN,NaN,NaN,NaN,NaN,NaN,NaN,NaN,NaN,NaN,NaN,NaN,NaN,NaN,NaN
31-Dec-1999,NaN,NaN,NaN,NaN,NaN,NaN,NaN,NaN,NaN,NaN,NaN,NaN,NaN,NaN,NaN,NaN,NaN,NaN,NaN,NaN,NaN,NaN,NaN,NaN
03-Jan-2000,NaN,NaN,NaN,NaN,NaN,NaN,NaN,NaN,NaN,NaN,NaN,NaN,NaN,NaN,NaN,NaN,NaN,NaN,NaN,NaN,NaN,NaN,NaN,NaN
04-Jan-2000,NaN,NaN,NaN,NaN,NaN,NaN,NaN,NaN,NaN,NaN,NaN,NaN,NaN,NaN,NaN,NaN,NaN,NaN,NaN,NaN,NaN,NaN,NaN,NaN
05-Jan-2000,NaN,NaN,NaN,NaN,NaN,NaN,NaN,NaN,NaN,NaN,NaN,NaN,NaN,NaN,NaN,NaN,NaN,NaN,NaN,NaN,NaN,NaN,NaN,NaN
06-Jan-2000,NaN,NaN,NaN,NaN,NaN,NaN,NaN,NaN,NaN,NaN,NaN,NaN,NaN,NaN,NaN,NaN,NaN,NaN,NaN,NaN,NaN,NaN,NaN,NaN
07-Jan-2000,NaN,NaN,NaN,NaN,NaN,NaN,NaN,NaN,NaN,NaN,NaN,NaN,NaN,NaN,NaN,NaN,NaN,NaN,NaN,NaN,NaN,NaN,NaN,NaN
10-Jan-2000,NaN,NaN,NaN,NaN,NaN,NaN,NaN,NaN,NaN,NaN,NaN,NaN,NaN,NaN,NaN,NaN,NaN,NaN,NaN,NaN,NaN,NaN,NaN,NaN
11-Jan-2000,NaN,NaN,NaN,NaN,NaN,NaN,NaN,NaN,NaN,NaN,NaN,NaN,NaN,NaN,NaN,NaN,NaN,NaN,NaN,NaN,NaN,NaN,NaN,NaN
12-Jan-2000,NaN,NaN,NaN,NaN,NaN,NaN,NaN,NaN,NaN,NaN,NaN,NaN,NaN,NaN,NaN,NaN,NaN,NaN,NaN,NaN,NaN,NaN,NaN,NaN
13-Jan-2000,NaN,NaN,NaN,NaN,NaN,NaN,NaN,NaN,NaN,NaN,NaN,NaN,NaN,NaN,NaN,NaN,NaN,NaN,NaN,NaN,NaN,NaN,NaN,NaN
14-Jan-2000,NaN,NaN,NaN,NaN,NaN,NaN,NaN,NaN,NaN,NaN,NaN,NaN,NaN,NaN,NaN,NaN,NaN,NaN,NaN,NaN,NaN,NaN,NaN,NaN
17-Jan-2000,NaN,NaN,NaN,NaN,NaN,NaN,NaN,NaN,NaN,NaN,NaN,NaN,NaN,NaN,NaN,NaN,NaN,NaN,NaN,NaN,NaN,NaN,NaN,NaN
18-Jan-2000,NaN,NaN,NaN,NaN,NaN,NaN,NaN,NaN,NaN,NaN,NaN,NaN,NaN,NaN,NaN,NaN,NaN,NaN,NaN,NaN,NaN,NaN,NaN,NaN
19-Jan-2000,NaN,NaN,NaN,NaN,NaN,NaN,NaN,NaN,NaN,NaN,NaN,NaN,NaN,NaN,NaN,NaN,NaN,NaN,NaN,NaN,NaN,NaN,NaN,NaN
20-Jan-2000,NaN,NaN,NaN,NaN,NaN,NaN,NaN,NaN,NaN,NaN,NaN,NaN,NaN,NaN,NaN,NaN,NaN,NaN,NaN,NaN,NaN,NaN,NaN,NaN
21-Jan-2000,NaN,NaN,NaN,NaN,NaN,NaN,NaN,NaN,NaN,NaN,NaN,NaN,NaN,NaN,NaN,NaN,NaN,NaN,NaN,NaN,NaN,NaN,NaN,NaN
24-Jan-2000,NaN,NaN,NaN,NaN,NaN,NaN,NaN,NaN,NaN,NaN,NaN,NaN,NaN,NaN,NaN,NaN,NaN,NaN,NaN,NaN,NaN,NaN,NaN,NaN
25-Jan-2000,NaN,NaN,NaN,NaN,NaN,NaN,NaN,NaN,NaN,NaN,NaN,NaN,NaN,NaN,NaN,NaN,NaN,NaN,NaN,NaN,NaN,NaN,NaN,NaN
26-Jan-2000,NaN,NaN,NaN,NaN,NaN,NaN,NaN,NaN,NaN,NaN,NaN,NaN,NaN,NaN,NaN,NaN,NaN,NaN,NaN,NaN,NaN,NaN,NaN,NaN
27-Jan-2000,NaN,NaN,NaN,NaN,NaN,NaN,NaN,NaN,NaN,NaN,NaN,NaN,NaN,NaN,NaN,NaN,NaN,NaN,NaN,NaN,NaN,NaN,NaN,NaN
28-Jan-2000,NaN,NaN,NaN,NaN,NaN,NaN,NaN,NaN,NaN,NaN,NaN,NaN,NaN,NaN,NaN,NaN,NaN,NaN,NaN,NaN,NaN,NaN,NaN,NaN
31-Jan-2000,NaN,NaN,NaN,NaN,NaN,NaN,NaN,NaN,NaN,NaN,NaN,NaN,NaN,NaN,NaN,NaN,NaN,NaN,NaN,NaN,NaN,NaN,NaN,NaN
01-Feb-2000,NaN,NaN,NaN,NaN,NaN,NaN,NaN,NaN,NaN,NaN,NaN,NaN,NaN,NaN,NaN,NaN,NaN,NaN,NaN,NaN,NaN,NaN,NaN,NaN
02-Feb-2000,NaN,NaN,NaN,NaN,NaN,NaN,NaN,NaN,NaN,NaN,NaN,NaN,NaN,NaN,NaN,NaN,NaN,NaN,NaN,NaN,NaN,NaN,NaN,NaN
03-Feb-2000,NaN,NaN,NaN,NaN,NaN,NaN,NaN,NaN,NaN,NaN,NaN,NaN,NaN,NaN,NaN,NaN,NaN,NaN,NaN,NaN,NaN,NaN,NaN,NaN
04-Feb-2000,NaN,NaN,NaN,NaN,NaN,NaN,NaN,NaN,NaN,NaN,NaN,NaN,NaN,NaN,NaN,NaN,NaN,NaN,NaN,NaN,NaN,NaN,NaN,NaN
07-Feb-2000,NaN,NaN,NaN,NaN,NaN,NaN,NaN,NaN,NaN,NaN,NaN,NaN,NaN,NaN,NaN,NaN,NaN,NaN,NaN,NaN,NaN,NaN,NaN,NaN
08-Feb-2000,NaN,NaN,NaN,NaN,NaN,NaN,NaN,NaN,NaN,NaN,NaN,NaN,NaN,NaN,NaN,NaN,NaN,NaN,NaN,NaN,NaN,NaN,NaN,NaN
09-Feb-2000,NaN,NaN,NaN,NaN,NaN,NaN,NaN,NaN,NaN,NaN,NaN,NaN,NaN,NaN,NaN,NaN,NaN,NaN,NaN,NaN,NaN,NaN,NaN,NaN
10-Feb-2000,NaN,NaN,NaN,NaN,NaN,NaN,NaN,NaN,NaN,NaN,NaN,NaN,NaN,NaN,NaN,NaN,NaN,NaN,NaN,NaN,NaN,NaN,NaN,NaN
11-Feb-2000,NaN,NaN,NaN,NaN,NaN,NaN,NaN,NaN,NaN,NaN,NaN,NaN,NaN,NaN,NaN,NaN,NaN,NaN,NaN,NaN,NaN,NaN,NaN,NaN
14-Feb-2000,NaN,NaN,NaN,NaN,NaN,NaN,NaN,NaN,NaN,NaN,NaN,NaN,NaN,NaN,NaN,NaN,NaN,NaN,NaN,NaN,NaN,NaN,NaN,NaN
15-Feb-2000,NaN,NaN,NaN,NaN,NaN,NaN,NaN,NaN,NaN,NaN,NaN,NaN,NaN,NaN,NaN,NaN,NaN,NaN,NaN,NaN,NaN,NaN,NaN,NaN
16-Feb-2000,NaN,NaN,NaN,NaN,NaN,NaN,NaN,NaN,NaN,NaN,NaN,NaN,NaN,NaN,NaN,NaN,NaN,NaN,NaN,NaN,NaN,NaN,NaN,NaN
17-Feb-2000,NaN,NaN,NaN,NaN,NaN,NaN,NaN,NaN,NaN,NaN,NaN,NaN,NaN,NaN,NaN,NaN,NaN,NaN,NaN,NaN,NaN,NaN,NaN,NaN
18-Feb-2000,NaN,NaN,NaN,NaN,NaN,NaN,NaN,NaN,NaN,NaN,NaN,NaN,NaN,NaN,NaN,NaN,NaN,NaN,NaN,NaN,NaN,NaN,NaN,NaN
21-Feb-2000,NaN,NaN,NaN,NaN,NaN,NaN,NaN,NaN,NaN,NaN,NaN,NaN,NaN,NaN,NaN,NaN,NaN,NaN,NaN,NaN,NaN,NaN,NaN,NaN
22-Feb-2000,NaN,NaN,NaN,NaN,NaN,NaN,NaN,NaN,NaN,NaN,NaN,NaN,NaN,NaN,NaN,NaN,NaN,NaN,NaN,NaN,NaN,NaN,NaN,NaN
23-Feb-2000,NaN,NaN,NaN,NaN,NaN,NaN,NaN,NaN,NaN,NaN,NaN,NaN,NaN,NaN,NaN,NaN,NaN,NaN,NaN,NaN,NaN,NaN,NaN,NaN
24-Feb-2000,NaN,NaN,NaN,NaN,NaN,NaN,NaN,NaN,NaN,NaN,NaN,NaN,NaN,NaN,NaN,NaN,NaN,NaN,NaN,NaN,NaN,NaN,NaN,NaN
25-Feb-2000,NaN,NaN,NaN,NaN,NaN,NaN,NaN,NaN,NaN,NaN,NaN,NaN,NaN,NaN,NaN,NaN,NaN,NaN,NaN,NaN,NaN,NaN,NaN,NaN
28-Feb-2000,NaN,NaN,NaN,NaN,NaN,NaN,NaN,NaN,NaN,NaN,NaN,NaN,NaN,NaN,NaN,NaN,NaN,NaN,NaN,NaN,NaN,NaN,NaN,NaN
29-Feb-2000,NaN,NaN,NaN,NaN,NaN,NaN,NaN,NaN,NaN,NaN,NaN,NaN,NaN,NaN,NaN,NaN,NaN,NaN,NaN,NaN,NaN,NaN,NaN,NaN
01-Mar-2000,NaN,NaN,NaN,NaN,NaN,NaN,NaN,NaN,NaN,NaN,NaN,NaN,NaN,NaN,NaN,NaN,NaN,NaN,NaN,NaN,NaN,NaN,NaN,NaN
02-Mar-2000,NaN,NaN,NaN,NaN,NaN,NaN,NaN,NaN,NaN,NaN,NaN,NaN,NaN,NaN,NaN,NaN,NaN,NaN,NaN,NaN,NaN,NaN,NaN,NaN
03-Mar-2000,NaN,NaN,NaN,NaN,NaN,NaN,NaN,NaN,NaN,NaN,NaN,NaN,NaN,NaN,NaN,NaN,NaN,NaN,NaN,NaN,NaN,NaN,NaN,NaN
06-Mar-2000,NaN,NaN,NaN,NaN,NaN,NaN,NaN,NaN,NaN,NaN,NaN,NaN,NaN,NaN,NaN,NaN,NaN,NaN,NaN,NaN,NaN,NaN,NaN,NaN
07-Mar-2000,NaN,NaN,NaN,NaN,NaN,NaN,NaN,NaN,NaN,NaN,NaN,NaN,NaN,NaN,NaN,NaN,NaN,NaN,NaN,NaN,NaN,NaN,NaN,NaN
08-Mar-2000,NaN,NaN,NaN,NaN,NaN,NaN,NaN,NaN,NaN,NaN,NaN,NaN,NaN,NaN,NaN,NaN,NaN,NaN,NaN,NaN,NaN,NaN,NaN,NaN
09-Mar-2000,NaN,NaN,NaN,NaN,NaN,NaN,NaN,NaN,NaN,NaN,NaN,NaN,NaN,NaN,NaN,NaN,NaN,NaN,NaN,NaN,NaN,NaN,NaN,NaN
10-Mar-2000,NaN,NaN,NaN,NaN,NaN,NaN,NaN,NaN,NaN,NaN,NaN,NaN,NaN,NaN,NaN,NaN,NaN,NaN,NaN,NaN,NaN,NaN,NaN,NaN
13-Mar-2000,NaN,NaN,NaN,NaN,NaN,NaN,NaN,NaN,NaN,NaN,NaN,NaN,NaN,NaN,NaN,NaN,NaN,NaN,NaN,NaN,NaN,NaN,NaN,NaN
14-Mar-2000,NaN,NaN,NaN,NaN,NaN,NaN,NaN,NaN,NaN,NaN,NaN,NaN,NaN,NaN,NaN,NaN,NaN,NaN,NaN,NaN,NaN,NaN,NaN,NaN
15-Mar-2000,NaN,NaN,NaN,NaN,NaN,NaN,NaN,NaN,NaN,NaN,NaN,NaN,NaN,NaN,NaN,NaN,NaN,NaN,NaN,NaN,NaN,NaN,NaN,NaN
16-Mar-2000,NaN,NaN,NaN,NaN,NaN,NaN,NaN,NaN,NaN,NaN,NaN,NaN,NaN,NaN,NaN,NaN,NaN,NaN,NaN,NaN,NaN,NaN,NaN,NaN
17-Mar-2000,NaN,NaN,NaN,NaN,NaN,NaN,NaN,NaN,NaN,NaN,NaN,NaN,NaN,NaN,NaN,NaN,NaN,NaN,NaN,NaN,NaN,NaN,NaN,NaN
20-Mar-2000,NaN,NaN,NaN,NaN,NaN,NaN,NaN,NaN,NaN,NaN,NaN,NaN,NaN,NaN,NaN,NaN,NaN,NaN,NaN,NaN,NaN,NaN,NaN,NaN
21-Mar-2000,NaN,NaN,NaN,NaN,NaN,NaN,NaN,NaN,NaN,NaN,NaN,NaN,NaN,NaN,NaN,NaN,NaN,NaN,NaN,NaN,NaN,NaN,NaN,NaN
22-Mar-2000,NaN,NaN,NaN,NaN,NaN,NaN,NaN,NaN,NaN,NaN,NaN,NaN,NaN,NaN,NaN,NaN,NaN,NaN,NaN,NaN,NaN,NaN,NaN,NaN
23-Mar-2000,NaN,NaN,NaN,NaN,NaN,NaN,NaN,NaN,NaN,NaN,NaN,NaN,NaN,NaN,NaN,NaN,NaN,NaN,NaN,NaN,NaN,NaN,NaN,NaN
24-Mar-2000,NaN,NaN,NaN,NaN,NaN,NaN,NaN,NaN,NaN,NaN,NaN,NaN,NaN,NaN,NaN,NaN,NaN,NaN,NaN,NaN,NaN,NaN,NaN,NaN
27-Mar-2000,NaN,NaN,NaN,NaN,NaN,NaN,NaN,NaN,NaN,NaN,NaN,NaN,NaN,NaN,NaN,NaN,NaN,NaN,NaN,NaN,NaN,NaN,NaN,NaN
28-Mar-2000,NaN,NaN,NaN,NaN,NaN,NaN,NaN,NaN,NaN,NaN,NaN,NaN,NaN,NaN,NaN,NaN,NaN,NaN,NaN,NaN,NaN,NaN,NaN,NaN
29-Mar-2000,NaN,NaN,NaN,NaN,NaN,NaN,NaN,NaN,NaN,NaN,NaN,NaN,NaN,NaN,NaN,NaN,NaN,NaN,NaN,NaN,NaN,NaN,NaN,NaN
30-Mar-2000,NaN,NaN,NaN,NaN,NaN,NaN,NaN,NaN,NaN,NaN,NaN,NaN,NaN,NaN,NaN,NaN,NaN,NaN,NaN,NaN,NaN,NaN,NaN,NaN
31-Mar-2000,NaN,NaN,NaN,NaN,NaN,NaN,NaN,NaN,NaN,NaN,NaN,NaN,NaN,NaN,NaN,NaN,NaN,NaN,NaN,NaN,NaN,NaN,NaN,NaN
03-Apr-2000,NaN,NaN,NaN,NaN,NaN,NaN,NaN,NaN,NaN,NaN,NaN,NaN,NaN,NaN,NaN,NaN,NaN,NaN,NaN,NaN,NaN,NaN,NaN,NaN
04-Apr-2000,NaN,NaN,NaN,NaN,NaN,NaN,NaN,NaN,NaN,NaN,NaN,NaN,NaN,NaN,NaN,NaN,NaN,NaN,NaN,NaN,NaN,NaN,NaN,NaN
05-Apr-2000,NaN,NaN,NaN,NaN,NaN,NaN,NaN,NaN,NaN,NaN,NaN,NaN,NaN,NaN,NaN,NaN,NaN,NaN,NaN,NaN,NaN,NaN,NaN,NaN
06-Apr-2000,NaN,NaN,NaN,NaN,NaN,NaN,NaN,NaN,NaN,NaN,NaN,NaN,NaN,NaN,NaN,NaN,NaN,NaN,NaN,NaN,NaN,NaN,NaN,NaN
07-Apr-2000,NaN,NaN,NaN,NaN,NaN,NaN,NaN,NaN,NaN,NaN,NaN,NaN,NaN,NaN,NaN,NaN,NaN,NaN,NaN,NaN,NaN,NaN,NaN,NaN
10-Apr-2000,NaN,NaN,NaN,NaN,NaN,NaN,NaN,NaN,NaN,NaN,NaN,NaN,NaN,NaN,NaN,NaN,NaN,NaN,NaN,NaN,NaN,NaN,NaN,NaN
11-Apr-2000,NaN,NaN,NaN,NaN,NaN,NaN,NaN,NaN,NaN,NaN,NaN,NaN,NaN,NaN,NaN,NaN,NaN,NaN,NaN,NaN,NaN,NaN,NaN,NaN
12-Apr-2000,NaN,NaN,NaN,NaN,NaN,NaN,NaN,NaN,NaN,NaN,NaN,NaN,NaN,NaN,NaN,NaN,NaN,NaN,NaN,NaN,NaN,NaN,NaN,NaN
13-Apr-2000,NaN,NaN,NaN,NaN,NaN,NaN,NaN,NaN,NaN,NaN,NaN,NaN,NaN,NaN,NaN,NaN,NaN,NaN,NaN,NaN,NaN,NaN,NaN,NaN
14-Apr-2000,NaN,NaN,NaN,NaN,NaN,NaN,NaN,NaN,NaN,NaN,NaN,NaN,NaN,NaN,NaN,NaN,NaN,NaN,NaN,NaN,NaN,NaN,NaN,NaN
17-Apr-2000,NaN,NaN,NaN,NaN,NaN,NaN,NaN,NaN,NaN,NaN,NaN,NaN,NaN,NaN,NaN,NaN,NaN,NaN,NaN,NaN,NaN,NaN,NaN,NaN
18-Apr-2000,NaN,NaN,NaN,NaN,NaN,NaN,NaN,NaN,NaN,NaN,NaN,NaN,NaN,NaN,NaN,NaN,NaN,NaN,NaN,NaN,NaN,NaN,NaN,NaN
19-Apr-2000,NaN,NaN,NaN,NaN,NaN,NaN,NaN,NaN,NaN,NaN,NaN,NaN,NaN,NaN,NaN,NaN,NaN,NaN,NaN,NaN,NaN,NaN,NaN,NaN
20-Apr-2000,NaN,NaN,NaN,NaN,NaN,NaN,NaN,NaN,NaN,NaN,NaN,NaN,NaN,NaN,NaN,NaN,NaN,NaN,NaN,NaN,NaN,NaN,NaN,NaN
21-Apr-2000,NaN,NaN,NaN,NaN,NaN,NaN,NaN,NaN,NaN,NaN,NaN,NaN,NaN,NaN,NaN,NaN,NaN,NaN,NaN,NaN,NaN,NaN,NaN,NaN
24-Apr-2000,NaN,NaN,NaN,NaN,NaN,NaN,NaN,NaN,NaN,NaN,NaN,NaN,NaN,NaN,NaN,NaN,NaN,NaN,NaN,NaN,NaN,NaN,NaN,NaN
25-Apr-2000,NaN,NaN,NaN,NaN,NaN,NaN,NaN,NaN,NaN,NaN,NaN,NaN,NaN,NaN,NaN,NaN,NaN,NaN,NaN,NaN,NaN,NaN,NaN,NaN
26-Apr-2000,NaN,NaN,NaN,NaN,NaN,NaN,NaN,NaN,NaN,NaN,NaN,NaN,NaN,NaN,NaN,NaN,NaN,NaN,NaN,NaN,NaN,NaN,NaN,NaN
27-Apr-2000,NaN,NaN,NaN,NaN,NaN,NaN,NaN,NaN,NaN,NaN,NaN,NaN,NaN,NaN,NaN,NaN,NaN,NaN,NaN,NaN,NaN,NaN,NaN,NaN
28-Apr-2000,NaN,NaN,NaN,NaN,NaN,NaN,NaN,NaN,NaN,NaN,NaN,NaN,NaN,NaN,NaN,NaN,NaN,NaN,NaN,NaN,NaN,NaN,NaN,NaN
01-May-2000,NaN,NaN,NaN,NaN,NaN,NaN,NaN,NaN,NaN,NaN,NaN,NaN,NaN,NaN,NaN,NaN,NaN,NaN,NaN,NaN,NaN,NaN,NaN,NaN
02-May-2000,NaN,NaN,NaN,NaN,NaN,NaN,NaN,NaN,NaN,NaN,NaN,NaN,NaN,NaN,NaN,NaN,NaN,NaN,NaN,NaN,NaN,NaN,NaN,NaN
03-May-2000,NaN,NaN,NaN,NaN,NaN,NaN,NaN,NaN,NaN,NaN,NaN,NaN,NaN,NaN,NaN,NaN,NaN,NaN,NaN,NaN,NaN,NaN,NaN,NaN
04-May-2000,NaN,NaN,NaN,NaN,NaN,NaN,NaN,NaN,NaN,NaN,NaN,NaN,NaN,NaN,NaN,NaN,NaN,NaN,NaN,NaN,NaN,NaN,NaN,NaN
05-May-2000,NaN,NaN,NaN,NaN,NaN,NaN,NaN,NaN,NaN,NaN,NaN,NaN,NaN,NaN,NaN,NaN,NaN,NaN,NaN,NaN,NaN,NaN,NaN,NaN
08-May-2000,NaN,NaN,NaN,NaN,NaN,NaN,NaN,NaN,NaN,NaN,NaN,NaN,NaN,NaN,NaN,NaN,NaN,NaN,NaN,NaN,NaN,NaN,NaN,NaN
09-May-2000,NaN,NaN,NaN,NaN,NaN,NaN,NaN,NaN,NaN,NaN,NaN,NaN,NaN,NaN,NaN,NaN,NaN,NaN,NaN,NaN,NaN,NaN,NaN,NaN
10-May-2000,NaN,NaN,NaN,NaN,NaN,NaN,NaN,NaN,NaN,NaN,NaN,NaN,NaN,NaN,NaN,NaN,NaN,NaN,NaN,NaN,NaN,NaN,NaN,NaN
11-May-2000,NaN,NaN,NaN,NaN,NaN,NaN,NaN,NaN,NaN,NaN,NaN,NaN,NaN,NaN,NaN,NaN,NaN,NaN,NaN,NaN,NaN,NaN,NaN,NaN
12-May-2000,NaN,NaN,NaN,NaN,NaN,NaN,NaN,NaN,NaN,NaN,NaN,NaN,NaN,NaN,NaN,NaN,NaN,NaN,NaN,NaN,NaN,NaN,NaN,NaN
15-May-2000,NaN,NaN,NaN,NaN,NaN,NaN,NaN,NaN,NaN,NaN,NaN,NaN,NaN,NaN,NaN,NaN,NaN,NaN,NaN,NaN,NaN,NaN,NaN,NaN
16-May-2000,NaN,NaN,NaN,NaN,NaN,NaN,NaN,NaN,NaN,NaN,NaN,NaN,NaN,NaN,NaN,NaN,NaN,NaN,NaN,NaN,NaN,NaN,NaN,NaN
17-May-2000,NaN,NaN,NaN,NaN,NaN,NaN,NaN,NaN,NaN,NaN,NaN,NaN,NaN,NaN,NaN,NaN,NaN,NaN,NaN,NaN,NaN,NaN,NaN,NaN
18-May-2000,NaN,NaN,NaN,NaN,NaN,NaN,NaN,NaN,NaN,NaN,NaN,NaN,NaN,NaN,NaN,NaN,NaN,NaN,NaN,NaN,NaN,NaN,NaN,NaN
19-May-2000,NaN,NaN,NaN,NaN,NaN,NaN,NaN,NaN,NaN,NaN,NaN,NaN,NaN,NaN,NaN,NaN,NaN,NaN,NaN,NaN,NaN,NaN,NaN,NaN
22-May-2000,NaN,NaN,NaN,NaN,NaN,NaN,NaN,NaN,NaN,NaN,NaN,NaN,NaN,NaN,NaN,NaN,NaN,NaN,NaN,NaN,NaN,NaN,NaN,NaN
23-May-2000,NaN,NaN,NaN,NaN,NaN,NaN,NaN,NaN,NaN,NaN,NaN,NaN,NaN,NaN,NaN,NaN,NaN,NaN,NaN,NaN,NaN,NaN,NaN,NaN
24-May-2000,NaN,NaN,NaN,NaN,NaN,NaN,NaN,NaN,NaN,NaN,NaN,NaN,NaN,NaN,NaN,NaN,NaN,NaN,NaN,NaN,NaN,NaN,NaN,NaN
25-May-2000,NaN,NaN,NaN,NaN,NaN,NaN,NaN,NaN,NaN,NaN,NaN,NaN,NaN,NaN,NaN,NaN,NaN,NaN,NaN,NaN,NaN,NaN,NaN,NaN
26-May-2000,NaN,NaN,NaN,NaN,NaN,NaN,NaN,NaN,NaN,NaN,NaN,NaN,NaN,NaN,NaN,NaN,NaN,NaN,NaN,NaN,NaN,NaN,NaN,NaN
29-May-2000,NaN,NaN,NaN,NaN,NaN,NaN,NaN,NaN,NaN,NaN,NaN,NaN,NaN,NaN,NaN,NaN,NaN,NaN,NaN,NaN,NaN,NaN,NaN,NaN
30-May-2000,NaN,NaN,NaN,NaN,NaN,NaN,NaN,NaN,NaN,NaN,NaN,NaN,NaN,NaN,NaN,NaN,NaN,NaN,NaN,NaN,NaN,NaN,NaN,NaN
31-May-2000,NaN,NaN,NaN,NaN,NaN,NaN,NaN,NaN,NaN,NaN,NaN,NaN,NaN,NaN,NaN,NaN,NaN,NaN,NaN,NaN,NaN,NaN,NaN,NaN
01-Jun-2000,NaN,NaN,NaN,NaN,NaN,NaN,NaN,NaN,NaN,NaN,NaN,NaN,NaN,NaN,NaN,NaN,NaN,NaN,NaN,NaN,NaN,NaN,NaN,NaN
02-Jun-2000,NaN,NaN,NaN,NaN,NaN,NaN,NaN,NaN,NaN,NaN,NaN,NaN,NaN,NaN,NaN,NaN,NaN,NaN,NaN,NaN,NaN,NaN,NaN,NaN
05-Jun-2000,NaN,NaN,NaN,NaN,NaN,NaN,NaN,NaN,NaN,NaN,NaN,NaN,NaN,NaN,NaN,NaN,NaN,NaN,NaN,NaN,NaN,NaN,NaN,NaN
06-Jun-2000,NaN,NaN,NaN,NaN,NaN,NaN,NaN,NaN,NaN,NaN,NaN,NaN,NaN,NaN,NaN,NaN,NaN,NaN,NaN,NaN,NaN,NaN,NaN,NaN
07-Jun-2000,NaN,NaN,NaN,NaN,NaN,NaN,NaN,NaN,NaN,NaN,NaN,NaN,NaN,NaN,NaN,NaN,NaN,NaN,NaN,NaN,NaN,NaN,NaN,NaN
08-Jun-2000,NaN,NaN,NaN,NaN,NaN,NaN,NaN,NaN,NaN,NaN,NaN,NaN,NaN,NaN,NaN,NaN,NaN,NaN,NaN,NaN,NaN,NaN,NaN,NaN
09-Jun-2000,NaN,NaN,NaN,NaN,NaN,NaN,NaN,NaN,NaN,NaN,NaN,NaN,NaN,NaN,NaN,NaN,NaN,NaN,NaN,NaN,NaN,NaN,NaN,NaN
12-Jun-2000,NaN,NaN,NaN,NaN,NaN,NaN,NaN,NaN,NaN,NaN,NaN,NaN,NaN,NaN,NaN,NaN,NaN,NaN,NaN,NaN,NaN,NaN,NaN,NaN
13-Jun-2000,NaN,NaN,NaN,NaN,NaN,NaN,NaN,NaN,NaN,NaN,NaN,NaN,NaN,NaN,NaN,NaN,NaN,NaN,NaN,NaN,NaN,NaN,NaN,NaN
14-Jun-2000,NaN,NaN,NaN,NaN,NaN,NaN,NaN,NaN,NaN,NaN,NaN,NaN,NaN,NaN,NaN,NaN,NaN,NaN,NaN,NaN,NaN,NaN,NaN,NaN
15-Jun-2000,NaN,NaN,NaN,NaN,NaN,NaN,NaN,NaN,NaN,NaN,NaN,NaN,NaN,NaN,NaN,NaN,NaN,NaN,NaN,NaN,NaN,NaN,NaN,NaN
16-Jun-2000,NaN,NaN,NaN,NaN,NaN,NaN,NaN,NaN,NaN,NaN,NaN,NaN,NaN,NaN,NaN,NaN,NaN,NaN,NaN,NaN,NaN,NaN,NaN,NaN
19-Jun-2000,NaN,NaN,NaN,NaN,NaN,NaN,NaN,NaN,NaN,NaN,NaN,NaN,NaN,NaN,NaN,NaN,NaN,NaN,NaN,NaN,NaN,NaN,NaN,NaN
20-Jun-2000,NaN,NaN,NaN,NaN,NaN,NaN,NaN,NaN,NaN,NaN,NaN,NaN,NaN,NaN,NaN,NaN,NaN,NaN,NaN,NaN,NaN,NaN,NaN,NaN
21-Jun-2000,NaN,NaN,NaN,NaN,NaN,NaN,NaN,NaN,NaN,NaN,NaN,NaN,NaN,NaN,NaN,NaN,NaN,NaN,NaN,NaN,NaN,NaN,NaN,NaN
22-Jun-2000,NaN,NaN,NaN,NaN,NaN,NaN,NaN,NaN,NaN,NaN,NaN,NaN,NaN,NaN,NaN,NaN,NaN,NaN,NaN,NaN,NaN,NaN,NaN,NaN
23-Jun-2000,NaN,NaN,NaN,NaN,NaN,NaN,NaN,NaN,NaN,NaN,NaN,NaN,NaN,NaN,NaN,NaN,NaN,NaN,NaN,NaN,NaN,NaN,NaN,NaN
26-Jun-2000,NaN,NaN,NaN,NaN,NaN,NaN,NaN,NaN,NaN,NaN,NaN,NaN,NaN,NaN,NaN,NaN,NaN,NaN,NaN,NaN,NaN,NaN,NaN,NaN
27-Jun-2000,NaN,NaN,NaN,NaN,NaN,NaN,NaN,NaN,NaN,NaN,NaN,NaN,NaN,NaN,NaN,NaN,NaN,NaN,NaN,NaN,NaN,NaN,NaN,NaN
28-Jun-2000,NaN,NaN,NaN,NaN,NaN,NaN,NaN,NaN,NaN,NaN,NaN,NaN,NaN,NaN,NaN,NaN,NaN,NaN,NaN,NaN,NaN,NaN,NaN,NaN
29-Jun-2000,NaN,NaN,NaN,NaN,NaN,NaN,NaN,NaN,NaN,NaN,NaN,NaN,NaN,NaN,NaN,NaN,NaN,NaN,NaN,NaN,NaN,NaN,NaN,NaN
30-Jun-2000,NaN,NaN,NaN,NaN,NaN,NaN,NaN,NaN,NaN,NaN,NaN,NaN,NaN,NaN,NaN,NaN,NaN,NaN,NaN,NaN,NaN,NaN,NaN,NaN
03-Jul-2000,NaN,NaN,NaN,NaN,NaN,NaN,NaN,NaN,NaN,NaN,NaN,NaN,NaN,NaN,NaN,NaN,NaN,NaN,NaN,NaN,NaN,NaN,NaN,NaN
04-Jul-2000,NaN,NaN,NaN,NaN,NaN,NaN,NaN,NaN,NaN,NaN,NaN,NaN,NaN,NaN,NaN,NaN,NaN,NaN,NaN,NaN,NaN,NaN,NaN,NaN
05-Jul-2000,NaN,NaN,NaN,NaN,NaN,NaN,NaN,NaN,NaN,NaN,NaN,NaN,NaN,NaN,NaN,NaN,NaN,NaN,NaN,NaN,NaN,NaN,NaN,NaN
06-Jul-2000,NaN,NaN,NaN,NaN,NaN,NaN,NaN,NaN,NaN,NaN,NaN,NaN,NaN,NaN,NaN,NaN,NaN,NaN,NaN,NaN,NaN,NaN,NaN,NaN
07-Jul-2000,NaN,NaN,NaN,NaN,NaN,NaN,NaN,NaN,NaN,NaN,NaN,NaN,NaN,NaN,NaN,NaN,NaN,NaN,NaN,NaN,NaN,NaN,NaN,NaN
10-Jul-2000,NaN,NaN,NaN,NaN,NaN,NaN,NaN,NaN,NaN,NaN,NaN,NaN,NaN,NaN,NaN,NaN,NaN,NaN,NaN,NaN,NaN,NaN,NaN,NaN
11-Jul-2000,NaN,NaN,NaN,NaN,NaN,NaN,NaN,NaN,NaN,NaN,NaN,NaN,NaN,NaN,NaN,NaN,NaN,NaN,NaN,NaN,NaN,NaN,NaN,NaN
12-Jul-2000,NaN,NaN,NaN,NaN,NaN,NaN,NaN,NaN,NaN,NaN,NaN,NaN,NaN,NaN,NaN,NaN,NaN,NaN,NaN,NaN,NaN,NaN,NaN,NaN
13-Jul-2000,NaN,NaN,NaN,NaN,NaN,NaN,NaN,NaN,NaN,NaN,NaN,NaN,NaN,NaN,NaN,NaN,NaN,NaN,NaN,NaN,NaN,NaN,NaN,NaN
14-Jul-2000,NaN,NaN,NaN,NaN,NaN,NaN,NaN,NaN,NaN,NaN,NaN,NaN,NaN,NaN,NaN,NaN,NaN,NaN,NaN,NaN,NaN,NaN,NaN,NaN
17-Jul-2000,NaN,NaN,NaN,NaN,NaN,NaN,NaN,NaN,NaN,NaN,NaN,NaN,NaN,NaN,NaN,NaN,NaN,NaN,NaN,NaN,NaN,NaN,NaN,NaN
18-Jul-2000,NaN,NaN,NaN,NaN,NaN,NaN,NaN,NaN,NaN,NaN,NaN,NaN,NaN,NaN,NaN,NaN,NaN,NaN,NaN,NaN,NaN,NaN,NaN,NaN
19-Jul-2000,NaN,NaN,NaN,NaN,NaN,NaN,NaN,NaN,NaN,NaN,NaN,NaN,NaN,NaN,NaN,NaN,NaN,NaN,NaN,NaN,NaN,NaN,NaN,NaN
20-Jul-2000,NaN,NaN,NaN,NaN,NaN,NaN,NaN,NaN,NaN,NaN,NaN,NaN,NaN,NaN,NaN,NaN,NaN,NaN,NaN,NaN,NaN,NaN,NaN,NaN
21-Jul-2000,NaN,NaN,NaN,NaN,NaN,NaN,NaN,NaN,NaN,NaN,NaN,NaN,NaN,NaN,NaN,NaN,NaN,NaN,NaN,NaN,NaN,NaN,NaN,NaN
24-Jul-2000,NaN,NaN,NaN,NaN,NaN,NaN,NaN,NaN,NaN,NaN,NaN,NaN,NaN,NaN,NaN,NaN,NaN,NaN,NaN,NaN,NaN,NaN,NaN,NaN
25-Jul-2000,NaN,NaN,NaN,NaN,NaN,NaN,NaN,NaN,NaN,NaN,NaN,NaN,NaN,NaN,NaN,NaN,NaN,NaN,NaN,NaN,NaN,NaN,NaN,NaN
26-Jul-2000,NaN,NaN,NaN,NaN,NaN,NaN,NaN,NaN,NaN,NaN,NaN,NaN,NaN,NaN,NaN,NaN,NaN,NaN,NaN,NaN,NaN,NaN,NaN,NaN
27-Jul-2000,NaN,NaN,NaN,NaN,NaN,NaN,NaN,NaN,NaN,NaN,NaN,NaN,NaN,NaN,NaN,NaN,NaN,NaN,NaN,NaN,NaN,NaN,NaN,NaN
28-Jul-2000,NaN,NaN,NaN,NaN,NaN,NaN,NaN,NaN,NaN,NaN,NaN,NaN,NaN,NaN,NaN,NaN,NaN,NaN,NaN,NaN,NaN,NaN,NaN,NaN
31-Jul-2000,NaN,NaN,NaN,NaN,NaN,NaN,NaN,NaN,NaN,NaN,NaN,NaN,NaN,NaN,NaN,NaN,NaN,NaN,NaN,NaN,NaN,NaN,NaN,NaN
01-Aug-2000,NaN,NaN,NaN,NaN,NaN,NaN,NaN,NaN,NaN,NaN,NaN,NaN,NaN,NaN,NaN,NaN,NaN,NaN,NaN,NaN,NaN,NaN,NaN,NaN
02-Aug-2000,NaN,NaN,NaN,NaN,NaN,NaN,NaN,NaN,NaN,NaN,NaN,NaN,NaN,NaN,NaN,NaN,NaN,NaN,NaN,NaN,NaN,NaN,NaN,NaN
03-Aug-2000,NaN,NaN,NaN,NaN,NaN,NaN,NaN,NaN,NaN,NaN,NaN,NaN,NaN,NaN,NaN,NaN,NaN,NaN,NaN,NaN,NaN,NaN,NaN,NaN
04-Aug-2000,NaN,NaN,NaN,NaN,NaN,NaN,NaN,NaN,NaN,NaN,NaN,NaN,NaN,NaN,NaN,NaN,NaN,NaN,NaN,NaN,NaN,NaN,NaN,NaN
07-Aug-2000,NaN,NaN,NaN,NaN,NaN,NaN,NaN,NaN,NaN,NaN,NaN,NaN,NaN,NaN,NaN,NaN,NaN,NaN,NaN,NaN,NaN,NaN,NaN,NaN
08-Aug-2000,NaN,NaN,NaN,NaN,NaN,NaN,NaN,NaN,NaN,NaN,NaN,NaN,NaN,NaN,NaN,NaN,NaN,NaN,NaN,NaN,NaN,NaN,NaN,NaN
09-Aug-2000,NaN,NaN,NaN,NaN,NaN,NaN,NaN,NaN,NaN,NaN,NaN,NaN,NaN,NaN,NaN,NaN,NaN,NaN,NaN,NaN,NaN,NaN,NaN,NaN
10-Aug-2000,NaN,NaN,NaN,NaN,NaN,NaN,NaN,NaN,NaN,NaN,NaN,NaN,NaN,NaN,NaN,NaN,NaN,NaN,NaN,NaN,NaN,NaN,NaN,NaN
11-Aug-2000,NaN,NaN,NaN,NaN,NaN,NaN,NaN,NaN,NaN,NaN,NaN,NaN,NaN,NaN,NaN,NaN,NaN,NaN,NaN,NaN,NaN,NaN,NaN,NaN
14-Aug-2000,NaN,NaN,NaN,NaN,NaN,NaN,NaN,NaN,NaN,NaN,NaN,NaN,NaN,NaN,NaN,NaN,NaN,NaN,NaN,NaN,NaN,NaN,NaN,NaN
15-Aug-2000,NaN,NaN,NaN,NaN,NaN,NaN,NaN,NaN,NaN,NaN,NaN,NaN,NaN,NaN,NaN,NaN,NaN,NaN,NaN,NaN,NaN,NaN,NaN,NaN
16-Aug-2000,NaN,NaN,NaN,NaN,NaN,NaN,NaN,NaN,NaN,NaN,NaN,NaN,NaN,NaN,NaN,NaN,NaN,NaN,NaN,NaN,NaN,NaN,NaN,NaN
17-Aug-2000,NaN,NaN,NaN,NaN,NaN,NaN,NaN,NaN,NaN,NaN,NaN,NaN,NaN,NaN,NaN,NaN,NaN,NaN,NaN,NaN,NaN,NaN,NaN,NaN
18-Aug-2000,NaN,NaN,NaN,NaN,NaN,NaN,NaN,NaN,NaN,NaN,NaN,NaN,NaN,NaN,NaN,NaN,NaN,NaN,NaN,NaN,NaN,NaN,NaN,NaN
21-Aug-2000,NaN,NaN,NaN,NaN,NaN,NaN,NaN,NaN,NaN,NaN,NaN,NaN,NaN,NaN,NaN,NaN,NaN,NaN,NaN,NaN,NaN,NaN,NaN,NaN
22-Aug-2000,NaN,NaN,NaN,NaN,NaN,NaN,NaN,NaN,NaN,NaN,NaN,NaN,NaN,NaN,NaN,NaN,NaN,NaN,NaN,NaN,NaN,NaN,NaN,NaN
23-Aug-2000,NaN,NaN,NaN,NaN,NaN,NaN,NaN,NaN,NaN,NaN,NaN,NaN,NaN,NaN,NaN,NaN,NaN,NaN,NaN,NaN,NaN,NaN,NaN,NaN
24-Aug-2000,NaN,NaN,NaN,NaN,NaN,NaN,NaN,NaN,NaN,NaN,NaN,NaN,NaN,NaN,NaN,NaN,NaN,NaN,NaN,NaN,NaN,NaN,NaN,NaN
25-Aug-2000,NaN,NaN,NaN,NaN,NaN,NaN,NaN,NaN,NaN,NaN,NaN,NaN,NaN,NaN,NaN,NaN,NaN,NaN,NaN,NaN,NaN,NaN,NaN,NaN
28-Aug-2000,NaN,NaN,NaN,NaN,NaN,NaN,NaN,NaN,NaN,NaN,NaN,NaN,NaN,NaN,NaN,NaN,NaN,NaN,NaN,NaN,NaN,NaN,NaN,NaN
29-Aug-2000,NaN,NaN,NaN,NaN,NaN,NaN,NaN,NaN,NaN,NaN,NaN,NaN,NaN,NaN,NaN,NaN,NaN,NaN,NaN,NaN,NaN,NaN,NaN,NaN
30-Aug-2000,NaN,NaN,NaN,NaN,NaN,NaN,NaN,NaN,NaN,NaN,NaN,NaN,NaN,NaN,NaN,NaN,NaN,NaN,NaN,NaN,NaN,NaN,NaN,NaN
31-Aug-2000,NaN,NaN,NaN,NaN,NaN,NaN,NaN,NaN,NaN,NaN,NaN,NaN,NaN,NaN,NaN,NaN,NaN,NaN,NaN,NaN,NaN,NaN,NaN,NaN
01-Sep-2000,NaN,NaN,NaN,NaN,NaN,NaN,NaN,NaN,NaN,NaN,NaN,NaN,NaN,NaN,NaN,NaN,NaN,NaN,NaN,NaN,NaN,NaN,NaN,NaN
04-Sep-2000,NaN,NaN,NaN,NaN,NaN,NaN,NaN,NaN,NaN,NaN,NaN,NaN,NaN,NaN,NaN,NaN,NaN,NaN,NaN,NaN,NaN,NaN,NaN,NaN
05-Sep-2000,NaN,NaN,NaN,NaN,NaN,NaN,NaN,NaN,NaN,NaN,NaN,NaN,NaN,NaN,NaN,NaN,NaN,NaN,NaN,NaN,NaN,NaN,NaN,NaN
06-Sep-2000,NaN,NaN,NaN,NaN,NaN,NaN,NaN,NaN,NaN,NaN,NaN,NaN,NaN,NaN,NaN,NaN,NaN,NaN,NaN,NaN,NaN,NaN,NaN,NaN
07-Sep-2000,NaN,NaN,NaN,NaN,NaN,NaN,NaN,NaN,NaN,NaN,NaN,NaN,NaN,NaN,NaN,NaN,NaN,NaN,NaN,NaN,NaN,NaN,NaN,NaN
08-Sep-2000,NaN,NaN,NaN,NaN,NaN,NaN,NaN,NaN,NaN,NaN,NaN,NaN,NaN,NaN,NaN,NaN,NaN,NaN,NaN,NaN,NaN,NaN,NaN,NaN
11-Sep-2000,NaN,NaN,NaN,NaN,NaN,NaN,NaN,NaN,NaN,NaN,NaN,NaN,NaN,NaN,NaN,NaN,NaN,NaN,NaN,NaN,NaN,NaN,NaN,NaN
12-Sep-2000,NaN,NaN,NaN,NaN,NaN,NaN,NaN,NaN,NaN,NaN,NaN,NaN,NaN,NaN,NaN,NaN,NaN,NaN,NaN,NaN,NaN,NaN,NaN,NaN
13-Sep-2000,NaN,NaN,NaN,NaN,NaN,NaN,NaN,NaN,NaN,NaN,NaN,NaN,NaN,NaN,NaN,NaN,NaN,NaN,NaN,NaN,NaN,NaN,NaN,NaN
14-Sep-2000,NaN,NaN,NaN,NaN,NaN,NaN,NaN,NaN,NaN,NaN,NaN,NaN,NaN,NaN,NaN,NaN,NaN,NaN,NaN,NaN,NaN,NaN,NaN,NaN
15-Sep-2000,NaN,NaN,NaN,NaN,NaN,NaN,NaN,NaN,NaN,NaN,NaN,NaN,NaN,NaN,NaN,NaN,NaN,NaN,NaN,NaN,NaN,NaN,NaN,NaN
18-Sep-2000,NaN,NaN,NaN,NaN,NaN,NaN,NaN,NaN,NaN,NaN,NaN,NaN,NaN,NaN,NaN,NaN,NaN,NaN,NaN,NaN,NaN,NaN,NaN,NaN
19-Sep-2000,NaN,NaN,NaN,NaN,NaN,NaN,NaN,NaN,NaN,NaN,NaN,NaN,NaN,NaN,NaN,NaN,NaN,NaN,NaN,NaN,NaN,NaN,NaN,NaN
20-Sep-2000,NaN,NaN,NaN,NaN,NaN,NaN,NaN,NaN,NaN,NaN,NaN,NaN,NaN,NaN,NaN,NaN,NaN,NaN,NaN,NaN,NaN,NaN,NaN,NaN
21-Sep-2000,NaN,NaN,NaN,NaN,NaN,NaN,NaN,NaN,NaN,NaN,NaN,NaN,NaN,NaN,NaN,NaN,NaN,NaN,NaN,NaN,NaN,NaN,NaN,NaN
22-Sep-2000,NaN,NaN,NaN,NaN,NaN,NaN,NaN,NaN,NaN,NaN,NaN,NaN,NaN,NaN,NaN,NaN,NaN,NaN,NaN,NaN,NaN,NaN,NaN,NaN
25-Sep-2000,NaN,NaN,NaN,NaN,NaN,NaN,NaN,NaN,NaN,NaN,NaN,NaN,NaN,NaN,NaN,NaN,NaN,NaN,NaN,NaN,NaN,NaN,NaN,NaN
26-Sep-2000,NaN,NaN,NaN,NaN,NaN,NaN,NaN,NaN,NaN,NaN,NaN,NaN,NaN,NaN,NaN,NaN,NaN,NaN,NaN,NaN,NaN,NaN,NaN,NaN
27-Sep-2000,NaN,NaN,NaN,NaN,NaN,NaN,NaN,NaN,NaN,NaN,NaN,NaN,NaN,NaN,NaN,NaN,NaN,NaN,NaN,NaN,NaN,NaN,NaN,NaN
28-Sep-2000,NaN,NaN,NaN,NaN,NaN,NaN,NaN,NaN,NaN,NaN,NaN,NaN,NaN,NaN,NaN,NaN,NaN,NaN,NaN,NaN,NaN,NaN,NaN,NaN
29-Sep-2000,NaN,NaN,NaN,NaN,NaN,NaN,NaN,NaN,NaN,NaN,NaN,NaN,NaN,NaN,NaN,NaN,NaN,NaN,NaN,NaN,NaN,NaN,NaN,NaN
02-Oct-2000,NaN,NaN,NaN,NaN,NaN,NaN,NaN,NaN,NaN,NaN,NaN,NaN,NaN,NaN,NaN,NaN,NaN,NaN,NaN,NaN,NaN,NaN,NaN,NaN
03-Oct-2000,NaN,NaN,NaN,NaN,NaN,NaN,NaN,NaN,NaN,NaN,NaN,NaN,NaN,NaN,NaN,NaN,NaN,NaN,NaN,NaN,NaN,NaN,NaN,NaN
04-Oct-2000,NaN,NaN,NaN,NaN,NaN,NaN,NaN,NaN,NaN,NaN,NaN,NaN,NaN,NaN,NaN,NaN,NaN,NaN,NaN,NaN,NaN,NaN,NaN,NaN
05-Oct-2000,NaN,NaN,NaN,NaN,NaN,NaN,NaN,NaN,NaN,NaN,NaN,NaN,NaN,NaN,NaN,NaN,NaN,NaN,NaN,NaN,NaN,NaN,NaN,NaN
06-Oct-2000,NaN,NaN,NaN,NaN,NaN,NaN,NaN,NaN,NaN,NaN,NaN,NaN,NaN,NaN,NaN,NaN,NaN,NaN,NaN,NaN,NaN,NaN,NaN,NaN
09-Oct-2000,NaN,NaN,NaN,NaN,NaN,NaN,NaN,NaN,NaN,NaN,NaN,NaN,NaN,NaN,NaN,NaN,NaN,NaN,NaN,NaN,NaN,NaN,NaN,NaN
10-Oct-2000,NaN,NaN,NaN,NaN,NaN,NaN,NaN,NaN,NaN,NaN,NaN,NaN,NaN,NaN,NaN,NaN,NaN,NaN,NaN,NaN,NaN,NaN,NaN,NaN
11-Oct-2000,NaN,NaN,NaN,NaN,NaN,NaN,NaN,NaN,NaN,NaN,NaN,NaN,NaN,NaN,NaN,NaN,NaN,NaN,NaN,NaN,NaN,NaN,NaN,NaN
12-Oct-2000,NaN,NaN,NaN,NaN,NaN,NaN,NaN,NaN,NaN,NaN,NaN,NaN,NaN,NaN,NaN,NaN,NaN,NaN,NaN,NaN,NaN,NaN,NaN,NaN
13-Oct-2000,NaN,NaN,NaN,NaN,NaN,NaN,NaN,NaN,NaN,NaN,NaN,NaN,NaN,NaN,NaN,NaN,NaN,NaN,NaN,NaN,NaN,NaN,NaN,NaN
16-Oct-2000,NaN,NaN,NaN,NaN,NaN,NaN,NaN,NaN,NaN,NaN,NaN,NaN,NaN,NaN,NaN,NaN,NaN,NaN,NaN,NaN,NaN,NaN,NaN,NaN
17-Oct-2000,NaN,NaN,NaN,NaN,NaN,NaN,NaN,NaN,NaN,NaN,NaN,NaN,NaN,NaN,NaN,NaN,NaN,NaN,NaN,NaN,NaN,NaN,NaN,NaN
18-Oct-2000,NaN,NaN,NaN,NaN,NaN,NaN,NaN,NaN,NaN,NaN,NaN,NaN,NaN,NaN,NaN,NaN,NaN,NaN,NaN,NaN,NaN,NaN,NaN,NaN
19-Oct-2000,NaN,NaN,NaN,NaN,NaN,NaN,NaN,NaN,NaN,NaN,NaN,NaN,NaN,NaN,NaN,NaN,NaN,NaN,NaN,NaN,NaN,NaN,NaN,NaN
20-Oct-2000,NaN,NaN,NaN,NaN,NaN,NaN,NaN,NaN,NaN,NaN,NaN,NaN,NaN,NaN,NaN,NaN,NaN,NaN,NaN,NaN,NaN,NaN,NaN,NaN
23-Oct-2000,NaN,NaN,NaN,NaN,NaN,NaN,NaN,NaN,NaN,NaN,NaN,NaN,NaN,NaN,NaN,NaN,NaN,NaN,NaN,NaN,NaN,NaN,NaN,NaN
24-Oct-2000,NaN,NaN,NaN,NaN,NaN,NaN,NaN,NaN,NaN,NaN,NaN,NaN,NaN,NaN,NaN,NaN,NaN,NaN,NaN,NaN,NaN,NaN,NaN,NaN
25-Oct-2000,NaN,NaN,NaN,NaN,NaN,NaN,NaN,NaN,NaN,NaN,NaN,NaN,NaN,NaN,NaN,NaN,NaN,NaN,NaN,NaN,NaN,NaN,NaN,NaN
26-Oct-2000,NaN,NaN,NaN,NaN,NaN,NaN,NaN,NaN,NaN,NaN,NaN,NaN,NaN,NaN,NaN,NaN,NaN,NaN,NaN,NaN,NaN,NaN,NaN,NaN
27-Oct-2000,NaN,NaN,NaN,NaN,NaN,NaN,NaN,NaN,NaN,NaN,NaN,NaN,NaN,NaN,NaN,NaN,NaN,NaN,NaN,NaN,NaN,NaN,NaN,NaN
30-Oct-2000,NaN,NaN,NaN,NaN,NaN,NaN,NaN,NaN,NaN,NaN,NaN,NaN,NaN,NaN,NaN,NaN,NaN,NaN,NaN,NaN,NaN,NaN,NaN,NaN
31-Oct-2000,NaN,NaN,NaN,NaN,NaN,NaN,NaN,NaN,NaN,NaN,NaN,NaN,NaN,NaN,NaN,NaN,NaN,NaN,NaN,NaN,NaN,NaN,NaN,NaN
01-Nov-2000,NaN,NaN,NaN,NaN,NaN,NaN,NaN,NaN,NaN,NaN,NaN,NaN,NaN,NaN,NaN,NaN,NaN,NaN,NaN,NaN,NaN,NaN,NaN,NaN
02-Nov-2000,NaN,NaN,NaN,NaN,NaN,NaN,NaN,NaN,NaN,NaN,NaN,NaN,NaN,NaN,NaN,NaN,NaN,NaN,NaN,NaN,NaN,NaN,NaN,NaN
03-Nov-2000,NaN,NaN,NaN,NaN,NaN,NaN,NaN,NaN,NaN,NaN,NaN,NaN,NaN,NaN,NaN,NaN,NaN,NaN,NaN,NaN,NaN,NaN,NaN,NaN
06-Nov-2000,NaN,NaN,NaN,NaN,NaN,NaN,NaN,NaN,NaN,NaN,NaN,NaN,NaN,NaN,NaN,NaN,NaN,NaN,NaN,NaN,NaN,NaN,NaN,NaN
07-Nov-2000,NaN,NaN,NaN,NaN,NaN,NaN,NaN,NaN,NaN,NaN,NaN,NaN,NaN,NaN,NaN,NaN,NaN,NaN,NaN,NaN,NaN,NaN,NaN,NaN
08-Nov-2000,NaN,NaN,NaN,NaN,NaN,NaN,NaN,NaN,NaN,NaN,NaN,NaN,NaN,NaN,NaN,NaN,NaN,NaN,NaN,NaN,NaN,NaN,NaN,NaN
09-Nov-2000,NaN,NaN,NaN,NaN,NaN,NaN,NaN,NaN,NaN,NaN,NaN,NaN,NaN,NaN,NaN,NaN,NaN,NaN,NaN,NaN,NaN,NaN,NaN,NaN
10-Nov-2000,NaN,NaN,NaN,NaN,NaN,NaN,NaN,NaN,NaN,NaN,NaN,NaN,NaN,NaN,NaN,NaN,NaN,NaN,NaN,NaN,NaN,NaN,NaN,NaN
13-Nov-2000,NaN,NaN,NaN,NaN,NaN,NaN,NaN,NaN,NaN,NaN,NaN,NaN,NaN,NaN,NaN,NaN,NaN,NaN,NaN,NaN,NaN,NaN,NaN,NaN
14-Nov-2000,NaN,NaN,NaN,NaN,NaN,NaN,NaN,NaN,NaN,NaN,NaN,NaN,NaN,NaN,NaN,NaN,NaN,NaN,NaN,NaN,NaN,NaN,NaN,NaN
15-Nov-2000,NaN,NaN,NaN,NaN,NaN,NaN,NaN,NaN,NaN,NaN,NaN,NaN,NaN,NaN,NaN,NaN,NaN,NaN,NaN,NaN,NaN,NaN,NaN,NaN
16-Nov-2000,NaN,NaN,NaN,NaN,NaN,NaN,NaN,NaN,NaN,NaN,NaN,NaN,NaN,NaN,NaN,NaN,NaN,NaN,NaN,NaN,NaN,NaN,NaN,NaN
17-Nov-2000,NaN,NaN,NaN,NaN,NaN,NaN,NaN,NaN,NaN,NaN,NaN,NaN,NaN,NaN,NaN,NaN,NaN,NaN,NaN,NaN,NaN,NaN,NaN,NaN
20-Nov-2000,NaN,NaN,NaN,NaN,NaN,NaN,NaN,NaN,NaN,NaN,NaN,NaN,NaN,NaN,NaN,NaN,NaN,NaN,NaN,NaN,NaN,NaN,NaN,NaN
21-Nov-2000,NaN,NaN,NaN,NaN,NaN,NaN,NaN,NaN,NaN,NaN,NaN,NaN,NaN,NaN,NaN,NaN,NaN,NaN,NaN,NaN,NaN,NaN,NaN,NaN
22-Nov-2000,NaN,NaN,NaN,NaN,NaN,NaN,NaN,NaN,NaN,NaN,NaN,NaN,NaN,NaN,NaN,NaN,NaN,NaN,NaN,NaN,NaN,NaN,NaN,NaN
23-Nov-2000,NaN,NaN,NaN,NaN,NaN,NaN,NaN,NaN,NaN,NaN,NaN,NaN,NaN,NaN,NaN,NaN,NaN,NaN,NaN,NaN,NaN,NaN,NaN,NaN
24-Nov-2000,NaN,NaN,NaN,NaN,NaN,NaN,NaN,NaN,NaN,NaN,NaN,NaN,NaN,NaN,NaN,NaN,NaN,NaN,NaN,NaN,NaN,NaN,NaN,NaN
27-Nov-2000,NaN,NaN,NaN,NaN,NaN,NaN,NaN,NaN,NaN,NaN,NaN,NaN,NaN,NaN,NaN,NaN,NaN,NaN,NaN,NaN,NaN,NaN,NaN,NaN
28-Nov-2000,NaN,NaN,NaN,NaN,NaN,NaN,NaN,NaN,NaN,NaN,NaN,NaN,NaN,NaN,NaN,NaN,NaN,NaN,NaN,NaN,NaN,NaN,NaN,NaN
29-Nov-2000,NaN,NaN,NaN,NaN,NaN,NaN,NaN,NaN,NaN,NaN,NaN,NaN,NaN,NaN,NaN,NaN,NaN,NaN,NaN,NaN,NaN,NaN,NaN,NaN
30-Nov-2000,NaN,NaN,NaN,NaN,NaN,NaN,NaN,NaN,NaN,NaN,NaN,NaN,NaN,NaN,NaN,NaN,NaN,NaN,NaN,NaN,NaN,NaN,NaN,NaN
01-Dec-2000,NaN,NaN,NaN,NaN,NaN,NaN,NaN,NaN,NaN,NaN,NaN,NaN,NaN,NaN,NaN,NaN,NaN,NaN,NaN,NaN,NaN,NaN,NaN,NaN
04-Dec-2000,NaN,NaN,NaN,NaN,NaN,NaN,NaN,NaN,NaN,NaN,NaN,NaN,NaN,NaN,NaN,NaN,NaN,NaN,NaN,NaN,NaN,NaN,NaN,NaN
05-Dec-2000,NaN,NaN,NaN,NaN,NaN,NaN,NaN,NaN,NaN,NaN,NaN,NaN,NaN,NaN,NaN,NaN,NaN,NaN,NaN,NaN,NaN,NaN,NaN,NaN
06-Dec-2000,NaN,NaN,NaN,NaN,NaN,NaN,NaN,NaN,NaN,NaN,NaN,NaN,NaN,NaN,NaN,NaN,NaN,NaN,NaN,NaN,NaN,NaN,NaN,NaN
07-Dec-2000,NaN,NaN,NaN,NaN,NaN,NaN,NaN,NaN,NaN,NaN,NaN,NaN,NaN,NaN,NaN,NaN,NaN,NaN,NaN,NaN,NaN,NaN,NaN,NaN
08-Dec-2000,NaN,NaN,NaN,NaN,NaN,NaN,NaN,NaN,NaN,NaN,NaN,NaN,NaN,NaN,NaN,NaN,NaN,NaN,NaN,NaN,NaN,NaN,NaN,NaN
11-Dec-2000,NaN,NaN,NaN,NaN,NaN,NaN,NaN,NaN,NaN,NaN,NaN,NaN,NaN,NaN,NaN,NaN,NaN,NaN,NaN,NaN,NaN,NaN,NaN,NaN
12-Dec-2000,NaN,NaN,NaN,NaN,NaN,NaN,NaN,NaN,NaN,NaN,NaN,NaN,NaN,NaN,NaN,NaN,NaN,NaN,NaN,NaN,NaN,NaN,NaN,NaN
13-Dec-2000,NaN,NaN,NaN,NaN,NaN,NaN,NaN,NaN,NaN,NaN,NaN,NaN,NaN,NaN,NaN,NaN,NaN,NaN,NaN,NaN,NaN,NaN,NaN,NaN
14-Dec-2000,NaN,NaN,NaN,NaN,NaN,NaN,NaN,NaN,NaN,NaN,NaN,NaN,NaN,NaN,NaN,NaN,NaN,NaN,NaN,NaN,NaN,NaN,NaN,NaN
15-Dec-2000,NaN,NaN,NaN,NaN,NaN,NaN,NaN,NaN,NaN,NaN,NaN,NaN,NaN,NaN,NaN,NaN,NaN,NaN,NaN,NaN,NaN,NaN,NaN,NaN
18-Dec-2000,NaN,NaN,NaN,NaN,NaN,NaN,NaN,NaN,NaN,NaN,NaN,NaN,NaN,NaN,NaN,NaN,NaN,NaN,NaN,NaN,NaN,NaN,NaN,NaN
19-Dec-2000,NaN,NaN,NaN,NaN,NaN,NaN,NaN,NaN,NaN,NaN,NaN,NaN,NaN,NaN,NaN,NaN,NaN,NaN,NaN,NaN,NaN,NaN,NaN,NaN
20-Dec-2000,NaN,NaN,NaN,NaN,NaN,NaN,NaN,NaN,NaN,NaN,NaN,NaN,NaN,NaN,NaN,NaN,NaN,NaN,NaN,NaN,NaN,NaN,NaN,NaN
21-Dec-2000,NaN,NaN,NaN,NaN,NaN,NaN,NaN,NaN,NaN,NaN,NaN,NaN,NaN,NaN,NaN,NaN,NaN,NaN,NaN,NaN,NaN,NaN,NaN,NaN
22-Dec-2000,NaN,NaN,NaN,NaN,NaN,NaN,NaN,NaN,NaN,NaN,NaN,NaN,NaN,NaN,NaN,NaN,NaN,NaN,NaN,NaN,NaN,NaN,NaN,NaN
25-Dec-2000,NaN,NaN,NaN,NaN,NaN,NaN,NaN,NaN,NaN,NaN,NaN,NaN,NaN,NaN,NaN,NaN,NaN,NaN,NaN,NaN,NaN,NaN,NaN,NaN
26-Dec-2000,NaN,NaN,NaN,NaN,NaN,NaN,NaN,NaN,NaN,NaN,NaN,NaN,NaN,NaN,NaN,NaN,NaN,NaN,NaN,NaN,NaN,NaN,NaN,NaN
27-Dec-2000,NaN,NaN,NaN,NaN,NaN,NaN,NaN,NaN,NaN,NaN,NaN,NaN,NaN,NaN,NaN,NaN,NaN,NaN,NaN,NaN,NaN,NaN,NaN,NaN
28-Dec-2000,NaN,NaN,NaN,NaN,NaN,NaN,NaN,NaN,NaN,NaN,NaN,NaN,NaN,NaN,NaN,NaN,NaN,NaN,NaN,NaN,NaN,NaN,NaN,NaN
29-Dec-2000,NaN,NaN,NaN,NaN,NaN,NaN,NaN,NaN,NaN,NaN,NaN,NaN,NaN,NaN,NaN,NaN,NaN,NaN,NaN,NaN,NaN,NaN,NaN,NaN
01-Jan-2001,NaN,NaN,NaN,NaN,NaN,NaN,NaN,NaN,NaN,NaN,NaN,NaN,NaN,NaN,NaN,NaN,NaN,NaN,NaN,NaN,NaN,NaN,NaN,NaN
02-Jan-2001,NaN,NaN,NaN,NaN,NaN,NaN,NaN,NaN,NaN,NaN,NaN,NaN,NaN,NaN,NaN,NaN,NaN,NaN,NaN,NaN,NaN,NaN,NaN,NaN
03-Jan-2001,NaN,NaN,NaN,NaN,NaN,NaN,NaN,NaN,NaN,NaN,NaN,NaN,NaN,NaN,NaN,NaN,NaN,NaN,NaN,NaN,NaN,NaN,NaN,NaN
04-Jan-2001,NaN,NaN,NaN,NaN,NaN,NaN,NaN,NaN,NaN,NaN,NaN,NaN,NaN,NaN,NaN,NaN,NaN,NaN,NaN,NaN,NaN,NaN,NaN,NaN
05-Jan-2001,NaN,NaN,NaN,NaN,NaN,NaN,NaN,NaN,NaN,NaN,NaN,NaN,NaN,NaN,NaN,NaN,NaN,NaN,NaN,NaN,NaN,NaN,NaN,NaN
08-Jan-2001,NaN,NaN,NaN,NaN,NaN,NaN,NaN,NaN,NaN,NaN,NaN,NaN,NaN,NaN,NaN,NaN,NaN,NaN,NaN,NaN,NaN,NaN,NaN,NaN
09-Jan-2001,NaN,NaN,NaN,NaN,NaN,NaN,NaN,NaN,NaN,NaN,NaN,NaN,NaN,NaN,NaN,NaN,NaN,NaN,NaN,NaN,NaN,NaN,NaN,NaN
10-Jan-2001,NaN,NaN,NaN,NaN,NaN,NaN,NaN,NaN,NaN,NaN,NaN,NaN,NaN,NaN,NaN,NaN,NaN,NaN,NaN,NaN,NaN,NaN,NaN,NaN
11-Jan-2001,NaN,NaN,NaN,NaN,NaN,NaN,NaN,NaN,NaN,NaN,NaN,NaN,NaN,NaN,NaN,NaN,NaN,NaN,NaN,NaN,NaN,NaN,NaN,NaN
12-Jan-2001,NaN,NaN,NaN,NaN,NaN,NaN,NaN,NaN,NaN,NaN,NaN,NaN,NaN,NaN,NaN,NaN,NaN,NaN,NaN,NaN,NaN,NaN,NaN,NaN
15-Jan-2001,NaN,NaN,NaN,NaN,NaN,NaN,NaN,NaN,NaN,NaN,NaN,NaN,NaN,NaN,NaN,NaN,NaN,NaN,NaN,NaN,NaN,NaN,NaN,NaN
16-Jan-2001,NaN,NaN,NaN,NaN,NaN,NaN,NaN,NaN,NaN,NaN,NaN,NaN,NaN,NaN,NaN,NaN,NaN,NaN,NaN,NaN,NaN,NaN,NaN,NaN
17-Jan-2001,NaN,NaN,NaN,NaN,NaN,NaN,NaN,NaN,NaN,NaN,NaN,NaN,NaN,NaN,NaN,NaN,NaN,NaN,NaN,NaN,NaN,NaN,NaN,NaN
18-Jan-2001,NaN,NaN,NaN,NaN,NaN,NaN,NaN,NaN,NaN,NaN,NaN,NaN,NaN,NaN,NaN,NaN,NaN,NaN,NaN,NaN,NaN,NaN,NaN,NaN
19-Jan-2001,NaN,NaN,NaN,NaN,NaN,NaN,NaN,NaN,NaN,NaN,NaN,NaN,NaN,NaN,NaN,NaN,NaN,NaN,NaN,NaN,NaN,NaN,NaN,NaN
22-Jan-2001,NaN,NaN,NaN,NaN,NaN,NaN,NaN,NaN,NaN,NaN,NaN,NaN,NaN,NaN,NaN,NaN,NaN,NaN,NaN,NaN,NaN,NaN,NaN,NaN
23-Jan-2001,NaN,NaN,NaN,NaN,NaN,NaN,NaN,NaN,NaN,NaN,NaN,NaN,NaN,NaN,NaN,NaN,NaN,NaN,NaN,NaN,NaN,NaN,NaN,NaN
24-Jan-2001,NaN,NaN,NaN,NaN,NaN,NaN,NaN,NaN,NaN,NaN,NaN,NaN,NaN,NaN,NaN,NaN,NaN,NaN,NaN,NaN,NaN,NaN,NaN,NaN
25-Jan-2001,NaN,NaN,NaN,NaN,NaN,NaN,NaN,NaN,NaN,NaN,NaN,NaN,NaN,NaN,NaN,NaN,NaN,NaN,NaN,NaN,NaN,NaN,NaN,NaN
26-Jan-2001,NaN,NaN,NaN,NaN,NaN,NaN,NaN,NaN,NaN,NaN,NaN,NaN,NaN,NaN,NaN,NaN,NaN,NaN,NaN,NaN,NaN,NaN,NaN,NaN
29-Jan-2001,NaN,NaN,NaN,NaN,NaN,NaN,NaN,NaN,NaN,NaN,NaN,NaN,NaN,NaN,NaN,NaN,NaN,NaN,NaN,NaN,NaN,NaN,NaN,NaN
30-Jan-2001,NaN,NaN,NaN,NaN,NaN,NaN,NaN,NaN,NaN,NaN,NaN,NaN,NaN,NaN,NaN,NaN,NaN,NaN,NaN,NaN,NaN,NaN,NaN,NaN
31-Jan-2001,NaN,NaN,NaN,NaN,NaN,NaN,NaN,NaN,NaN,NaN,NaN,NaN,NaN,NaN,NaN,NaN,NaN,NaN,NaN,NaN,NaN,NaN,NaN,NaN
01-Feb-2001,NaN,NaN,NaN,NaN,NaN,NaN,NaN,NaN,NaN,NaN,NaN,NaN,NaN,NaN,NaN,NaN,NaN,NaN,NaN,NaN,NaN,NaN,NaN,NaN
02-Feb-2001,NaN,NaN,NaN,NaN,NaN,NaN,NaN,NaN,NaN,NaN,NaN,NaN,NaN,NaN,NaN,NaN,NaN,NaN,NaN,NaN,NaN,NaN,NaN,NaN
05-Feb-2001,NaN,NaN,NaN,NaN,NaN,NaN,NaN,NaN,NaN,NaN,NaN,NaN,NaN,NaN,NaN,NaN,NaN,NaN,NaN,NaN,NaN,NaN,NaN,NaN
06-Feb-2001,NaN,NaN,NaN,NaN,NaN,NaN,NaN,NaN,NaN,NaN,NaN,NaN,NaN,NaN,NaN,NaN,NaN,NaN,NaN,NaN,NaN,NaN,NaN,NaN
07-Feb-2001,NaN,NaN,NaN,NaN,NaN,NaN,NaN,NaN,NaN,NaN,NaN,NaN,NaN,NaN,NaN,NaN,NaN,NaN,NaN,NaN,NaN,NaN,NaN,NaN
08-Feb-2001,NaN,NaN,NaN,NaN,NaN,NaN,NaN,NaN,NaN,NaN,NaN,NaN,NaN,NaN,NaN,NaN,NaN,NaN,NaN,NaN,NaN,NaN,NaN,NaN
09-Feb-2001,NaN,NaN,NaN,NaN,NaN,NaN,NaN,NaN,NaN,NaN,NaN,NaN,NaN,NaN,NaN,NaN,NaN,NaN,NaN,NaN,NaN,NaN,NaN,NaN
12-Feb-2001,NaN,NaN,NaN,NaN,NaN,NaN,NaN,NaN,NaN,NaN,NaN,NaN,NaN,NaN,NaN,NaN,NaN,NaN,NaN,NaN,NaN,NaN,NaN,NaN
13-Feb-2001,NaN,NaN,NaN,NaN,NaN,NaN,NaN,NaN,NaN,NaN,NaN,NaN,NaN,NaN,NaN,NaN,NaN,NaN,NaN,NaN,NaN,NaN,NaN,NaN
14-Feb-2001,NaN,NaN,NaN,NaN,NaN,NaN,NaN,NaN,NaN,NaN,NaN,NaN,NaN,NaN,NaN,NaN,NaN,NaN,NaN,NaN,NaN,NaN,NaN,NaN
15-Feb-2001,NaN,NaN,NaN,NaN,NaN,NaN,NaN,NaN,NaN,NaN,NaN,NaN,NaN,NaN,NaN,NaN,NaN,NaN,NaN,NaN,NaN,NaN,NaN,NaN
16-Feb-2001,NaN,NaN,NaN,NaN,NaN,NaN,NaN,NaN,NaN,NaN,NaN,NaN,NaN,NaN,NaN,NaN,NaN,NaN,NaN,NaN,NaN,NaN,NaN,NaN
19-Feb-2001,NaN,NaN,NaN,NaN,NaN,NaN,NaN,NaN,NaN,NaN,NaN,NaN,NaN,NaN,NaN,NaN,NaN,NaN,NaN,NaN,NaN,NaN,NaN,NaN
20-Feb-2001,NaN,NaN,NaN,NaN,NaN,NaN,NaN,NaN,NaN,NaN,NaN,NaN,NaN,NaN,NaN,NaN,NaN,NaN,NaN,NaN,NaN,NaN,NaN,NaN
21-Feb-2001,NaN,NaN,NaN,NaN,NaN,NaN,NaN,NaN,NaN,NaN,NaN,NaN,NaN,NaN,NaN,NaN,NaN,NaN,NaN,NaN,NaN,NaN,NaN,NaN
22-Feb-2001,NaN,NaN,NaN,NaN,NaN,NaN,NaN,NaN,NaN,NaN,NaN,NaN,NaN,NaN,NaN,NaN,NaN,NaN,NaN,NaN,NaN,NaN,NaN,NaN
23-Feb-2001,NaN,NaN,NaN,NaN,NaN,NaN,NaN,NaN,NaN,NaN,NaN,NaN,NaN,NaN,NaN,NaN,NaN,NaN,NaN,NaN,NaN,NaN,NaN,NaN
26-Feb-2001,NaN,NaN,NaN,NaN,NaN,NaN,NaN,NaN,NaN,NaN,NaN,NaN,NaN,NaN,NaN,NaN,NaN,NaN,NaN,NaN,NaN,NaN,NaN,NaN
27-Feb-2001,NaN,NaN,NaN,NaN,NaN,NaN,NaN,NaN,NaN,NaN,NaN,NaN,NaN,NaN,NaN,NaN,NaN,NaN,NaN,NaN,NaN,NaN,NaN,NaN
28-Feb-2001,NaN,NaN,NaN,NaN,NaN,NaN,NaN,NaN,NaN,NaN,NaN,NaN,NaN,NaN,NaN,NaN,NaN,NaN,NaN,NaN,NaN,NaN,NaN,NaN
01-Mar-2001,NaN,NaN,NaN,NaN,NaN,NaN,NaN,NaN,NaN,NaN,NaN,NaN,NaN,NaN,NaN,NaN,NaN,NaN,NaN,NaN,NaN,NaN,NaN,NaN
02-Mar-2001,NaN,NaN,NaN,NaN,NaN,NaN,NaN,NaN,NaN,NaN,NaN,NaN,NaN,NaN,NaN,NaN,NaN,NaN,NaN,NaN,NaN,NaN,NaN,NaN
05-Mar-2001,NaN,NaN,NaN,NaN,NaN,NaN,NaN,NaN,NaN,NaN,NaN,NaN,NaN,NaN,NaN,NaN,NaN,NaN,NaN,NaN,NaN,NaN,NaN,NaN
06-Mar-2001,NaN,NaN,NaN,NaN,NaN,NaN,NaN,NaN,NaN,NaN,NaN,NaN,NaN,NaN,NaN,NaN,NaN,NaN,NaN,NaN,NaN,NaN,NaN,NaN
07-Mar-2001,NaN,NaN,NaN,NaN,NaN,NaN,NaN,NaN,NaN,NaN,NaN,NaN,NaN,NaN,NaN,NaN,NaN,NaN,NaN,NaN,NaN,NaN,NaN,NaN
08-Mar-2001,NaN,NaN,NaN,NaN,NaN,NaN,NaN,NaN,NaN,NaN,NaN,NaN,NaN,NaN,NaN,NaN,NaN,NaN,NaN,NaN,NaN,NaN,NaN,NaN
09-Mar-2001,NaN,NaN,NaN,NaN,NaN,NaN,NaN,NaN,NaN,NaN,NaN,NaN,NaN,NaN,NaN,NaN,NaN,NaN,NaN,NaN,NaN,NaN,NaN,NaN
12-Mar-2001,NaN,NaN,NaN,NaN,NaN,NaN,NaN,NaN,NaN,NaN,NaN,NaN,NaN,NaN,NaN,NaN,NaN,NaN,NaN,NaN,NaN,NaN,NaN,NaN
13-Mar-2001,NaN,NaN,NaN,NaN,NaN,NaN,NaN,NaN,NaN,NaN,NaN,NaN,NaN,NaN,NaN,NaN,NaN,NaN,NaN,NaN,NaN,NaN,NaN,NaN
14-Mar-2001,NaN,NaN,NaN,NaN,NaN,NaN,NaN,NaN,NaN,NaN,NaN,NaN,NaN,NaN,NaN,NaN,NaN,NaN,NaN,NaN,NaN,NaN,NaN,NaN
15-Mar-2001,NaN,NaN,NaN,NaN,NaN,NaN,NaN,NaN,NaN,NaN,NaN,NaN,NaN,NaN,NaN,NaN,NaN,NaN,NaN,NaN,NaN,NaN,NaN,NaN
16-Mar-2001,NaN,NaN,NaN,NaN,NaN,NaN,NaN,NaN,NaN,NaN,NaN,NaN,NaN,NaN,NaN,NaN,NaN,NaN,NaN,NaN,NaN,NaN,NaN,NaN
19-Mar-2001,NaN,NaN,NaN,NaN,NaN,NaN,NaN,NaN,NaN,NaN,NaN,NaN,NaN,NaN,NaN,NaN,NaN,NaN,NaN,NaN,NaN,NaN,NaN,NaN
20-Mar-2001,NaN,NaN,NaN,NaN,NaN,NaN,NaN,NaN,NaN,NaN,NaN,NaN,NaN,NaN,NaN,NaN,NaN,NaN,NaN,NaN,NaN,NaN,NaN,NaN
21-Mar-2001,NaN,NaN,NaN,NaN,NaN,NaN,NaN,NaN,NaN,NaN,NaN,NaN,NaN,NaN,NaN,NaN,NaN,NaN,NaN,NaN,NaN,NaN,NaN,NaN
22-Mar-2001,NaN,NaN,NaN,NaN,NaN,NaN,NaN,NaN,NaN,NaN,NaN,NaN,NaN,NaN,NaN,NaN,NaN,NaN,NaN,NaN,NaN,NaN,NaN,NaN
23-Mar-2001,NaN,NaN,NaN,NaN,NaN,NaN,NaN,NaN,NaN,NaN,NaN,NaN,NaN,NaN,NaN,NaN,NaN,NaN,NaN,NaN,NaN,NaN,NaN,NaN
26-Mar-2001,NaN,NaN,NaN,NaN,NaN,NaN,NaN,NaN,NaN,NaN,NaN,NaN,NaN,NaN,NaN,NaN,NaN,NaN,NaN,NaN,NaN,NaN,NaN,NaN
27-Mar-2001,NaN,NaN,NaN,NaN,NaN,NaN,NaN,NaN,NaN,NaN,NaN,NaN,NaN,NaN,NaN,NaN,NaN,NaN,NaN,NaN,NaN,NaN,NaN,NaN
28-Mar-2001,NaN,NaN,NaN,NaN,NaN,NaN,NaN,NaN,NaN,NaN,NaN,NaN,NaN,NaN,NaN,NaN,NaN,NaN,NaN,NaN,NaN,NaN,NaN,NaN
29-Mar-2001,NaN,NaN,NaN,NaN,NaN,NaN,NaN,NaN,NaN,NaN,NaN,NaN,NaN,NaN,NaN,NaN,NaN,NaN,NaN,NaN,NaN,NaN,NaN,NaN
30-Mar-2001,NaN,NaN,NaN,NaN,NaN,NaN,NaN,NaN,NaN,NaN,NaN,NaN,NaN,NaN,NaN,NaN,NaN,NaN,NaN,NaN,NaN,NaN,NaN,NaN
02-Apr-2001,NaN,NaN,NaN,NaN,NaN,NaN,NaN,NaN,NaN,NaN,NaN,NaN,NaN,NaN,NaN,NaN,NaN,NaN,NaN,NaN,NaN,NaN,NaN,NaN
03-Apr-2001,NaN,NaN,NaN,NaN,NaN,NaN,NaN,NaN,NaN,NaN,NaN,NaN,NaN,NaN,NaN,NaN,NaN,NaN,NaN,NaN,NaN,NaN,NaN,NaN
04-Apr-2001,NaN,NaN,NaN,NaN,NaN,NaN,NaN,NaN,NaN,NaN,NaN,NaN,NaN,NaN,NaN,NaN,NaN,NaN,NaN,NaN,NaN,NaN,NaN,NaN
05-Apr-2001,NaN,NaN,NaN,NaN,NaN,NaN,NaN,NaN,NaN,NaN,NaN,NaN,NaN,NaN,NaN,NaN,NaN,NaN,NaN,NaN,NaN,NaN,NaN,NaN
06-Apr-2001,NaN,NaN,NaN,NaN,NaN,NaN,NaN,NaN,NaN,NaN,NaN,NaN,NaN,NaN,NaN,NaN,NaN,NaN,NaN,NaN,NaN,NaN,NaN,NaN
09-Apr-2001,NaN,NaN,NaN,NaN,NaN,NaN,NaN,NaN,NaN,NaN,NaN,NaN,NaN,NaN,NaN,NaN,NaN,NaN,NaN,NaN,NaN,NaN,NaN,NaN
10-Apr-2001,NaN,NaN,NaN,NaN,NaN,NaN,NaN,NaN,NaN,NaN,NaN,NaN,NaN,NaN,NaN,NaN,NaN,NaN,NaN,NaN,NaN,NaN,NaN,NaN
11-Apr-2001,NaN,NaN,NaN,NaN,NaN,NaN,NaN,NaN,NaN,NaN,NaN,NaN,NaN,NaN,NaN,NaN,NaN,NaN,NaN,NaN,NaN,NaN,NaN,NaN
12-Apr-2001,NaN,NaN,NaN,NaN,NaN,NaN,NaN,NaN,NaN,NaN,NaN,NaN,NaN,NaN,NaN,NaN,NaN,NaN,NaN,NaN,NaN,NaN,NaN,NaN
13-Apr-2001,NaN,NaN,NaN,NaN,NaN,NaN,NaN,NaN,NaN,NaN,NaN,NaN,NaN,NaN,NaN,NaN,NaN,NaN,NaN,NaN,NaN,NaN,NaN,NaN
16-Apr-2001,NaN,NaN,NaN,NaN,NaN,NaN,NaN,NaN,NaN,NaN,NaN,NaN,NaN,NaN,NaN,NaN,NaN,NaN,NaN,NaN,NaN,NaN,NaN,NaN
17-Apr-2001,NaN,NaN,NaN,NaN,NaN,NaN,NaN,NaN,NaN,NaN,NaN,NaN,NaN,NaN,NaN,NaN,NaN,NaN,NaN,NaN,NaN,NaN,NaN,NaN
18-Apr-2001,NaN,NaN,NaN,NaN,NaN,NaN,NaN,NaN,NaN,NaN,NaN,NaN,NaN,NaN,NaN,NaN,NaN,NaN,NaN,NaN,NaN,NaN,NaN,NaN
19-Apr-2001,NaN,NaN,NaN,NaN,NaN,NaN,NaN,NaN,NaN,NaN,NaN,NaN,NaN,NaN,NaN,NaN,NaN,NaN,NaN,NaN,NaN,NaN,NaN,NaN
20-Apr-2001,NaN,NaN,NaN,NaN,NaN,NaN,NaN,NaN,NaN,NaN,NaN,NaN,NaN,NaN,NaN,NaN,NaN,NaN,NaN,NaN,NaN,NaN,NaN,NaN
23-Apr-2001,NaN,NaN,NaN,NaN,NaN,NaN,NaN,NaN,NaN,NaN,NaN,NaN,NaN,NaN,NaN,NaN,NaN,NaN,NaN,NaN,NaN,NaN,NaN,NaN
24-Apr-2001,NaN,NaN,NaN,NaN,NaN,NaN,NaN,NaN,NaN,NaN,NaN,NaN,NaN,NaN,NaN,NaN,NaN,NaN,NaN,NaN,NaN,NaN,NaN,NaN
25-Apr-2001,NaN,NaN,NaN,NaN,NaN,NaN,NaN,NaN,NaN,NaN,NaN,NaN,NaN,NaN,NaN,NaN,NaN,NaN,NaN,NaN,NaN,NaN,NaN,NaN
26-Apr-2001,NaN,NaN,NaN,NaN,NaN,NaN,NaN,NaN,NaN,NaN,NaN,NaN,NaN,NaN,NaN,NaN,NaN,NaN,NaN,NaN,NaN,NaN,NaN,NaN
27-Apr-2001,NaN,NaN,NaN,NaN,NaN,NaN,NaN,NaN,NaN,NaN,NaN,NaN,NaN,NaN,NaN,NaN,NaN,NaN,NaN,NaN,NaN,NaN,NaN,NaN
30-Apr-2001,NaN,NaN,NaN,NaN,NaN,NaN,NaN,NaN,NaN,NaN,NaN,NaN,NaN,NaN,NaN,NaN,NaN,NaN,NaN,NaN,NaN,NaN,NaN,NaN
01-May-2001,NaN,NaN,NaN,NaN,NaN,NaN,NaN,NaN,NaN,NaN,NaN,NaN,NaN,NaN,NaN,NaN,NaN,NaN,NaN,NaN,NaN,NaN,NaN,NaN
02-May-2001,NaN,NaN,NaN,NaN,NaN,NaN,NaN,NaN,NaN,NaN,NaN,NaN,NaN,NaN,NaN,NaN,NaN,NaN,NaN,NaN,NaN,NaN,NaN,NaN
03-May-2001,NaN,NaN,NaN,NaN,NaN,NaN,NaN,NaN,NaN,NaN,NaN,NaN,NaN,NaN,NaN,NaN,NaN,NaN,NaN,NaN,NaN,NaN,NaN,NaN
04-May-2001,NaN,NaN,NaN,NaN,NaN,NaN,NaN,NaN,NaN,NaN,NaN,NaN,NaN,NaN,NaN,NaN,NaN,NaN,NaN,NaN,NaN,NaN,NaN,NaN
07-May-2001,NaN,NaN,NaN,NaN,NaN,NaN,NaN,NaN,NaN,NaN,NaN,NaN,NaN,NaN,NaN,NaN,NaN,NaN,NaN,NaN,NaN,NaN,NaN,NaN
08-May-2001,NaN,NaN,NaN,NaN,NaN,NaN,NaN,NaN,NaN,NaN,NaN,NaN,NaN,NaN,NaN,NaN,NaN,NaN,NaN,NaN,NaN,NaN,NaN,NaN
09-May-2001,NaN,NaN,NaN,NaN,NaN,NaN,NaN,NaN,NaN,NaN,NaN,NaN,NaN,NaN,NaN,NaN,NaN,NaN,NaN,NaN,NaN,NaN,NaN,NaN
10-May-2001,NaN,NaN,NaN,NaN,NaN,NaN,NaN,NaN,NaN,NaN,NaN,NaN,NaN,NaN,NaN,NaN,NaN,NaN,NaN,NaN,NaN,NaN,NaN,NaN
11-May-2001,NaN,NaN,NaN,NaN,NaN,NaN,NaN,NaN,NaN,NaN,NaN,NaN,NaN,NaN,NaN,NaN,NaN,NaN,NaN,NaN,NaN,NaN,NaN,NaN
14-May-2001,NaN,NaN,NaN,NaN,NaN,NaN,NaN,NaN,NaN,NaN,NaN,NaN,NaN,NaN,NaN,NaN,NaN,NaN,NaN,NaN,NaN,NaN,NaN,NaN
15-May-2001,NaN,NaN,NaN,NaN,NaN,NaN,NaN,NaN,NaN,NaN,NaN,NaN,NaN,NaN,NaN,NaN,NaN,NaN,NaN,NaN,NaN,NaN,NaN,NaN
16-May-2001,NaN,NaN,NaN,NaN,NaN,NaN,NaN,NaN,NaN,NaN,NaN,NaN,NaN,NaN,NaN,NaN,NaN,NaN,NaN,NaN,NaN,NaN,NaN,NaN
17-May-2001,NaN,NaN,NaN,NaN,NaN,NaN,NaN,NaN,NaN,NaN,NaN,NaN,NaN,NaN,NaN,NaN,NaN,NaN,NaN,NaN,NaN,NaN,NaN,NaN
18-May-2001,NaN,NaN,NaN,NaN,NaN,NaN,NaN,NaN,NaN,NaN,NaN,NaN,NaN,NaN,NaN,NaN,NaN,NaN,NaN,NaN,NaN,NaN,NaN,NaN
21-May-2001,NaN,NaN,NaN,NaN,NaN,NaN,NaN,NaN,NaN,NaN,NaN,NaN,NaN,NaN,NaN,NaN,NaN,NaN,NaN,NaN,NaN,NaN,NaN,NaN
22-May-2001,NaN,NaN,NaN,NaN,NaN,NaN,NaN,NaN,NaN,NaN,NaN,NaN,NaN,NaN,NaN,NaN,NaN,NaN,NaN,NaN,NaN,NaN,NaN,NaN
23-May-2001,NaN,NaN,NaN,NaN,NaN,NaN,NaN,NaN,NaN,NaN,NaN,NaN,NaN,NaN,NaN,NaN,NaN,NaN,NaN,NaN,NaN,NaN,NaN,NaN
24-May-2001,NaN,NaN,NaN,NaN,NaN,NaN,NaN,NaN,NaN,NaN,NaN,NaN,NaN,NaN,NaN,NaN,NaN,NaN,NaN,NaN,NaN,NaN,NaN,NaN
25-May-2001,NaN,NaN,NaN,NaN,NaN,NaN,NaN,NaN,NaN,NaN,NaN,NaN,NaN,NaN,NaN,NaN,NaN,NaN,NaN,NaN,NaN,NaN,NaN,NaN
28-May-2001,NaN,NaN,NaN,NaN,NaN,NaN,NaN,NaN,NaN,NaN,NaN,NaN,NaN,NaN,NaN,NaN,NaN,NaN,NaN,NaN,NaN,NaN,NaN,NaN
29-May-2001,NaN,NaN,NaN,NaN,NaN,NaN,NaN,NaN,NaN,NaN,NaN,NaN,NaN,NaN,NaN,NaN,NaN,NaN,NaN,NaN,NaN,NaN,NaN,NaN
30-May-2001,NaN,NaN,NaN,NaN,NaN,NaN,NaN,NaN,NaN,NaN,NaN,NaN,NaN,NaN,NaN,NaN,NaN,NaN,NaN,NaN,NaN,NaN,NaN,NaN
31-May-2001,NaN,NaN,NaN,NaN,NaN,NaN,NaN,NaN,NaN,NaN,NaN,NaN,NaN,NaN,NaN,NaN,NaN,NaN,NaN,NaN,NaN,NaN,NaN,NaN
01-Jun-2001,NaN,NaN,NaN,NaN,NaN,NaN,NaN,NaN,NaN,NaN,NaN,NaN,NaN,NaN,NaN,NaN,NaN,NaN,NaN,NaN,NaN,NaN,NaN,NaN
04-Jun-2001,NaN,NaN,NaN,NaN,NaN,NaN,NaN,NaN,NaN,NaN,NaN,NaN,NaN,NaN,NaN,NaN,NaN,NaN,NaN,NaN,NaN,NaN,NaN,NaN
05-Jun-2001,NaN,NaN,NaN,NaN,NaN,NaN,NaN,NaN,NaN,NaN,NaN,NaN,NaN,NaN,NaN,NaN,NaN,NaN,NaN,NaN,NaN,NaN,NaN,NaN
06-Jun-2001,NaN,NaN,NaN,NaN,NaN,NaN,NaN,NaN,NaN,NaN,NaN,NaN,NaN,NaN,NaN,NaN,NaN,NaN,NaN,NaN,NaN,NaN,NaN,NaN
07-Jun-2001,NaN,NaN,NaN,NaN,NaN,NaN,NaN,NaN,NaN,NaN,NaN,NaN,NaN,NaN,NaN,NaN,NaN,NaN,NaN,NaN,NaN,NaN,NaN,NaN
08-Jun-2001,NaN,NaN,NaN,NaN,NaN,NaN,NaN,NaN,NaN,NaN,NaN,NaN,NaN,NaN,NaN,NaN,NaN,NaN,NaN,NaN,NaN,NaN,NaN,NaN
11-Jun-2001,NaN,NaN,NaN,NaN,NaN,NaN,NaN,NaN,NaN,NaN,NaN,NaN,NaN,NaN,NaN,NaN,NaN,NaN,NaN,NaN,NaN,NaN,NaN,NaN
12-Jun-2001,NaN,NaN,NaN,NaN,NaN,NaN,NaN,NaN,NaN,NaN,NaN,NaN,NaN,NaN,NaN,NaN,NaN,NaN,NaN,NaN,NaN,NaN,NaN,NaN
13-Jun-2001,NaN,NaN,NaN,NaN,NaN,NaN,NaN,NaN,NaN,NaN,NaN,NaN,NaN,NaN,NaN,NaN,NaN,NaN,NaN,NaN,NaN,NaN,NaN,NaN
14-Jun-2001,NaN,NaN,NaN,NaN,NaN,NaN,NaN,NaN,NaN,NaN,NaN,NaN,NaN,NaN,NaN,NaN,NaN,NaN,NaN,NaN,NaN,NaN,NaN,NaN
15-Jun-2001,NaN,NaN,NaN,NaN,NaN,NaN,NaN,NaN,NaN,NaN,NaN,NaN,NaN,NaN,NaN,NaN,NaN,NaN,NaN,NaN,NaN,NaN,NaN,NaN
18-Jun-2001,NaN,NaN,NaN,NaN,NaN,NaN,NaN,NaN,NaN,NaN,NaN,NaN,NaN,NaN,NaN,NaN,NaN,NaN,NaN,NaN,NaN,NaN,NaN,NaN
19-Jun-2001,NaN,NaN,NaN,NaN,NaN,NaN,NaN,NaN,NaN,NaN,NaN,NaN,NaN,NaN,NaN,NaN,NaN,NaN,NaN,NaN,NaN,NaN,NaN,NaN
20-Jun-2001,NaN,NaN,NaN,NaN,NaN,NaN,NaN,NaN,NaN,NaN,NaN,NaN,NaN,NaN,NaN,NaN,NaN,NaN,NaN,NaN,NaN,NaN,NaN,NaN
21-Jun-2001,NaN,NaN,NaN,NaN,NaN,NaN,NaN,NaN,NaN,NaN,NaN,NaN,NaN,NaN,NaN,NaN,NaN,NaN,NaN,NaN,NaN,NaN,NaN,NaN
22-Jun-2001,NaN,NaN,NaN,NaN,NaN,NaN,NaN,NaN,NaN,NaN,NaN,NaN,NaN,NaN,NaN,NaN,NaN,NaN,NaN,NaN,NaN,NaN,NaN,NaN
25-Jun-2001,NaN,NaN,NaN,NaN,NaN,NaN,NaN,NaN,NaN,NaN,NaN,NaN,NaN,NaN,NaN,NaN,NaN,NaN,NaN,NaN,NaN,NaN,NaN,NaN
26-Jun-2001,NaN,NaN,NaN,NaN,NaN,NaN,NaN,NaN,NaN,NaN,NaN,NaN,NaN,NaN,NaN,NaN,NaN,NaN,NaN,NaN,NaN,NaN,NaN,NaN
27-Jun-2001,NaN,NaN,NaN,NaN,NaN,NaN,NaN,NaN,NaN,NaN,NaN,NaN,NaN,NaN,NaN,NaN,NaN,NaN,NaN,NaN,NaN,NaN,NaN,NaN
28-Jun-2001,NaN,NaN,NaN,NaN,NaN,NaN,NaN,NaN,NaN,NaN,NaN,NaN,NaN,NaN,NaN,NaN,NaN,NaN,NaN,NaN,NaN,NaN,NaN,NaN
29-Jun-2001,NaN,NaN,NaN,NaN,NaN,NaN,NaN,NaN,NaN,NaN,NaN,NaN,NaN,NaN,NaN,NaN,NaN,NaN,NaN,NaN,NaN,NaN,NaN,NaN
02-Jul-2001,NaN,NaN,NaN,NaN,NaN,NaN,NaN,NaN,NaN,NaN,NaN,NaN,NaN,NaN,NaN,NaN,NaN,NaN,NaN,NaN,NaN,NaN,NaN,NaN
03-Jul-2001,NaN,NaN,NaN,NaN,NaN,NaN,NaN,NaN,NaN,NaN,NaN,NaN,NaN,NaN,NaN,NaN,NaN,NaN,NaN,NaN,NaN,NaN,NaN,NaN
04-Jul-2001,NaN,NaN,NaN,NaN,NaN,NaN,NaN,NaN,NaN,NaN,NaN,NaN,NaN,NaN,NaN,NaN,NaN,NaN,NaN,NaN,NaN,NaN,NaN,NaN
05-Jul-2001,NaN,NaN,NaN,NaN,NaN,NaN,NaN,NaN,NaN,NaN,NaN,NaN,NaN,NaN,NaN,NaN,NaN,NaN,NaN,NaN,NaN,NaN,NaN,NaN
06-Jul-2001,NaN,NaN,NaN,NaN,NaN,NaN,NaN,NaN,NaN,NaN,NaN,NaN,NaN,NaN,NaN,NaN,NaN,NaN,NaN,NaN,NaN,NaN,NaN,NaN
09-Jul-2001,NaN,NaN,NaN,NaN,NaN,NaN,NaN,NaN,NaN,NaN,NaN,NaN,NaN,NaN,NaN,NaN,NaN,NaN,NaN,NaN,NaN,NaN,NaN,NaN
10-Jul-2001,NaN,NaN,NaN,NaN,NaN,NaN,NaN,NaN,NaN,NaN,NaN,NaN,NaN,NaN,NaN,NaN,NaN,NaN,NaN,NaN,NaN,NaN,NaN,NaN
11-Jul-2001,NaN,NaN,NaN,NaN,NaN,NaN,NaN,NaN,NaN,NaN,NaN,NaN,NaN,NaN,NaN,NaN,NaN,NaN,NaN,NaN,NaN,NaN,NaN,NaN
12-Jul-2001,NaN,NaN,NaN,NaN,NaN,NaN,NaN,NaN,NaN,NaN,NaN,NaN,NaN,NaN,NaN,NaN,NaN,NaN,NaN,NaN,NaN,NaN,NaN,NaN
13-Jul-2001,NaN,NaN,NaN,NaN,NaN,NaN,NaN,NaN,NaN,NaN,NaN,NaN,NaN,NaN,NaN,NaN,NaN,NaN,NaN,NaN,NaN,NaN,NaN,NaN
16-Jul-2001,NaN,NaN,NaN,NaN,NaN,NaN,NaN,NaN,NaN,NaN,NaN,NaN,NaN,NaN,NaN,NaN,NaN,NaN,NaN,NaN,NaN,NaN,NaN,NaN
17-Jul-2001,NaN,NaN,NaN,NaN,NaN,NaN,NaN,NaN,NaN,NaN,NaN,NaN,NaN,NaN,NaN,NaN,NaN,NaN,NaN,NaN,NaN,NaN,NaN,NaN
18-Jul-2001,NaN,NaN,NaN,NaN,NaN,NaN,NaN,NaN,NaN,NaN,NaN,NaN,NaN,NaN,NaN,NaN,NaN,NaN,NaN,NaN,NaN,NaN,NaN,NaN
19-Jul-2001,NaN,NaN,NaN,NaN,NaN,NaN,NaN,NaN,NaN,NaN,NaN,NaN,NaN,NaN,NaN,NaN,NaN,NaN,NaN,NaN,NaN,NaN,NaN,NaN
20-Jul-2001,NaN,NaN,NaN,NaN,NaN,NaN,NaN,NaN,NaN,NaN,NaN,NaN,NaN,NaN,NaN,NaN,NaN,NaN,NaN,NaN,NaN,NaN,NaN,NaN
23-Jul-2001,NaN,NaN,NaN,NaN,NaN,NaN,NaN,NaN,NaN,NaN,NaN,NaN,NaN,NaN,NaN,NaN,NaN,NaN,NaN,NaN,NaN,NaN,NaN,NaN
24-Jul-2001,NaN,NaN,NaN,NaN,NaN,NaN,NaN,NaN,NaN,NaN,NaN,NaN,NaN,NaN,NaN,NaN,NaN,NaN,NaN,NaN,NaN,NaN,NaN,NaN
25-Jul-2001,NaN,NaN,NaN,NaN,NaN,NaN,NaN,NaN,NaN,NaN,NaN,NaN,NaN,NaN,NaN,NaN,NaN,NaN,NaN,NaN,NaN,NaN,NaN,NaN
26-Jul-2001,NaN,NaN,NaN,NaN,NaN,NaN,NaN,NaN,NaN,NaN,NaN,NaN,NaN,NaN,NaN,NaN,NaN,NaN,NaN,NaN,NaN,NaN,NaN,NaN
27-Jul-2001,NaN,NaN,NaN,NaN,NaN,NaN,NaN,NaN,NaN,NaN,NaN,NaN,NaN,NaN,NaN,NaN,NaN,NaN,NaN,NaN,NaN,NaN,NaN,NaN
30-Jul-2001,NaN,NaN,NaN,NaN,NaN,NaN,NaN,NaN,NaN,NaN,NaN,NaN,NaN,NaN,NaN,NaN,NaN,NaN,NaN,NaN,NaN,NaN,NaN,NaN
31-Jul-2001,NaN,NaN,NaN,NaN,NaN,NaN,NaN,NaN,NaN,NaN,NaN,NaN,NaN,NaN,NaN,NaN,NaN,NaN,NaN,NaN,NaN,NaN,NaN,NaN
01-Aug-2001,NaN,NaN,NaN,NaN,NaN,NaN,NaN,NaN,NaN,NaN,NaN,NaN,NaN,NaN,NaN,NaN,NaN,NaN,NaN,NaN,NaN,NaN,NaN,NaN
02-Aug-2001,NaN,NaN,NaN,NaN,NaN,NaN,NaN,NaN,NaN,NaN,NaN,NaN,NaN,NaN,NaN,NaN,NaN,NaN,NaN,NaN,NaN,NaN,NaN,NaN
03-Aug-2001,NaN,NaN,NaN,NaN,NaN,NaN,NaN,NaN,NaN,NaN,NaN,NaN,NaN,NaN,NaN,NaN,NaN,NaN,NaN,NaN,NaN,NaN,NaN,NaN
06-Aug-2001,NaN,NaN,NaN,NaN,NaN,NaN,NaN,NaN,NaN,NaN,NaN,NaN,NaN,NaN,NaN,NaN,NaN,NaN,NaN,NaN,NaN,NaN,NaN,NaN
07-Aug-2001,NaN,NaN,NaN,NaN,NaN,NaN,NaN,NaN,NaN,NaN,NaN,NaN,NaN,NaN,NaN,NaN,NaN,NaN,NaN,NaN,NaN,NaN,NaN,NaN
08-Aug-2001,NaN,NaN,NaN,NaN,NaN,NaN,NaN,NaN,NaN,NaN,NaN,NaN,NaN,NaN,NaN,NaN,NaN,NaN,NaN,NaN,NaN,NaN,NaN,NaN
09-Aug-2001,NaN,NaN,NaN,NaN,NaN,NaN,NaN,NaN,NaN,NaN,NaN,NaN,NaN,NaN,NaN,NaN,NaN,NaN,NaN,NaN,NaN,NaN,NaN,NaN
10-Aug-2001,NaN,NaN,NaN,NaN,NaN,NaN,NaN,NaN,NaN,NaN,NaN,NaN,NaN,NaN,NaN,NaN,NaN,NaN,NaN,NaN,NaN,NaN,NaN,NaN
13-Aug-2001,NaN,NaN,NaN,NaN,NaN,NaN,NaN,NaN,NaN,NaN,NaN,NaN,NaN,NaN,NaN,NaN,NaN,NaN,NaN,NaN,NaN,NaN,NaN,NaN
14-Aug-2001,NaN,NaN,NaN,NaN,NaN,NaN,NaN,NaN,NaN,NaN,NaN,NaN,NaN,NaN,NaN,NaN,NaN,NaN,NaN,NaN,NaN,NaN,NaN,NaN
15-Aug-2001,NaN,NaN,NaN,NaN,NaN,NaN,NaN,NaN,NaN,NaN,NaN,NaN,NaN,NaN,NaN,NaN,NaN,NaN,NaN,NaN,NaN,NaN,NaN,NaN
16-Aug-2001,NaN,NaN,NaN,NaN,NaN,NaN,NaN,NaN,NaN,NaN,NaN,NaN,NaN,NaN,NaN,NaN,NaN,NaN,NaN,NaN,NaN,NaN,NaN,NaN
17-Aug-2001,NaN,NaN,NaN,NaN,NaN,NaN,NaN,NaN,NaN,NaN,NaN,NaN,NaN,NaN,NaN,NaN,NaN,NaN,NaN,NaN,NaN,NaN,NaN,NaN
20-Aug-2001,NaN,NaN,NaN,NaN,NaN,NaN,NaN,NaN,NaN,NaN,NaN,NaN,NaN,NaN,NaN,NaN,NaN,NaN,NaN,NaN,NaN,NaN,NaN,NaN
21-Aug-2001,NaN,NaN,NaN,NaN,NaN,NaN,NaN,NaN,NaN,NaN,NaN,NaN,NaN,NaN,NaN,NaN,NaN,NaN,NaN,NaN,NaN,NaN,NaN,NaN
22-Aug-2001,NaN,NaN,NaN,NaN,NaN,NaN,NaN,NaN,NaN,NaN,NaN,NaN,NaN,NaN,NaN,NaN,NaN,NaN,NaN,NaN,NaN,NaN,NaN,NaN
23-Aug-2001,NaN,NaN,NaN,NaN,NaN,NaN,NaN,NaN,NaN,NaN,NaN,NaN,NaN,NaN,NaN,NaN,NaN,NaN,NaN,NaN,NaN,NaN,NaN,NaN
24-Aug-2001,NaN,NaN,NaN,NaN,NaN,NaN,NaN,NaN,NaN,NaN,NaN,NaN,NaN,NaN,NaN,NaN,NaN,NaN,NaN,NaN,NaN,NaN,NaN,NaN
27-Aug-2001,NaN,NaN,NaN,NaN,NaN,NaN,NaN,NaN,NaN,NaN,NaN,NaN,NaN,NaN,NaN,NaN,NaN,NaN,NaN,NaN,NaN,NaN,NaN,NaN
28-Aug-2001,NaN,NaN,NaN,NaN,NaN,NaN,NaN,NaN,NaN,NaN,NaN,NaN,NaN,NaN,NaN,NaN,NaN,NaN,NaN,NaN,NaN,NaN,NaN,NaN
29-Aug-2001,NaN,NaN,NaN,NaN,NaN,NaN,NaN,NaN,NaN,NaN,NaN,NaN,NaN,NaN,NaN,NaN,NaN,NaN,NaN,NaN,NaN,NaN,NaN,NaN
30-Aug-2001,NaN,NaN,NaN,NaN,NaN,NaN,NaN,NaN,NaN,NaN,NaN,NaN,NaN,NaN,NaN,NaN,NaN,NaN,NaN,NaN,NaN,NaN,NaN,NaN
31-Aug-2001,NaN,NaN,NaN,NaN,NaN,NaN,NaN,NaN,NaN,NaN,NaN,NaN,NaN,NaN,NaN,NaN,NaN,NaN,NaN,NaN,NaN,NaN,NaN,NaN
03-Sep-2001,NaN,NaN,NaN,NaN,NaN,NaN,NaN,NaN,NaN,NaN,NaN,NaN,NaN,NaN,NaN,NaN,NaN,NaN,NaN,NaN,NaN,NaN,NaN,NaN
04-Sep-2001,NaN,NaN,NaN,NaN,NaN,NaN,NaN,NaN,NaN,NaN,NaN,NaN,NaN,NaN,NaN,NaN,NaN,NaN,NaN,NaN,NaN,NaN,NaN,NaN
05-Sep-2001,NaN,NaN,NaN,NaN,NaN,NaN,NaN,NaN,NaN,NaN,NaN,NaN,NaN,NaN,NaN,NaN,NaN,NaN,NaN,NaN,NaN,NaN,NaN,NaN
06-Sep-2001,NaN,NaN,NaN,NaN,NaN,NaN,NaN,NaN,NaN,NaN,NaN,NaN,NaN,NaN,NaN,NaN,NaN,NaN,NaN,NaN,NaN,NaN,NaN,NaN
07-Sep-2001,NaN,NaN,NaN,NaN,NaN,NaN,NaN,NaN,NaN,NaN,NaN,NaN,NaN,NaN,NaN,NaN,NaN,NaN,NaN,NaN,NaN,NaN,NaN,NaN
10-Sep-2001,NaN,NaN,NaN,NaN,NaN,NaN,NaN,NaN,NaN,NaN,NaN,NaN,NaN,NaN,NaN,NaN,NaN,NaN,NaN,NaN,NaN,NaN,NaN,NaN
11-Sep-2001,NaN,NaN,NaN,NaN,NaN,NaN,NaN,NaN,NaN,NaN,NaN,NaN,NaN,NaN,NaN,NaN,NaN,NaN,NaN,NaN,NaN,NaN,NaN,NaN
12-Sep-2001,NaN,NaN,NaN,NaN,NaN,NaN,NaN,NaN,NaN,NaN,NaN,NaN,NaN,NaN,NaN,NaN,NaN,NaN,NaN,NaN,NaN,NaN,NaN,NaN
13-Sep-2001,NaN,NaN,NaN,NaN,NaN,NaN,NaN,NaN,NaN,NaN,NaN,NaN,NaN,NaN,NaN,NaN,NaN,NaN,NaN,NaN,NaN,NaN,NaN,NaN
14-Sep-2001,NaN,NaN,NaN,NaN,NaN,NaN,NaN,NaN,NaN,NaN,NaN,NaN,NaN,NaN,NaN,NaN,NaN,NaN,NaN,NaN,NaN,NaN,NaN,NaN
17-Sep-2001,NaN,NaN,NaN,NaN,NaN,NaN,NaN,NaN,NaN,NaN,NaN,NaN,NaN,NaN,NaN,NaN,NaN,NaN,NaN,NaN,NaN,NaN,NaN,NaN
18-Sep-2001,NaN,NaN,NaN,NaN,NaN,NaN,NaN,NaN,NaN,NaN,NaN,NaN,NaN,NaN,NaN,NaN,NaN,NaN,NaN,NaN,NaN,NaN,NaN,NaN
19-Sep-2001,NaN,NaN,NaN,NaN,NaN,NaN,NaN,NaN,NaN,NaN,NaN,NaN,NaN,NaN,NaN,NaN,NaN,NaN,NaN,NaN,NaN,NaN,NaN,NaN
20-Sep-2001,NaN,NaN,NaN,NaN,NaN,NaN,NaN,NaN,NaN,NaN,NaN,NaN,NaN,NaN,NaN,NaN,NaN,NaN,NaN,NaN,NaN,NaN,NaN,NaN
21-Sep-2001,NaN,NaN,NaN,NaN,NaN,NaN,NaN,NaN,NaN,NaN,NaN,NaN,NaN,NaN,NaN,NaN,NaN,NaN,NaN,NaN,NaN,NaN,NaN,NaN
24-Sep-2001,NaN,NaN,NaN,NaN,NaN,NaN,NaN,NaN,NaN,NaN,NaN,NaN,NaN,NaN,NaN,NaN,NaN,NaN,NaN,NaN,NaN,NaN,NaN,NaN
25-Sep-2001,NaN,NaN,NaN,NaN,NaN,NaN,NaN,NaN,NaN,NaN,NaN,NaN,NaN,NaN,NaN,NaN,NaN,NaN,NaN,NaN,NaN,NaN,NaN,NaN
26-Sep-2001,NaN,NaN,NaN,NaN,NaN,NaN,NaN,NaN,NaN,NaN,NaN,NaN,NaN,NaN,NaN,NaN,NaN,NaN,NaN,NaN,NaN,NaN,NaN,NaN
27-Sep-2001,NaN,NaN,NaN,NaN,NaN,NaN,NaN,NaN,NaN,NaN,NaN,NaN,NaN,NaN,NaN,NaN,NaN,NaN,NaN,NaN,NaN,NaN,NaN,NaN
28-Sep-2001,NaN,NaN,NaN,NaN,NaN,NaN,NaN,NaN,NaN,NaN,NaN,NaN,NaN,NaN,NaN,NaN,NaN,NaN,NaN,NaN,NaN,NaN,NaN,NaN
01-Oct-2001,NaN,NaN,NaN,NaN,NaN,NaN,NaN,NaN,NaN,NaN,NaN,NaN,NaN,NaN,NaN,NaN,NaN,NaN,NaN,NaN,NaN,NaN,NaN,NaN
02-Oct-2001,NaN,NaN,NaN,NaN,NaN,NaN,NaN,NaN,NaN,NaN,NaN,NaN,NaN,NaN,NaN,NaN,NaN,NaN,NaN,NaN,NaN,NaN,NaN,NaN
03-Oct-2001,NaN,NaN,NaN,NaN,NaN,NaN,NaN,NaN,NaN,NaN,NaN,NaN,NaN,NaN,NaN,NaN,NaN,NaN,NaN,NaN,NaN,NaN,NaN,NaN
04-Oct-2001,NaN,NaN,NaN,NaN,NaN,NaN,NaN,NaN,NaN,NaN,NaN,NaN,NaN,NaN,NaN,NaN,NaN,NaN,NaN,NaN,NaN,NaN,NaN,NaN
05-Oct-2001,NaN,NaN,NaN,NaN,NaN,NaN,NaN,NaN,NaN,NaN,NaN,NaN,NaN,NaN,NaN,NaN,NaN,NaN,NaN,NaN,NaN,NaN,NaN,NaN
08-Oct-2001,NaN,NaN,NaN,NaN,NaN,NaN,NaN,NaN,NaN,NaN,NaN,NaN,NaN,NaN,NaN,NaN,NaN,NaN,NaN,NaN,NaN,NaN,NaN,NaN
09-Oct-2001,NaN,NaN,NaN,NaN,NaN,NaN,NaN,NaN,NaN,NaN,NaN,NaN,NaN,NaN,NaN,NaN,NaN,NaN,NaN,NaN,NaN,NaN,NaN,NaN
10-Oct-2001,NaN,NaN,NaN,NaN,NaN,NaN,NaN,NaN,NaN,NaN,NaN,NaN,NaN,NaN,NaN,NaN,NaN,NaN,NaN,NaN,NaN,NaN,NaN,NaN
11-Oct-2001,NaN,NaN,NaN,NaN,NaN,NaN,NaN,NaN,NaN,NaN,NaN,NaN,NaN,NaN,NaN,NaN,NaN,NaN,NaN,NaN,NaN,NaN,NaN,NaN
12-Oct-2001,NaN,NaN,NaN,NaN,NaN,NaN,NaN,NaN,NaN,NaN,NaN,NaN,NaN,NaN,NaN,NaN,NaN,NaN,NaN,NaN,NaN,NaN,NaN,NaN
15-Oct-2001,NaN,NaN,NaN,NaN,NaN,NaN,NaN,NaN,NaN,NaN,NaN,NaN,NaN,NaN,NaN,NaN,NaN,NaN,NaN,NaN,NaN,NaN,NaN,NaN
16-Oct-2001,NaN,NaN,NaN,NaN,NaN,NaN,NaN,NaN,NaN,NaN,NaN,NaN,NaN,NaN,NaN,NaN,NaN,NaN,NaN,NaN,NaN,NaN,NaN,NaN
17-Oct-2001,NaN,NaN,NaN,NaN,NaN,NaN,NaN,NaN,NaN,NaN,NaN,NaN,NaN,NaN,NaN,NaN,NaN,NaN,NaN,NaN,NaN,NaN,NaN,NaN
18-Oct-2001,NaN,NaN,NaN,NaN,NaN,NaN,NaN,NaN,NaN,NaN,NaN,NaN,NaN,NaN,NaN,NaN,NaN,NaN,NaN,NaN,NaN,NaN,NaN,NaN
19-Oct-2001,NaN,NaN,NaN,NaN,NaN,NaN,NaN,NaN,NaN,NaN,NaN,NaN,NaN,NaN,NaN,NaN,NaN,NaN,NaN,NaN,NaN,NaN,NaN,NaN
22-Oct-2001,NaN,NaN,NaN,NaN,NaN,NaN,NaN,NaN,NaN,NaN,NaN,NaN,NaN,NaN,NaN,NaN,NaN,NaN,NaN,NaN,NaN,NaN,NaN,NaN
23-Oct-2001,NaN,NaN,NaN,NaN,NaN,NaN,NaN,NaN,NaN,NaN,NaN,NaN,NaN,NaN,NaN,NaN,NaN,NaN,NaN,NaN,NaN,NaN,NaN,NaN
24-Oct-2001,NaN,NaN,NaN,NaN,NaN,NaN,NaN,NaN,NaN,NaN,NaN,NaN,NaN,NaN,NaN,NaN,NaN,NaN,NaN,NaN,NaN,NaN,NaN,NaN
25-Oct-2001,NaN,NaN,NaN,NaN,NaN,NaN,NaN,NaN,NaN,NaN,NaN,NaN,NaN,NaN,NaN,NaN,NaN,NaN,NaN,NaN,NaN,NaN,NaN,NaN
26-Oct-2001,NaN,NaN,NaN,NaN,NaN,NaN,NaN,NaN,NaN,NaN,NaN,NaN,NaN,NaN,NaN,NaN,NaN,NaN,NaN,NaN,NaN,NaN,NaN,NaN
29-Oct-2001,NaN,NaN,NaN,NaN,NaN,NaN,NaN,NaN,NaN,NaN,NaN,NaN,NaN,NaN,NaN,NaN,NaN,NaN,NaN,NaN,NaN,NaN,NaN,NaN
30-Oct-2001,NaN,NaN,NaN,NaN,NaN,NaN,NaN,NaN,NaN,NaN,NaN,NaN,NaN,NaN,NaN,NaN,NaN,NaN,NaN,NaN,NaN,NaN,NaN,NaN
31-Oct-2001,NaN,NaN,NaN,NaN,NaN,NaN,NaN,NaN,NaN,NaN,NaN,NaN,NaN,NaN,NaN,NaN,NaN,NaN,NaN,NaN,NaN,NaN,NaN,NaN
01-Nov-2001,NaN,NaN,NaN,NaN,NaN,NaN,NaN,NaN,NaN,NaN,NaN,NaN,NaN,NaN,NaN,NaN,NaN,NaN,NaN,NaN,NaN,NaN,NaN,NaN
02-Nov-2001,NaN,NaN,NaN,NaN,NaN,NaN,NaN,NaN,NaN,NaN,NaN,NaN,NaN,NaN,NaN,NaN,NaN,NaN,NaN,NaN,NaN,NaN,NaN,NaN
05-Nov-2001,NaN,NaN,NaN,NaN,NaN,NaN,NaN,NaN,NaN,NaN,NaN,NaN,NaN,NaN,NaN,NaN,NaN,NaN,NaN,NaN,NaN,NaN,NaN,NaN
06-Nov-2001,NaN,NaN,NaN,NaN,NaN,NaN,NaN,NaN,NaN,NaN,NaN,NaN,NaN,NaN,NaN,NaN,NaN,NaN,NaN,NaN,NaN,NaN,NaN,NaN
07-Nov-2001,NaN,NaN,NaN,NaN,NaN,NaN,NaN,NaN,NaN,NaN,NaN,NaN,NaN,NaN,NaN,NaN,NaN,NaN,NaN,NaN,NaN,NaN,NaN,NaN
08-Nov-2001,NaN,NaN,NaN,NaN,NaN,NaN,NaN,NaN,NaN,NaN,NaN,NaN,NaN,NaN,NaN,NaN,NaN,NaN,NaN,NaN,NaN,NaN,NaN,NaN
09-Nov-2001,NaN,NaN,NaN,NaN,NaN,NaN,NaN,NaN,NaN,NaN,NaN,NaN,NaN,NaN,NaN,NaN,NaN,NaN,NaN,NaN,NaN,NaN,NaN,NaN
12-Nov-2001,NaN,NaN,NaN,NaN,NaN,NaN,NaN,NaN,NaN,NaN,NaN,NaN,NaN,NaN,NaN,NaN,NaN,NaN,NaN,NaN,NaN,NaN,NaN,NaN
13-Nov-2001,NaN,NaN,NaN,NaN,NaN,NaN,NaN,NaN,NaN,NaN,NaN,NaN,NaN,NaN,NaN,NaN,NaN,NaN,NaN,NaN,NaN,NaN,NaN,NaN
14-Nov-2001,NaN,NaN,NaN,NaN,NaN,NaN,NaN,NaN,NaN,NaN,NaN,NaN,NaN,NaN,NaN,NaN,NaN,NaN,NaN,NaN,NaN,NaN,NaN,NaN
15-Nov-2001,NaN,NaN,NaN,NaN,NaN,NaN,NaN,NaN,NaN,NaN,NaN,NaN,NaN,NaN,NaN,NaN,NaN,NaN,NaN,NaN,NaN,NaN,NaN,NaN
16-Nov-2001,NaN,NaN,NaN,NaN,NaN,NaN,NaN,NaN,NaN,NaN,NaN,NaN,NaN,NaN,NaN,NaN,NaN,NaN,NaN,NaN,NaN,NaN,NaN,NaN
19-Nov-2001,NaN,NaN,NaN,NaN,NaN,NaN,NaN,NaN,NaN,NaN,NaN,NaN,NaN,NaN,NaN,NaN,NaN,NaN,NaN,NaN,NaN,NaN,NaN,NaN
20-Nov-2001,NaN,NaN,NaN,NaN,NaN,NaN,NaN,NaN,NaN,NaN,NaN,NaN,NaN,NaN,NaN,NaN,NaN,NaN,NaN,NaN,NaN,NaN,NaN,NaN
21-Nov-2001,NaN,NaN,NaN,NaN,NaN,NaN,NaN,NaN,NaN,NaN,NaN,NaN,NaN,NaN,NaN,NaN,NaN,NaN,NaN,NaN,NaN,NaN,NaN,NaN
22-Nov-2001,NaN,NaN,NaN,NaN,NaN,NaN,NaN,NaN,NaN,NaN,NaN,NaN,NaN,NaN,NaN,NaN,NaN,NaN,NaN,NaN,NaN,NaN,NaN,NaN
23-Nov-2001,NaN,NaN,NaN,NaN,NaN,NaN,NaN,NaN,NaN,NaN,NaN,NaN,NaN,NaN,NaN,NaN,NaN,NaN,NaN,NaN,NaN,NaN,NaN,NaN
26-Nov-2001,NaN,NaN,NaN,NaN,NaN,NaN,NaN,NaN,NaN,NaN,NaN,NaN,NaN,NaN,NaN,NaN,NaN,NaN,NaN,NaN,NaN,NaN,NaN,NaN
27-Nov-2001,NaN,NaN,NaN,NaN,NaN,NaN,NaN,NaN,NaN,NaN,NaN,NaN,NaN,NaN,NaN,NaN,NaN,NaN,NaN,NaN,NaN,NaN,NaN,NaN
28-Nov-2001,NaN,NaN,NaN,NaN,NaN,NaN,NaN,NaN,NaN,NaN,NaN,NaN,NaN,NaN,NaN,NaN,NaN,NaN,NaN,NaN,NaN,NaN,NaN,NaN
29-Nov-2001,NaN,NaN,NaN,NaN,NaN,NaN,NaN,NaN,NaN,NaN,NaN,NaN,NaN,NaN,NaN,NaN,NaN,NaN,NaN,NaN,NaN,NaN,NaN,NaN
30-Nov-2001,NaN,NaN,NaN,NaN,NaN,NaN,NaN,NaN,NaN,NaN,NaN,NaN,NaN,NaN,NaN,NaN,NaN,NaN,NaN,NaN,NaN,NaN,NaN,NaN
03-Dec-2001,NaN,NaN,NaN,NaN,NaN,NaN,NaN,NaN,NaN,NaN,NaN,NaN,NaN,NaN,NaN,NaN,NaN,NaN,NaN,NaN,NaN,NaN,NaN,NaN
04-Dec-2001,NaN,NaN,NaN,NaN,NaN,NaN,NaN,NaN,NaN,NaN,NaN,NaN,NaN,NaN,NaN,NaN,NaN,NaN,NaN,NaN,NaN,NaN,NaN,NaN
05-Dec-2001,NaN,NaN,NaN,NaN,NaN,NaN,NaN,NaN,NaN,NaN,NaN,NaN,NaN,NaN,NaN,NaN,NaN,NaN,NaN,NaN,NaN,NaN,NaN,NaN
06-Dec-2001,NaN,NaN,NaN,NaN,NaN,NaN,NaN,NaN,NaN,NaN,NaN,NaN,NaN,NaN,NaN,NaN,NaN,NaN,NaN,NaN,NaN,NaN,NaN,NaN
07-Dec-2001,NaN,NaN,NaN,NaN,NaN,NaN,NaN,NaN,NaN,NaN,NaN,NaN,NaN,NaN,NaN,NaN,NaN,NaN,NaN,NaN,NaN,NaN,NaN,NaN
10-Dec-2001,NaN,NaN,NaN,NaN,NaN,NaN,NaN,NaN,NaN,NaN,NaN,NaN,NaN,NaN,NaN,NaN,NaN,NaN,NaN,NaN,NaN,NaN,NaN,NaN
11-Dec-2001,NaN,NaN,NaN,NaN,NaN,NaN,NaN,NaN,NaN,NaN,NaN,NaN,NaN,NaN,NaN,NaN,NaN,NaN,NaN,NaN,NaN,NaN,NaN,NaN
12-Dec-2001,NaN,NaN,NaN,NaN,NaN,NaN,NaN,NaN,NaN,NaN,NaN,NaN,NaN,NaN,NaN,NaN,NaN,NaN,NaN,NaN,NaN,NaN,NaN,NaN
13-Dec-2001,NaN,NaN,NaN,NaN,NaN,NaN,NaN,NaN,NaN,NaN,NaN,NaN,NaN,NaN,NaN,NaN,NaN,NaN,NaN,NaN,NaN,NaN,NaN,NaN
14-Dec-2001,NaN,NaN,NaN,NaN,NaN,NaN,NaN,NaN,NaN,NaN,NaN,NaN,NaN,NaN,NaN,NaN,NaN,NaN,NaN,NaN,NaN,NaN,NaN,NaN
17-Dec-2001,NaN,NaN,NaN,NaN,NaN,NaN,NaN,NaN,NaN,NaN,NaN,NaN,NaN,NaN,NaN,NaN,NaN,NaN,NaN,NaN,NaN,NaN,NaN,NaN
18-Dec-2001,NaN,NaN,NaN,NaN,NaN,NaN,NaN,NaN,NaN,NaN,NaN,NaN,NaN,NaN,NaN,NaN,NaN,NaN,NaN,NaN,NaN,NaN,NaN,NaN
19-Dec-2001,NaN,NaN,NaN,NaN,NaN,NaN,NaN,NaN,NaN,NaN,NaN,NaN,NaN,NaN,NaN,NaN,NaN,NaN,NaN,NaN,NaN,NaN,NaN,NaN
20-Dec-2001,NaN,NaN,NaN,NaN,NaN,NaN,NaN,NaN,NaN,NaN,NaN,NaN,NaN,NaN,NaN,NaN,NaN,NaN,NaN,NaN,NaN,NaN,NaN,NaN
21-Dec-2001,NaN,NaN,NaN,NaN,NaN,NaN,NaN,NaN,NaN,NaN,NaN,NaN,NaN,NaN,NaN,NaN,NaN,NaN,NaN,NaN,NaN,NaN,NaN,NaN
24-Dec-2001,NaN,NaN,NaN,NaN,NaN,NaN,NaN,NaN,NaN,NaN,NaN,NaN,NaN,NaN,NaN,NaN,NaN,NaN,NaN,NaN,NaN,NaN,NaN,NaN
25-Dec-2001,NaN,NaN,NaN,NaN,NaN,NaN,NaN,NaN,NaN,NaN,NaN,NaN,NaN,NaN,NaN,NaN,NaN,NaN,NaN,NaN,NaN,NaN,NaN,NaN
26-Dec-2001,NaN,NaN,NaN,NaN,NaN,NaN,NaN,NaN,NaN,NaN,NaN,NaN,NaN,NaN,NaN,NaN,NaN,NaN,NaN,NaN,NaN,NaN,NaN,NaN
27-Dec-2001,NaN,NaN,NaN,NaN,NaN,NaN,NaN,NaN,NaN,NaN,NaN,NaN,NaN,NaN,NaN,NaN,NaN,NaN,NaN,NaN,NaN,NaN,NaN,NaN
28-Dec-2001,NaN,NaN,NaN,NaN,NaN,NaN,NaN,NaN,NaN,NaN,NaN,NaN,NaN,NaN,NaN,NaN,NaN,NaN,NaN,NaN,NaN,NaN,NaN,NaN
31-Dec-2001,NaN,NaN,NaN,NaN,NaN,NaN,NaN,NaN,NaN,NaN,NaN,NaN,NaN,NaN,NaN,NaN,NaN,NaN,NaN,NaN,NaN,NaN,NaN,NaN
01-Jan-2002,NaN,NaN,NaN,NaN,NaN,NaN,NaN,NaN,NaN,NaN,NaN,NaN,NaN,NaN,NaN,NaN,NaN,NaN,NaN,NaN,NaN,NaN,NaN,NaN
02-Jan-2002,NaN,NaN,NaN,NaN,NaN,NaN,NaN,NaN,NaN,NaN,NaN,NaN,NaN,NaN,NaN,NaN,NaN,NaN,NaN,NaN,NaN,NaN,NaN,NaN
03-Jan-2002,NaN,NaN,NaN,NaN,NaN,NaN,NaN,NaN,NaN,NaN,NaN,NaN,NaN,NaN,NaN,NaN,NaN,NaN,NaN,NaN,NaN,NaN,NaN,NaN
04-Jan-2002,NaN,NaN,NaN,NaN,NaN,NaN,NaN,NaN,NaN,NaN,NaN,NaN,NaN,NaN,NaN,NaN,NaN,NaN,NaN,NaN,NaN,NaN,NaN,NaN
07-Jan-2002,NaN,NaN,NaN,NaN,NaN,NaN,NaN,NaN,NaN,NaN,NaN,NaN,NaN,NaN,NaN,NaN,NaN,NaN,NaN,NaN,NaN,NaN,NaN,NaN
08-Jan-2002,NaN,NaN,NaN,NaN,NaN,NaN,NaN,NaN,NaN,NaN,NaN,NaN,NaN,NaN,NaN,NaN,NaN,NaN,NaN,NaN,NaN,NaN,NaN,NaN
09-Jan-2002,NaN,NaN,NaN,NaN,NaN,NaN,NaN,NaN,NaN,NaN,NaN,NaN,NaN,NaN,NaN,NaN,NaN,NaN,NaN,NaN,NaN,NaN,NaN,NaN
10-Jan-2002,NaN,NaN,NaN,NaN,NaN,NaN,NaN,NaN,NaN,NaN,NaN,NaN,NaN,NaN,NaN,NaN,NaN,NaN,NaN,NaN,NaN,NaN,NaN,NaN
11-Jan-2002,NaN,NaN,NaN,NaN,NaN,NaN,NaN,NaN,NaN,NaN,NaN,NaN,NaN,NaN,NaN,NaN,NaN,NaN,NaN,NaN,NaN,NaN,NaN,NaN
14-Jan-2002,NaN,NaN,NaN,NaN,NaN,NaN,NaN,NaN,NaN,NaN,NaN,NaN,NaN,NaN,NaN,NaN,NaN,NaN,NaN,NaN,NaN,NaN,NaN,NaN
15-Jan-2002,NaN,NaN,NaN,NaN,NaN,NaN,NaN,NaN,NaN,NaN,NaN,NaN,NaN,NaN,NaN,NaN,NaN,NaN,NaN,NaN,NaN,NaN,NaN,NaN
16-Jan-2002,NaN,NaN,NaN,NaN,NaN,NaN,NaN,NaN,NaN,NaN,NaN,NaN,NaN,NaN,NaN,NaN,NaN,NaN,NaN,NaN,NaN,NaN,NaN,NaN
17-Jan-2002,NaN,NaN,NaN,NaN,NaN,NaN,NaN,NaN,NaN,NaN,NaN,NaN,NaN,NaN,NaN,NaN,NaN,NaN,NaN,NaN,NaN,NaN,NaN,NaN
18-Jan-2002,NaN,NaN,NaN,NaN,NaN,NaN,NaN,NaN,NaN,NaN,NaN,NaN,NaN,NaN,NaN,NaN,NaN,NaN,NaN,NaN,NaN,NaN,NaN,NaN
21-Jan-2002,NaN,NaN,NaN,NaN,NaN,NaN,NaN,NaN,NaN,NaN,NaN,NaN,NaN,NaN,NaN,NaN,NaN,NaN,NaN,NaN,NaN,NaN,NaN,NaN
22-Jan-2002,NaN,NaN,NaN,NaN,NaN,NaN,NaN,NaN,NaN,NaN,NaN,NaN,NaN,NaN,NaN,NaN,NaN,NaN,NaN,NaN,NaN,NaN,NaN,NaN
23-Jan-2002,NaN,NaN,NaN,NaN,NaN,NaN,NaN,NaN,NaN,NaN,NaN,NaN,NaN,NaN,NaN,NaN,NaN,NaN,NaN,NaN,NaN,NaN,NaN,NaN
24-Jan-2002,NaN,NaN,NaN,NaN,NaN,NaN,NaN,NaN,NaN,NaN,NaN,NaN,NaN,NaN,NaN,NaN,NaN,NaN,NaN,NaN,NaN,NaN,NaN,NaN
25-Jan-2002,NaN,NaN,NaN,NaN,NaN,NaN,NaN,NaN,NaN,NaN,NaN,NaN,NaN,NaN,NaN,NaN,NaN,NaN,NaN,NaN,NaN,NaN,NaN,NaN
28-Jan-2002,NaN,NaN,NaN,NaN,NaN,NaN,NaN,NaN,NaN,NaN,NaN,NaN,NaN,NaN,NaN,NaN,NaN,NaN,NaN,NaN,NaN,NaN,NaN,NaN
29-Jan-2002,NaN,NaN,NaN,NaN,NaN,NaN,NaN,NaN,NaN,NaN,NaN,NaN,NaN,NaN,NaN,NaN,NaN,NaN,NaN,NaN,NaN,NaN,NaN,NaN
30-Jan-2002,NaN,NaN,NaN,NaN,NaN,NaN,NaN,NaN,NaN,NaN,NaN,NaN,NaN,NaN,NaN,NaN,NaN,NaN,NaN,NaN,NaN,NaN,NaN,NaN
31-Jan-2002,NaN,NaN,NaN,NaN,NaN,NaN,NaN,NaN,NaN,NaN,NaN,NaN,NaN,NaN,NaN,NaN,NaN,NaN,NaN,NaN,NaN,NaN,NaN,NaN
01-Feb-2002,NaN,NaN,NaN,NaN,NaN,NaN,NaN,NaN,NaN,NaN,NaN,NaN,NaN,NaN,NaN,NaN,NaN,NaN,NaN,NaN,NaN,NaN,NaN,NaN
04-Feb-2002,NaN,NaN,NaN,NaN,NaN,NaN,NaN,NaN,NaN,NaN,NaN,NaN,NaN,NaN,NaN,NaN,NaN,NaN,NaN,NaN,NaN,NaN,NaN,NaN
05-Feb-2002,NaN,NaN,NaN,NaN,NaN,NaN,NaN,NaN,NaN,NaN,NaN,NaN,NaN,NaN,NaN,NaN,NaN,NaN,NaN,NaN,NaN,NaN,NaN,NaN
06-Feb-2002,NaN,NaN,NaN,NaN,NaN,NaN,NaN,NaN,NaN,NaN,NaN,NaN,NaN,NaN,NaN,NaN,NaN,NaN,NaN,NaN,NaN,NaN,NaN,NaN
07-Feb-2002,NaN,NaN,NaN,NaN,NaN,NaN,NaN,NaN,NaN,NaN,NaN,NaN,NaN,NaN,NaN,NaN,NaN,NaN,NaN,NaN,NaN,NaN,NaN,NaN
08-Feb-2002,NaN,NaN,NaN,NaN,NaN,NaN,NaN,NaN,NaN,NaN,NaN,NaN,NaN,NaN,NaN,NaN,NaN,NaN,NaN,NaN,NaN,NaN,NaN,NaN
11-Feb-2002,NaN,NaN,NaN,NaN,NaN,NaN,NaN,NaN,NaN,NaN,NaN,NaN,NaN,NaN,NaN,NaN,NaN,NaN,NaN,NaN,NaN,NaN,NaN,NaN
12-Feb-2002,NaN,NaN,NaN,NaN,NaN,NaN,NaN,NaN,NaN,NaN,NaN,NaN,NaN,NaN,NaN,NaN,NaN,NaN,NaN,NaN,NaN,NaN,NaN,NaN
13-Feb-2002,NaN,NaN,NaN,NaN,NaN,NaN,NaN,NaN,NaN,NaN,NaN,NaN,NaN,NaN,NaN,NaN,NaN,NaN,NaN,NaN,NaN,NaN,NaN,NaN
14-Feb-2002,NaN,NaN,NaN,NaN,NaN,NaN,NaN,NaN,NaN,NaN,NaN,NaN,NaN,NaN,NaN,NaN,NaN,NaN,NaN,NaN,NaN,NaN,NaN,NaN
15-Feb-2002,NaN,NaN,NaN,NaN,NaN,NaN,NaN,NaN,NaN,NaN,NaN,NaN,NaN,NaN,NaN,NaN,NaN,NaN,NaN,NaN,NaN,NaN,NaN,NaN
18-Feb-2002,NaN,NaN,NaN,NaN,NaN,NaN,NaN,NaN,NaN,NaN,NaN,NaN,NaN,NaN,NaN,NaN,NaN,NaN,NaN,NaN,NaN,NaN,NaN,NaN
19-Feb-2002,NaN,NaN,NaN,NaN,NaN,NaN,NaN,NaN,NaN,NaN,NaN,NaN,NaN,NaN,NaN,NaN,NaN,NaN,NaN,NaN,NaN,NaN,NaN,NaN
20-Feb-2002,NaN,NaN,NaN,NaN,NaN,NaN,NaN,NaN,NaN,NaN,NaN,NaN,NaN,NaN,NaN,NaN,NaN,NaN,NaN,NaN,NaN,NaN,NaN,NaN
21-Feb-2002,NaN,NaN,NaN,NaN,NaN,NaN,NaN,NaN,NaN,NaN,NaN,NaN,NaN,NaN,NaN,NaN,NaN,NaN,NaN,NaN,NaN,NaN,NaN,NaN
22-Feb-2002,NaN,NaN,NaN,NaN,NaN,NaN,NaN,NaN,NaN,NaN,NaN,NaN,NaN,NaN,NaN,NaN,NaN,NaN,NaN,NaN,NaN,NaN,NaN,NaN
25-Feb-2002,NaN,NaN,NaN,NaN,NaN,NaN,NaN,NaN,NaN,NaN,NaN,NaN,NaN,NaN,NaN,NaN,NaN,NaN,NaN,NaN,NaN,NaN,NaN,NaN
26-Feb-2002,NaN,NaN,NaN,NaN,NaN,NaN,NaN,NaN,NaN,NaN,NaN,NaN,NaN,NaN,NaN,NaN,NaN,NaN,NaN,NaN,NaN,NaN,NaN,NaN
27-Feb-2002,NaN,NaN,NaN,NaN,NaN,NaN,NaN,NaN,NaN,NaN,NaN,NaN,NaN,NaN,NaN,NaN,NaN,NaN,NaN,NaN,NaN,NaN,NaN,NaN
28-Feb-2002,NaN,NaN,NaN,NaN,NaN,NaN,NaN,NaN,NaN,NaN,NaN,NaN,NaN,NaN,NaN,NaN,NaN,NaN,NaN,NaN,NaN,NaN,NaN,NaN
01-Mar-2002,NaN,NaN,NaN,NaN,NaN,NaN,NaN,NaN,NaN,NaN,NaN,NaN,NaN,NaN,NaN,NaN,NaN,NaN,NaN,NaN,NaN,NaN,NaN,NaN
04-Mar-2002,NaN,NaN,NaN,NaN,NaN,NaN,NaN,NaN,NaN,NaN,NaN,NaN,NaN,NaN,NaN,NaN,NaN,NaN,NaN,NaN,NaN,NaN,NaN,NaN
05-Mar-2002,NaN,NaN,NaN,NaN,NaN,NaN,NaN,NaN,NaN,NaN,NaN,NaN,NaN,NaN,NaN,NaN,NaN,NaN,NaN,NaN,NaN,NaN,NaN,NaN
06-Mar-2002,NaN,NaN,NaN,NaN,NaN,NaN,NaN,NaN,NaN,NaN,NaN,NaN,NaN,NaN,NaN,NaN,NaN,NaN,NaN,NaN,NaN,NaN,NaN,NaN
07-Mar-2002,NaN,NaN,NaN,NaN,NaN,NaN,NaN,NaN,NaN,NaN,NaN,NaN,NaN,NaN,NaN,NaN,NaN,NaN,NaN,NaN,NaN,NaN,NaN,NaN
08-Mar-2002,NaN,NaN,NaN,NaN,NaN,NaN,NaN,NaN,NaN,NaN,NaN,NaN,NaN,NaN,NaN,NaN,NaN,NaN,NaN,NaN,NaN,NaN,NaN,NaN
11-Mar-2002,NaN,NaN,NaN,NaN,NaN,NaN,NaN,NaN,NaN,NaN,NaN,NaN,NaN,NaN,NaN,NaN,NaN,NaN,NaN,NaN,NaN,NaN,NaN,NaN
12-Mar-2002,NaN,NaN,NaN,NaN,NaN,NaN,NaN,NaN,NaN,NaN,NaN,NaN,NaN,NaN,NaN,NaN,NaN,NaN,NaN,NaN,NaN,NaN,NaN,NaN
13-Mar-2002,NaN,NaN,NaN,NaN,NaN,NaN,NaN,NaN,NaN,NaN,NaN,NaN,NaN,NaN,NaN,NaN,NaN,NaN,NaN,NaN,NaN,NaN,NaN,NaN
14-Mar-2002,NaN,NaN,NaN,NaN,NaN,NaN,NaN,NaN,NaN,NaN,NaN,NaN,NaN,NaN,NaN,NaN,NaN,NaN,NaN,NaN,NaN,NaN,NaN,NaN
15-Mar-2002,NaN,NaN,NaN,NaN,NaN,NaN,NaN,NaN,NaN,NaN,NaN,NaN,NaN,NaN,NaN,NaN,NaN,NaN,NaN,NaN,NaN,NaN,NaN,NaN
18-Mar-2002,NaN,NaN,NaN,NaN,NaN,NaN,NaN,NaN,NaN,NaN,NaN,NaN,NaN,NaN,NaN,NaN,NaN,NaN,NaN,NaN,NaN,NaN,NaN,NaN
19-Mar-2002,NaN,NaN,NaN,NaN,NaN,NaN,NaN,NaN,NaN,NaN,NaN,NaN,NaN,NaN,NaN,NaN,NaN,NaN,NaN,NaN,NaN,NaN,NaN,NaN
20-Mar-2002,NaN,NaN,NaN,NaN,NaN,NaN,NaN,NaN,NaN,NaN,NaN,NaN,NaN,NaN,NaN,NaN,NaN,NaN,NaN,NaN,NaN,NaN,NaN,NaN
21-Mar-2002,NaN,NaN,NaN,NaN,NaN,NaN,NaN,NaN,NaN,NaN,NaN,NaN,NaN,NaN,NaN,NaN,NaN,NaN,NaN,NaN,NaN,NaN,NaN,NaN
22-Mar-2002,NaN,NaN,NaN,NaN,NaN,NaN,NaN,NaN,NaN,NaN,NaN,NaN,NaN,NaN,NaN,NaN,NaN,NaN,NaN,NaN,NaN,NaN,NaN,NaN
25-Mar-2002,NaN,NaN,NaN,NaN,NaN,NaN,NaN,NaN,NaN,NaN,NaN,NaN,NaN,NaN,NaN,NaN,NaN,NaN,NaN,NaN,NaN,NaN,NaN,NaN
26-Mar-2002,NaN,NaN,NaN,NaN,NaN,NaN,NaN,NaN,NaN,NaN,NaN,NaN,NaN,NaN,NaN,NaN,NaN,NaN,NaN,NaN,NaN,NaN,NaN,NaN
27-Mar-2002,NaN,NaN,NaN,NaN,NaN,NaN,NaN,NaN,NaN,NaN,NaN,NaN,NaN,NaN,NaN,NaN,NaN,NaN,NaN,NaN,NaN,NaN,NaN,NaN
28-Mar-2002,NaN,NaN,NaN,NaN,NaN,NaN,NaN,NaN,NaN,NaN,NaN,NaN,NaN,NaN,NaN,NaN,NaN,NaN,NaN,NaN,NaN,NaN,NaN,NaN
29-Mar-2002,NaN,NaN,NaN,NaN,NaN,NaN,NaN,NaN,NaN,NaN,NaN,NaN,NaN,NaN,NaN,NaN,NaN,NaN,NaN,NaN,NaN,NaN,NaN,NaN
01-Apr-2002,NaN,NaN,NaN,NaN,NaN,NaN,NaN,NaN,NaN,NaN,NaN,NaN,NaN,NaN,NaN,NaN,NaN,NaN,NaN,NaN,NaN,NaN,NaN,NaN
02-Apr-2002,NaN,NaN,NaN,NaN,NaN,NaN,NaN,NaN,NaN,NaN,NaN,NaN,NaN,NaN,NaN,NaN,NaN,NaN,NaN,NaN,NaN,NaN,NaN,NaN
03-Apr-2002,NaN,NaN,NaN,NaN,NaN,NaN,NaN,NaN,NaN,NaN,NaN,NaN,NaN,NaN,NaN,NaN,NaN,NaN,NaN,NaN,NaN,NaN,NaN,NaN
04-Apr-2002,NaN,NaN,NaN,NaN,NaN,NaN,NaN,NaN,NaN,NaN,NaN,NaN,NaN,NaN,NaN,NaN,NaN,NaN,NaN,NaN,NaN,NaN,NaN,NaN
05-Apr-2002,NaN,NaN,NaN,NaN,NaN,NaN,NaN,NaN,NaN,NaN,NaN,NaN,NaN,NaN,NaN,NaN,NaN,NaN,NaN,NaN,NaN,NaN,NaN,NaN
08-Apr-2002,NaN,NaN,NaN,NaN,NaN,NaN,NaN,NaN,NaN,NaN,NaN,NaN,NaN,NaN,NaN,NaN,NaN,NaN,NaN,NaN,NaN,NaN,NaN,NaN
09-Apr-2002,NaN,NaN,NaN,NaN,NaN,NaN,NaN,NaN,NaN,NaN,NaN,NaN,NaN,NaN,NaN,NaN,NaN,NaN,NaN,NaN,NaN,NaN,NaN,NaN
10-Apr-2002,NaN,NaN,NaN,NaN,NaN,NaN,NaN,NaN,NaN,NaN,NaN,NaN,NaN,NaN,NaN,NaN,NaN,NaN,NaN,NaN,NaN,NaN,NaN,NaN
11-Apr-2002,NaN,NaN,NaN,NaN,NaN,NaN,NaN,NaN,NaN,NaN,NaN,NaN,NaN,NaN,NaN,NaN,NaN,NaN,NaN,NaN,NaN,NaN,NaN,NaN
12-Apr-2002,NaN,NaN,NaN,NaN,NaN,NaN,NaN,NaN,NaN,NaN,NaN,NaN,NaN,NaN,NaN,NaN,NaN,NaN,NaN,NaN,NaN,NaN,NaN,NaN
15-Apr-2002,NaN,NaN,NaN,NaN,NaN,NaN,NaN,NaN,NaN,NaN,NaN,NaN,NaN,NaN,NaN,NaN,NaN,NaN,NaN,NaN,NaN,NaN,NaN,NaN
16-Apr-2002,NaN,NaN,NaN,NaN,NaN,NaN,NaN,NaN,NaN,NaN,NaN,NaN,NaN,NaN,NaN,NaN,NaN,NaN,NaN,NaN,NaN,NaN,NaN,NaN
17-Apr-2002,NaN,NaN,NaN,NaN,NaN,NaN,NaN,NaN,NaN,NaN,NaN,NaN,NaN,NaN,NaN,NaN,NaN,NaN,NaN,NaN,NaN,NaN,NaN,NaN
18-Apr-2002,NaN,NaN,NaN,NaN,NaN,NaN,NaN,NaN,NaN,NaN,NaN,NaN,NaN,NaN,NaN,NaN,NaN,NaN,NaN,NaN,NaN,NaN,NaN,NaN
19-Apr-2002,NaN,NaN,NaN,NaN,NaN,NaN,NaN,NaN,NaN,NaN,NaN,NaN,NaN,NaN,NaN,NaN,NaN,NaN,NaN,NaN,NaN,NaN,NaN,NaN
22-Apr-2002,NaN,NaN,NaN,NaN,NaN,NaN,NaN,NaN,NaN,NaN,NaN,NaN,NaN,NaN,NaN,NaN,NaN,NaN,NaN,NaN,NaN,NaN,NaN,NaN
23-Apr-2002,NaN,NaN,NaN,NaN,NaN,NaN,NaN,NaN,NaN,NaN,NaN,NaN,NaN,NaN,NaN,NaN,NaN,NaN,NaN,NaN,NaN,NaN,NaN,NaN
24-Apr-2002,NaN,NaN,NaN,NaN,NaN,NaN,NaN,NaN,NaN,NaN,NaN,NaN,NaN,NaN,NaN,NaN,NaN,NaN,NaN,NaN,NaN,NaN,NaN,NaN
25-Apr-2002,NaN,NaN,NaN,NaN,NaN,NaN,NaN,NaN,NaN,NaN,NaN,NaN,NaN,NaN,NaN,NaN,NaN,NaN,NaN,NaN,NaN,NaN,NaN,NaN
26-Apr-2002,NaN,NaN,NaN,NaN,NaN,NaN,NaN,NaN,NaN,NaN,NaN,NaN,NaN,NaN,NaN,NaN,NaN,NaN,NaN,NaN,NaN,NaN,NaN,NaN
29-Apr-2002,NaN,NaN,NaN,NaN,NaN,NaN,NaN,NaN,NaN,NaN,NaN,NaN,NaN,NaN,NaN,NaN,NaN,NaN,NaN,NaN,NaN,NaN,NaN,NaN
30-Apr-2002,NaN,NaN,NaN,NaN,NaN,NaN,NaN,NaN,NaN,NaN,NaN,NaN,NaN,NaN,NaN,NaN,NaN,NaN,NaN,NaN,NaN,NaN,NaN,NaN
01-May-2002,NaN,NaN,NaN,NaN,NaN,NaN,NaN,NaN,NaN,NaN,NaN,NaN,NaN,NaN,NaN,NaN,NaN,NaN,NaN,NaN,NaN,NaN,NaN,NaN
02-May-2002,NaN,NaN,NaN,NaN,NaN,NaN,NaN,NaN,NaN,NaN,NaN,NaN,NaN,NaN,NaN,NaN,NaN,NaN,NaN,NaN,NaN,NaN,NaN,NaN
03-May-2002,NaN,NaN,NaN,NaN,NaN,NaN,NaN,NaN,NaN,NaN,NaN,NaN,NaN,NaN,NaN,NaN,NaN,NaN,NaN,NaN,NaN,NaN,NaN,NaN
06-May-2002,NaN,NaN,NaN,NaN,NaN,NaN,NaN,NaN,NaN,NaN,NaN,NaN,NaN,NaN,NaN,NaN,NaN,NaN,NaN,NaN,NaN,NaN,NaN,NaN
07-May-2002,NaN,NaN,NaN,NaN,NaN,NaN,NaN,NaN,NaN,NaN,NaN,NaN,NaN,NaN,NaN,NaN,NaN,NaN,NaN,NaN,NaN,NaN,NaN,NaN
08-May-2002,NaN,NaN,NaN,NaN,NaN,NaN,NaN,NaN,NaN,NaN,NaN,NaN,NaN,NaN,NaN,NaN,NaN,NaN,NaN,NaN,NaN,NaN,NaN,NaN
09-May-2002,NaN,NaN,NaN,NaN,NaN,NaN,NaN,NaN,NaN,NaN,NaN,NaN,NaN,NaN,NaN,NaN,NaN,NaN,NaN,NaN,NaN,NaN,NaN,NaN
10-May-2002,NaN,NaN,NaN,NaN,NaN,NaN,NaN,NaN,NaN,NaN,NaN,NaN,NaN,NaN,NaN,NaN,NaN,NaN,NaN,NaN,NaN,NaN,NaN,NaN
13-May-2002,NaN,NaN,NaN,NaN,NaN,NaN,NaN,NaN,NaN,NaN,NaN,NaN,NaN,NaN,NaN,NaN,NaN,NaN,NaN,NaN,NaN,NaN,NaN,NaN
14-May-2002,NaN,NaN,NaN,NaN,NaN,NaN,NaN,NaN,NaN,NaN,NaN,NaN,NaN,NaN,NaN,NaN,NaN,NaN,NaN,NaN,NaN,NaN,NaN,NaN
15-May-2002,NaN,NaN,NaN,NaN,NaN,NaN,NaN,NaN,NaN,NaN,NaN,NaN,NaN,NaN,NaN,NaN,NaN,NaN,NaN,NaN,NaN,NaN,NaN,NaN
16-May-2002,NaN,NaN,NaN,NaN,NaN,NaN,NaN,NaN,NaN,NaN,NaN,NaN,NaN,NaN,NaN,NaN,NaN,NaN,NaN,NaN,NaN,NaN,NaN,NaN
17-May-2002,NaN,NaN,NaN,NaN,NaN,NaN,NaN,NaN,NaN,NaN,NaN,NaN,NaN,NaN,NaN,NaN,NaN,NaN,NaN,NaN,NaN,NaN,NaN,NaN
20-May-2002,NaN,NaN,NaN,NaN,NaN,NaN,NaN,NaN,NaN,NaN,NaN,NaN,NaN,NaN,NaN,NaN,NaN,NaN,NaN,NaN,NaN,NaN,NaN,NaN
21-May-2002,NaN,NaN,NaN,NaN,NaN,NaN,NaN,NaN,NaN,NaN,NaN,NaN,NaN,NaN,NaN,NaN,NaN,NaN,NaN,NaN,NaN,NaN,NaN,NaN
22-May-2002,NaN,NaN,NaN,NaN,NaN,NaN,NaN,NaN,NaN,NaN,NaN,NaN,NaN,NaN,NaN,NaN,NaN,NaN,NaN,NaN,NaN,NaN,NaN,NaN
23-May-2002,NaN,NaN,NaN,NaN,NaN,NaN,NaN,NaN,NaN,NaN,NaN,NaN,NaN,NaN,NaN,NaN,NaN,NaN,NaN,NaN,NaN,NaN,NaN,NaN
24-May-2002,NaN,NaN,NaN,NaN,NaN,NaN,NaN,NaN,NaN,NaN,NaN,NaN,NaN,NaN,NaN,NaN,NaN,NaN,NaN,NaN,NaN,NaN,NaN,NaN
27-May-2002,NaN,NaN,NaN,NaN,NaN,NaN,NaN,NaN,NaN,NaN,NaN,NaN,NaN,NaN,NaN,NaN,NaN,NaN,NaN,NaN,NaN,NaN,NaN,NaN
28-May-2002,NaN,NaN,NaN,NaN,NaN,NaN,NaN,NaN,NaN,NaN,NaN,NaN,NaN,NaN,NaN,NaN,NaN,NaN,NaN,NaN,NaN,NaN,NaN,NaN
29-May-2002,NaN,NaN,NaN,NaN,NaN,NaN,NaN,NaN,NaN,NaN,NaN,NaN,NaN,NaN,NaN,NaN,NaN,NaN,NaN,NaN,NaN,NaN,NaN,NaN
30-May-2002,NaN,NaN,NaN,NaN,NaN,NaN,NaN,NaN,NaN,NaN,NaN,NaN,NaN,NaN,NaN,NaN,NaN,NaN,NaN,NaN,NaN,NaN,NaN,NaN
31-May-2002,NaN,NaN,NaN,NaN,NaN,NaN,NaN,NaN,NaN,NaN,NaN,NaN,NaN,NaN,NaN,NaN,NaN,NaN,NaN,NaN,NaN,NaN,NaN,NaN
03-Jun-2002,NaN,NaN,NaN,NaN,NaN,NaN,NaN,NaN,NaN,NaN,NaN,NaN,NaN,NaN,NaN,NaN,NaN,NaN,NaN,NaN,NaN,NaN,NaN,NaN
04-Jun-2002,NaN,NaN,NaN,NaN,NaN,NaN,NaN,NaN,NaN,NaN,NaN,NaN,NaN,NaN,NaN,NaN,NaN,NaN,NaN,NaN,NaN,NaN,NaN,NaN
05-Jun-2002,NaN,NaN,NaN,NaN,NaN,NaN,NaN,NaN,NaN,NaN,NaN,NaN,NaN,NaN,NaN,NaN,NaN,NaN,NaN,NaN,NaN,NaN,NaN,NaN
06-Jun-2002,NaN,NaN,NaN,NaN,NaN,NaN,NaN,NaN,NaN,NaN,NaN,NaN,NaN,NaN,NaN,NaN,NaN,NaN,NaN,NaN,NaN,NaN,NaN,NaN
07-Jun-2002,NaN,NaN,NaN,NaN,NaN,NaN,NaN,NaN,NaN,NaN,NaN,NaN,NaN,NaN,NaN,NaN,NaN,NaN,NaN,NaN,NaN,NaN,NaN,NaN
10-Jun-2002,NaN,NaN,NaN,NaN,NaN,NaN,NaN,NaN,NaN,NaN,NaN,NaN,NaN,NaN,NaN,NaN,NaN,NaN,NaN,NaN,NaN,NaN,NaN,NaN
11-Jun-2002,NaN,NaN,NaN,NaN,NaN,NaN,NaN,NaN,NaN,NaN,NaN,NaN,NaN,NaN,NaN,NaN,NaN,NaN,NaN,NaN,NaN,NaN,NaN,NaN
12-Jun-2002,NaN,NaN,NaN,NaN,NaN,NaN,NaN,NaN,NaN,NaN,NaN,NaN,NaN,NaN,NaN,NaN,NaN,NaN,NaN,NaN,NaN,NaN,NaN,NaN
13-Jun-2002,NaN,NaN,NaN,NaN,NaN,NaN,NaN,NaN,NaN,NaN,NaN,NaN,NaN,NaN,NaN,NaN,NaN,NaN,NaN,NaN,NaN,NaN,NaN,NaN
14-Jun-2002,NaN,NaN,NaN,NaN,NaN,NaN,NaN,NaN,NaN,NaN,NaN,NaN,NaN,NaN,NaN,NaN,NaN,NaN,NaN,NaN,NaN,NaN,NaN,NaN
17-Jun-2002,NaN,NaN,NaN,NaN,NaN,NaN,NaN,NaN,NaN,NaN,NaN,NaN,NaN,NaN,NaN,NaN,NaN,NaN,NaN,NaN,NaN,NaN,NaN,NaN
18-Jun-2002,NaN,NaN,NaN,NaN,NaN,NaN,NaN,NaN,NaN,NaN,NaN,NaN,NaN,NaN,NaN,NaN,NaN,NaN,NaN,NaN,NaN,NaN,NaN,NaN
19-Jun-2002,NaN,NaN,NaN,NaN,NaN,NaN,NaN,NaN,NaN,NaN,NaN,NaN,NaN,NaN,NaN,NaN,NaN,NaN,NaN,NaN,NaN,NaN,NaN,NaN
20-Jun-2002,NaN,NaN,NaN,NaN,NaN,NaN,NaN,NaN,NaN,NaN,NaN,NaN,NaN,NaN,NaN,NaN,NaN,NaN,NaN,NaN,NaN,NaN,NaN,NaN
21-Jun-2002,NaN,NaN,NaN,NaN,NaN,NaN,NaN,NaN,NaN,NaN,NaN,NaN,NaN,NaN,NaN,NaN,NaN,NaN,NaN,NaN,NaN,NaN,NaN,NaN
24-Jun-2002,NaN,NaN,NaN,NaN,NaN,NaN,NaN,NaN,NaN,NaN,NaN,NaN,NaN,NaN,NaN,NaN,NaN,NaN,NaN,NaN,NaN,NaN,NaN,NaN
25-Jun-2002,NaN,NaN,NaN,NaN,NaN,NaN,NaN,NaN,NaN,NaN,NaN,NaN,NaN,NaN,NaN,NaN,NaN,NaN,NaN,NaN,NaN,NaN,NaN,NaN
26-Jun-2002,NaN,NaN,NaN,NaN,NaN,NaN,NaN,NaN,NaN,NaN,NaN,NaN,NaN,NaN,NaN,NaN,NaN,NaN,NaN,NaN,NaN,NaN,NaN,NaN
27-Jun-2002,NaN,NaN,NaN,NaN,NaN,NaN,NaN,NaN,NaN,NaN,NaN,NaN,NaN,NaN,NaN,NaN,NaN,NaN,NaN,NaN,NaN,NaN,NaN,NaN
28-Jun-2002,NaN,NaN,NaN,NaN,NaN,NaN,NaN,NaN,NaN,NaN,NaN,NaN,NaN,NaN,NaN,NaN,NaN,NaN,NaN,NaN,NaN,NaN,NaN,NaN
01-Jul-2002,NaN,NaN,NaN,NaN,NaN,NaN,NaN,NaN,NaN,NaN,NaN,NaN,NaN,NaN,NaN,NaN,NaN,NaN,NaN,NaN,NaN,NaN,NaN,NaN
02-Jul-2002,NaN,NaN,NaN,NaN,NaN,NaN,NaN,NaN,NaN,NaN,NaN,NaN,NaN,NaN,NaN,NaN,NaN,NaN,NaN,NaN,NaN,NaN,NaN,NaN
03-Jul-2002,NaN,NaN,NaN,NaN,NaN,NaN,NaN,NaN,NaN,NaN,NaN,NaN,NaN,NaN,NaN,NaN,NaN,NaN,NaN,NaN,NaN,NaN,NaN,NaN
04-Jul-2002,NaN,NaN,NaN,NaN,NaN,NaN,NaN,NaN,NaN,NaN,NaN,NaN,NaN,NaN,NaN,NaN,NaN,NaN,NaN,NaN,NaN,NaN,NaN,NaN
05-Jul-2002,NaN,NaN,NaN,NaN,NaN,NaN,NaN,NaN,NaN,NaN,NaN,NaN,NaN,NaN,NaN,NaN,NaN,NaN,NaN,NaN,NaN,NaN,NaN,NaN
08-Jul-2002,NaN,NaN,NaN,NaN,NaN,NaN,NaN,NaN,NaN,NaN,NaN,NaN,NaN,NaN,NaN,NaN,NaN,NaN,NaN,NaN,NaN,NaN,NaN,NaN
09-Jul-2002,NaN,NaN,NaN,NaN,NaN,NaN,NaN,NaN,NaN,NaN,NaN,NaN,NaN,NaN,NaN,NaN,NaN,NaN,NaN,NaN,NaN,NaN,NaN,NaN
10-Jul-2002,NaN,NaN,NaN,NaN,NaN,NaN,NaN,NaN,NaN,NaN,NaN,NaN,NaN,NaN,NaN,NaN,NaN,NaN,NaN,NaN,NaN,NaN,NaN,NaN
11-Jul-2002,NaN,NaN,NaN,NaN,NaN,NaN,NaN,NaN,NaN,NaN,NaN,NaN,NaN,NaN,NaN,NaN,NaN,NaN,NaN,NaN,NaN,NaN,NaN,NaN
12-Jul-2002,NaN,NaN,NaN,NaN,NaN,NaN,NaN,NaN,NaN,NaN,NaN,NaN,NaN,NaN,NaN,NaN,NaN,NaN,NaN,NaN,NaN,NaN,NaN,NaN
15-Jul-2002,NaN,NaN,NaN,NaN,NaN,NaN,NaN,NaN,NaN,NaN,NaN,NaN,NaN,NaN,NaN,NaN,NaN,NaN,NaN,NaN,NaN,NaN,NaN,NaN
16-Jul-2002,NaN,NaN,NaN,NaN,NaN,NaN,NaN,NaN,NaN,NaN,NaN,NaN,NaN,NaN,NaN,NaN,NaN,NaN,NaN,NaN,NaN,NaN,NaN,NaN
17-Jul-2002,NaN,NaN,NaN,NaN,NaN,NaN,NaN,NaN,NaN,NaN,NaN,NaN,NaN,NaN,NaN,NaN,NaN,NaN,NaN,NaN,NaN,NaN,NaN,NaN
18-Jul-2002,NaN,NaN,NaN,NaN,NaN,NaN,NaN,NaN,NaN,NaN,NaN,NaN,NaN,NaN,NaN,NaN,NaN,NaN,NaN,NaN,NaN,NaN,NaN,NaN
19-Jul-2002,NaN,NaN,NaN,NaN,NaN,NaN,NaN,NaN,NaN,NaN,NaN,NaN,NaN,NaN,NaN,NaN,NaN,NaN,NaN,NaN,NaN,NaN,NaN,NaN
22-Jul-2002,NaN,NaN,NaN,NaN,NaN,NaN,NaN,NaN,NaN,NaN,NaN,NaN,NaN,NaN,NaN,NaN,NaN,NaN,NaN,NaN,NaN,NaN,NaN,NaN
23-Jul-2002,NaN,NaN,NaN,NaN,NaN,NaN,NaN,NaN,NaN,NaN,NaN,NaN,NaN,NaN,NaN,NaN,NaN,NaN,NaN,NaN,NaN,NaN,NaN,NaN
24-Jul-2002,NaN,NaN,NaN,NaN,NaN,NaN,NaN,NaN,NaN,NaN,NaN,NaN,NaN,NaN,NaN,NaN,NaN,NaN,NaN,NaN,NaN,NaN,NaN,NaN
25-Jul-2002,NaN,NaN,NaN,NaN,NaN,NaN,NaN,NaN,NaN,NaN,NaN,NaN,NaN,NaN,NaN,NaN,NaN,NaN,NaN,NaN,NaN,NaN,NaN,NaN
26-Jul-2002,NaN,NaN,NaN,NaN,NaN,NaN,NaN,NaN,NaN,NaN,NaN,NaN,NaN,NaN,NaN,NaN,NaN,NaN,NaN,NaN,NaN,NaN,NaN,NaN
29-Jul-2002,NaN,NaN,NaN,NaN,NaN,NaN,NaN,NaN,NaN,NaN,NaN,NaN,NaN,NaN,NaN,NaN,NaN,NaN,NaN,NaN,NaN,NaN,NaN,NaN
30-Jul-2002,NaN,NaN,NaN,NaN,NaN,NaN,NaN,NaN,NaN,NaN,NaN,NaN,NaN,NaN,NaN,NaN,NaN,NaN,NaN,NaN,NaN,NaN,NaN,NaN
31-Jul-2002,NaN,NaN,NaN,NaN,NaN,NaN,NaN,NaN,NaN,NaN,NaN,NaN,NaN,NaN,NaN,NaN,NaN,NaN,NaN,NaN,NaN,NaN,NaN,NaN
01-Aug-2002,NaN,NaN,NaN,NaN,NaN,NaN,NaN,NaN,NaN,NaN,NaN,NaN,NaN,NaN,NaN,NaN,NaN,NaN,NaN,NaN,NaN,NaN,NaN,NaN
02-Aug-2002,NaN,NaN,NaN,NaN,NaN,NaN,NaN,NaN,NaN,NaN,NaN,NaN,NaN,NaN,NaN,NaN,NaN,NaN,NaN,NaN,NaN,NaN,NaN,NaN
05-Aug-2002,NaN,NaN,NaN,NaN,NaN,NaN,NaN,NaN,NaN,NaN,NaN,NaN,NaN,NaN,NaN,NaN,NaN,NaN,NaN,NaN,NaN,NaN,NaN,NaN
06-Aug-2002,NaN,NaN,NaN,NaN,NaN,NaN,NaN,NaN,NaN,NaN,NaN,NaN,NaN,NaN,NaN,NaN,NaN,NaN,NaN,NaN,NaN,NaN,NaN,NaN
07-Aug-2002,NaN,NaN,NaN,NaN,NaN,NaN,NaN,NaN,NaN,NaN,NaN,NaN,NaN,NaN,NaN,NaN,NaN,NaN,NaN,NaN,NaN,NaN,NaN,NaN
08-Aug-2002,NaN,NaN,NaN,NaN,NaN,NaN,NaN,NaN,NaN,NaN,NaN,NaN,NaN,NaN,NaN,NaN,NaN,NaN,NaN,NaN,NaN,NaN,NaN,NaN
09-Aug-2002,NaN,NaN,NaN,NaN,NaN,NaN,NaN,NaN,NaN,NaN,NaN,NaN,NaN,NaN,NaN,NaN,NaN,NaN,NaN,NaN,NaN,NaN,NaN,NaN
12-Aug-2002,NaN,NaN,NaN,NaN,NaN,NaN,NaN,NaN,NaN,NaN,NaN,NaN,NaN,NaN,NaN,NaN,NaN,NaN,NaN,NaN,NaN,NaN,NaN,NaN
13-Aug-2002,NaN,NaN,NaN,NaN,NaN,NaN,NaN,NaN,NaN,NaN,NaN,NaN,NaN,NaN,NaN,NaN,NaN,NaN,NaN,NaN,NaN,NaN,NaN,NaN
14-Aug-2002,NaN,NaN,NaN,NaN,NaN,NaN,NaN,NaN,NaN,NaN,NaN,NaN,NaN,NaN,NaN,NaN,NaN,NaN,NaN,NaN,NaN,NaN,NaN,NaN
15-Aug-2002,NaN,NaN,NaN,NaN,NaN,NaN,NaN,NaN,NaN,NaN,NaN,NaN,NaN,NaN,NaN,NaN,NaN,NaN,NaN,NaN,NaN,NaN,NaN,NaN
16-Aug-2002,NaN,NaN,NaN,NaN,NaN,NaN,NaN,NaN,NaN,NaN,NaN,NaN,NaN,NaN,NaN,NaN,NaN,NaN,NaN,NaN,NaN,NaN,NaN,NaN
19-Aug-2002,NaN,NaN,NaN,NaN,NaN,NaN,NaN,NaN,NaN,NaN,NaN,NaN,NaN,NaN,NaN,NaN,NaN,NaN,NaN,NaN,NaN,NaN,NaN,NaN
20-Aug-2002,NaN,NaN,NaN,NaN,NaN,NaN,NaN,NaN,NaN,NaN,NaN,NaN,NaN,NaN,NaN,NaN,NaN,NaN,NaN,NaN,NaN,NaN,NaN,NaN
21-Aug-2002,NaN,NaN,NaN,NaN,NaN,NaN,NaN,NaN,NaN,NaN,NaN,NaN,NaN,NaN,NaN,NaN,NaN,NaN,NaN,NaN,NaN,NaN,NaN,NaN
22-Aug-2002,NaN,NaN,NaN,NaN,NaN,NaN,NaN,NaN,NaN,NaN,NaN,NaN,NaN,NaN,NaN,NaN,NaN,NaN,NaN,NaN,NaN,NaN,NaN,NaN
23-Aug-2002,NaN,NaN,NaN,NaN,NaN,NaN,NaN,NaN,NaN,NaN,NaN,NaN,NaN,NaN,NaN,NaN,NaN,NaN,NaN,NaN,NaN,NaN,NaN,NaN
26-Aug-2002,NaN,NaN,NaN,NaN,NaN,NaN,NaN,NaN,NaN,NaN,NaN,NaN,NaN,NaN,NaN,NaN,NaN,NaN,NaN,NaN,NaN,NaN,NaN,NaN
27-Aug-2002,NaN,NaN,NaN,NaN,NaN,NaN,NaN,NaN,NaN,NaN,NaN,NaN,NaN,NaN,NaN,NaN,NaN,NaN,NaN,NaN,NaN,NaN,NaN,NaN
28-Aug-2002,NaN,NaN,NaN,NaN,NaN,NaN,NaN,NaN,NaN,NaN,NaN,NaN,NaN,NaN,NaN,NaN,NaN,NaN,NaN,NaN,NaN,NaN,NaN,NaN
29-Aug-2002,NaN,NaN,NaN,NaN,NaN,NaN,NaN,NaN,NaN,NaN,NaN,NaN,NaN,NaN,NaN,NaN,NaN,NaN,NaN,NaN,NaN,NaN,NaN,NaN
30-Aug-2002,NaN,NaN,NaN,NaN,NaN,NaN,NaN,NaN,NaN,NaN,NaN,NaN,NaN,NaN,NaN,NaN,NaN,NaN,NaN,NaN,NaN,NaN,NaN,NaN
02-Sep-2002,NaN,NaN,NaN,NaN,NaN,NaN,NaN,NaN,NaN,NaN,NaN,NaN,NaN,NaN,NaN,NaN,NaN,NaN,NaN,NaN,NaN,NaN,NaN,NaN
03-Sep-2002,NaN,NaN,NaN,NaN,NaN,NaN,NaN,NaN,NaN,NaN,NaN,NaN,NaN,NaN,NaN,NaN,NaN,NaN,NaN,NaN,NaN,NaN,NaN,NaN
04-Sep-2002,NaN,NaN,NaN,NaN,NaN,NaN,NaN,NaN,NaN,NaN,NaN,NaN,NaN,NaN,NaN,NaN,NaN,NaN,NaN,NaN,NaN,NaN,NaN,NaN
05-Sep-2002,NaN,NaN,NaN,NaN,NaN,NaN,NaN,NaN,NaN,NaN,NaN,NaN,NaN,NaN,NaN,NaN,NaN,NaN,NaN,NaN,NaN,NaN,NaN,NaN
06-Sep-2002,NaN,NaN,NaN,NaN,NaN,NaN,NaN,NaN,NaN,NaN,NaN,NaN,NaN,NaN,NaN,NaN,NaN,NaN,NaN,NaN,NaN,NaN,NaN,NaN
09-Sep-2002,NaN,NaN,NaN,NaN,NaN,NaN,NaN,NaN,NaN,NaN,NaN,NaN,NaN,NaN,NaN,NaN,NaN,NaN,NaN,NaN,NaN,NaN,NaN,NaN
10-Sep-2002,NaN,NaN,NaN,NaN,NaN,NaN,NaN,NaN,NaN,NaN,NaN,NaN,NaN,NaN,NaN,NaN,NaN,NaN,NaN,NaN,NaN,NaN,NaN,NaN
11-Sep-2002,NaN,NaN,NaN,NaN,NaN,NaN,NaN,NaN,NaN,NaN,NaN,NaN,NaN,NaN,NaN,NaN,NaN,NaN,NaN,NaN,NaN,NaN,NaN,NaN
12-Sep-2002,NaN,NaN,NaN,NaN,NaN,NaN,NaN,NaN,NaN,NaN,NaN,NaN,NaN,NaN,NaN,NaN,NaN,NaN,NaN,NaN,NaN,NaN,NaN,NaN
13-Sep-2002,NaN,NaN,NaN,NaN,NaN,NaN,NaN,NaN,NaN,NaN,NaN,NaN,NaN,NaN,NaN,NaN,NaN,NaN,NaN,NaN,NaN,NaN,NaN,NaN
16-Sep-2002,NaN,NaN,NaN,NaN,NaN,NaN,NaN,NaN,NaN,NaN,NaN,NaN,NaN,NaN,NaN,NaN,NaN,NaN,NaN,NaN,NaN,NaN,NaN,NaN
17-Sep-2002,NaN,NaN,NaN,NaN,NaN,NaN,NaN,NaN,NaN,NaN,NaN,NaN,NaN,NaN,NaN,NaN,NaN,NaN,NaN,NaN,NaN,NaN,NaN,NaN
18-Sep-2002,NaN,NaN,NaN,NaN,NaN,NaN,NaN,NaN,NaN,NaN,NaN,NaN,NaN,NaN,NaN,NaN,NaN,NaN,NaN,NaN,NaN,NaN,NaN,NaN
19-Sep-2002,NaN,NaN,NaN,NaN,NaN,NaN,NaN,NaN,NaN,NaN,NaN,NaN,NaN,NaN,NaN,NaN,NaN,NaN,NaN,NaN,NaN,NaN,NaN,NaN
20-Sep-2002,NaN,NaN,NaN,NaN,NaN,NaN,NaN,NaN,NaN,NaN,NaN,NaN,NaN,NaN,NaN,NaN,NaN,NaN,NaN,NaN,NaN,NaN,NaN,NaN
23-Sep-2002,NaN,NaN,NaN,NaN,NaN,NaN,NaN,NaN,NaN,NaN,NaN,NaN,NaN,NaN,NaN,NaN,NaN,NaN,NaN,NaN,NaN,NaN,NaN,NaN
24-Sep-2002,NaN,NaN,NaN,NaN,NaN,NaN,NaN,NaN,NaN,NaN,NaN,NaN,NaN,NaN,NaN,NaN,NaN,NaN,NaN,NaN,NaN,NaN,NaN,NaN
25-Sep-2002,NaN,NaN,NaN,NaN,NaN,NaN,NaN,NaN,NaN,NaN,NaN,NaN,NaN,NaN,NaN,NaN,NaN,NaN,NaN,NaN,NaN,NaN,NaN,NaN
26-Sep-2002,NaN,NaN,NaN,NaN,NaN,NaN,NaN,NaN,NaN,NaN,NaN,NaN,NaN,NaN,NaN,NaN,NaN,NaN,NaN,NaN,NaN,NaN,NaN,NaN
27-Sep-2002,NaN,NaN,NaN,NaN,NaN,NaN,NaN,NaN,NaN,NaN,NaN,NaN,NaN,NaN,NaN,NaN,NaN,NaN,NaN,NaN,NaN,NaN,NaN,NaN
30-Sep-2002,NaN,NaN,NaN,NaN,NaN,NaN,NaN,NaN,NaN,NaN,NaN,NaN,NaN,NaN,NaN,NaN,NaN,NaN,NaN,NaN,NaN,NaN,NaN,NaN
01-Oct-2002,NaN,NaN,NaN,NaN,NaN,NaN,NaN,NaN,NaN,NaN,NaN,NaN,NaN,NaN,NaN,NaN,NaN,NaN,NaN,NaN,NaN,NaN,NaN,NaN
02-Oct-2002,NaN,NaN,NaN,NaN,NaN,NaN,NaN,NaN,NaN,NaN,NaN,NaN,NaN,NaN,NaN,NaN,NaN,NaN,NaN,NaN,NaN,NaN,NaN,NaN
03-Oct-2002,NaN,NaN,NaN,NaN,NaN,NaN,NaN,NaN,NaN,NaN,NaN,NaN,NaN,NaN,NaN,NaN,NaN,NaN,NaN,NaN,NaN,NaN,NaN,NaN
04-Oct-2002,NaN,NaN,NaN,NaN,NaN,NaN,NaN,NaN,NaN,NaN,NaN,NaN,NaN,NaN,NaN,NaN,NaN,NaN,NaN,NaN,NaN,NaN,NaN,NaN
07-Oct-2002,NaN,NaN,NaN,NaN,NaN,NaN,NaN,NaN,NaN,NaN,NaN,NaN,NaN,NaN,NaN,NaN,NaN,NaN,NaN,NaN,NaN,NaN,NaN,NaN
08-Oct-2002,NaN,NaN,NaN,NaN,NaN,NaN,NaN,NaN,NaN,NaN,NaN,NaN,NaN,NaN,NaN,NaN,NaN,NaN,NaN,NaN,NaN,NaN,NaN,NaN
09-Oct-2002,NaN,NaN,NaN,NaN,NaN,NaN,NaN,NaN,NaN,NaN,NaN,NaN,NaN,NaN,NaN,NaN,NaN,NaN,NaN,NaN,NaN,NaN,NaN,NaN
10-Oct-2002,NaN,NaN,NaN,NaN,NaN,NaN,NaN,NaN,NaN,NaN,NaN,NaN,NaN,NaN,NaN,NaN,NaN,NaN,NaN,NaN,NaN,NaN,NaN,NaN
11-Oct-2002,NaN,NaN,NaN,NaN,NaN,NaN,NaN,NaN,NaN,NaN,NaN,NaN,NaN,NaN,NaN,NaN,NaN,NaN,NaN,NaN,NaN,NaN,NaN,NaN
14-Oct-2002,NaN,NaN,NaN,NaN,NaN,NaN,NaN,NaN,NaN,NaN,NaN,NaN,NaN,NaN,NaN,NaN,NaN,NaN,NaN,NaN,NaN,NaN,NaN,NaN
15-Oct-2002,NaN,NaN,NaN,NaN,NaN,NaN,NaN,NaN,NaN,NaN,NaN,NaN,NaN,NaN,NaN,NaN,NaN,NaN,NaN,NaN,NaN,NaN,NaN,NaN
16-Oct-2002,NaN,NaN,NaN,NaN,NaN,NaN,NaN,NaN,NaN,NaN,NaN,NaN,NaN,NaN,NaN,NaN,NaN,NaN,NaN,NaN,NaN,NaN,NaN,NaN
17-Oct-2002,NaN,NaN,NaN,NaN,NaN,NaN,NaN,NaN,NaN,NaN,NaN,NaN,NaN,NaN,NaN,NaN,NaN,NaN,NaN,NaN,NaN,NaN,NaN,NaN
18-Oct-2002,NaN,NaN,NaN,NaN,NaN,NaN,NaN,NaN,NaN,NaN,NaN,NaN,NaN,NaN,NaN,NaN,NaN,NaN,NaN,NaN,NaN,NaN,NaN,NaN
21-Oct-2002,NaN,NaN,NaN,NaN,NaN,NaN,NaN,NaN,NaN,NaN,NaN,NaN,NaN,NaN,NaN,NaN,NaN,NaN,NaN,NaN,NaN,NaN,NaN,NaN
22-Oct-2002,NaN,NaN,NaN,NaN,NaN,NaN,NaN,NaN,NaN,NaN,NaN,NaN,NaN,NaN,NaN,NaN,NaN,NaN,NaN,NaN,NaN,NaN,NaN,NaN
23-Oct-2002,NaN,NaN,NaN,NaN,NaN,NaN,NaN,NaN,NaN,NaN,NaN,NaN,NaN,NaN,NaN,NaN,NaN,NaN,NaN,NaN,NaN,NaN,NaN,NaN
24-Oct-2002,NaN,NaN,NaN,NaN,NaN,NaN,NaN,NaN,NaN,NaN,NaN,NaN,NaN,NaN,NaN,NaN,NaN,NaN,NaN,NaN,NaN,NaN,NaN,NaN
25-Oct-2002,NaN,NaN,NaN,NaN,NaN,NaN,NaN,NaN,NaN,NaN,NaN,NaN,NaN,NaN,NaN,NaN,NaN,NaN,NaN,NaN,NaN,NaN,NaN,NaN
28-Oct-2002,NaN,NaN,NaN,NaN,NaN,NaN,NaN,NaN,NaN,NaN,NaN,NaN,NaN,NaN,NaN,NaN,NaN,NaN,NaN,NaN,NaN,NaN,NaN,NaN
29-Oct-2002,NaN,NaN,NaN,NaN,NaN,NaN,NaN,NaN,NaN,NaN,NaN,NaN,NaN,NaN,NaN,NaN,NaN,NaN,NaN,NaN,NaN,NaN,NaN,NaN
30-Oct-2002,NaN,NaN,NaN,NaN,NaN,NaN,NaN,NaN,NaN,NaN,NaN,NaN,NaN,NaN,NaN,NaN,NaN,NaN,NaN,NaN,NaN,NaN,NaN,NaN
31-Oct-2002,NaN,NaN,NaN,NaN,NaN,NaN,NaN,NaN,NaN,NaN,NaN,NaN,NaN,NaN,NaN,NaN,NaN,NaN,NaN,NaN,NaN,NaN,NaN,NaN
01-Nov-2002,NaN,NaN,NaN,NaN,NaN,NaN,NaN,NaN,NaN,NaN,NaN,NaN,NaN,NaN,NaN,NaN,NaN,NaN,NaN,NaN,NaN,NaN,NaN,NaN
04-Nov-2002,NaN,NaN,NaN,NaN,NaN,NaN,NaN,NaN,NaN,NaN,NaN,NaN,NaN,NaN,NaN,NaN,NaN,NaN,NaN,NaN,NaN,NaN,NaN,NaN
05-Nov-2002,NaN,NaN,NaN,NaN,NaN,NaN,NaN,NaN,NaN,NaN,NaN,NaN,NaN,NaN,NaN,NaN,NaN,NaN,NaN,NaN,NaN,NaN,NaN,NaN
06-Nov-2002,NaN,NaN,NaN,NaN,NaN,NaN,NaN,NaN,NaN,NaN,NaN,NaN,NaN,NaN,NaN,NaN,NaN,NaN,NaN,NaN,NaN,NaN,NaN,NaN
07-Nov-2002,NaN,NaN,NaN,NaN,NaN,NaN,NaN,NaN,NaN,NaN,NaN,NaN,NaN,NaN,NaN,NaN,NaN,NaN,NaN,NaN,NaN,NaN,NaN,NaN
08-Nov-2002,NaN,NaN,NaN,NaN,NaN,NaN,NaN,NaN,NaN,NaN,NaN,NaN,NaN,NaN,NaN,NaN,NaN,NaN,NaN,NaN,NaN,NaN,NaN,NaN
11-Nov-2002,NaN,NaN,NaN,NaN,NaN,NaN,NaN,NaN,NaN,NaN,NaN,NaN,NaN,NaN,NaN,NaN,NaN,NaN,NaN,NaN,NaN,NaN,NaN,NaN
12-Nov-2002,NaN,NaN,NaN,NaN,NaN,NaN,NaN,NaN,NaN,NaN,NaN,NaN,NaN,NaN,NaN,NaN,NaN,NaN,NaN,NaN,NaN,NaN,NaN,NaN
13-Nov-2002,NaN,NaN,NaN,NaN,NaN,NaN,NaN,NaN,NaN,NaN,NaN,NaN,NaN,NaN,NaN,NaN,NaN,NaN,NaN,NaN,NaN,NaN,NaN,NaN
14-Nov-2002,NaN,NaN,NaN,NaN,NaN,NaN,NaN,NaN,NaN,NaN,NaN,NaN,NaN,NaN,NaN,NaN,NaN,NaN,NaN,NaN,NaN,NaN,NaN,NaN
15-Nov-2002,NaN,NaN,NaN,NaN,NaN,NaN,NaN,NaN,NaN,NaN,NaN,NaN,NaN,NaN,NaN,NaN,NaN,NaN,NaN,NaN,NaN,NaN,NaN,NaN
18-Nov-2002,NaN,NaN,NaN,NaN,NaN,NaN,NaN,NaN,NaN,NaN,NaN,NaN,NaN,NaN,NaN,NaN,NaN,NaN,NaN,NaN,NaN,NaN,NaN,NaN
19-Nov-2002,NaN,NaN,NaN,NaN,NaN,NaN,NaN,NaN,NaN,NaN,NaN,NaN,NaN,NaN,NaN,NaN,NaN,NaN,NaN,NaN,NaN,NaN,NaN,NaN
20-Nov-2002,NaN,NaN,NaN,NaN,NaN,NaN,NaN,NaN,NaN,NaN,NaN,NaN,NaN,NaN,NaN,NaN,NaN,NaN,NaN,NaN,NaN,NaN,NaN,NaN
21-Nov-2002,NaN,NaN,NaN,NaN,NaN,NaN,NaN,NaN,NaN,NaN,NaN,NaN,NaN,NaN,NaN,NaN,NaN,NaN,NaN,NaN,NaN,NaN,NaN,NaN
22-Nov-2002,NaN,NaN,NaN,NaN,NaN,NaN,NaN,NaN,NaN,NaN,NaN,NaN,NaN,NaN,NaN,NaN,NaN,NaN,NaN,NaN,NaN,NaN,NaN,NaN
25-Nov-2002,NaN,NaN,NaN,NaN,NaN,NaN,NaN,NaN,NaN,NaN,NaN,NaN,NaN,NaN,NaN,NaN,NaN,NaN,NaN,NaN,NaN,NaN,NaN,NaN
26-Nov-2002,NaN,NaN,NaN,NaN,NaN,NaN,NaN,NaN,NaN,NaN,NaN,NaN,NaN,NaN,NaN,NaN,NaN,NaN,NaN,NaN,NaN,NaN,NaN,NaN
27-Nov-2002,NaN,NaN,NaN,NaN,NaN,NaN,NaN,NaN,NaN,NaN,NaN,NaN,NaN,NaN,NaN,NaN,NaN,NaN,NaN,NaN,NaN,NaN,NaN,NaN
28-Nov-2002,NaN,NaN,NaN,NaN,NaN,NaN,NaN,NaN,NaN,NaN,NaN,NaN,NaN,NaN,NaN,NaN,NaN,NaN,NaN,NaN,NaN,NaN,NaN,NaN
29-Nov-2002,NaN,NaN,NaN,NaN,NaN,NaN,NaN,NaN,NaN,NaN,NaN,NaN,NaN,NaN,NaN,NaN,NaN,NaN,NaN,NaN,NaN,NaN,NaN,NaN
02-Dec-2002,NaN,NaN,NaN,NaN,NaN,NaN,NaN,NaN,NaN,NaN,NaN,NaN,NaN,NaN,NaN,NaN,NaN,NaN,NaN,NaN,NaN,NaN,NaN,NaN
03-Dec-2002,NaN,NaN,NaN,NaN,NaN,NaN,NaN,NaN,NaN,NaN,NaN,NaN,NaN,NaN,NaN,NaN,NaN,NaN,NaN,NaN,NaN,NaN,NaN,NaN
04-Dec-2002,NaN,NaN,NaN,NaN,NaN,NaN,NaN,NaN,NaN,NaN,NaN,NaN,NaN,NaN,NaN,NaN,NaN,NaN,NaN,NaN,NaN,NaN,NaN,NaN
05-Dec-2002,NaN,NaN,NaN,NaN,NaN,NaN,NaN,NaN,NaN,NaN,NaN,NaN,NaN,NaN,NaN,NaN,NaN,NaN,NaN,NaN,NaN,NaN,NaN,NaN
06-Dec-2002,NaN,NaN,NaN,NaN,NaN,NaN,NaN,NaN,NaN,NaN,NaN,NaN,NaN,NaN,NaN,NaN,NaN,NaN,NaN,NaN,NaN,NaN,NaN,NaN
09-Dec-2002,NaN,NaN,NaN,NaN,NaN,NaN,NaN,NaN,NaN,NaN,NaN,NaN,NaN,NaN,NaN,NaN,NaN,NaN,NaN,NaN,NaN,NaN,NaN,NaN
10-Dec-2002,NaN,NaN,NaN,NaN,NaN,NaN,NaN,NaN,NaN,NaN,NaN,NaN,NaN,NaN,NaN,NaN,NaN,NaN,NaN,NaN,NaN,NaN,NaN,NaN
11-Dec-2002,NaN,NaN,NaN,NaN,NaN,NaN,NaN,NaN,NaN,NaN,NaN,NaN,NaN,NaN,NaN,NaN,NaN,NaN,NaN,NaN,NaN,NaN,NaN,NaN
12-Dec-2002,NaN,NaN,NaN,NaN,NaN,NaN,NaN,NaN,NaN,NaN,NaN,NaN,NaN,NaN,NaN,NaN,NaN,NaN,NaN,NaN,NaN,NaN,NaN,NaN
13-Dec-2002,NaN,NaN,NaN,NaN,NaN,NaN,NaN,NaN,NaN,NaN,NaN,NaN,NaN,NaN,NaN,NaN,NaN,NaN,NaN,NaN,NaN,NaN,NaN,NaN
16-Dec-2002,NaN,NaN,NaN,NaN,NaN,NaN,NaN,NaN,NaN,NaN,NaN,NaN,NaN,NaN,NaN,NaN,NaN,NaN,NaN,NaN,NaN,NaN,NaN,NaN
17-Dec-2002,NaN,NaN,NaN,NaN,NaN,NaN,NaN,NaN,NaN,NaN,NaN,NaN,NaN,NaN,NaN,NaN,NaN,NaN,NaN,NaN,NaN,NaN,NaN,NaN
18-Dec-2002,NaN,NaN,NaN,NaN,NaN,NaN,NaN,NaN,NaN,NaN,NaN,NaN,NaN,NaN,NaN,NaN,NaN,NaN,NaN,NaN,NaN,NaN,NaN,NaN
19-Dec-2002,NaN,NaN,NaN,NaN,NaN,NaN,NaN,NaN,NaN,NaN,NaN,NaN,NaN,NaN,NaN,NaN,NaN,NaN,NaN,NaN,NaN,NaN,NaN,NaN
20-Dec-2002,NaN,NaN,NaN,NaN,NaN,NaN,NaN,NaN,NaN,NaN,NaN,NaN,NaN,NaN,NaN,NaN,NaN,NaN,NaN,NaN,NaN,NaN,NaN,NaN
23-Dec-2002,NaN,NaN,NaN,NaN,NaN,NaN,NaN,NaN,NaN,NaN,NaN,NaN,NaN,NaN,NaN,NaN,NaN,NaN,NaN,NaN,NaN,NaN,NaN,NaN
24-Dec-2002,NaN,NaN,NaN,NaN,NaN,NaN,NaN,NaN,NaN,NaN,NaN,NaN,NaN,NaN,NaN,NaN,NaN,NaN,NaN,NaN,NaN,NaN,NaN,NaN
25-Dec-2002,NaN,NaN,NaN,NaN,NaN,NaN,NaN,NaN,NaN,NaN,NaN,NaN,NaN,NaN,NaN,NaN,NaN,NaN,NaN,NaN,NaN,NaN,NaN,NaN
26-Dec-2002,NaN,NaN,NaN,NaN,NaN,NaN,NaN,NaN,NaN,NaN,NaN,NaN,NaN,NaN,NaN,NaN,NaN,NaN,NaN,NaN,NaN,NaN,NaN,NaN
27-Dec-2002,NaN,NaN,NaN,NaN,NaN,NaN,NaN,NaN,NaN,NaN,NaN,NaN,NaN,NaN,NaN,NaN,NaN,NaN,NaN,NaN,NaN,NaN,NaN,NaN
30-Dec-2002,NaN,NaN,NaN,NaN,NaN,NaN,NaN,NaN,NaN,NaN,NaN,NaN,NaN,NaN,NaN,NaN,NaN,NaN,NaN,NaN,NaN,NaN,NaN,NaN
31-Dec-2002,NaN,NaN,NaN,NaN,NaN,NaN,NaN,NaN,NaN,NaN,NaN,NaN,NaN,NaN,NaN,NaN,NaN,NaN,NaN,NaN,NaN,NaN,NaN,NaN
01-Jan-2003,NaN,NaN,NaN,NaN,NaN,NaN,NaN,NaN,NaN,NaN,NaN,NaN,NaN,NaN,NaN,NaN,NaN,NaN,NaN,NaN,NaN,NaN,NaN,NaN
02-Jan-2003,NaN,NaN,NaN,NaN,NaN,NaN,NaN,NaN,NaN,NaN,NaN,NaN,NaN,NaN,NaN,NaN,NaN,NaN,NaN,NaN,NaN,NaN,NaN,NaN
03-Jan-2003,NaN,NaN,NaN,NaN,NaN,NaN,NaN,NaN,NaN,NaN,NaN,NaN,NaN,NaN,NaN,NaN,NaN,NaN,NaN,NaN,NaN,NaN,NaN,NaN
06-Jan-2003,NaN,NaN,NaN,NaN,NaN,NaN,NaN,NaN,NaN,NaN,NaN,NaN,NaN,NaN,NaN,NaN,NaN,NaN,NaN,NaN,NaN,NaN,NaN,NaN
07-Jan-2003,NaN,NaN,NaN,NaN,NaN,NaN,NaN,NaN,NaN,NaN,NaN,NaN,NaN,NaN,NaN,NaN,NaN,NaN,NaN,NaN,NaN,NaN,NaN,NaN
08-Jan-2003,NaN,NaN,NaN,NaN,NaN,NaN,NaN,NaN,NaN,NaN,NaN,NaN,NaN,NaN,NaN,NaN,NaN,NaN,NaN,NaN,NaN,NaN,NaN,NaN
09-Jan-2003,NaN,NaN,NaN,NaN,NaN,NaN,NaN,NaN,NaN,NaN,NaN,NaN,NaN,NaN,NaN,NaN,NaN,NaN,NaN,NaN,NaN,NaN,NaN,NaN
10-Jan-2003,NaN,NaN,NaN,NaN,NaN,NaN,NaN,NaN,NaN,NaN,NaN,NaN,NaN,NaN,NaN,NaN,NaN,NaN,NaN,NaN,NaN,NaN,NaN,NaN
13-Jan-2003,NaN,NaN,NaN,NaN,NaN,NaN,NaN,NaN,NaN,NaN,NaN,NaN,NaN,NaN,NaN,NaN,NaN,NaN,NaN,NaN,NaN,NaN,NaN,NaN
14-Jan-2003,NaN,NaN,NaN,NaN,NaN,NaN,NaN,NaN,NaN,NaN,NaN,NaN,NaN,NaN,NaN,NaN,NaN,NaN,NaN,NaN,NaN,NaN,NaN,NaN
15-Jan-2003,NaN,NaN,NaN,NaN,NaN,NaN,NaN,NaN,NaN,NaN,NaN,NaN,NaN,NaN,NaN,NaN,NaN,NaN,NaN,NaN,NaN,NaN,NaN,NaN
16-Jan-2003,NaN,NaN,NaN,NaN,NaN,NaN,NaN,NaN,NaN,NaN,NaN,NaN,NaN,NaN,NaN,NaN,NaN,NaN,NaN,NaN,NaN,NaN,NaN,NaN
17-Jan-2003,NaN,NaN,NaN,NaN,NaN,NaN,NaN,NaN,NaN,NaN,NaN,NaN,NaN,NaN,NaN,NaN,NaN,NaN,NaN,NaN,NaN,NaN,NaN,NaN
20-Jan-2003,NaN,NaN,NaN,NaN,NaN,NaN,NaN,NaN,NaN,NaN,NaN,NaN,NaN,NaN,NaN,NaN,NaN,NaN,NaN,NaN,NaN,NaN,NaN,NaN
21-Jan-2003,NaN,NaN,NaN,NaN,NaN,NaN,NaN,NaN,NaN,NaN,NaN,NaN,NaN,NaN,NaN,NaN,NaN,NaN,NaN,NaN,NaN,NaN,NaN,NaN
22-Jan-2003,NaN,NaN,NaN,NaN,NaN,NaN,NaN,NaN,NaN,NaN,NaN,NaN,NaN,NaN,NaN,NaN,NaN,NaN,NaN,NaN,NaN,NaN,NaN,NaN
23-Jan-2003,NaN,NaN,NaN,NaN,NaN,NaN,NaN,NaN,NaN,NaN,NaN,NaN,NaN,NaN,NaN,NaN,NaN,NaN,NaN,NaN,NaN,NaN,NaN,NaN
24-Jan-2003,NaN,NaN,NaN,NaN,NaN,NaN,NaN,NaN,NaN,NaN,NaN,NaN,NaN,NaN,NaN,NaN,NaN,NaN,NaN,NaN,NaN,NaN,NaN,NaN
27-Jan-2003,NaN,NaN,NaN,NaN,NaN,NaN,NaN,NaN,NaN,NaN,NaN,NaN,NaN,NaN,NaN,NaN,NaN,NaN,NaN,NaN,NaN,NaN,NaN,NaN
28-Jan-2003,NaN,NaN,NaN,NaN,NaN,NaN,NaN,NaN,NaN,NaN,NaN,NaN,NaN,NaN,NaN,NaN,NaN,NaN,NaN,NaN,NaN,NaN,NaN,NaN
29-Jan-2003,NaN,NaN,NaN,NaN,NaN,NaN,NaN,NaN,NaN,NaN,NaN,NaN,NaN,NaN,NaN,NaN,NaN,NaN,NaN,NaN,NaN,NaN,NaN,NaN
30-Jan-2003,NaN,NaN,NaN,NaN,NaN,NaN,NaN,NaN,NaN,NaN,NaN,NaN,NaN,NaN,NaN,NaN,NaN,NaN,NaN,NaN,NaN,NaN,NaN,NaN
31-Jan-2003,NaN,NaN,NaN,NaN,NaN,NaN,NaN,NaN,NaN,NaN,NaN,NaN,NaN,NaN,NaN,NaN,NaN,NaN,NaN,NaN,NaN,NaN,NaN,NaN
03-Feb-2003,NaN,NaN,NaN,NaN,NaN,NaN,NaN,NaN,NaN,NaN,NaN,NaN,NaN,NaN,NaN,NaN,NaN,NaN,NaN,NaN,NaN,NaN,NaN,NaN
04-Feb-2003,NaN,NaN,NaN,NaN,NaN,NaN,NaN,NaN,NaN,NaN,NaN,NaN,NaN,NaN,NaN,NaN,NaN,NaN,NaN,NaN,NaN,NaN,NaN,NaN
05-Feb-2003,NaN,NaN,NaN,NaN,NaN,NaN,NaN,NaN,NaN,NaN,NaN,NaN,NaN,NaN,NaN,NaN,NaN,NaN,NaN,NaN,NaN,NaN,NaN,NaN
06-Feb-2003,NaN,NaN,NaN,NaN,NaN,NaN,NaN,NaN,NaN,NaN,NaN,NaN,NaN,NaN,NaN,NaN,NaN,NaN,NaN,NaN,NaN,NaN,NaN,NaN
07-Feb-2003,NaN,NaN,NaN,NaN,NaN,NaN,NaN,NaN,NaN,NaN,NaN,NaN,NaN,NaN,NaN,NaN,NaN,NaN,NaN,NaN,NaN,NaN,NaN,NaN
10-Feb-2003,NaN,NaN,NaN,NaN,NaN,NaN,NaN,NaN,NaN,NaN,NaN,NaN,NaN,NaN,NaN,NaN,NaN,NaN,NaN,NaN,NaN,NaN,NaN,NaN
11-Feb-2003,NaN,NaN,NaN,NaN,NaN,NaN,NaN,NaN,NaN,NaN,NaN,NaN,NaN,NaN,NaN,NaN,NaN,NaN,NaN,NaN,NaN,NaN,NaN,NaN
12-Feb-2003,NaN,NaN,NaN,NaN,NaN,NaN,NaN,NaN,NaN,NaN,NaN,NaN,NaN,NaN,NaN,NaN,NaN,NaN,NaN,NaN,NaN,NaN,NaN,NaN
13-Feb-2003,NaN,NaN,NaN,NaN,NaN,NaN,NaN,NaN,NaN,NaN,NaN,NaN,NaN,NaN,NaN,NaN,NaN,NaN,NaN,NaN,NaN,NaN,NaN,NaN
14-Feb-2003,NaN,NaN,NaN,NaN,NaN,NaN,NaN,NaN,NaN,NaN,NaN,NaN,NaN,NaN,NaN,NaN,NaN,NaN,NaN,NaN,NaN,NaN,NaN,NaN
17-Feb-2003,NaN,NaN,NaN,NaN,NaN,NaN,NaN,NaN,NaN,NaN,NaN,NaN,NaN,NaN,NaN,NaN,NaN,NaN,NaN,NaN,NaN,NaN,NaN,NaN
18-Feb-2003,NaN,NaN,NaN,NaN,NaN,NaN,NaN,NaN,NaN,NaN,NaN,NaN,NaN,NaN,NaN,NaN,NaN,NaN,NaN,NaN,NaN,NaN,NaN,NaN
19-Feb-2003,NaN,NaN,NaN,NaN,NaN,NaN,NaN,NaN,NaN,NaN,NaN,NaN,NaN,NaN,NaN,NaN,NaN,NaN,NaN,NaN,NaN,NaN,NaN,NaN
20-Feb-2003,NaN,NaN,NaN,NaN,NaN,NaN,NaN,NaN,NaN,NaN,NaN,NaN,NaN,NaN,NaN,NaN,NaN,NaN,NaN,NaN,NaN,NaN,NaN,NaN
21-Feb-2003,NaN,NaN,NaN,NaN,NaN,NaN,NaN,NaN,NaN,NaN,NaN,NaN,NaN,NaN,NaN,NaN,NaN,NaN,NaN,NaN,NaN,NaN,NaN,NaN
24-Feb-2003,NaN,NaN,NaN,NaN,NaN,NaN,NaN,NaN,NaN,NaN,NaN,NaN,NaN,NaN,NaN,NaN,NaN,NaN,NaN,NaN,NaN,NaN,NaN,NaN
25-Feb-2003,NaN,NaN,NaN,NaN,NaN,NaN,NaN,NaN,NaN,NaN,NaN,NaN,NaN,NaN,NaN,NaN,NaN,NaN,NaN,NaN,NaN,NaN,NaN,NaN
26-Feb-2003,NaN,NaN,NaN,NaN,NaN,NaN,NaN,NaN,NaN,NaN,NaN,NaN,NaN,NaN,NaN,NaN,NaN,NaN,NaN,NaN,NaN,NaN,NaN,NaN
27-Feb-2003,NaN,NaN,NaN,NaN,NaN,NaN,NaN,NaN,NaN,NaN,NaN,NaN,NaN,NaN,NaN,NaN,NaN,NaN,NaN,NaN,NaN,NaN,NaN,NaN
28-Feb-2003,NaN,NaN,NaN,NaN,NaN,NaN,NaN,NaN,NaN,NaN,NaN,NaN,NaN,NaN,NaN,NaN,NaN,NaN,NaN,NaN,NaN,NaN,NaN,NaN
03-Mar-2003,NaN,NaN,NaN,NaN,NaN,NaN,NaN,NaN,NaN,NaN,NaN,NaN,NaN,NaN,NaN,NaN,NaN,NaN,NaN,NaN,NaN,NaN,NaN,NaN
04-Mar-2003,NaN,NaN,NaN,NaN,NaN,NaN,NaN,NaN,NaN,NaN,NaN,NaN,NaN,NaN,NaN,NaN,NaN,NaN,NaN,NaN,NaN,NaN,NaN,NaN
05-Mar-2003,NaN,NaN,NaN,NaN,NaN,NaN,NaN,NaN,NaN,NaN,NaN,NaN,NaN,NaN,NaN,NaN,NaN,NaN,NaN,NaN,NaN,NaN,NaN,NaN
06-Mar-2003,NaN,NaN,NaN,NaN,NaN,NaN,NaN,NaN,NaN,NaN,NaN,NaN,NaN,NaN,NaN,NaN,NaN,NaN,NaN,NaN,NaN,NaN,NaN,NaN
07-Mar-2003,NaN,NaN,NaN,NaN,NaN,NaN,NaN,NaN,NaN,NaN,NaN,NaN,NaN,NaN,NaN,NaN,NaN,NaN,NaN,NaN,NaN,NaN,NaN,NaN
10-Mar-2003,NaN,NaN,NaN,NaN,NaN,NaN,NaN,NaN,NaN,NaN,NaN,NaN,NaN,NaN,NaN,NaN,NaN,NaN,NaN,NaN,NaN,NaN,NaN,NaN
11-Mar-2003,NaN,NaN,NaN,NaN,NaN,NaN,NaN,NaN,NaN,NaN,NaN,NaN,NaN,NaN,NaN,NaN,NaN,NaN,NaN,NaN,NaN,NaN,NaN,NaN
12-Mar-2003,NaN,NaN,NaN,NaN,NaN,NaN,NaN,NaN,NaN,NaN,NaN,NaN,NaN,NaN,NaN,NaN,NaN,NaN,NaN,NaN,NaN,NaN,NaN,NaN
13-Mar-2003,NaN,NaN,NaN,NaN,NaN,NaN,NaN,NaN,NaN,NaN,NaN,NaN,NaN,NaN,NaN,NaN,NaN,NaN,NaN,NaN,NaN,NaN,NaN,NaN
14-Mar-2003,NaN,NaN,NaN,NaN,NaN,NaN,NaN,NaN,NaN,NaN,NaN,NaN,NaN,NaN,NaN,NaN,NaN,NaN,NaN,NaN,NaN,NaN,NaN,NaN
17-Mar-2003,NaN,NaN,NaN,NaN,NaN,NaN,NaN,NaN,NaN,NaN,NaN,NaN,NaN,NaN,NaN,NaN,NaN,NaN,NaN,NaN,NaN,NaN,NaN,NaN
18-Mar-2003,NaN,NaN,NaN,NaN,NaN,NaN,NaN,NaN,NaN,NaN,NaN,NaN,NaN,NaN,NaN,NaN,NaN,NaN,NaN,NaN,NaN,NaN,NaN,NaN
19-Mar-2003,NaN,NaN,NaN,NaN,NaN,NaN,NaN,NaN,NaN,NaN,NaN,NaN,NaN,NaN,NaN,NaN,NaN,NaN,NaN,NaN,NaN,NaN,NaN,NaN
20-Mar-2003,NaN,NaN,NaN,NaN,NaN,NaN,NaN,NaN,NaN,NaN,NaN,NaN,NaN,NaN,NaN,NaN,NaN,NaN,NaN,NaN,NaN,NaN,NaN,NaN
21-Mar-2003,NaN,NaN,NaN,NaN,NaN,NaN,NaN,NaN,NaN,NaN,NaN,NaN,NaN,NaN,NaN,NaN,NaN,NaN,NaN,NaN,NaN,NaN,NaN,NaN
24-Mar-2003,NaN,NaN,NaN,NaN,NaN,NaN,NaN,NaN,NaN,NaN,NaN,NaN,NaN,NaN,NaN,NaN,NaN,NaN,NaN,NaN,NaN,NaN,NaN,NaN
25-Mar-2003,NaN,NaN,NaN,NaN,NaN,NaN,NaN,NaN,NaN,NaN,NaN,NaN,NaN,NaN,NaN,NaN,NaN,NaN,NaN,NaN,NaN,NaN,NaN,NaN
26-Mar-2003,NaN,NaN,NaN,NaN,NaN,NaN,NaN,NaN,NaN,NaN,NaN,NaN,NaN,NaN,NaN,NaN,NaN,NaN,NaN,NaN,NaN,NaN,NaN,NaN
27-Mar-2003,NaN,NaN,NaN,NaN,NaN,NaN,NaN,NaN,NaN,NaN,NaN,NaN,NaN,NaN,NaN,NaN,NaN,NaN,NaN,NaN,NaN,NaN,NaN,NaN
28-Mar-2003,NaN,NaN,NaN,NaN,NaN,NaN,NaN,NaN,NaN,NaN,NaN,NaN,NaN,NaN,NaN,NaN,NaN,NaN,NaN,NaN,NaN,NaN,NaN,NaN
31-Mar-2003,NaN,NaN,NaN,NaN,NaN,NaN,NaN,NaN,NaN,NaN,NaN,NaN,NaN,NaN,NaN,NaN,NaN,NaN,NaN,NaN,NaN,NaN,NaN,NaN
01-Apr-2003,NaN,NaN,NaN,NaN,NaN,NaN,NaN,NaN,NaN,NaN,NaN,NaN,NaN,NaN,NaN,NaN,NaN,NaN,NaN,NaN,NaN,NaN,NaN,NaN
02-Apr-2003,NaN,NaN,NaN,NaN,NaN,NaN,NaN,NaN,NaN,NaN,NaN,NaN,NaN,NaN,NaN,NaN,NaN,NaN,NaN,NaN,NaN,NaN,NaN,NaN
03-Apr-2003,NaN,NaN,NaN,NaN,NaN,NaN,NaN,NaN,NaN,NaN,NaN,NaN,NaN,NaN,NaN,NaN,NaN,NaN,NaN,NaN,NaN,NaN,NaN,NaN
04-Apr-2003,NaN,NaN,NaN,NaN,NaN,NaN,NaN,NaN,NaN,NaN,NaN,NaN,NaN,NaN,NaN,NaN,NaN,NaN,NaN,NaN,NaN,NaN,NaN,NaN
07-Apr-2003,NaN,NaN,NaN,NaN,NaN,NaN,NaN,NaN,NaN,NaN,NaN,NaN,NaN,NaN,NaN,NaN,NaN,NaN,NaN,NaN,NaN,NaN,NaN,NaN
08-Apr-2003,NaN,NaN,NaN,NaN,NaN,NaN,NaN,NaN,NaN,NaN,NaN,NaN,NaN,NaN,NaN,NaN,NaN,NaN,NaN,NaN,NaN,NaN,NaN,NaN
09-Apr-2003,NaN,NaN,NaN,NaN,NaN,NaN,NaN,NaN,NaN,NaN,NaN,NaN,NaN,NaN,NaN,NaN,NaN,NaN,NaN,NaN,NaN,NaN,NaN,NaN
10-Apr-2003,NaN,NaN,NaN,NaN,NaN,NaN,NaN,NaN,NaN,NaN,NaN,NaN,NaN,NaN,NaN,NaN,NaN,NaN,NaN,NaN,NaN,NaN,NaN,NaN
11-Apr-2003,NaN,NaN,NaN,NaN,NaN,NaN,NaN,NaN,NaN,NaN,NaN,NaN,NaN,NaN,NaN,NaN,NaN,NaN,NaN,NaN,NaN,NaN,NaN,NaN
14-Apr-2003,NaN,NaN,NaN,NaN,NaN,NaN,NaN,NaN,NaN,NaN,NaN,NaN,NaN,NaN,NaN,NaN,NaN,NaN,NaN,NaN,NaN,NaN,NaN,NaN
15-Apr-2003,NaN,NaN,NaN,NaN,NaN,NaN,NaN,NaN,NaN,NaN,NaN,NaN,NaN,NaN,NaN,NaN,NaN,NaN,NaN,NaN,NaN,NaN,NaN,NaN
16-Apr-2003,NaN,NaN,NaN,NaN,NaN,NaN,NaN,NaN,NaN,NaN,NaN,NaN,NaN,NaN,NaN,NaN,NaN,NaN,NaN,NaN,NaN,NaN,NaN,NaN
17-Apr-2003,NaN,NaN,NaN,NaN,NaN,NaN,NaN,NaN,NaN,NaN,NaN,NaN,NaN,NaN,NaN,NaN,NaN,NaN,NaN,NaN,NaN,NaN,NaN,NaN
18-Apr-2003,NaN,NaN,NaN,NaN,NaN,NaN,NaN,NaN,NaN,NaN,NaN,NaN,NaN,NaN,NaN,NaN,NaN,NaN,NaN,NaN,NaN,NaN,NaN,NaN
21-Apr-2003,NaN,NaN,NaN,NaN,NaN,NaN,NaN,NaN,NaN,NaN,NaN,NaN,NaN,NaN,NaN,NaN,NaN,NaN,NaN,NaN,NaN,NaN,NaN,NaN
22-Apr-2003,NaN,NaN,NaN,NaN,NaN,NaN,NaN,NaN,NaN,NaN,NaN,NaN,NaN,NaN,NaN,NaN,NaN,NaN,NaN,NaN,NaN,NaN,NaN,NaN
23-Apr-2003,NaN,NaN,NaN,NaN,NaN,NaN,NaN,NaN,NaN,NaN,NaN,NaN,NaN,NaN,NaN,NaN,NaN,NaN,NaN,NaN,NaN,NaN,NaN,NaN
24-Apr-2003,NaN,NaN,NaN,NaN,NaN,NaN,NaN,NaN,NaN,NaN,NaN,NaN,NaN,NaN,NaN,NaN,NaN,NaN,NaN,NaN,NaN,NaN,NaN,NaN
25-Apr-2003,NaN,NaN,NaN,NaN,NaN,NaN,NaN,NaN,NaN,NaN,NaN,NaN,NaN,NaN,NaN,NaN,NaN,NaN,NaN,NaN,NaN,NaN,NaN,NaN
28-Apr-2003,NaN,NaN,NaN,NaN,NaN,NaN,NaN,NaN,NaN,NaN,NaN,NaN,NaN,NaN,NaN,NaN,NaN,NaN,NaN,NaN,NaN,NaN,NaN,NaN
29-Apr-2003,NaN,NaN,NaN,NaN,NaN,NaN,NaN,NaN,NaN,NaN,NaN,NaN,NaN,NaN,NaN,NaN,NaN,NaN,NaN,NaN,NaN,NaN,NaN,NaN
30-Apr-2003,NaN,NaN,NaN,NaN,NaN,NaN,NaN,NaN,NaN,NaN,NaN,NaN,NaN,NaN,NaN,NaN,NaN,NaN,NaN,NaN,NaN,NaN,NaN,NaN
01-May-2003,NaN,NaN,NaN,NaN,NaN,NaN,NaN,NaN,NaN,NaN,NaN,NaN,NaN,NaN,NaN,NaN,NaN,NaN,NaN,NaN,NaN,NaN,NaN,NaN
02-May-2003,NaN,NaN,NaN,NaN,NaN,NaN,NaN,NaN,NaN,NaN,NaN,NaN,NaN,NaN,NaN,NaN,NaN,NaN,NaN,NaN,NaN,NaN,NaN,NaN
05-May-2003,NaN,NaN,NaN,NaN,NaN,NaN,NaN,NaN,NaN,NaN,NaN,NaN,NaN,NaN,NaN,NaN,NaN,NaN,NaN,NaN,NaN,NaN,NaN,NaN
06-May-2003,NaN,NaN,NaN,NaN,NaN,NaN,NaN,NaN,NaN,NaN,NaN,NaN,NaN,NaN,NaN,NaN,NaN,NaN,NaN,NaN,NaN,NaN,NaN,NaN
07-May-2003,NaN,NaN,NaN,NaN,NaN,NaN,NaN,NaN,NaN,NaN,NaN,NaN,NaN,NaN,NaN,NaN,NaN,NaN,NaN,NaN,NaN,NaN,NaN,NaN
08-May-2003,NaN,NaN,NaN,NaN,NaN,NaN,NaN,NaN,NaN,NaN,NaN,NaN,NaN,NaN,NaN,NaN,NaN,NaN,NaN,NaN,NaN,NaN,NaN,NaN
09-May-2003,NaN,NaN,NaN,NaN,NaN,NaN,NaN,NaN,NaN,NaN,NaN,NaN,NaN,NaN,NaN,NaN,NaN,NaN,NaN,NaN,NaN,NaN,NaN,NaN
12-May-2003,NaN,NaN,NaN,NaN,NaN,NaN,NaN,NaN,NaN,NaN,NaN,NaN,NaN,NaN,NaN,NaN,NaN,NaN,NaN,NaN,NaN,NaN,NaN,NaN
13-May-2003,NaN,NaN,NaN,NaN,NaN,NaN,NaN,NaN,NaN,NaN,NaN,NaN,NaN,NaN,NaN,NaN,NaN,NaN,NaN,NaN,NaN,NaN,NaN,NaN
14-May-2003,NaN,NaN,NaN,NaN,NaN,NaN,NaN,NaN,NaN,NaN,NaN,NaN,NaN,NaN,NaN,NaN,NaN,NaN,NaN,NaN,NaN,NaN,NaN,NaN
15-May-2003,NaN,NaN,NaN,NaN,NaN,NaN,NaN,NaN,NaN,NaN,NaN,NaN,NaN,NaN,NaN,NaN,NaN,NaN,NaN,NaN,NaN,NaN,NaN,NaN
16-May-2003,NaN,NaN,NaN,NaN,NaN,NaN,NaN,NaN,NaN,NaN,NaN,NaN,NaN,NaN,NaN,NaN,NaN,NaN,NaN,NaN,NaN,NaN,NaN,NaN
19-May-2003,NaN,NaN,NaN,NaN,NaN,NaN,NaN,NaN,NaN,NaN,NaN,NaN,NaN,NaN,NaN,NaN,NaN,NaN,NaN,NaN,NaN,NaN,NaN,NaN
20-May-2003,NaN,NaN,NaN,NaN,NaN,NaN,NaN,NaN,NaN,NaN,NaN,NaN,NaN,NaN,NaN,NaN,NaN,NaN,NaN,NaN,NaN,NaN,NaN,NaN
21-May-2003,NaN,NaN,NaN,NaN,NaN,NaN,NaN,NaN,NaN,NaN,NaN,NaN,NaN,NaN,NaN,NaN,NaN,NaN,NaN,NaN,NaN,NaN,NaN,NaN
22-May-2003,NaN,NaN,NaN,NaN,NaN,NaN,NaN,NaN,NaN,NaN,NaN,NaN,NaN,NaN,NaN,NaN,NaN,NaN,NaN,NaN,NaN,NaN,NaN,NaN
23-May-2003,NaN,NaN,NaN,NaN,NaN,NaN,NaN,NaN,NaN,NaN,NaN,NaN,NaN,NaN,NaN,NaN,NaN,NaN,NaN,NaN,NaN,NaN,NaN,NaN
26-May-2003,NaN,NaN,NaN,NaN,NaN,NaN,NaN,NaN,NaN,NaN,NaN,NaN,NaN,NaN,NaN,NaN,NaN,NaN,NaN,NaN,NaN,NaN,NaN,NaN
27-May-2003,NaN,NaN,NaN,NaN,NaN,NaN,NaN,NaN,NaN,NaN,NaN,NaN,NaN,NaN,NaN,NaN,NaN,NaN,NaN,NaN,NaN,NaN,NaN,NaN
28-May-2003,NaN,NaN,NaN,NaN,NaN,NaN,NaN,NaN,NaN,NaN,NaN,NaN,NaN,NaN,NaN,NaN,NaN,NaN,NaN,NaN,NaN,NaN,NaN,NaN
29-May-2003,NaN,NaN,NaN,NaN,NaN,NaN,NaN,NaN,NaN,NaN,NaN,NaN,NaN,NaN,NaN,NaN,NaN,NaN,NaN,NaN,NaN,NaN,NaN,NaN
30-May-2003,NaN,NaN,NaN,NaN,NaN,NaN,NaN,NaN,NaN,NaN,NaN,NaN,NaN,NaN,NaN,NaN,NaN,NaN,NaN,NaN,NaN,NaN,NaN,NaN
02-Jun-2003,NaN,NaN,NaN,NaN,NaN,NaN,NaN,NaN,NaN,NaN,NaN,NaN,NaN,NaN,NaN,NaN,NaN,NaN,NaN,NaN,NaN,NaN,NaN,NaN
03-Jun-2003,NaN,NaN,NaN,NaN,NaN,NaN,NaN,NaN,NaN,NaN,NaN,NaN,NaN,NaN,NaN,NaN,NaN,NaN,NaN,NaN,NaN,NaN,NaN,NaN
04-Jun-2003,NaN,NaN,NaN,NaN,NaN,NaN,NaN,NaN,NaN,NaN,NaN,NaN,NaN,NaN,NaN,NaN,NaN,NaN,NaN,NaN,NaN,NaN,NaN,NaN
05-Jun-2003,NaN,NaN,NaN,NaN,NaN,NaN,NaN,NaN,NaN,NaN,NaN,NaN,NaN,NaN,NaN,NaN,NaN,NaN,NaN,NaN,NaN,NaN,NaN,NaN
06-Jun-2003,NaN,NaN,NaN,NaN,NaN,NaN,NaN,NaN,NaN,NaN,NaN,NaN,NaN,NaN,NaN,NaN,NaN,NaN,NaN,NaN,NaN,NaN,NaN,NaN
09-Jun-2003,NaN,NaN,NaN,NaN,NaN,NaN,NaN,NaN,NaN,NaN,NaN,NaN,NaN,NaN,NaN,NaN,NaN,NaN,NaN,NaN,NaN,NaN,NaN,NaN
10-Jun-2003,NaN,NaN,NaN,NaN,NaN,NaN,NaN,NaN,NaN,NaN,NaN,NaN,NaN,NaN,NaN,NaN,NaN,NaN,NaN,NaN,NaN,NaN,NaN,NaN
11-Jun-2003,NaN,NaN,NaN,NaN,NaN,NaN,NaN,NaN,NaN,NaN,NaN,NaN,NaN,NaN,NaN,NaN,NaN,NaN,NaN,NaN,NaN,NaN,NaN,NaN
12-Jun-2003,NaN,NaN,NaN,NaN,NaN,NaN,NaN,NaN,NaN,NaN,NaN,NaN,NaN,NaN,NaN,NaN,NaN,NaN,NaN,NaN,NaN,NaN,NaN,NaN
13-Jun-2003,NaN,NaN,NaN,NaN,NaN,NaN,NaN,NaN,NaN,NaN,NaN,NaN,NaN,NaN,NaN,NaN,NaN,NaN,NaN,NaN,NaN,NaN,NaN,NaN
16-Jun-2003,NaN,NaN,NaN,NaN,NaN,NaN,NaN,NaN,NaN,NaN,NaN,NaN,NaN,NaN,NaN,NaN,NaN,NaN,NaN,NaN,NaN,NaN,NaN,NaN
17-Jun-2003,NaN,NaN,NaN,NaN,NaN,NaN,NaN,NaN,NaN,NaN,NaN,NaN,NaN,NaN,NaN,NaN,NaN,NaN,NaN,NaN,NaN,NaN,NaN,NaN
18-Jun-2003,NaN,NaN,NaN,NaN,NaN,NaN,NaN,NaN,NaN,NaN,NaN,NaN,NaN,NaN,NaN,NaN,NaN,NaN,NaN,NaN,NaN,NaN,NaN,NaN
19-Jun-2003,NaN,NaN,NaN,NaN,NaN,NaN,NaN,NaN,NaN,NaN,NaN,NaN,NaN,NaN,NaN,NaN,NaN,NaN,NaN,NaN,NaN,NaN,NaN,NaN
20-Jun-2003,NaN,NaN,NaN,NaN,NaN,NaN,NaN,NaN,NaN,NaN,NaN,NaN,NaN,NaN,NaN,NaN,NaN,NaN,NaN,NaN,NaN,NaN,NaN,NaN
23-Jun-2003,NaN,NaN,NaN,NaN,NaN,NaN,NaN,NaN,NaN,NaN,NaN,NaN,NaN,NaN,NaN,NaN,NaN,NaN,NaN,NaN,NaN,NaN,NaN,NaN
24-Jun-2003,NaN,NaN,NaN,NaN,NaN,NaN,NaN,NaN,NaN,NaN,NaN,NaN,NaN,NaN,NaN,NaN,NaN,NaN,NaN,NaN,NaN,NaN,NaN,NaN
25-Jun-2003,NaN,NaN,NaN,NaN,NaN,NaN,NaN,NaN,NaN,NaN,NaN,NaN,NaN,NaN,NaN,NaN,NaN,NaN,NaN,NaN,NaN,NaN,NaN,NaN
26-Jun-2003,NaN,NaN,NaN,NaN,NaN,NaN,NaN,NaN,NaN,NaN,NaN,NaN,NaN,NaN,NaN,NaN,NaN,NaN,NaN,NaN,NaN,NaN,NaN,NaN
27-Jun-2003,NaN,NaN,NaN,NaN,NaN,NaN,NaN,NaN,NaN,NaN,NaN,NaN,NaN,NaN,NaN,NaN,NaN,NaN,NaN,NaN,NaN,NaN,NaN,NaN
30-Jun-2003,NaN,NaN,NaN,NaN,NaN,NaN,NaN,NaN,NaN,NaN,NaN,NaN,NaN,NaN,NaN,NaN,NaN,NaN,NaN,NaN,NaN,NaN,NaN,NaN
01-Jul-2003,NaN,NaN,NaN,NaN,NaN,NaN,NaN,NaN,NaN,NaN,NaN,NaN,NaN,NaN,NaN,NaN,NaN,NaN,NaN,NaN,NaN,NaN,NaN,NaN
02-Jul-2003,NaN,NaN,NaN,NaN,NaN,NaN,NaN,NaN,NaN,NaN,NaN,NaN,NaN,NaN,NaN,NaN,NaN,NaN,NaN,NaN,NaN,NaN,NaN,NaN
03-Jul-2003,NaN,NaN,NaN,NaN,NaN,NaN,NaN,NaN,NaN,NaN,NaN,NaN,NaN,NaN,NaN,NaN,NaN,NaN,NaN,NaN,NaN,NaN,NaN,NaN
04-Jul-2003,NaN,NaN,NaN,NaN,NaN,NaN,NaN,NaN,NaN,NaN,NaN,NaN,NaN,NaN,NaN,NaN,NaN,NaN,NaN,NaN,NaN,NaN,NaN,NaN
07-Jul-2003,NaN,NaN,NaN,NaN,NaN,NaN,NaN,NaN,NaN,NaN,NaN,NaN,NaN,NaN,NaN,NaN,NaN,NaN,NaN,NaN,NaN,NaN,NaN,NaN
08-Jul-2003,NaN,NaN,NaN,NaN,NaN,NaN,NaN,NaN,NaN,NaN,NaN,NaN,NaN,NaN,NaN,NaN,NaN,NaN,NaN,NaN,NaN,NaN,NaN,NaN
09-Jul-2003,NaN,NaN,NaN,NaN,NaN,NaN,NaN,NaN,NaN,NaN,NaN,NaN,NaN,NaN,NaN,NaN,NaN,NaN,NaN,NaN,NaN,NaN,NaN,NaN
10-Jul-2003,NaN,NaN,NaN,NaN,NaN,NaN,NaN,NaN,NaN,NaN,NaN,NaN,NaN,NaN,NaN,NaN,NaN,NaN,NaN,NaN,NaN,NaN,NaN,NaN
11-Jul-2003,NaN,NaN,NaN,NaN,NaN,NaN,NaN,NaN,NaN,NaN,NaN,NaN,NaN,NaN,NaN,NaN,NaN,NaN,NaN,NaN,NaN,NaN,NaN,NaN
14-Jul-2003,NaN,NaN,NaN,NaN,NaN,NaN,NaN,NaN,NaN,NaN,NaN,NaN,NaN,NaN,NaN,NaN,NaN,NaN,NaN,NaN,NaN,NaN,NaN,NaN
15-Jul-2003,NaN,NaN,NaN,NaN,NaN,NaN,NaN,NaN,NaN,NaN,NaN,NaN,NaN,NaN,NaN,NaN,NaN,NaN,NaN,NaN,NaN,NaN,NaN,NaN
16-Jul-2003,NaN,NaN,NaN,NaN,NaN,NaN,NaN,NaN,NaN,NaN,NaN,NaN,NaN,NaN,NaN,NaN,NaN,NaN,NaN,NaN,NaN,NaN,NaN,NaN
17-Jul-2003,NaN,NaN,NaN,NaN,NaN,NaN,NaN,NaN,NaN,NaN,NaN,NaN,NaN,NaN,NaN,NaN,NaN,NaN,NaN,NaN,NaN,NaN,NaN,NaN
18-Jul-2003,NaN,NaN,NaN,NaN,NaN,NaN,NaN,NaN,NaN,NaN,NaN,NaN,NaN,NaN,NaN,NaN,NaN,NaN,NaN,NaN,NaN,NaN,NaN,NaN
21-Jul-2003,NaN,NaN,NaN,NaN,NaN,NaN,NaN,NaN,NaN,NaN,NaN,NaN,NaN,NaN,NaN,NaN,NaN,NaN,NaN,NaN,NaN,NaN,NaN,NaN
22-Jul-2003,NaN,NaN,NaN,NaN,NaN,NaN,NaN,NaN,NaN,NaN,NaN,NaN,NaN,NaN,NaN,NaN,NaN,NaN,NaN,NaN,NaN,NaN,NaN,NaN
23-Jul-2003,NaN,NaN,NaN,NaN,NaN,NaN,NaN,NaN,NaN,NaN,NaN,NaN,NaN,NaN,NaN,NaN,NaN,NaN,NaN,NaN,NaN,NaN,NaN,NaN
24-Jul-2003,NaN,NaN,NaN,NaN,NaN,NaN,NaN,NaN,NaN,NaN,NaN,NaN,NaN,NaN,NaN,NaN,NaN,NaN,NaN,NaN,NaN,NaN,NaN,NaN
25-Jul-2003,NaN,NaN,NaN,NaN,NaN,NaN,NaN,NaN,NaN,NaN,NaN,NaN,NaN,NaN,NaN,NaN,NaN,NaN,NaN,NaN,NaN,NaN,NaN,NaN
28-Jul-2003,NaN,NaN,NaN,NaN,NaN,NaN,NaN,NaN,NaN,NaN,NaN,NaN,NaN,NaN,NaN,NaN,NaN,NaN,NaN,NaN,NaN,NaN,NaN,NaN
29-Jul-2003,NaN,NaN,NaN,NaN,NaN,NaN,NaN,NaN,NaN,NaN,NaN,NaN,NaN,NaN,NaN,NaN,NaN,NaN,NaN,NaN,NaN,NaN,NaN,NaN
30-Jul-2003,NaN,NaN,NaN,NaN,NaN,NaN,NaN,NaN,NaN,NaN,NaN,NaN,NaN,NaN,NaN,NaN,NaN,NaN,NaN,NaN,NaN,NaN,NaN,NaN
31-Jul-2003,NaN,NaN,NaN,NaN,NaN,NaN,NaN,NaN,NaN,NaN,NaN,NaN,NaN,NaN,NaN,NaN,NaN,NaN,NaN,NaN,NaN,NaN,NaN,NaN
01-Aug-2003,NaN,NaN,NaN,NaN,NaN,NaN,NaN,NaN,NaN,NaN,NaN,NaN,NaN,NaN,NaN,NaN,NaN,NaN,NaN,NaN,NaN,NaN,NaN,NaN
04-Aug-2003,NaN,NaN,NaN,NaN,NaN,NaN,NaN,NaN,NaN,NaN,NaN,NaN,NaN,NaN,NaN,NaN,NaN,NaN,NaN,NaN,NaN,NaN,NaN,NaN
05-Aug-2003,NaN,NaN,NaN,NaN,NaN,NaN,NaN,NaN,NaN,NaN,NaN,NaN,NaN,NaN,NaN,NaN,NaN,NaN,NaN,NaN,NaN,NaN,NaN,NaN
06-Aug-2003,NaN,NaN,NaN,NaN,NaN,NaN,NaN,NaN,NaN,NaN,NaN,NaN,NaN,NaN,NaN,NaN,NaN,NaN,NaN,NaN,NaN,NaN,NaN,NaN
07-Aug-2003,NaN,NaN,NaN,NaN,NaN,NaN,NaN,NaN,NaN,NaN,NaN,NaN,NaN,NaN,NaN,NaN,NaN,NaN,NaN,NaN,NaN,NaN,NaN,NaN
08-Aug-2003,NaN,NaN,NaN,NaN,NaN,NaN,NaN,NaN,NaN,NaN,NaN,NaN,NaN,NaN,NaN,NaN,NaN,NaN,NaN,NaN,NaN,NaN,NaN,NaN
11-Aug-2003,NaN,NaN,NaN,NaN,NaN,NaN,NaN,NaN,NaN,NaN,NaN,NaN,NaN,NaN,NaN,NaN,NaN,NaN,NaN,NaN,NaN,NaN,NaN,NaN
12-Aug-2003,NaN,NaN,NaN,NaN,NaN,NaN,NaN,NaN,NaN,NaN,NaN,NaN,NaN,NaN,NaN,NaN,NaN,NaN,NaN,NaN,NaN,NaN,NaN,NaN
13-Aug-2003,NaN,NaN,NaN,NaN,NaN,NaN,NaN,NaN,NaN,NaN,NaN,NaN,NaN,NaN,NaN,NaN,NaN,NaN,NaN,NaN,NaN,NaN,NaN,NaN
14-Aug-2003,NaN,NaN,NaN,NaN,NaN,NaN,NaN,NaN,NaN,NaN,NaN,NaN,NaN,NaN,NaN,NaN,NaN,NaN,NaN,NaN,NaN,NaN,NaN,NaN
15-Aug-2003,NaN,NaN,NaN,NaN,NaN,NaN,NaN,NaN,NaN,NaN,NaN,NaN,NaN,NaN,NaN,NaN,NaN,NaN,NaN,NaN,NaN,NaN,NaN,NaN
18-Aug-2003,NaN,NaN,NaN,NaN,NaN,NaN,NaN,NaN,NaN,NaN,NaN,NaN,NaN,NaN,NaN,NaN,NaN,NaN,NaN,NaN,NaN,NaN,NaN,NaN
19-Aug-2003,NaN,NaN,NaN,NaN,NaN,NaN,NaN,NaN,NaN,NaN,NaN,NaN,NaN,NaN,NaN,NaN,NaN,NaN,NaN,NaN,NaN,NaN,NaN,NaN
20-Aug-2003,NaN,NaN,NaN,NaN,NaN,NaN,NaN,NaN,NaN,NaN,NaN,NaN,NaN,NaN,NaN,NaN,NaN,NaN,NaN,NaN,NaN,NaN,NaN,NaN
21-Aug-2003,NaN,NaN,NaN,NaN,NaN,NaN,NaN,NaN,NaN,NaN,NaN,NaN,NaN,NaN,NaN,NaN,NaN,NaN,NaN,NaN,NaN,NaN,NaN,NaN
22-Aug-2003,NaN,NaN,NaN,NaN,NaN,NaN,NaN,NaN,NaN,NaN,NaN,NaN,NaN,NaN,NaN,NaN,NaN,NaN,NaN,NaN,NaN,NaN,NaN,NaN
25-Aug-2003,NaN,NaN,NaN,NaN,NaN,NaN,NaN,NaN,NaN,NaN,NaN,NaN,NaN,NaN,NaN,NaN,NaN,NaN,NaN,NaN,NaN,NaN,NaN,NaN
26-Aug-2003,NaN,NaN,NaN,NaN,NaN,NaN,NaN,NaN,NaN,NaN,NaN,NaN,NaN,NaN,NaN,NaN,NaN,NaN,NaN,NaN,NaN,NaN,NaN,NaN
27-Aug-2003,NaN,NaN,NaN,NaN,NaN,NaN,NaN,NaN,NaN,NaN,NaN,NaN,NaN,NaN,NaN,NaN,NaN,NaN,NaN,NaN,NaN,NaN,NaN,NaN
28-Aug-2003,NaN,NaN,NaN,NaN,NaN,NaN,NaN,NaN,NaN,NaN,NaN,NaN,NaN,NaN,NaN,NaN,NaN,NaN,NaN,NaN,NaN,NaN,NaN,NaN
29-Aug-2003,NaN,NaN,NaN,NaN,NaN,NaN,NaN,NaN,NaN,NaN,NaN,NaN,NaN,NaN,NaN,NaN,NaN,NaN,NaN,NaN,NaN,NaN,NaN,NaN
01-Sep-2003,NaN,NaN,NaN,NaN,NaN,NaN,NaN,NaN,NaN,NaN,NaN,NaN,NaN,NaN,NaN,NaN,NaN,NaN,NaN,NaN,NaN,NaN,NaN,NaN
02-Sep-2003,NaN,NaN,NaN,NaN,NaN,NaN,NaN,NaN,NaN,NaN,NaN,NaN,NaN,NaN,NaN,NaN,NaN,NaN,NaN,NaN,NaN,NaN,NaN,NaN
03-Sep-2003,NaN,NaN,NaN,NaN,NaN,NaN,NaN,NaN,NaN,NaN,NaN,NaN,NaN,NaN,NaN,NaN,NaN,NaN,NaN,NaN,NaN,NaN,NaN,NaN
04-Sep-2003,NaN,NaN,NaN,NaN,NaN,NaN,NaN,NaN,NaN,NaN,NaN,NaN,NaN,NaN,NaN,NaN,NaN,NaN,NaN,NaN,NaN,NaN,NaN,NaN
05-Sep-2003,NaN,NaN,NaN,NaN,NaN,NaN,NaN,NaN,NaN,NaN,NaN,NaN,NaN,NaN,NaN,NaN,NaN,NaN,NaN,NaN,NaN,NaN,NaN,NaN
08-Sep-2003,NaN,NaN,NaN,NaN,NaN,NaN,NaN,NaN,NaN,NaN,NaN,NaN,NaN,NaN,NaN,NaN,NaN,NaN,NaN,NaN,NaN,NaN,NaN,NaN
09-Sep-2003,NaN,NaN,NaN,NaN,NaN,NaN,NaN,NaN,NaN,NaN,NaN,NaN,NaN,NaN,NaN,NaN,NaN,NaN,NaN,NaN,NaN,NaN,NaN,NaN
10-Sep-2003,NaN,NaN,NaN,NaN,NaN,NaN,NaN,NaN,NaN,NaN,NaN,NaN,NaN,NaN,NaN,NaN,NaN,NaN,NaN,NaN,NaN,NaN,NaN,NaN
11-Sep-2003,NaN,NaN,NaN,NaN,NaN,NaN,NaN,NaN,NaN,NaN,NaN,NaN,NaN,NaN,NaN,NaN,NaN,NaN,NaN,NaN,NaN,NaN,NaN,NaN
12-Sep-2003,NaN,NaN,NaN,NaN,NaN,NaN,NaN,NaN,NaN,NaN,NaN,NaN,NaN,NaN,NaN,NaN,NaN,NaN,NaN,NaN,NaN,NaN,NaN,NaN
15-Sep-2003,NaN,NaN,NaN,NaN,NaN,NaN,NaN,NaN,NaN,NaN,NaN,NaN,NaN,NaN,NaN,NaN,NaN,NaN,NaN,NaN,NaN,NaN,NaN,NaN
16-Sep-2003,NaN,NaN,NaN,NaN,NaN,NaN,NaN,NaN,NaN,NaN,NaN,NaN,NaN,NaN,NaN,NaN,NaN,NaN,NaN,NaN,NaN,NaN,NaN,NaN
17-Sep-2003,NaN,NaN,NaN,NaN,NaN,NaN,NaN,NaN,NaN,NaN,NaN,NaN,NaN,NaN,NaN,NaN,NaN,NaN,NaN,NaN,NaN,NaN,NaN,NaN
18-Sep-2003,NaN,NaN,NaN,NaN,NaN,NaN,NaN,NaN,NaN,NaN,NaN,NaN,NaN,NaN,NaN,NaN,NaN,NaN,NaN,NaN,NaN,NaN,NaN,NaN
19-Sep-2003,NaN,NaN,NaN,NaN,NaN,NaN,NaN,NaN,NaN,NaN,NaN,NaN,NaN,NaN,NaN,NaN,NaN,NaN,NaN,NaN,NaN,NaN,NaN,NaN
22-Sep-2003,NaN,NaN,NaN,NaN,NaN,NaN,NaN,NaN,NaN,NaN,NaN,NaN,NaN,NaN,NaN,NaN,NaN,NaN,NaN,NaN,NaN,NaN,NaN,NaN
23-Sep-2003,NaN,NaN,NaN,NaN,NaN,NaN,NaN,NaN,NaN,NaN,NaN,NaN,NaN,NaN,NaN,NaN,NaN,NaN,NaN,NaN,NaN,NaN,NaN,NaN
24-Sep-2003,NaN,NaN,NaN,NaN,NaN,NaN,NaN,NaN,NaN,NaN,NaN,NaN,NaN,NaN,NaN,NaN,NaN,NaN,NaN,NaN,NaN,NaN,NaN,NaN
25-Sep-2003,NaN,NaN,NaN,NaN,NaN,NaN,NaN,NaN,NaN,NaN,NaN,NaN,NaN,NaN,NaN,NaN,NaN,NaN,NaN,NaN,NaN,NaN,NaN,NaN
26-Sep-2003,NaN,NaN,NaN,NaN,NaN,NaN,NaN,NaN,NaN,NaN,NaN,NaN,NaN,NaN,NaN,NaN,NaN,NaN,NaN,NaN,NaN,NaN,NaN,NaN
29-Sep-2003,NaN,NaN,NaN,NaN,NaN,NaN,NaN,NaN,NaN,NaN,NaN,NaN,NaN,NaN,NaN,NaN,NaN,NaN,NaN,NaN,NaN,NaN,NaN,NaN
30-Sep-2003,NaN,NaN,NaN,NaN,NaN,NaN,NaN,NaN,NaN,NaN,NaN,NaN,NaN,NaN,NaN,NaN,NaN,NaN,NaN,NaN,NaN,NaN,NaN,NaN
01-Oct-2003,NaN,NaN,NaN,NaN,NaN,NaN,NaN,NaN,NaN,NaN,NaN,NaN,NaN,NaN,NaN,NaN,NaN,NaN,NaN,NaN,NaN,NaN,NaN,NaN
02-Oct-2003,NaN,NaN,NaN,NaN,NaN,NaN,NaN,NaN,NaN,NaN,NaN,NaN,NaN,NaN,NaN,NaN,NaN,NaN,NaN,NaN,NaN,NaN,NaN,NaN
03-Oct-2003,NaN,NaN,NaN,NaN,NaN,NaN,NaN,NaN,NaN,NaN,NaN,NaN,NaN,NaN,NaN,NaN,NaN,NaN,NaN,NaN,NaN,NaN,NaN,NaN
06-Oct-2003,NaN,NaN,NaN,NaN,NaN,NaN,NaN,NaN,NaN,NaN,NaN,NaN,NaN,NaN,NaN,NaN,NaN,NaN,NaN,NaN,NaN,NaN,NaN,NaN
07-Oct-2003,NaN,NaN,NaN,NaN,NaN,NaN,NaN,NaN,NaN,NaN,NaN,NaN,NaN,NaN,NaN,NaN,NaN,NaN,NaN,NaN,NaN,NaN,NaN,NaN
08-Oct-2003,NaN,NaN,NaN,NaN,NaN,NaN,NaN,NaN,NaN,NaN,NaN,NaN,NaN,NaN,NaN,NaN,NaN,NaN,NaN,NaN,NaN,NaN,NaN,NaN
09-Oct-2003,NaN,NaN,NaN,NaN,NaN,NaN,NaN,NaN,NaN,NaN,NaN,NaN,NaN,NaN,NaN,NaN,NaN,NaN,NaN,NaN,NaN,NaN,NaN,NaN
10-Oct-2003,NaN,NaN,NaN,NaN,NaN,NaN,NaN,NaN,NaN,NaN,NaN,NaN,NaN,NaN,NaN,NaN,NaN,NaN,NaN,NaN,NaN,NaN,NaN,NaN
13-Oct-2003,NaN,NaN,NaN,NaN,NaN,NaN,NaN,NaN,NaN,NaN,NaN,NaN,NaN,NaN,NaN,NaN,NaN,NaN,NaN,NaN,NaN,NaN,NaN,NaN
14-Oct-2003,NaN,NaN,NaN,NaN,NaN,NaN,NaN,NaN,NaN,NaN,NaN,NaN,NaN,NaN,NaN,NaN,NaN,NaN,NaN,NaN,NaN,NaN,NaN,NaN
15-Oct-2003,NaN,NaN,NaN,NaN,NaN,NaN,NaN,NaN,NaN,NaN,NaN,NaN,NaN,NaN,NaN,NaN,NaN,NaN,NaN,NaN,NaN,NaN,NaN,NaN
16-Oct-2003,NaN,NaN,NaN,NaN,NaN,NaN,NaN,NaN,NaN,NaN,NaN,NaN,NaN,NaN,NaN,NaN,NaN,NaN,NaN,NaN,NaN,NaN,NaN,NaN
17-Oct-2003,NaN,NaN,NaN,NaN,NaN,NaN,NaN,NaN,NaN,NaN,NaN,NaN,NaN,NaN,NaN,NaN,NaN,NaN,NaN,NaN,NaN,NaN,NaN,NaN
20-Oct-2003,NaN,NaN,NaN,NaN,NaN,NaN,NaN,NaN,NaN,NaN,NaN,NaN,NaN,NaN,NaN,NaN,NaN,NaN,NaN,NaN,NaN,NaN,NaN,NaN
21-Oct-2003,NaN,NaN,NaN,NaN,NaN,NaN,NaN,NaN,NaN,NaN,NaN,NaN,NaN,NaN,NaN,NaN,NaN,NaN,NaN,NaN,NaN,NaN,NaN,NaN
22-Oct-2003,NaN,NaN,NaN,NaN,NaN,NaN,NaN,NaN,NaN,NaN,NaN,NaN,NaN,NaN,NaN,NaN,NaN,NaN,NaN,NaN,NaN,NaN,NaN,NaN
23-Oct-2003,NaN,NaN,NaN,NaN,NaN,NaN,NaN,NaN,NaN,NaN,NaN,NaN,NaN,NaN,NaN,NaN,NaN,NaN,NaN,NaN,NaN,NaN,NaN,NaN
24-Oct-2003,NaN,NaN,NaN,NaN,NaN,NaN,NaN,NaN,NaN,NaN,NaN,NaN,NaN,NaN,NaN,NaN,NaN,NaN,NaN,NaN,NaN,NaN,NaN,NaN
27-Oct-2003,NaN,NaN,NaN,NaN,NaN,NaN,NaN,NaN,NaN,NaN,NaN,NaN,NaN,NaN,NaN,NaN,NaN,NaN,NaN,NaN,NaN,NaN,NaN,NaN
28-Oct-2003,NaN,NaN,NaN,NaN,NaN,NaN,NaN,NaN,NaN,NaN,NaN,NaN,NaN,NaN,NaN,NaN,NaN,NaN,NaN,NaN,NaN,NaN,NaN,NaN
29-Oct-2003,NaN,NaN,NaN,NaN,NaN,NaN,NaN,NaN,NaN,NaN,NaN,NaN,NaN,NaN,NaN,NaN,NaN,NaN,NaN,NaN,NaN,NaN,NaN,NaN
30-Oct-2003,NaN,NaN,NaN,NaN,NaN,NaN,NaN,NaN,NaN,NaN,NaN,NaN,NaN,NaN,NaN,NaN,NaN,NaN,NaN,NaN,NaN,NaN,NaN,NaN
31-Oct-2003,NaN,NaN,NaN,NaN,NaN,NaN,NaN,NaN,NaN,NaN,NaN,NaN,NaN,NaN,NaN,NaN,NaN,NaN,NaN,NaN,NaN,NaN,NaN,NaN
03-Nov-2003,NaN,NaN,NaN,NaN,NaN,NaN,NaN,NaN,NaN,NaN,NaN,NaN,NaN,NaN,NaN,NaN,NaN,NaN,NaN,NaN,NaN,NaN,NaN,NaN
04-Nov-2003,NaN,NaN,NaN,NaN,NaN,NaN,NaN,NaN,NaN,NaN,NaN,NaN,NaN,NaN,NaN,NaN,NaN,NaN,NaN,NaN,NaN,NaN,NaN,NaN
05-Nov-2003,NaN,NaN,NaN,NaN,NaN,NaN,NaN,NaN,NaN,NaN,NaN,NaN,NaN,NaN,NaN,NaN,NaN,NaN,NaN,NaN,NaN,NaN,NaN,NaN
06-Nov-2003,NaN,NaN,NaN,NaN,NaN,NaN,NaN,NaN,NaN,NaN,NaN,NaN,NaN,NaN,NaN,NaN,NaN,NaN,NaN,NaN,NaN,NaN,NaN,NaN
07-Nov-2003,NaN,NaN,NaN,NaN,NaN,NaN,NaN,NaN,NaN,NaN,NaN,NaN,NaN,NaN,NaN,NaN,NaN,NaN,NaN,NaN,NaN,NaN,NaN,NaN
10-Nov-2003,NaN,NaN,NaN,NaN,NaN,NaN,NaN,NaN,NaN,NaN,NaN,NaN,NaN,NaN,NaN,NaN,NaN,NaN,NaN,NaN,NaN,NaN,NaN,NaN
11-Nov-2003,NaN,NaN,NaN,NaN,NaN,NaN,NaN,NaN,NaN,NaN,NaN,NaN,NaN,NaN,NaN,NaN,NaN,NaN,NaN,NaN,NaN,NaN,NaN,NaN
12-Nov-2003,NaN,NaN,NaN,NaN,NaN,NaN,NaN,NaN,NaN,NaN,NaN,NaN,NaN,NaN,NaN,NaN,NaN,NaN,NaN,NaN,NaN,NaN,NaN,NaN
13-Nov-2003,NaN,NaN,NaN,NaN,NaN,NaN,NaN,NaN,NaN,NaN,NaN,NaN,NaN,NaN,NaN,NaN,NaN,NaN,NaN,NaN,NaN,NaN,NaN,NaN
14-Nov-2003,NaN,NaN,NaN,NaN,NaN,NaN,NaN,NaN,NaN,NaN,NaN,NaN,NaN,NaN,NaN,NaN,NaN,NaN,NaN,NaN,NaN,NaN,NaN,NaN
17-Nov-2003,NaN,NaN,NaN,NaN,NaN,NaN,NaN,NaN,NaN,NaN,NaN,NaN,NaN,NaN,NaN,NaN,NaN,NaN,NaN,NaN,NaN,NaN,NaN,NaN
18-Nov-2003,NaN,NaN,NaN,NaN,NaN,NaN,NaN,NaN,NaN,NaN,NaN,NaN,NaN,NaN,NaN,NaN,NaN,NaN,NaN,NaN,NaN,NaN,NaN,NaN
19-Nov-2003,NaN,NaN,NaN,NaN,NaN,NaN,NaN,NaN,NaN,NaN,NaN,NaN,NaN,NaN,NaN,NaN,NaN,NaN,NaN,NaN,NaN,NaN,NaN,NaN
20-Nov-2003,NaN,NaN,NaN,NaN,NaN,NaN,NaN,NaN,NaN,NaN,NaN,NaN,NaN,NaN,NaN,NaN,NaN,NaN,NaN,NaN,NaN,NaN,NaN,NaN
21-Nov-2003,NaN,NaN,NaN,NaN,NaN,NaN,NaN,NaN,NaN,NaN,NaN,NaN,NaN,NaN,NaN,NaN,NaN,NaN,NaN,NaN,NaN,NaN,NaN,NaN
24-Nov-2003,NaN,NaN,NaN,NaN,NaN,NaN,NaN,NaN,NaN,NaN,NaN,NaN,NaN,NaN,NaN,NaN,NaN,NaN,NaN,NaN,NaN,NaN,NaN,NaN
25-Nov-2003,NaN,NaN,NaN,NaN,NaN,NaN,NaN,NaN,NaN,NaN,NaN,NaN,NaN,NaN,NaN,NaN,NaN,NaN,NaN,NaN,NaN,NaN,NaN,NaN
26-Nov-2003,NaN,NaN,NaN,NaN,NaN,NaN,NaN,NaN,NaN,NaN,NaN,NaN,NaN,NaN,NaN,NaN,NaN,NaN,NaN,NaN,NaN,NaN,NaN,NaN
27-Nov-2003,NaN,NaN,NaN,NaN,NaN,NaN,NaN,NaN,NaN,NaN,NaN,NaN,NaN,NaN,NaN,NaN,NaN,NaN,NaN,NaN,NaN,NaN,NaN,NaN
28-Nov-2003,NaN,NaN,NaN,NaN,NaN,NaN,NaN,NaN,NaN,NaN,NaN,NaN,NaN,NaN,NaN,NaN,NaN,NaN,NaN,NaN,NaN,NaN,NaN,NaN
01-Dec-2003,NaN,NaN,NaN,NaN,NaN,NaN,NaN,NaN,NaN,NaN,NaN,NaN,NaN,NaN,NaN,NaN,NaN,NaN,NaN,NaN,NaN,NaN,NaN,NaN
02-Dec-2003,NaN,NaN,NaN,NaN,NaN,NaN,NaN,NaN,NaN,NaN,NaN,NaN,NaN,NaN,NaN,NaN,NaN,NaN,NaN,NaN,NaN,NaN,NaN,NaN
03-Dec-2003,NaN,NaN,NaN,NaN,NaN,NaN,NaN,NaN,NaN,NaN,NaN,NaN,NaN,NaN,NaN,NaN,NaN,NaN,NaN,NaN,NaN,NaN,NaN,NaN
04-Dec-2003,NaN,NaN,NaN,NaN,NaN,NaN,NaN,NaN,NaN,NaN,NaN,NaN,NaN,NaN,NaN,NaN,NaN,NaN,NaN,NaN,NaN,NaN,NaN,NaN
05-Dec-2003,NaN,NaN,NaN,NaN,NaN,NaN,NaN,NaN,NaN,NaN,NaN,NaN,NaN,NaN,NaN,NaN,NaN,NaN,NaN,NaN,NaN,NaN,NaN,NaN
08-Dec-2003,NaN,NaN,NaN,NaN,NaN,NaN,NaN,NaN,NaN,NaN,NaN,NaN,NaN,NaN,NaN,NaN,NaN,NaN,NaN,NaN,NaN,NaN,NaN,NaN
09-Dec-2003,NaN,NaN,NaN,NaN,NaN,NaN,NaN,NaN,NaN,NaN,NaN,NaN,NaN,NaN,NaN,NaN,NaN,NaN,NaN,NaN,NaN,NaN,NaN,NaN
10-Dec-2003,NaN,NaN,NaN,NaN,NaN,NaN,NaN,NaN,NaN,NaN,NaN,NaN,NaN,NaN,NaN,NaN,NaN,NaN,NaN,NaN,NaN,NaN,NaN,NaN
11-Dec-2003,NaN,NaN,NaN,NaN,NaN,NaN,NaN,NaN,NaN,NaN,NaN,NaN,NaN,NaN,NaN,NaN,NaN,NaN,NaN,NaN,NaN,NaN,NaN,NaN
12-Dec-2003,NaN,NaN,NaN,NaN,NaN,NaN,NaN,NaN,NaN,NaN,NaN,NaN,NaN,NaN,NaN,NaN,NaN,NaN,NaN,NaN,NaN,NaN,NaN,NaN
15-Dec-2003,NaN,NaN,NaN,NaN,NaN,NaN,NaN,NaN,NaN,NaN,NaN,NaN,NaN,NaN,NaN,NaN,NaN,NaN,NaN,NaN,NaN,NaN,NaN,NaN
16-Dec-2003,NaN,NaN,NaN,NaN,NaN,NaN,NaN,NaN,NaN,NaN,NaN,NaN,NaN,NaN,NaN,NaN,NaN,NaN,NaN,NaN,NaN,NaN,NaN,NaN
17-Dec-2003,NaN,NaN,NaN,NaN,NaN,NaN,NaN,NaN,NaN,NaN,NaN,NaN,NaN,NaN,NaN,NaN,NaN,NaN,NaN,NaN,NaN,NaN,NaN,NaN
18-Dec-2003,NaN,NaN,NaN,NaN,NaN,NaN,NaN,NaN,NaN,NaN,NaN,NaN,NaN,NaN,NaN,NaN,NaN,NaN,NaN,NaN,NaN,NaN,NaN,NaN
19-Dec-2003,NaN,NaN,NaN,NaN,NaN,NaN,NaN,NaN,NaN,NaN,NaN,NaN,NaN,NaN,NaN,NaN,NaN,NaN,NaN,NaN,NaN,NaN,NaN,NaN
22-Dec-2003,NaN,NaN,NaN,NaN,NaN,NaN,NaN,NaN,NaN,NaN,NaN,NaN,NaN,NaN,NaN,NaN,NaN,NaN,NaN,NaN,NaN,NaN,NaN,NaN
23-Dec-2003,NaN,NaN,NaN,NaN,NaN,NaN,NaN,NaN,NaN,NaN,NaN,NaN,NaN,NaN,NaN,NaN,NaN,NaN,NaN,NaN,NaN,NaN,NaN,NaN
24-Dec-2003,NaN,NaN,NaN,NaN,NaN,NaN,NaN,NaN,NaN,NaN,NaN,NaN,NaN,NaN,NaN,NaN,NaN,NaN,NaN,NaN,NaN,NaN,NaN,NaN
25-Dec-2003,NaN,NaN,NaN,NaN,NaN,NaN,NaN,NaN,NaN,NaN,NaN,NaN,NaN,NaN,NaN,NaN,NaN,NaN,NaN,NaN,NaN,NaN,NaN,NaN
26-Dec-2003,NaN,NaN,NaN,NaN,NaN,NaN,NaN,NaN,NaN,NaN,NaN,NaN,NaN,NaN,NaN,NaN,NaN,NaN,NaN,NaN,NaN,NaN,NaN,NaN
29-Dec-2003,NaN,NaN,NaN,NaN,NaN,NaN,NaN,NaN,NaN,NaN,NaN,NaN,NaN,NaN,NaN,NaN,NaN,NaN,NaN,NaN,NaN,NaN,NaN,NaN
30-Dec-2003,NaN,NaN,NaN,NaN,NaN,NaN,NaN,NaN,NaN,NaN,NaN,NaN,NaN,NaN,NaN,NaN,NaN,NaN,NaN,NaN,NaN,NaN,NaN,NaN
31-Dec-2003,NaN,NaN,NaN,NaN,NaN,NaN,NaN,NaN,NaN,NaN,NaN,NaN,NaN,NaN,NaN,NaN,NaN,NaN,NaN,NaN,NaN,NaN,NaN,NaN
01-Jan-2004,NaN,NaN,NaN,NaN,NaN,NaN,NaN,NaN,NaN,NaN,NaN,NaN,NaN,NaN,NaN,NaN,NaN,NaN,NaN,NaN,NaN,NaN,NaN,NaN
02-Jan-2004,NaN,NaN,NaN,NaN,NaN,NaN,NaN,NaN,NaN,NaN,NaN,NaN,NaN,NaN,NaN,NaN,NaN,NaN,NaN,NaN,NaN,NaN,NaN,NaN
05-Jan-2004,NaN,NaN,NaN,NaN,NaN,NaN,NaN,NaN,NaN,NaN,NaN,NaN,NaN,NaN,NaN,NaN,NaN,NaN,NaN,NaN,NaN,NaN,NaN,NaN
06-Jan-2004,NaN,NaN,NaN,NaN,NaN,NaN,NaN,NaN,NaN,NaN,NaN,NaN,NaN,NaN,NaN,NaN,NaN,NaN,NaN,NaN,NaN,NaN,NaN,NaN
07-Jan-2004,NaN,NaN,NaN,NaN,NaN,NaN,NaN,NaN,NaN,NaN,NaN,NaN,NaN,NaN,NaN,NaN,NaN,NaN,NaN,NaN,NaN,NaN,NaN,NaN
08-Jan-2004,NaN,NaN,NaN,NaN,NaN,NaN,NaN,NaN,NaN,NaN,NaN,NaN,NaN,NaN,NaN,NaN,NaN,NaN,NaN,NaN,NaN,NaN,NaN,NaN
09-Jan-2004,NaN,NaN,NaN,NaN,NaN,NaN,NaN,NaN,NaN,NaN,NaN,NaN,NaN,NaN,NaN,NaN,NaN,NaN,NaN,NaN,NaN,NaN,NaN,NaN
12-Jan-2004,NaN,NaN,NaN,NaN,NaN,NaN,NaN,NaN,NaN,NaN,NaN,NaN,NaN,NaN,NaN,NaN,NaN,NaN,NaN,NaN,NaN,NaN,NaN,NaN
13-Jan-2004,NaN,NaN,NaN,NaN,NaN,NaN,NaN,NaN,NaN,NaN,NaN,NaN,NaN,NaN,NaN,NaN,NaN,NaN,NaN,NaN,NaN,NaN,NaN,NaN
14-Jan-2004,NaN,NaN,NaN,NaN,NaN,NaN,NaN,NaN,NaN,NaN,NaN,NaN,NaN,NaN,NaN,NaN,NaN,NaN,NaN,NaN,NaN,NaN,NaN,NaN
15-Jan-2004,NaN,NaN,NaN,NaN,NaN,NaN,NaN,NaN,NaN,NaN,NaN,NaN,NaN,NaN,NaN,NaN,NaN,NaN,NaN,NaN,NaN,NaN,NaN,NaN
16-Jan-2004,NaN,NaN,NaN,NaN,NaN,NaN,NaN,NaN,NaN,NaN,NaN,NaN,NaN,NaN,NaN,NaN,NaN,NaN,NaN,NaN,NaN,NaN,NaN,NaN
19-Jan-2004,NaN,NaN,NaN,NaN,NaN,NaN,NaN,NaN,NaN,NaN,NaN,NaN,NaN,NaN,NaN,NaN,NaN,NaN,NaN,NaN,NaN,NaN,NaN,NaN
20-Jan-2004,NaN,NaN,NaN,NaN,NaN,NaN,NaN,NaN,NaN,NaN,NaN,NaN,NaN,NaN,NaN,NaN,NaN,NaN,NaN,NaN,NaN,NaN,NaN,NaN
21-Jan-2004,NaN,NaN,NaN,NaN,NaN,NaN,NaN,NaN,NaN,NaN,NaN,NaN,NaN,NaN,NaN,NaN,NaN,NaN,NaN,NaN,NaN,NaN,NaN,NaN
22-Jan-2004,NaN,NaN,NaN,NaN,NaN,NaN,NaN,NaN,NaN,NaN,NaN,NaN,NaN,NaN,NaN,NaN,NaN,NaN,NaN,NaN,NaN,NaN,NaN,NaN
23-Jan-2004,NaN,NaN,NaN,NaN,NaN,NaN,NaN,NaN,NaN,NaN,NaN,NaN,NaN,NaN,NaN,NaN,NaN,NaN,NaN,NaN,NaN,NaN,NaN,NaN
26-Jan-2004,NaN,NaN,NaN,NaN,NaN,NaN,NaN,NaN,NaN,NaN,NaN,NaN,NaN,NaN,NaN,NaN,NaN,NaN,NaN,NaN,NaN,NaN,NaN,NaN
27-Jan-2004,NaN,NaN,NaN,NaN,NaN,NaN,NaN,NaN,NaN,NaN,NaN,NaN,NaN,NaN,NaN,NaN,NaN,NaN,NaN,NaN,NaN,NaN,NaN,NaN
28-Jan-2004,NaN,NaN,NaN,NaN,NaN,NaN,NaN,NaN,NaN,NaN,NaN,NaN,NaN,NaN,NaN,NaN,NaN,NaN,NaN,NaN,NaN,NaN,NaN,NaN
29-Jan-2004,NaN,NaN,NaN,NaN,NaN,NaN,NaN,NaN,NaN,NaN,NaN,NaN,NaN,NaN,NaN,NaN,NaN,NaN,NaN,NaN,NaN,NaN,NaN,NaN
30-Jan-2004,NaN,NaN,NaN,NaN,NaN,NaN,NaN,NaN,NaN,NaN,NaN,NaN,NaN,NaN,NaN,NaN,NaN,NaN,NaN,NaN,NaN,NaN,NaN,NaN
02-Feb-2004,NaN,NaN,NaN,NaN,NaN,NaN,NaN,NaN,NaN,NaN,NaN,NaN,NaN,NaN,NaN,NaN,NaN,NaN,NaN,NaN,NaN,NaN,NaN,NaN
03-Feb-2004,NaN,NaN,NaN,NaN,NaN,NaN,NaN,NaN,NaN,NaN,NaN,NaN,NaN,NaN,NaN,NaN,NaN,NaN,NaN,NaN,NaN,NaN,NaN,NaN
04-Feb-2004,NaN,NaN,NaN,NaN,NaN,NaN,NaN,NaN,NaN,NaN,NaN,NaN,NaN,NaN,NaN,NaN,NaN,NaN,NaN,NaN,NaN,NaN,NaN,NaN
05-Feb-2004,NaN,NaN,NaN,NaN,NaN,NaN,NaN,NaN,NaN,NaN,NaN,NaN,NaN,NaN,NaN,NaN,NaN,NaN,NaN,NaN,NaN,NaN,NaN,NaN
06-Feb-2004,NaN,NaN,NaN,NaN,NaN,NaN,NaN,NaN,NaN,NaN,NaN,NaN,NaN,NaN,NaN,NaN,NaN,NaN,NaN,NaN,NaN,NaN,NaN,NaN
09-Feb-2004,NaN,NaN,NaN,NaN,NaN,NaN,NaN,NaN,NaN,NaN,NaN,NaN,NaN,NaN,NaN,NaN,NaN,NaN,NaN,NaN,NaN,NaN,NaN,NaN
10-Feb-2004,NaN,NaN,NaN,NaN,NaN,NaN,NaN,NaN,NaN,NaN,NaN,NaN,NaN,NaN,NaN,NaN,NaN,NaN,NaN,NaN,NaN,NaN,NaN,NaN
11-Feb-2004,NaN,NaN,NaN,NaN,NaN,NaN,NaN,NaN,NaN,NaN,NaN,NaN,NaN,NaN,NaN,NaN,NaN,NaN,NaN,NaN,NaN,NaN,NaN,NaN
12-Feb-2004,NaN,NaN,NaN,NaN,NaN,NaN,NaN,NaN,NaN,NaN,NaN,NaN,NaN,NaN,NaN,NaN,NaN,NaN,NaN,NaN,NaN,NaN,NaN,NaN
13-Feb-2004,NaN,NaN,NaN,NaN,NaN,NaN,NaN,NaN,NaN,NaN,NaN,NaN,NaN,NaN,NaN,NaN,NaN,NaN,NaN,NaN,NaN,NaN,NaN,NaN
16-Feb-2004,NaN,NaN,NaN,NaN,NaN,NaN,NaN,NaN,NaN,NaN,NaN,NaN,NaN,NaN,NaN,NaN,NaN,NaN,NaN,NaN,NaN,NaN,NaN,NaN
17-Feb-2004,NaN,NaN,NaN,NaN,NaN,NaN,NaN,NaN,NaN,NaN,NaN,NaN,NaN,NaN,NaN,NaN,NaN,NaN,NaN,NaN,NaN,NaN,NaN,NaN
18-Feb-2004,NaN,NaN,NaN,NaN,NaN,NaN,NaN,NaN,NaN,NaN,NaN,NaN,NaN,NaN,NaN,NaN,NaN,NaN,NaN,NaN,NaN,NaN,NaN,NaN
19-Feb-2004,NaN,NaN,NaN,NaN,NaN,NaN,NaN,NaN,NaN,NaN,NaN,NaN,NaN,NaN,NaN,NaN,NaN,NaN,NaN,NaN,NaN,NaN,NaN,NaN
20-Feb-2004,NaN,NaN,NaN,NaN,NaN,NaN,NaN,NaN,NaN,NaN,NaN,NaN,NaN,NaN,NaN,NaN,NaN,NaN,NaN,NaN,NaN,NaN,NaN,NaN
23-Feb-2004,0.975,0.97,NaN,NaN,NaN,NaN,NaN,NaN,NaN,NaN,NaN,NaN,NaN,NaN,NaN,NaN,NaN,NaN,NaN,NaN,NaN,NaN,NaN,NaN
24-Feb-2004,0.975,0.97,NaN,NaN,NaN,NaN,NaN,NaN,NaN,NaN,NaN,NaN,NaN,NaN,NaN,NaN,NaN,NaN,NaN,NaN,NaN,NaN,NaN,NaN
25-Feb-2004,0.975,0.97,NaN,NaN,NaN,NaN,NaN,NaN,NaN,NaN,NaN,NaN,NaN,NaN,NaN,NaN,NaN,NaN,NaN,NaN,NaN,NaN,NaN,NaN
26-Feb-2004,0.975,0.97,NaN,NaN,NaN,NaN,NaN,NaN,NaN,NaN,NaN,NaN,NaN,NaN,NaN,NaN,NaN,NaN,NaN,NaN,NaN,NaN,NaN,NaN
27-Feb-2004,0.975,0.97,NaN,NaN,NaN,NaN,NaN,NaN,NaN,NaN,NaN,NaN,NaN,NaN,NaN,NaN,NaN,NaN,NaN,NaN,NaN,NaN,NaN,NaN
01-Mar-2004,0.975,0.97,NaN,NaN,NaN,NaN,NaN,NaN,NaN,NaN,NaN,NaN,NaN,NaN,NaN,NaN,NaN,NaN,NaN,NaN,NaN,NaN,NaN,NaN
02-Mar-2004,0.975,0.97,NaN,NaN,NaN,NaN,NaN,NaN,NaN,NaN,NaN,NaN,NaN,NaN,NaN,NaN,NaN,NaN,NaN,NaN,NaN,NaN,NaN,NaN
03-Mar-2004,0.975,0.97,NaN,NaN,NaN,NaN,NaN,NaN,NaN,NaN,NaN,NaN,NaN,NaN,NaN,NaN,NaN,NaN,NaN,NaN,NaN,NaN,NaN,NaN
04-Mar-2004,0.975,0.97,NaN,NaN,NaN,NaN,NaN,NaN,NaN,NaN,NaN,NaN,NaN,NaN,NaN,NaN,NaN,NaN,NaN,NaN,NaN,NaN,NaN,NaN
05-Mar-2004,0.975,0.97,NaN,NaN,NaN,NaN,NaN,NaN,NaN,NaN,NaN,NaN,NaN,NaN,NaN,NaN,NaN,NaN,NaN,NaN,NaN,NaN,NaN,NaN
08-Mar-2004,0.975,0.97,NaN,NaN,NaN,NaN,NaN,NaN,NaN,NaN,NaN,NaN,NaN,NaN,NaN,NaN,NaN,NaN,NaN,NaN,NaN,NaN,NaN,NaN
09-Mar-2004,0.975,0.97,NaN,NaN,NaN,NaN,NaN,NaN,NaN,NaN,NaN,NaN,NaN,NaN,NaN,NaN,NaN,NaN,NaN,NaN,NaN,NaN,NaN,NaN
10-Mar-2004,0.985,0.97,NaN,NaN,NaN,NaN,NaN,NaN,NaN,NaN,NaN,NaN,NaN,NaN,NaN,NaN,NaN,NaN,NaN,NaN,NaN,NaN,NaN,NaN
11-Mar-2004,0.985,0.97,NaN,NaN,NaN,NaN,NaN,NaN,NaN,NaN,NaN,NaN,NaN,NaN,NaN,NaN,NaN,NaN,NaN,NaN,NaN,NaN,NaN,NaN
12-Mar-2004,0.985,0.97,NaN,NaN,NaN,NaN,NaN,NaN,NaN,NaN,NaN,NaN,NaN,NaN,NaN,NaN,NaN,NaN,NaN,NaN,NaN,NaN,NaN,NaN
15-Mar-2004,0.985,0.97,NaN,NaN,NaN,NaN,NaN,NaN,NaN,NaN,NaN,NaN,NaN,NaN,NaN,NaN,NaN,NaN,NaN,NaN,NaN,NaN,NaN,NaN
16-Mar-2004,0.985,0.97,NaN,NaN,NaN,NaN,NaN,NaN,NaN,NaN,NaN,NaN,NaN,NaN,NaN,NaN,NaN,NaN,NaN,NaN,NaN,NaN,NaN,NaN
17-Mar-2004,0.985,0.97,NaN,NaN,NaN,NaN,NaN,NaN,NaN,NaN,NaN,NaN,NaN,NaN,NaN,NaN,NaN,NaN,NaN,NaN,NaN,NaN,NaN,NaN
18-Mar-2004,0.985,0.97,NaN,NaN,NaN,NaN,NaN,NaN,NaN,NaN,NaN,NaN,NaN,NaN,NaN,NaN,NaN,NaN,NaN,NaN,NaN,NaN,NaN,NaN
19-Mar-2004,0.985,0.97,NaN,NaN,NaN,NaN,NaN,NaN,NaN,NaN,NaN,NaN,NaN,NaN,NaN,NaN,NaN,NaN,NaN,NaN,NaN,NaN,NaN,NaN
22-Mar-2004,0.985,0.97,NaN,NaN,NaN,NaN,NaN,NaN,NaN,NaN,NaN,NaN,NaN,NaN,NaN,NaN,NaN,NaN,NaN,NaN,NaN,NaN,NaN,NaN
23-Mar-2004,0.985,0.985,NaN,NaN,NaN,NaN,NaN,NaN,NaN,NaN,NaN,NaN,NaN,NaN,NaN,NaN,NaN,NaN,NaN,NaN,NaN,NaN,NaN,NaN
24-Mar-2004,0.985,0.985,NaN,NaN,NaN,NaN,NaN,NaN,NaN,NaN,NaN,NaN,NaN,NaN,NaN,NaN,NaN,NaN,NaN,NaN,NaN,NaN,NaN,NaN
25-Mar-2004,0.985,0.985,NaN,NaN,NaN,NaN,NaN,NaN,NaN,NaN,NaN,NaN,NaN,NaN,NaN,NaN,NaN,NaN,NaN,NaN,NaN,NaN,NaN,NaN
26-Mar-2004,0.985,0.985,NaN,NaN,NaN,NaN,NaN,NaN,NaN,NaN,NaN,NaN,NaN,NaN,NaN,NaN,NaN,NaN,NaN,NaN,NaN,NaN,NaN,NaN
29-Mar-2004,0.985,0.985,NaN,NaN,NaN,NaN,NaN,NaN,NaN,NaN,NaN,NaN,NaN,NaN,NaN,NaN,NaN,NaN,NaN,NaN,NaN,NaN,NaN,NaN
30-Mar-2004,0.985,0.985,NaN,NaN,NaN,NaN,NaN,NaN,NaN,NaN,NaN,NaN,NaN,NaN,NaN,NaN,NaN,NaN,NaN,NaN,NaN,NaN,NaN,NaN
31-Mar-2004,0.985,0.985,NaN,NaN,NaN,NaN,NaN,NaN,NaN,NaN,NaN,NaN,NaN,NaN,NaN,NaN,NaN,NaN,NaN,NaN,NaN,NaN,NaN,NaN
01-Apr-2004,0.985,0.985,NaN,NaN,NaN,NaN,NaN,NaN,NaN,NaN,NaN,NaN,NaN,NaN,NaN,NaN,NaN,NaN,NaN,NaN,NaN,NaN,NaN,NaN
02-Apr-2004,0.985,0.985,NaN,NaN,NaN,NaN,NaN,NaN,NaN,NaN,NaN,NaN,NaN,NaN,NaN,NaN,NaN,NaN,NaN,NaN,NaN,NaN,NaN,NaN
05-Apr-2004,0.985,0.985,NaN,NaN,NaN,NaN,NaN,NaN,NaN,NaN,NaN,NaN,NaN,NaN,NaN,NaN,NaN,NaN,NaN,NaN,NaN,NaN,NaN,NaN
06-Apr-2004,0.985,0.985,NaN,NaN,NaN,NaN,NaN,NaN,NaN,NaN,NaN,NaN,NaN,NaN,NaN,NaN,NaN,NaN,NaN,NaN,NaN,NaN,NaN,NaN
07-Apr-2004,0.985,0.985,NaN,NaN,NaN,NaN,NaN,NaN,NaN,NaN,NaN,NaN,NaN,NaN,NaN,NaN,NaN,NaN,NaN,NaN,NaN,NaN,NaN,NaN
08-Apr-2004,0.985,0.985,NaN,NaN,NaN,NaN,NaN,NaN,NaN,NaN,NaN,NaN,NaN,NaN,NaN,NaN,NaN,NaN,NaN,NaN,NaN,NaN,NaN,NaN
09-Apr-2004,0.985,0.985,NaN,NaN,NaN,NaN,NaN,NaN,NaN,NaN,NaN,NaN,NaN,NaN,NaN,NaN,NaN,NaN,NaN,NaN,NaN,NaN,NaN,NaN
12-Apr-2004,1.03,1.03,NaN,NaN,NaN,NaN,NaN,NaN,NaN,NaN,NaN,NaN,NaN,NaN,NaN,NaN,NaN,NaN,NaN,NaN,NaN,NaN,NaN,NaN
13-Apr-2004,1.03,1.03,NaN,NaN,NaN,NaN,NaN,NaN,NaN,NaN,NaN,NaN,NaN,NaN,NaN,NaN,NaN,NaN,NaN,NaN,NaN,NaN,NaN,NaN
14-Apr-2004,1.03,1.03,NaN,NaN,NaN,NaN,NaN,NaN,NaN,NaN,NaN,NaN,NaN,NaN,NaN,NaN,NaN,NaN,NaN,NaN,NaN,NaN,NaN,NaN
15-Apr-2004,1.03,1.03,NaN,NaN,NaN,NaN,NaN,NaN,NaN,NaN,NaN,NaN,NaN,NaN,NaN,NaN,NaN,NaN,NaN,NaN,NaN,NaN,NaN,NaN
16-Apr-2004,1.03,1.03,NaN,NaN,NaN,NaN,NaN,NaN,NaN,NaN,NaN,NaN,NaN,NaN,NaN,NaN,NaN,NaN,NaN,NaN,NaN,NaN,NaN,NaN
19-Apr-2004,1.03,1.03,NaN,NaN,NaN,NaN,NaN,NaN,NaN,NaN,NaN,NaN,NaN,NaN,NaN,NaN,NaN,NaN,NaN,NaN,NaN,NaN,NaN,NaN
20-Apr-2004,1.03,1.03,NaN,NaN,NaN,NaN,NaN,NaN,NaN,NaN,NaN,NaN,NaN,NaN,NaN,NaN,NaN,NaN,NaN,NaN,NaN,NaN,NaN,NaN
21-Apr-2004,1.03,1.03,NaN,NaN,NaN,NaN,NaN,NaN,NaN,NaN,NaN,NaN,NaN,NaN,NaN,NaN,NaN,NaN,NaN,NaN,NaN,NaN,NaN,NaN
22-Apr-2004,1.03,1.03,NaN,NaN,NaN,NaN,NaN,NaN,NaN,NaN,NaN,NaN,NaN,NaN,NaN,NaN,NaN,NaN,NaN,NaN,NaN,NaN,NaN,NaN
23-Apr-2004,1.03,1.03,NaN,NaN,NaN,NaN,NaN,NaN,NaN,NaN,NaN,NaN,NaN,NaN,NaN,NaN,NaN,NaN,NaN,NaN,NaN,NaN,NaN,NaN
26-Apr-2004,1.03,1.03,NaN,NaN,NaN,NaN,NaN,NaN,NaN,NaN,NaN,NaN,NaN,NaN,NaN,NaN,NaN,NaN,NaN,NaN,NaN,NaN,NaN,NaN
27-Apr-2004,1.03,1.03,NaN,NaN,NaN,NaN,NaN,NaN,NaN,NaN,NaN,NaN,NaN,NaN,NaN,NaN,NaN,NaN,NaN,NaN,NaN,NaN,NaN,NaN
28-Apr-2004,1.03,1.03,NaN,NaN,NaN,NaN,NaN,NaN,NaN,NaN,NaN,NaN,NaN,NaN,NaN,NaN,NaN,NaN,NaN,NaN,NaN,NaN,NaN,NaN
29-Apr-2004,1.03,1.03,NaN,NaN,NaN,NaN,NaN,NaN,NaN,NaN,NaN,NaN,NaN,NaN,NaN,NaN,NaN,NaN,NaN,NaN,NaN,NaN,NaN,NaN
30-Apr-2004,1.03,1.03,NaN,NaN,NaN,NaN,NaN,NaN,NaN,NaN,NaN,NaN,NaN,NaN,NaN,NaN,NaN,NaN,NaN,NaN,NaN,NaN,NaN,NaN
03-May-2004,1.03,1.03,NaN,NaN,NaN,NaN,NaN,NaN,NaN,NaN,NaN,NaN,NaN,NaN,NaN,NaN,NaN,NaN,NaN,NaN,NaN,NaN,NaN,NaN
04-May-2004,1.03,1.03,NaN,NaN,NaN,NaN,NaN,NaN,NaN,NaN,NaN,NaN,NaN,NaN,NaN,NaN,NaN,NaN,NaN,NaN,NaN,NaN,NaN,NaN
05-May-2004,1.03,1.03,NaN,NaN,NaN,NaN,NaN,NaN,NaN,NaN,NaN,NaN,NaN,NaN,NaN,NaN,NaN,NaN,NaN,NaN,NaN,NaN,NaN,NaN
06-May-2004,1.03,1.03,NaN,NaN,NaN,NaN,NaN,NaN,NaN,NaN,NaN,NaN,NaN,NaN,NaN,NaN,NaN,NaN,NaN,NaN,NaN,NaN,NaN,NaN
07-May-2004,1.03,1.03,NaN,NaN,NaN,NaN,NaN,NaN,NaN,NaN,NaN,NaN,NaN,NaN,NaN,NaN,NaN,NaN,NaN,NaN,NaN,NaN,NaN,NaN
10-May-2004,1.03,1.03,NaN,NaN,NaN,NaN,NaN,NaN,NaN,NaN,NaN,NaN,NaN,NaN,NaN,NaN,NaN,NaN,NaN,NaN,NaN,NaN,NaN,NaN
11-May-2004,1.03,1.03,NaN,NaN,NaN,NaN,NaN,NaN,NaN,NaN,NaN,NaN,NaN,NaN,NaN,NaN,NaN,NaN,NaN,NaN,NaN,NaN,NaN,NaN
12-May-2004,1.03,1.03,NaN,NaN,NaN,NaN,NaN,NaN,NaN,NaN,NaN,NaN,NaN,NaN,NaN,NaN,NaN,NaN,NaN,NaN,NaN,NaN,NaN,NaN
13-May-2004,1.03,1.03,NaN,NaN,NaN,NaN,NaN,NaN,NaN,NaN,NaN,NaN,NaN,NaN,NaN,NaN,NaN,NaN,NaN,NaN,NaN,NaN,NaN,NaN
14-May-2004,1.03,1.03,NaN,NaN,NaN,NaN,NaN,NaN,NaN,NaN,NaN,NaN,NaN,NaN,NaN,NaN,NaN,NaN,NaN,NaN,NaN,NaN,NaN,NaN
17-May-2004,1.03,1.03,NaN,NaN,NaN,NaN,NaN,NaN,NaN,NaN,NaN,NaN,NaN,NaN,NaN,NaN,NaN,NaN,NaN,NaN,NaN,NaN,NaN,NaN
18-May-2004,1.03,1.03,NaN,NaN,NaN,NaN,NaN,NaN,NaN,NaN,NaN,NaN,NaN,NaN,NaN,NaN,NaN,NaN,NaN,NaN,NaN,NaN,NaN,NaN
19-May-2004,1.03,1.03,NaN,NaN,NaN,NaN,NaN,NaN,NaN,NaN,NaN,NaN,NaN,NaN,NaN,NaN,NaN,NaN,NaN,NaN,NaN,NaN,NaN,NaN
20-May-2004,1.03,1.03,NaN,NaN,NaN,NaN,NaN,NaN,NaN,NaN,NaN,NaN,NaN,NaN,NaN,NaN,NaN,NaN,NaN,NaN,NaN,NaN,NaN,NaN
21-May-2004,1.03,1.03,NaN,NaN,NaN,NaN,NaN,NaN,NaN,NaN,NaN,NaN,NaN,NaN,NaN,NaN,NaN,NaN,NaN,NaN,NaN,NaN,NaN,NaN
24-May-2004,1.03,1.03,NaN,NaN,NaN,NaN,NaN,NaN,NaN,NaN,NaN,NaN,NaN,NaN,NaN,NaN,NaN,NaN,NaN,NaN,NaN,NaN,NaN,NaN
25-May-2004,1.03,1.03,NaN,NaN,NaN,NaN,NaN,NaN,NaN,NaN,NaN,NaN,NaN,NaN,NaN,NaN,NaN,NaN,NaN,NaN,NaN,NaN,NaN,NaN
26-May-2004,1.03,1.03,NaN,NaN,NaN,NaN,NaN,NaN,NaN,NaN,NaN,NaN,NaN,NaN,NaN,NaN,NaN,NaN,NaN,NaN,NaN,NaN,NaN,NaN
27-May-2004,1.03,1.03,NaN,NaN,NaN,NaN,NaN,NaN,NaN,NaN,NaN,NaN,NaN,NaN,NaN,NaN,NaN,NaN,NaN,NaN,NaN,NaN,NaN,NaN
28-May-2004,1.03,1.03,NaN,NaN,NaN,NaN,NaN,NaN,NaN,NaN,NaN,NaN,NaN,NaN,NaN,NaN,NaN,NaN,NaN,NaN,NaN,NaN,NaN,NaN
31-May-2004,1.03,1.03,NaN,NaN,NaN,NaN,NaN,NaN,NaN,NaN,NaN,NaN,NaN,NaN,NaN,NaN,NaN,NaN,NaN,NaN,NaN,NaN,NaN,NaN
01-Jun-2004,1.03,1.03,NaN,NaN,NaN,NaN,NaN,NaN,NaN,NaN,NaN,NaN,NaN,NaN,NaN,NaN,NaN,NaN,NaN,NaN,NaN,NaN,NaN,NaN
02-Jun-2004,1.03,1.03,NaN,NaN,NaN,NaN,NaN,NaN,NaN,NaN,NaN,NaN,NaN,NaN,NaN,NaN,NaN,NaN,NaN,NaN,NaN,NaN,NaN,NaN
03-Jun-2004,1.03,1.03,NaN,NaN,NaN,NaN,NaN,NaN,NaN,NaN,NaN,NaN,NaN,NaN,NaN,NaN,NaN,NaN,NaN,NaN,NaN,NaN,NaN,NaN
04-Jun-2004,1.03,1.03,NaN,NaN,NaN,NaN,NaN,NaN,NaN,NaN,NaN,NaN,NaN,NaN,NaN,NaN,NaN,NaN,NaN,NaN,NaN,NaN,NaN,NaN
07-Jun-2004,1.03,1.03,NaN,NaN,NaN,NaN,NaN,NaN,NaN,NaN,NaN,NaN,NaN,NaN,NaN,NaN,NaN,NaN,NaN,NaN,NaN,NaN,NaN,NaN
08-Jun-2004,1.03,1.03,NaN,NaN,NaN,NaN,NaN,NaN,NaN,NaN,NaN,NaN,NaN,NaN,NaN,NaN,NaN,NaN,NaN,NaN,NaN,NaN,NaN,NaN
09-Jun-2004,1.03,1.03,NaN,NaN,NaN,NaN,NaN,NaN,NaN,NaN,NaN,NaN,NaN,NaN,NaN,NaN,NaN,NaN,NaN,NaN,NaN,NaN,NaN,NaN
10-Jun-2004,1.03,1.03,NaN,NaN,NaN,NaN,NaN,NaN,NaN,NaN,NaN,NaN,NaN,NaN,NaN,NaN,NaN,NaN,NaN,NaN,NaN,NaN,NaN,NaN
11-Jun-2004,1.03,1.03,NaN,NaN,NaN,NaN,NaN,NaN,NaN,NaN,NaN,NaN,NaN,NaN,NaN,NaN,NaN,NaN,NaN,NaN,NaN,NaN,NaN,NaN
14-Jun-2004,1.03,1.03,NaN,NaN,NaN,NaN,NaN,NaN,NaN,NaN,NaN,NaN,NaN,NaN,NaN,NaN,NaN,NaN,NaN,NaN,NaN,NaN,NaN,NaN
15-Jun-2004,1.03,1.03,NaN,NaN,NaN,NaN,NaN,NaN,NaN,NaN,NaN,NaN,NaN,NaN,NaN,NaN,NaN,NaN,NaN,NaN,NaN,NaN,NaN,NaN
16-Jun-2004,0.95,0.985,NaN,NaN,NaN,NaN,NaN,NaN,NaN,NaN,NaN,NaN,NaN,NaN,NaN,NaN,NaN,NaN,NaN,NaN,NaN,NaN,NaN,NaN
17-Jun-2004,0.95,0.985,NaN,NaN,NaN,NaN,NaN,NaN,NaN,NaN,NaN,NaN,NaN,NaN,NaN,NaN,NaN,NaN,NaN,NaN,NaN,NaN,NaN,NaN
18-Jun-2004,0.955,0.985,NaN,NaN,NaN,NaN,NaN,NaN,NaN,NaN,NaN,NaN,NaN,NaN,NaN,NaN,NaN,NaN,NaN,NaN,NaN,NaN,NaN,NaN
21-Jun-2004,0.955,0.985,NaN,NaN,NaN,NaN,NaN,NaN,NaN,NaN,NaN,NaN,NaN,NaN,NaN,NaN,NaN,NaN,NaN,NaN,NaN,NaN,NaN,NaN
22-Jun-2004,0.955,0.985,NaN,NaN,NaN,NaN,NaN,NaN,NaN,NaN,NaN,NaN,NaN,NaN,NaN,NaN,NaN,NaN,NaN,NaN,NaN,NaN,NaN,NaN
23-Jun-2004,0.955,0.985,NaN,NaN,NaN,NaN,NaN,NaN,NaN,NaN,NaN,NaN,NaN,NaN,NaN,NaN,NaN,NaN,NaN,NaN,NaN,NaN,NaN,NaN
24-Jun-2004,0.97,0.985,NaN,NaN,NaN,NaN,NaN,NaN,NaN,NaN,NaN,NaN,NaN,NaN,NaN,NaN,NaN,NaN,NaN,NaN,NaN,NaN,NaN,NaN
25-Jun-2004,1,0.985,NaN,NaN,NaN,NaN,NaN,NaN,NaN,NaN,NaN,NaN,NaN,NaN,NaN,NaN,NaN,NaN,NaN,NaN,NaN,NaN,NaN,NaN
28-Jun-2004,1,0.985,NaN,NaN,NaN,NaN,NaN,NaN,NaN,NaN,NaN,NaN,NaN,NaN,NaN,NaN,NaN,NaN,NaN,NaN,NaN,NaN,NaN,NaN
29-Jun-2004,1,0.985,NaN,NaN,NaN,NaN,NaN,NaN,NaN,NaN,NaN,NaN,NaN,NaN,NaN,NaN,NaN,NaN,NaN,NaN,NaN,NaN,NaN,NaN
30-Jun-2004,1,0.985,NaN,NaN,NaN,NaN,NaN,NaN,NaN,NaN,NaN,NaN,NaN,NaN,NaN,NaN,NaN,NaN,NaN,NaN,NaN,NaN,NaN,NaN
01-Jul-2004,1,0.985,NaN,NaN,NaN,NaN,NaN,NaN,NaN,NaN,NaN,NaN,NaN,NaN,NaN,NaN,NaN,NaN,NaN,NaN,NaN,NaN,NaN,NaN
02-Jul-2004,1,0.985,NaN,NaN,NaN,NaN,NaN,NaN,NaN,NaN,NaN,NaN,NaN,NaN,NaN,NaN,NaN,NaN,NaN,NaN,NaN,NaN,NaN,NaN
05-Jul-2004,1,0.985,NaN,NaN,NaN,NaN,NaN,NaN,NaN,NaN,NaN,NaN,NaN,NaN,NaN,NaN,NaN,NaN,NaN,NaN,NaN,NaN,NaN,NaN
06-Jul-2004,1,0.985,NaN,NaN,NaN,NaN,NaN,NaN,NaN,NaN,NaN,NaN,NaN,NaN,NaN,NaN,NaN,NaN,NaN,NaN,NaN,NaN,NaN,NaN
07-Jul-2004,1,0.985,NaN,NaN,NaN,NaN,NaN,NaN,NaN,NaN,NaN,NaN,NaN,NaN,NaN,NaN,NaN,NaN,NaN,NaN,NaN,NaN,NaN,NaN
08-Jul-2004,1.215,1.215,NaN,NaN,NaN,NaN,NaN,NaN,NaN,NaN,NaN,NaN,NaN,NaN,NaN,NaN,NaN,NaN,NaN,NaN,NaN,NaN,NaN,NaN
09-Jul-2004,1.19,1.215,NaN,NaN,NaN,NaN,NaN,NaN,NaN,NaN,NaN,NaN,NaN,NaN,NaN,NaN,NaN,NaN,NaN,NaN,NaN,NaN,NaN,NaN
12-Jul-2004,1.19,1.215,NaN,NaN,NaN,NaN,NaN,NaN,NaN,NaN,NaN,NaN,NaN,NaN,NaN,NaN,NaN,NaN,NaN,NaN,NaN,NaN,NaN,NaN
13-Jul-2004,1.19,1.215,NaN,NaN,NaN,NaN,NaN,NaN,NaN,NaN,NaN,NaN,NaN,NaN,NaN,NaN,NaN,NaN,NaN,NaN,NaN,NaN,NaN,NaN
14-Jul-2004,1.19,1.215,NaN,NaN,NaN,NaN,NaN,NaN,NaN,NaN,NaN,NaN,NaN,NaN,NaN,NaN,NaN,NaN,NaN,NaN,NaN,NaN,NaN,NaN
15-Jul-2004,1.19,1.215,NaN,NaN,NaN,NaN,NaN,NaN,NaN,NaN,NaN,NaN,NaN,NaN,NaN,NaN,NaN,NaN,NaN,NaN,NaN,NaN,NaN,NaN
16-Jul-2004,1.19,1.215,NaN,NaN,NaN,NaN,NaN,NaN,NaN,NaN,NaN,NaN,NaN,NaN,NaN,NaN,NaN,NaN,NaN,NaN,NaN,NaN,NaN,NaN
19-Jul-2004,1.19,1.215,NaN,NaN,NaN,NaN,NaN,NaN,NaN,NaN,NaN,NaN,NaN,NaN,NaN,NaN,NaN,NaN,NaN,NaN,NaN,NaN,NaN,NaN
20-Jul-2004,1.19,1.215,NaN,NaN,NaN,NaN,NaN,NaN,NaN,NaN,NaN,NaN,NaN,NaN,NaN,NaN,NaN,NaN,NaN,NaN,NaN,NaN,NaN,NaN
21-Jul-2004,1.19,1.215,NaN,NaN,NaN,NaN,NaN,NaN,NaN,NaN,NaN,NaN,NaN,NaN,NaN,NaN,NaN,NaN,NaN,NaN,NaN,NaN,NaN,NaN
22-Jul-2004,1.19,1.215,NaN,NaN,NaN,NaN,NaN,NaN,NaN,NaN,NaN,NaN,NaN,NaN,NaN,NaN,NaN,NaN,NaN,NaN,NaN,NaN,NaN,NaN
23-Jul-2004,1.19,1.215,NaN,NaN,NaN,NaN,NaN,NaN,NaN,NaN,NaN,NaN,NaN,NaN,NaN,NaN,NaN,NaN,NaN,NaN,NaN,NaN,NaN,NaN
26-Jul-2004,1.19,1.215,NaN,NaN,NaN,NaN,NaN,NaN,NaN,NaN,NaN,NaN,NaN,NaN,NaN,NaN,NaN,NaN,NaN,NaN,NaN,NaN,NaN,NaN
27-Jul-2004,1.19,1.215,NaN,NaN,NaN,NaN,NaN,NaN,NaN,NaN,NaN,NaN,NaN,NaN,NaN,NaN,NaN,NaN,NaN,NaN,NaN,NaN,NaN,NaN
28-Jul-2004,1.19,1.215,NaN,NaN,NaN,NaN,NaN,NaN,NaN,NaN,NaN,NaN,NaN,NaN,NaN,NaN,NaN,NaN,NaN,NaN,NaN,NaN,NaN,NaN
29-Jul-2004,1.19,1.215,NaN,NaN,NaN,NaN,NaN,NaN,NaN,NaN,NaN,NaN,NaN,NaN,NaN,NaN,NaN,NaN,NaN,NaN,NaN,NaN,NaN,NaN
30-Jul-2004,1.19,1.215,NaN,NaN,NaN,NaN,NaN,NaN,NaN,NaN,NaN,NaN,NaN,NaN,NaN,NaN,NaN,NaN,NaN,NaN,NaN,NaN,NaN,NaN
02-Aug-2004,1.33,1.26,NaN,NaN,NaN,NaN,NaN,NaN,NaN,NaN,NaN,NaN,NaN,NaN,NaN,NaN,NaN,NaN,NaN,NaN,NaN,NaN,NaN,NaN
03-Aug-2004,1.33,1.26,NaN,NaN,NaN,NaN,NaN,NaN,NaN,NaN,NaN,NaN,NaN,NaN,NaN,NaN,NaN,NaN,NaN,NaN,NaN,NaN,NaN,NaN
04-Aug-2004,1.33,1.26,NaN,NaN,NaN,NaN,NaN,NaN,NaN,NaN,NaN,NaN,NaN,NaN,NaN,NaN,NaN,NaN,NaN,NaN,NaN,NaN,NaN,NaN
05-Aug-2004,1.27,1.29,NaN,NaN,NaN,NaN,NaN,NaN,NaN,NaN,NaN,NaN,NaN,NaN,NaN,NaN,NaN,NaN,NaN,NaN,NaN,NaN,NaN,NaN
06-Aug-2004,1.27,1.29,NaN,NaN,NaN,NaN,NaN,NaN,NaN,NaN,NaN,NaN,NaN,NaN,NaN,NaN,NaN,NaN,NaN,NaN,NaN,NaN,NaN,NaN
09-Aug-2004,1.355,1.405,NaN,NaN,NaN,NaN,NaN,NaN,NaN,NaN,NaN,NaN,NaN,NaN,NaN,NaN,NaN,NaN,NaN,NaN,NaN,NaN,NaN,NaN
10-Aug-2004,1.405,1.425,NaN,NaN,NaN,NaN,NaN,NaN,NaN,NaN,NaN,NaN,NaN,NaN,NaN,NaN,NaN,NaN,NaN,NaN,NaN,NaN,NaN,NaN
11-Aug-2004,1.45,1.435,NaN,NaN,NaN,NaN,NaN,NaN,NaN,NaN,NaN,NaN,NaN,NaN,NaN,NaN,NaN,NaN,NaN,NaN,NaN,NaN,NaN,NaN
12-Aug-2004,1.45,1.435,NaN,NaN,NaN,NaN,NaN,NaN,NaN,NaN,NaN,NaN,NaN,NaN,NaN,NaN,NaN,NaN,NaN,NaN,NaN,NaN,NaN,NaN
13-Aug-2004,1.525,1.435,NaN,NaN,NaN,NaN,NaN,NaN,NaN,NaN,NaN,NaN,NaN,NaN,NaN,NaN,NaN,NaN,NaN,NaN,NaN,NaN,NaN,NaN
16-Aug-2004,1.575,1.535,NaN,NaN,NaN,NaN,NaN,NaN,NaN,NaN,NaN,NaN,NaN,NaN,NaN,NaN,NaN,NaN,NaN,NaN,NaN,NaN,NaN,NaN
17-Aug-2004,1.465,1.44,NaN,NaN,NaN,NaN,NaN,NaN,NaN,NaN,NaN,NaN,NaN,NaN,NaN,NaN,NaN,NaN,NaN,NaN,NaN,NaN,NaN,NaN
18-Aug-2004,1.37,1.44,NaN,NaN,NaN,NaN,NaN,NaN,NaN,NaN,NaN,NaN,NaN,NaN,NaN,NaN,NaN,NaN,NaN,NaN,NaN,NaN,NaN,NaN
19-Aug-2004,1.45,1.44,NaN,NaN,NaN,NaN,NaN,NaN,NaN,NaN,NaN,NaN,NaN,NaN,NaN,NaN,NaN,NaN,NaN,NaN,NaN,NaN,NaN,NaN
20-Aug-2004,1.45,1.44,NaN,NaN,NaN,NaN,NaN,NaN,NaN,NaN,NaN,NaN,NaN,NaN,NaN,NaN,NaN,NaN,NaN,NaN,NaN,NaN,NaN,NaN
23-Aug-2004,1.475,1.44,NaN,NaN,NaN,NaN,NaN,NaN,NaN,NaN,NaN,NaN,NaN,NaN,NaN,NaN,NaN,NaN,NaN,NaN,NaN,NaN,NaN,NaN
24-Aug-2004,1.455,1.44,NaN,NaN,NaN,NaN,NaN,NaN,NaN,NaN,NaN,NaN,NaN,NaN,NaN,NaN,NaN,NaN,NaN,NaN,NaN,NaN,NaN,NaN
25-Aug-2004,1.47,1.475,NaN,NaN,NaN,NaN,NaN,NaN,NaN,NaN,NaN,NaN,NaN,NaN,NaN,NaN,NaN,NaN,NaN,NaN,NaN,NaN,NaN,NaN
26-Aug-2004,1.5,1.475,NaN,NaN,NaN,NaN,NaN,NaN,NaN,NaN,NaN,NaN,NaN,NaN,NaN,NaN,NaN,NaN,NaN,NaN,NaN,NaN,NaN,NaN
27-Aug-2004,1.51,1.475,NaN,NaN,NaN,NaN,NaN,NaN,NaN,NaN,NaN,NaN,NaN,NaN,NaN,NaN,NaN,NaN,NaN,NaN,NaN,NaN,NaN,NaN
30-Aug-2004,1.5,1.475,NaN,NaN,NaN,NaN,NaN,NaN,NaN,NaN,NaN,NaN,NaN,NaN,NaN,NaN,NaN,NaN,NaN,NaN,NaN,NaN,NaN,NaN
31-Aug-2004,1.5,1.475,NaN,NaN,NaN,NaN,NaN,NaN,NaN,NaN,NaN,NaN,NaN,NaN,NaN,NaN,NaN,NaN,NaN,NaN,NaN,NaN,NaN,NaN
01-Sep-2004,1.525,1.49,NaN,NaN,NaN,NaN,NaN,NaN,NaN,NaN,NaN,NaN,NaN,NaN,NaN,NaN,NaN,NaN,NaN,NaN,NaN,NaN,NaN,NaN
02-Sep-2004,1.525,1.49,NaN,NaN,NaN,NaN,NaN,NaN,NaN,NaN,NaN,NaN,NaN,NaN,NaN,NaN,NaN,NaN,NaN,NaN,NaN,NaN,NaN,NaN
03-Sep-2004,1.525,1.49,NaN,NaN,NaN,NaN,NaN,NaN,NaN,NaN,NaN,NaN,NaN,NaN,NaN,NaN,NaN,NaN,NaN,NaN,NaN,NaN,NaN,NaN
06-Sep-2004,1.525,1.49,NaN,NaN,NaN,NaN,NaN,NaN,NaN,NaN,NaN,NaN,NaN,NaN,NaN,NaN,NaN,NaN,NaN,NaN,NaN,NaN,NaN,NaN
07-Sep-2004,1.525,1.49,NaN,NaN,NaN,NaN,NaN,NaN,NaN,NaN,NaN,NaN,NaN,NaN,NaN,NaN,NaN,NaN,NaN,NaN,NaN,NaN,NaN,NaN
08-Sep-2004,1.515,1.505,NaN,NaN,NaN,NaN,NaN,NaN,NaN,NaN,NaN,NaN,NaN,NaN,NaN,NaN,NaN,NaN,NaN,NaN,NaN,NaN,NaN,NaN
09-Sep-2004,1.515,1.505,NaN,NaN,NaN,NaN,NaN,NaN,NaN,NaN,NaN,NaN,NaN,NaN,NaN,NaN,NaN,NaN,NaN,NaN,NaN,NaN,NaN,NaN
10-Sep-2004,1.495,1.505,NaN,NaN,NaN,NaN,NaN,NaN,NaN,NaN,NaN,NaN,NaN,NaN,NaN,NaN,NaN,NaN,NaN,NaN,NaN,NaN,NaN,NaN
13-Sep-2004,1.49,1.505,NaN,NaN,NaN,NaN,NaN,NaN,NaN,NaN,NaN,NaN,NaN,NaN,NaN,NaN,NaN,NaN,NaN,NaN,NaN,NaN,NaN,NaN
14-Sep-2004,1.485,1.505,NaN,NaN,NaN,NaN,NaN,NaN,NaN,NaN,NaN,NaN,NaN,NaN,NaN,NaN,NaN,NaN,NaN,NaN,NaN,NaN,NaN,NaN
15-Sep-2004,1.485,1.505,NaN,NaN,NaN,NaN,NaN,NaN,NaN,NaN,NaN,NaN,NaN,NaN,NaN,NaN,NaN,NaN,NaN,NaN,NaN,NaN,NaN,NaN
16-Sep-2004,1.485,1.505,NaN,NaN,NaN,NaN,NaN,NaN,NaN,NaN,NaN,NaN,NaN,NaN,NaN,NaN,NaN,NaN,NaN,NaN,NaN,NaN,NaN,NaN
17-Sep-2004,1.485,1.505,NaN,NaN,NaN,NaN,NaN,NaN,NaN,NaN,NaN,NaN,NaN,NaN,NaN,NaN,NaN,NaN,NaN,NaN,NaN,NaN,NaN,NaN
20-Sep-2004,1.485,1.51,NaN,NaN,NaN,NaN,NaN,NaN,NaN,NaN,NaN,NaN,NaN,NaN,NaN,NaN,NaN,NaN,NaN,NaN,NaN,NaN,NaN,NaN
21-Sep-2004,1.485,1.505,NaN,NaN,NaN,NaN,NaN,NaN,NaN,NaN,NaN,NaN,NaN,NaN,NaN,NaN,NaN,NaN,NaN,NaN,NaN,NaN,NaN,NaN
22-Sep-2004,1.49,1.505,NaN,NaN,NaN,NaN,NaN,NaN,NaN,NaN,NaN,NaN,NaN,NaN,NaN,NaN,NaN,NaN,NaN,NaN,NaN,NaN,NaN,NaN
23-Sep-2004,1.49,1.505,NaN,NaN,NaN,NaN,NaN,NaN,NaN,NaN,NaN,NaN,NaN,NaN,NaN,NaN,NaN,NaN,NaN,NaN,NaN,NaN,NaN,NaN
24-Sep-2004,1.49,1.505,NaN,NaN,NaN,NaN,NaN,NaN,NaN,NaN,NaN,NaN,NaN,NaN,NaN,NaN,NaN,NaN,NaN,NaN,NaN,NaN,NaN,NaN
27-Sep-2004,1.49,1.505,NaN,NaN,NaN,NaN,NaN,NaN,NaN,NaN,NaN,NaN,NaN,NaN,NaN,NaN,NaN,NaN,NaN,NaN,NaN,NaN,NaN,NaN
28-Sep-2004,1.49,1.505,NaN,NaN,NaN,NaN,NaN,NaN,NaN,NaN,NaN,NaN,NaN,NaN,NaN,NaN,NaN,NaN,NaN,NaN,NaN,NaN,NaN,NaN
29-Sep-2004,1.49,1.505,NaN,NaN,NaN,NaN,NaN,NaN,NaN,NaN,NaN,NaN,NaN,NaN,NaN,NaN,NaN,NaN,NaN,NaN,NaN,NaN,NaN,NaN
30-Sep-2004,1.49,1.505,NaN,NaN,NaN,NaN,NaN,NaN,NaN,NaN,NaN,NaN,NaN,NaN,NaN,NaN,NaN,NaN,NaN,NaN,NaN,NaN,NaN,NaN
01-Oct-2004,1.745,1.725,NaN,NaN,NaN,NaN,NaN,NaN,NaN,NaN,NaN,NaN,NaN,NaN,NaN,NaN,NaN,NaN,NaN,NaN,NaN,NaN,NaN,NaN
04-Oct-2004,1.745,1.725,NaN,NaN,NaN,NaN,NaN,NaN,NaN,NaN,NaN,NaN,NaN,NaN,NaN,NaN,NaN,NaN,NaN,NaN,NaN,NaN,NaN,NaN
05-Oct-2004,1.72,1.715,NaN,NaN,NaN,NaN,NaN,NaN,NaN,NaN,NaN,NaN,NaN,NaN,NaN,NaN,NaN,NaN,NaN,NaN,NaN,NaN,NaN,NaN
06-Oct-2004,1.72,1.715,NaN,NaN,NaN,NaN,NaN,NaN,NaN,NaN,NaN,NaN,NaN,NaN,NaN,NaN,NaN,NaN,NaN,NaN,NaN,NaN,NaN,NaN
07-Oct-2004,1.72,1.715,NaN,NaN,NaN,NaN,NaN,NaN,NaN,NaN,NaN,NaN,NaN,NaN,NaN,NaN,NaN,NaN,NaN,NaN,NaN,NaN,NaN,NaN
08-Oct-2004,1.72,1.715,NaN,NaN,NaN,NaN,NaN,NaN,NaN,NaN,NaN,NaN,NaN,NaN,NaN,NaN,NaN,NaN,NaN,NaN,NaN,NaN,NaN,NaN
11-Oct-2004,1.72,1.715,NaN,NaN,NaN,NaN,NaN,NaN,NaN,NaN,NaN,NaN,NaN,NaN,NaN,NaN,NaN,NaN,NaN,NaN,NaN,NaN,NaN,NaN
12-Oct-2004,1.735,1.715,NaN,NaN,NaN,NaN,NaN,NaN,NaN,NaN,NaN,NaN,NaN,NaN,NaN,NaN,NaN,NaN,NaN,NaN,NaN,NaN,NaN,NaN
13-Oct-2004,1.735,1.715,NaN,NaN,NaN,NaN,NaN,NaN,NaN,NaN,NaN,NaN,NaN,NaN,NaN,NaN,NaN,NaN,NaN,NaN,NaN,NaN,NaN,NaN
14-Oct-2004,1.735,1.715,NaN,NaN,NaN,NaN,NaN,NaN,NaN,NaN,NaN,NaN,NaN,NaN,NaN,NaN,NaN,NaN,NaN,NaN,NaN,NaN,NaN,NaN
15-Oct-2004,1.775,1.725,NaN,NaN,NaN,NaN,NaN,NaN,NaN,NaN,NaN,NaN,NaN,NaN,NaN,NaN,NaN,NaN,NaN,NaN,NaN,NaN,NaN,NaN
18-Oct-2004,1.775,1.725,NaN,NaN,NaN,NaN,NaN,NaN,NaN,NaN,NaN,NaN,NaN,NaN,NaN,NaN,NaN,NaN,NaN,NaN,NaN,NaN,NaN,NaN
19-Oct-2004,1.715,1.7,NaN,NaN,NaN,NaN,NaN,NaN,NaN,NaN,NaN,NaN,NaN,NaN,NaN,NaN,NaN,NaN,NaN,NaN,NaN,NaN,NaN,NaN
20-Oct-2004,1.715,1.7,NaN,NaN,NaN,NaN,NaN,NaN,NaN,NaN,NaN,NaN,NaN,NaN,NaN,NaN,NaN,NaN,NaN,NaN,NaN,NaN,NaN,NaN
21-Oct-2004,1.715,1.7,NaN,NaN,NaN,NaN,NaN,NaN,NaN,NaN,NaN,NaN,NaN,NaN,NaN,NaN,NaN,NaN,NaN,NaN,NaN,NaN,NaN,NaN
22-Oct-2004,1.715,1.7,NaN,NaN,NaN,NaN,NaN,NaN,NaN,NaN,NaN,NaN,NaN,NaN,NaN,NaN,NaN,NaN,NaN,NaN,NaN,NaN,NaN,NaN
25-Oct-2004,1.725,1.7,NaN,NaN,NaN,NaN,NaN,NaN,NaN,NaN,NaN,NaN,NaN,NaN,NaN,NaN,NaN,NaN,NaN,NaN,NaN,NaN,NaN,NaN
26-Oct-2004,1.725,1.7,NaN,NaN,NaN,NaN,NaN,NaN,NaN,NaN,NaN,NaN,NaN,NaN,NaN,NaN,NaN,NaN,NaN,NaN,NaN,NaN,NaN,NaN
27-Oct-2004,1.725,1.7,NaN,NaN,NaN,NaN,NaN,NaN,NaN,NaN,NaN,NaN,NaN,NaN,NaN,NaN,NaN,NaN,NaN,NaN,NaN,NaN,NaN,NaN
28-Oct-2004,1.725,1.7,NaN,NaN,NaN,NaN,NaN,NaN,NaN,NaN,NaN,NaN,NaN,NaN,NaN,NaN,NaN,NaN,NaN,NaN,NaN,NaN,NaN,NaN
29-Oct-2004,1.81,1.8,NaN,NaN,NaN,NaN,NaN,NaN,NaN,NaN,NaN,NaN,NaN,NaN,NaN,NaN,NaN,NaN,NaN,NaN,NaN,NaN,NaN,NaN
01-Nov-2004,1.81,1.8,NaN,NaN,NaN,NaN,NaN,NaN,NaN,NaN,NaN,NaN,NaN,NaN,NaN,NaN,NaN,NaN,NaN,NaN,NaN,NaN,NaN,NaN
02-Nov-2004,1.745,1.8,NaN,NaN,NaN,NaN,NaN,NaN,NaN,NaN,NaN,NaN,NaN,NaN,NaN,NaN,NaN,NaN,NaN,NaN,NaN,NaN,NaN,NaN
03-Nov-2004,1.745,1.8,NaN,NaN,NaN,NaN,NaN,NaN,NaN,NaN,NaN,NaN,NaN,NaN,NaN,NaN,NaN,NaN,NaN,NaN,NaN,NaN,NaN,NaN
04-Nov-2004,1.745,1.8,NaN,NaN,NaN,NaN,NaN,NaN,NaN,NaN,NaN,NaN,NaN,NaN,NaN,NaN,NaN,NaN,NaN,NaN,NaN,NaN,NaN,NaN
05-Nov-2004,1.745,1.8,NaN,NaN,NaN,NaN,NaN,NaN,NaN,NaN,NaN,NaN,NaN,NaN,NaN,NaN,NaN,NaN,NaN,NaN,NaN,NaN,NaN,NaN
08-Nov-2004,1.745,1.8,NaN,NaN,NaN,NaN,NaN,NaN,NaN,NaN,NaN,NaN,NaN,NaN,NaN,NaN,NaN,NaN,NaN,NaN,NaN,NaN,NaN,NaN
09-Nov-2004,1.745,1.8,NaN,NaN,NaN,NaN,NaN,NaN,NaN,NaN,NaN,NaN,NaN,NaN,NaN,NaN,NaN,NaN,NaN,NaN,NaN,NaN,NaN,NaN
10-Nov-2004,1.745,1.8,NaN,NaN,NaN,NaN,NaN,NaN,NaN,NaN,NaN,NaN,NaN,NaN,NaN,NaN,NaN,NaN,NaN,NaN,NaN,NaN,NaN,NaN
11-Nov-2004,1.745,1.8,NaN,NaN,NaN,NaN,NaN,NaN,NaN,NaN,NaN,NaN,NaN,NaN,NaN,NaN,NaN,NaN,NaN,NaN,NaN,NaN,NaN,NaN
12-Nov-2004,1.745,1.8,NaN,NaN,NaN,NaN,NaN,NaN,NaN,NaN,NaN,NaN,NaN,NaN,NaN,NaN,NaN,NaN,NaN,NaN,NaN,NaN,NaN,NaN
15-Nov-2004,1.745,1.8,NaN,NaN,NaN,NaN,NaN,NaN,NaN,NaN,NaN,NaN,NaN,NaN,NaN,NaN,NaN,NaN,NaN,NaN,NaN,NaN,NaN,NaN
16-Nov-2004,1.745,1.8,NaN,NaN,NaN,NaN,NaN,NaN,NaN,NaN,NaN,NaN,NaN,NaN,NaN,NaN,NaN,NaN,NaN,NaN,NaN,NaN,NaN,NaN
17-Nov-2004,1.745,1.8,NaN,NaN,NaN,NaN,NaN,NaN,NaN,NaN,NaN,NaN,NaN,NaN,NaN,NaN,NaN,NaN,NaN,NaN,NaN,NaN,NaN,NaN
18-Nov-2004,1.745,1.8,NaN,NaN,NaN,NaN,NaN,NaN,NaN,NaN,NaN,NaN,NaN,NaN,NaN,NaN,NaN,NaN,NaN,NaN,NaN,NaN,NaN,NaN
19-Nov-2004,1.745,1.8,NaN,NaN,NaN,NaN,NaN,NaN,NaN,NaN,NaN,NaN,NaN,NaN,NaN,NaN,NaN,NaN,NaN,NaN,NaN,NaN,NaN,NaN
22-Nov-2004,1.745,1.8,NaN,NaN,NaN,NaN,NaN,NaN,NaN,NaN,NaN,NaN,NaN,NaN,NaN,NaN,NaN,NaN,NaN,NaN,NaN,NaN,NaN,NaN
23-Nov-2004,1.745,1.8,NaN,NaN,NaN,NaN,NaN,NaN,NaN,NaN,NaN,NaN,NaN,NaN,NaN,NaN,NaN,NaN,NaN,NaN,NaN,NaN,NaN,NaN
24-Nov-2004,1.745,1.8,NaN,NaN,NaN,NaN,NaN,NaN,NaN,NaN,NaN,NaN,NaN,NaN,NaN,NaN,NaN,NaN,NaN,NaN,NaN,NaN,NaN,NaN
25-Nov-2004,1.745,1.8,NaN,NaN,NaN,NaN,NaN,NaN,NaN,NaN,NaN,NaN,NaN,NaN,NaN,NaN,NaN,NaN,NaN,NaN,NaN,NaN,NaN,NaN
26-Nov-2004,1.745,1.8,NaN,NaN,NaN,NaN,NaN,NaN,NaN,NaN,NaN,NaN,NaN,NaN,NaN,NaN,NaN,NaN,NaN,NaN,NaN,NaN,NaN,NaN
29-Nov-2004,1.745,1.8,NaN,NaN,NaN,NaN,NaN,NaN,NaN,NaN,NaN,NaN,NaN,NaN,NaN,NaN,NaN,NaN,NaN,NaN,NaN,NaN,NaN,NaN
30-Nov-2004,1.94,1.95,NaN,NaN,NaN,NaN,NaN,NaN,NaN,NaN,NaN,NaN,NaN,NaN,NaN,NaN,NaN,NaN,NaN,NaN,NaN,NaN,NaN,NaN
01-Dec-2004,1.945,1.95,NaN,NaN,NaN,NaN,NaN,NaN,NaN,NaN,NaN,NaN,NaN,NaN,NaN,NaN,NaN,NaN,NaN,NaN,NaN,NaN,NaN,NaN
02-Dec-2004,1.945,1.95,NaN,NaN,NaN,NaN,NaN,NaN,NaN,NaN,NaN,NaN,NaN,NaN,NaN,NaN,NaN,NaN,NaN,NaN,NaN,NaN,NaN,NaN
03-Dec-2004,1.945,1.95,NaN,NaN,NaN,NaN,NaN,NaN,NaN,NaN,NaN,NaN,NaN,NaN,NaN,NaN,NaN,NaN,NaN,NaN,NaN,NaN,NaN,NaN
06-Dec-2004,1.945,1.95,NaN,NaN,NaN,NaN,NaN,NaN,NaN,NaN,NaN,NaN,NaN,NaN,NaN,NaN,NaN,NaN,NaN,NaN,NaN,NaN,NaN,NaN
07-Dec-2004,1.945,1.95,NaN,NaN,NaN,NaN,NaN,NaN,NaN,NaN,NaN,NaN,NaN,NaN,NaN,NaN,NaN,NaN,NaN,NaN,NaN,NaN,NaN,NaN
08-Dec-2004,1.945,1.95,NaN,NaN,NaN,NaN,NaN,NaN,NaN,NaN,NaN,NaN,NaN,NaN,NaN,NaN,NaN,NaN,NaN,NaN,NaN,NaN,NaN,NaN
09-Dec-2004,1.945,1.95,NaN,NaN,NaN,NaN,NaN,NaN,NaN,NaN,NaN,NaN,NaN,NaN,NaN,NaN,NaN,NaN,NaN,NaN,NaN,NaN,NaN,NaN
10-Dec-2004,1.945,1.95,NaN,NaN,NaN,NaN,NaN,NaN,NaN,NaN,NaN,NaN,NaN,NaN,NaN,NaN,NaN,NaN,NaN,NaN,NaN,NaN,NaN,NaN
13-Dec-2004,2.1,2.1,NaN,NaN,NaN,NaN,NaN,NaN,NaN,NaN,NaN,NaN,NaN,NaN,NaN,NaN,NaN,NaN,NaN,NaN,NaN,NaN,NaN,NaN
14-Dec-2004,2.175,2.175,NaN,NaN,NaN,NaN,NaN,NaN,NaN,NaN,NaN,NaN,NaN,NaN,NaN,NaN,NaN,NaN,NaN,NaN,NaN,NaN,NaN,NaN
15-Dec-2004,2.215,2.185,NaN,NaN,NaN,NaN,NaN,NaN,NaN,NaN,NaN,NaN,NaN,NaN,NaN,NaN,NaN,NaN,NaN,NaN,NaN,NaN,NaN,NaN
16-Dec-2004,2.215,2.185,NaN,NaN,NaN,NaN,NaN,NaN,NaN,NaN,NaN,NaN,NaN,NaN,NaN,NaN,NaN,NaN,NaN,NaN,NaN,NaN,NaN,NaN
17-Dec-2004,2.215,2.185,NaN,NaN,NaN,NaN,NaN,NaN,NaN,NaN,NaN,NaN,NaN,NaN,NaN,NaN,NaN,NaN,NaN,NaN,NaN,NaN,NaN,NaN
20-Dec-2004,2.105,2.1,NaN,NaN,NaN,NaN,NaN,NaN,NaN,NaN,NaN,NaN,NaN,NaN,NaN,NaN,NaN,NaN,NaN,NaN,NaN,NaN,NaN,NaN
21-Dec-2004,2.105,2.1,NaN,NaN,NaN,NaN,NaN,NaN,NaN,NaN,NaN,NaN,NaN,NaN,NaN,NaN,NaN,NaN,NaN,NaN,NaN,NaN,NaN,NaN
22-Dec-2004,2.105,2.1,NaN,NaN,NaN,NaN,NaN,NaN,NaN,NaN,NaN,NaN,NaN,NaN,NaN,NaN,NaN,NaN,NaN,NaN,NaN,NaN,NaN,NaN
23-Dec-2004,2.105,2.1,NaN,NaN,NaN,NaN,NaN,NaN,NaN,NaN,NaN,NaN,NaN,NaN,NaN,NaN,NaN,NaN,NaN,NaN,NaN,NaN,NaN,NaN
24-Dec-2004,2.105,2.1,NaN,NaN,NaN,NaN,NaN,NaN,NaN,NaN,NaN,NaN,NaN,NaN,NaN,NaN,NaN,NaN,NaN,NaN,NaN,NaN,NaN,NaN
27-Dec-2004,2.105,2.1,NaN,NaN,NaN,NaN,NaN,NaN,NaN,NaN,NaN,NaN,NaN,NaN,NaN,NaN,NaN,NaN,NaN,NaN,NaN,NaN,NaN,NaN
28-Dec-2004,2.105,2.1,NaN,NaN,NaN,NaN,NaN,NaN,NaN,NaN,NaN,NaN,NaN,NaN,NaN,NaN,NaN,NaN,NaN,NaN,NaN,NaN,NaN,NaN
29-Dec-2004,1.975,2.1,NaN,NaN,NaN,NaN,NaN,NaN,NaN,NaN,NaN,NaN,NaN,NaN,NaN,NaN,NaN,NaN,NaN,NaN,NaN,NaN,NaN,NaN
30-Dec-2004,1.975,2.1,NaN,NaN,NaN,NaN,NaN,NaN,NaN,NaN,NaN,NaN,NaN,NaN,NaN,NaN,NaN,NaN,NaN,NaN,NaN,NaN,NaN,NaN
31-Dec-2004,1.975,2.1,NaN,NaN,NaN,NaN,NaN,NaN,NaN,NaN,NaN,NaN,NaN,NaN,NaN,NaN,NaN,NaN,NaN,NaN,NaN,NaN,NaN,NaN
03-Jan-2005,1.975,2.1,NaN,NaN,NaN,NaN,NaN,NaN,NaN,NaN,NaN,NaN,NaN,NaN,NaN,NaN,NaN,NaN,NaN,NaN,NaN,NaN,NaN,NaN
04-Jan-2005,1.875,1.975,NaN,NaN,NaN,NaN,NaN,NaN,NaN,NaN,NaN,NaN,NaN,NaN,NaN,NaN,NaN,NaN,NaN,NaN,NaN,NaN,NaN,NaN
05-Jan-2005,1.875,1.975,NaN,NaN,NaN,NaN,NaN,NaN,NaN,NaN,NaN,NaN,NaN,NaN,NaN,NaN,NaN,NaN,NaN,NaN,NaN,NaN,NaN,NaN
06-Jan-2005,1.875,1.975,NaN,NaN,NaN,NaN,NaN,NaN,NaN,NaN,NaN,NaN,NaN,NaN,NaN,NaN,NaN,NaN,NaN,NaN,NaN,NaN,NaN,NaN
07-Jan-2005,1.875,1.975,NaN,NaN,NaN,NaN,NaN,NaN,NaN,NaN,NaN,NaN,NaN,NaN,NaN,NaN,NaN,NaN,NaN,NaN,NaN,NaN,NaN,NaN
10-Jan-2005,1.875,1.975,NaN,NaN,NaN,NaN,NaN,NaN,NaN,NaN,NaN,NaN,NaN,NaN,NaN,NaN,NaN,NaN,NaN,NaN,NaN,NaN,NaN,NaN
11-Jan-2005,1.875,1.975,NaN,NaN,NaN,NaN,NaN,NaN,NaN,NaN,NaN,NaN,NaN,NaN,NaN,NaN,NaN,NaN,NaN,NaN,NaN,NaN,NaN,NaN
12-Jan-2005,2.095,1.975,NaN,NaN,NaN,NaN,NaN,NaN,NaN,NaN,NaN,NaN,NaN,NaN,NaN,NaN,NaN,NaN,NaN,NaN,NaN,NaN,NaN,NaN
13-Jan-2005,2.095,1.975,NaN,NaN,NaN,NaN,NaN,NaN,NaN,NaN,NaN,NaN,NaN,NaN,NaN,NaN,NaN,NaN,NaN,NaN,NaN,NaN,NaN,NaN
14-Jan-2005,2.26,2.175,NaN,NaN,NaN,NaN,NaN,NaN,NaN,NaN,NaN,NaN,NaN,NaN,NaN,NaN,NaN,NaN,NaN,NaN,NaN,NaN,NaN,NaN
17-Jan-2005,2.26,2.175,NaN,NaN,NaN,NaN,NaN,NaN,NaN,NaN,NaN,NaN,NaN,NaN,NaN,NaN,NaN,NaN,NaN,NaN,NaN,NaN,NaN,NaN
18-Jan-2005,2.26,2.175,NaN,NaN,NaN,NaN,NaN,NaN,NaN,NaN,NaN,NaN,NaN,NaN,NaN,NaN,NaN,NaN,NaN,NaN,NaN,NaN,NaN,NaN
19-Jan-2005,2.26,2.175,NaN,NaN,NaN,NaN,NaN,NaN,NaN,NaN,NaN,NaN,NaN,NaN,NaN,NaN,NaN,NaN,NaN,NaN,NaN,NaN,NaN,NaN
20-Jan-2005,2.26,2.175,NaN,NaN,NaN,NaN,NaN,NaN,NaN,NaN,NaN,NaN,NaN,NaN,NaN,NaN,NaN,NaN,NaN,NaN,NaN,NaN,NaN,NaN
21-Jan-2005,2.1,2.1,NaN,NaN,NaN,NaN,NaN,NaN,NaN,NaN,NaN,NaN,NaN,NaN,NaN,NaN,NaN,NaN,NaN,NaN,NaN,NaN,NaN,NaN
24-Jan-2005,2.1,2.1,NaN,NaN,NaN,NaN,NaN,NaN,NaN,NaN,NaN,NaN,NaN,NaN,NaN,NaN,NaN,NaN,NaN,NaN,NaN,NaN,NaN,NaN
25-Jan-2005,2.2,2.175,NaN,NaN,NaN,NaN,NaN,NaN,NaN,NaN,NaN,NaN,NaN,NaN,NaN,NaN,NaN,NaN,NaN,NaN,NaN,NaN,NaN,NaN
26-Jan-2005,2.2,2.175,NaN,NaN,NaN,NaN,NaN,NaN,NaN,NaN,NaN,NaN,NaN,NaN,NaN,NaN,NaN,NaN,NaN,NaN,NaN,NaN,NaN,NaN
27-Jan-2005,2.2,2.175,NaN,NaN,NaN,NaN,NaN,NaN,NaN,NaN,NaN,NaN,NaN,NaN,NaN,NaN,NaN,NaN,NaN,NaN,NaN,NaN,NaN,NaN
28-Jan-2005,2.2,2.175,NaN,NaN,NaN,NaN,NaN,NaN,NaN,NaN,NaN,NaN,NaN,NaN,NaN,NaN,NaN,NaN,NaN,NaN,NaN,NaN,NaN,NaN
31-Jan-2005,2.2,2.175,NaN,NaN,NaN,NaN,NaN,NaN,NaN,NaN,NaN,NaN,NaN,NaN,NaN,NaN,NaN,NaN,NaN,NaN,NaN,NaN,NaN,NaN
01-Feb-2005,2.2,2.175,NaN,NaN,NaN,NaN,NaN,NaN,NaN,NaN,NaN,NaN,NaN,NaN,NaN,NaN,NaN,NaN,NaN,NaN,NaN,NaN,NaN,NaN
02-Feb-2005,2.2,2.175,NaN,NaN,NaN,NaN,NaN,NaN,NaN,NaN,NaN,NaN,NaN,NaN,NaN,NaN,NaN,NaN,NaN,NaN,NaN,NaN,NaN,NaN
03-Feb-2005,2.35,2.35,NaN,NaN,NaN,NaN,NaN,NaN,NaN,NaN,NaN,NaN,NaN,NaN,NaN,NaN,NaN,NaN,NaN,NaN,NaN,NaN,NaN,NaN
04-Feb-2005,2.35,2.35,NaN,NaN,NaN,NaN,NaN,NaN,NaN,NaN,NaN,NaN,NaN,NaN,NaN,NaN,NaN,NaN,NaN,NaN,NaN,NaN,NaN,NaN
07-Feb-2005,2.35,2.35,NaN,NaN,NaN,NaN,NaN,NaN,NaN,NaN,NaN,NaN,NaN,NaN,NaN,NaN,NaN,NaN,NaN,NaN,NaN,NaN,NaN,NaN
08-Feb-2005,2.35,2.35,NaN,NaN,NaN,NaN,NaN,NaN,NaN,NaN,NaN,NaN,NaN,NaN,NaN,NaN,NaN,NaN,NaN,NaN,NaN,NaN,NaN,NaN
09-Feb-2005,2.35,2.35,NaN,NaN,NaN,NaN,NaN,NaN,NaN,NaN,NaN,NaN,NaN,NaN,NaN,NaN,NaN,NaN,NaN,NaN,NaN,NaN,NaN,NaN
10-Feb-2005,2.46,2.475,NaN,NaN,NaN,NaN,NaN,NaN,NaN,NaN,NaN,NaN,NaN,NaN,NaN,NaN,NaN,NaN,NaN,NaN,NaN,NaN,NaN,NaN
11-Feb-2005,2.46,2.475,NaN,NaN,NaN,NaN,NaN,NaN,NaN,NaN,NaN,NaN,NaN,NaN,NaN,NaN,NaN,NaN,NaN,NaN,NaN,NaN,NaN,NaN
14-Feb-2005,2.46,2.475,NaN,NaN,NaN,NaN,NaN,NaN,NaN,NaN,NaN,NaN,NaN,NaN,NaN,NaN,NaN,NaN,NaN,NaN,NaN,NaN,NaN,NaN
15-Feb-2005,2.46,2.475,NaN,NaN,NaN,NaN,NaN,NaN,NaN,NaN,NaN,NaN,NaN,NaN,NaN,NaN,NaN,NaN,NaN,NaN,NaN,NaN,NaN,NaN
16-Feb-2005,2.46,2.475,NaN,NaN,NaN,NaN,NaN,NaN,NaN,NaN,NaN,NaN,NaN,NaN,NaN,NaN,NaN,NaN,NaN,NaN,NaN,NaN,NaN,NaN
17-Feb-2005,1.745,1.8,NaN,NaN,NaN,NaN,NaN,NaN,NaN,NaN,NaN,NaN,NaN,NaN,NaN,NaN,NaN,NaN,NaN,NaN,NaN,NaN,NaN,NaN
18-Feb-2005,1.745,1.8,NaN,NaN,NaN,NaN,NaN,NaN,NaN,NaN,NaN,NaN,NaN,NaN,NaN,NaN,NaN,NaN,NaN,NaN,NaN,NaN,NaN,NaN
21-Feb-2005,1.745,1.8,NaN,NaN,NaN,NaN,NaN,NaN,NaN,NaN,NaN,NaN,NaN,NaN,NaN,NaN,NaN,NaN,NaN,NaN,NaN,NaN,NaN,NaN
22-Feb-2005,1.745,1.8,NaN,NaN,NaN,NaN,NaN,NaN,NaN,NaN,NaN,NaN,NaN,NaN,NaN,NaN,NaN,NaN,NaN,NaN,NaN,NaN,NaN,NaN
23-Feb-2005,1.745,1.8,NaN,NaN,NaN,NaN,NaN,NaN,NaN,NaN,NaN,NaN,NaN,NaN,NaN,NaN,NaN,NaN,NaN,NaN,NaN,NaN,NaN,NaN
24-Feb-2005,1.745,1.8,NaN,NaN,NaN,NaN,NaN,NaN,NaN,NaN,NaN,NaN,NaN,NaN,NaN,NaN,NaN,NaN,NaN,NaN,NaN,NaN,NaN,NaN
25-Feb-2005,1.745,1.8,NaN,NaN,NaN,NaN,NaN,NaN,NaN,NaN,NaN,NaN,NaN,NaN,NaN,NaN,NaN,NaN,NaN,NaN,NaN,NaN,NaN,NaN
28-Feb-2005,1.745,1.8,NaN,NaN,NaN,NaN,NaN,NaN,NaN,NaN,NaN,NaN,NaN,NaN,NaN,NaN,NaN,NaN,NaN,NaN,NaN,NaN,NaN,NaN
01-Mar-2005,1.745,1.8,NaN,NaN,NaN,NaN,NaN,NaN,NaN,NaN,NaN,NaN,NaN,NaN,NaN,NaN,NaN,NaN,NaN,NaN,NaN,NaN,NaN,NaN
02-Mar-2005,1.745,1.8,NaN,NaN,NaN,NaN,NaN,NaN,NaN,NaN,NaN,NaN,NaN,NaN,NaN,NaN,NaN,NaN,NaN,NaN,NaN,NaN,NaN,NaN
03-Mar-2005,1.745,1.8,NaN,NaN,NaN,NaN,NaN,NaN,NaN,NaN,NaN,NaN,NaN,NaN,NaN,NaN,NaN,NaN,NaN,NaN,NaN,NaN,NaN,NaN
04-Mar-2005,1.745,1.8,NaN,NaN,NaN,NaN,NaN,NaN,NaN,NaN,NaN,NaN,NaN,NaN,NaN,NaN,NaN,NaN,NaN,NaN,NaN,NaN,NaN,NaN
07-Mar-2005,1.745,1.8,NaN,NaN,NaN,NaN,NaN,NaN,NaN,NaN,NaN,NaN,NaN,NaN,NaN,NaN,NaN,NaN,NaN,NaN,NaN,NaN,NaN,NaN
08-Mar-2005,1.745,1.8,NaN,NaN,NaN,NaN,NaN,NaN,NaN,NaN,NaN,NaN,NaN,NaN,NaN,NaN,NaN,NaN,NaN,NaN,NaN,NaN,NaN,NaN
09-Mar-2005,1.745,1.8,NaN,NaN,NaN,NaN,NaN,NaN,NaN,NaN,NaN,NaN,NaN,NaN,NaN,NaN,NaN,NaN,NaN,NaN,NaN,NaN,NaN,NaN
10-Mar-2005,1.745,1.8,NaN,NaN,NaN,NaN,NaN,NaN,NaN,NaN,NaN,NaN,NaN,NaN,NaN,NaN,NaN,NaN,NaN,NaN,NaN,NaN,NaN,NaN
11-Mar-2005,1.745,1.8,NaN,NaN,NaN,NaN,NaN,NaN,NaN,NaN,NaN,NaN,NaN,NaN,NaN,NaN,NaN,NaN,NaN,NaN,NaN,NaN,NaN,NaN
14-Mar-2005,1.745,1.8,NaN,NaN,NaN,NaN,NaN,NaN,NaN,NaN,NaN,NaN,NaN,NaN,NaN,NaN,NaN,NaN,NaN,NaN,NaN,NaN,NaN,NaN
15-Mar-2005,1.745,1.8,NaN,NaN,NaN,NaN,NaN,NaN,NaN,NaN,NaN,NaN,NaN,NaN,NaN,NaN,NaN,NaN,NaN,NaN,NaN,NaN,NaN,NaN
16-Mar-2005,1.745,1.8,NaN,NaN,NaN,NaN,NaN,NaN,NaN,NaN,NaN,NaN,NaN,NaN,NaN,NaN,NaN,NaN,NaN,NaN,NaN,NaN,NaN,NaN
17-Mar-2005,1.745,1.8,NaN,NaN,NaN,NaN,NaN,NaN,NaN,NaN,NaN,NaN,NaN,NaN,NaN,NaN,NaN,NaN,NaN,NaN,NaN,NaN,NaN,NaN
18-Mar-2005,1.745,1.8,NaN,NaN,NaN,NaN,NaN,NaN,NaN,NaN,NaN,NaN,NaN,NaN,NaN,NaN,NaN,NaN,NaN,NaN,NaN,NaN,NaN,NaN
21-Mar-2005,1.745,1.8,NaN,NaN,NaN,NaN,NaN,NaN,NaN,NaN,NaN,NaN,NaN,NaN,NaN,NaN,NaN,NaN,NaN,NaN,NaN,NaN,NaN,NaN
22-Mar-2005,1.745,1.8,NaN,NaN,NaN,NaN,NaN,NaN,NaN,NaN,NaN,NaN,NaN,NaN,NaN,NaN,NaN,NaN,NaN,NaN,NaN,NaN,NaN,NaN
23-Mar-2005,1.745,1.8,NaN,NaN,NaN,NaN,NaN,NaN,NaN,NaN,NaN,NaN,NaN,NaN,NaN,NaN,NaN,NaN,NaN,NaN,NaN,NaN,NaN,NaN
24-Mar-2005,1.745,1.8,NaN,NaN,NaN,NaN,NaN,NaN,NaN,NaN,NaN,NaN,NaN,NaN,NaN,NaN,NaN,NaN,NaN,NaN,NaN,NaN,NaN,NaN
25-Mar-2005,1.745,1.8,NaN,NaN,NaN,NaN,NaN,NaN,NaN,NaN,NaN,NaN,NaN,NaN,NaN,NaN,NaN,NaN,NaN,NaN,NaN,NaN,NaN,NaN
28-Mar-2005,1.745,1.8,NaN,NaN,NaN,NaN,NaN,NaN,NaN,NaN,NaN,NaN,NaN,NaN,NaN,NaN,NaN,NaN,NaN,NaN,NaN,NaN,NaN,NaN
29-Mar-2005,1.745,1.8,NaN,NaN,NaN,NaN,NaN,NaN,NaN,NaN,NaN,NaN,NaN,NaN,NaN,NaN,NaN,NaN,NaN,NaN,NaN,NaN,NaN,NaN
30-Mar-2005,1.745,1.8,NaN,NaN,NaN,NaN,NaN,NaN,NaN,NaN,NaN,NaN,NaN,NaN,NaN,NaN,NaN,NaN,NaN,NaN,NaN,NaN,NaN,NaN
31-Mar-2005,1.745,1.8,NaN,NaN,NaN,NaN,NaN,NaN,NaN,NaN,NaN,NaN,NaN,NaN,NaN,NaN,NaN,NaN,NaN,NaN,NaN,NaN,NaN,NaN
01-Apr-2005,1.745,1.8,NaN,NaN,NaN,NaN,NaN,NaN,NaN,NaN,NaN,NaN,NaN,NaN,NaN,NaN,NaN,NaN,NaN,NaN,NaN,NaN,NaN,NaN
04-Apr-2005,1.745,1.8,NaN,NaN,NaN,NaN,NaN,NaN,NaN,NaN,NaN,NaN,NaN,NaN,NaN,NaN,NaN,NaN,NaN,NaN,NaN,NaN,NaN,NaN
05-Apr-2005,1.745,1.8,NaN,NaN,NaN,NaN,NaN,NaN,NaN,NaN,NaN,NaN,NaN,NaN,NaN,NaN,NaN,NaN,NaN,NaN,NaN,NaN,NaN,NaN
06-Apr-2005,1.745,1.8,NaN,NaN,NaN,NaN,NaN,NaN,NaN,NaN,NaN,NaN,NaN,NaN,NaN,NaN,NaN,NaN,NaN,NaN,NaN,NaN,NaN,NaN
07-Apr-2005,1.745,1.8,NaN,NaN,NaN,NaN,NaN,NaN,NaN,NaN,NaN,NaN,NaN,NaN,NaN,NaN,NaN,NaN,NaN,NaN,NaN,NaN,NaN,NaN
08-Apr-2005,1.745,1.8,NaN,NaN,NaN,NaN,NaN,NaN,NaN,NaN,NaN,NaN,NaN,NaN,NaN,NaN,NaN,NaN,NaN,NaN,NaN,NaN,NaN,NaN
11-Apr-2005,1.745,1.8,NaN,NaN,NaN,NaN,NaN,NaN,NaN,NaN,NaN,NaN,NaN,NaN,NaN,NaN,NaN,NaN,NaN,NaN,NaN,NaN,NaN,NaN
12-Apr-2005,1.745,1.8,NaN,NaN,NaN,NaN,NaN,NaN,NaN,NaN,NaN,NaN,NaN,NaN,NaN,NaN,NaN,NaN,NaN,NaN,NaN,NaN,NaN,NaN
13-Apr-2005,1.745,1.8,NaN,NaN,NaN,NaN,NaN,NaN,NaN,NaN,NaN,NaN,NaN,NaN,NaN,NaN,NaN,NaN,NaN,NaN,NaN,NaN,NaN,NaN
14-Apr-2005,1.745,1.8,NaN,NaN,NaN,NaN,NaN,NaN,NaN,NaN,NaN,NaN,NaN,NaN,NaN,NaN,NaN,NaN,NaN,NaN,NaN,NaN,NaN,NaN
15-Apr-2005,1.745,1.8,NaN,NaN,NaN,NaN,NaN,NaN,NaN,NaN,NaN,NaN,NaN,NaN,NaN,NaN,NaN,NaN,NaN,NaN,NaN,NaN,NaN,NaN
18-Apr-2005,1.745,1.8,NaN,NaN,NaN,NaN,NaN,NaN,NaN,NaN,NaN,NaN,NaN,NaN,NaN,NaN,NaN,NaN,NaN,NaN,NaN,NaN,NaN,NaN
19-Apr-2005,1.745,1.8,NaN,NaN,NaN,NaN,NaN,NaN,NaN,NaN,NaN,NaN,NaN,NaN,NaN,NaN,NaN,NaN,NaN,NaN,NaN,NaN,NaN,NaN
20-Apr-2005,1.745,1.8,NaN,NaN,NaN,NaN,NaN,NaN,NaN,NaN,NaN,NaN,NaN,NaN,NaN,NaN,NaN,NaN,NaN,NaN,NaN,NaN,NaN,NaN
21-Apr-2005,1.745,1.8,NaN,NaN,NaN,NaN,NaN,NaN,NaN,NaN,NaN,NaN,NaN,NaN,NaN,NaN,NaN,NaN,NaN,NaN,NaN,NaN,NaN,NaN
22-Apr-2005,1.745,1.8,NaN,NaN,NaN,NaN,NaN,NaN,NaN,NaN,NaN,NaN,NaN,NaN,NaN,NaN,NaN,NaN,NaN,NaN,NaN,NaN,NaN,NaN
25-Apr-2005,1.745,1.8,NaN,NaN,NaN,NaN,NaN,NaN,NaN,NaN,NaN,NaN,NaN,NaN,NaN,NaN,NaN,NaN,NaN,NaN,NaN,NaN,NaN,NaN
26-Apr-2005,1.745,1.8,NaN,NaN,NaN,NaN,NaN,NaN,NaN,NaN,NaN,NaN,NaN,NaN,NaN,NaN,NaN,NaN,NaN,NaN,NaN,NaN,NaN,NaN
27-Apr-2005,1.745,1.8,NaN,NaN,NaN,NaN,NaN,NaN,NaN,NaN,NaN,NaN,NaN,NaN,NaN,NaN,NaN,NaN,NaN,NaN,NaN,NaN,NaN,NaN
28-Apr-2005,1.745,1.8,NaN,NaN,NaN,NaN,NaN,NaN,NaN,NaN,NaN,NaN,NaN,NaN,NaN,NaN,NaN,NaN,NaN,NaN,NaN,NaN,NaN,NaN
29-Apr-2005,1.745,1.8,NaN,NaN,NaN,NaN,NaN,NaN,NaN,NaN,NaN,NaN,NaN,NaN,NaN,NaN,NaN,NaN,NaN,NaN,NaN,NaN,NaN,NaN
02-May-2005,1.745,1.8,NaN,NaN,NaN,NaN,NaN,NaN,NaN,NaN,NaN,NaN,NaN,NaN,NaN,NaN,NaN,NaN,NaN,NaN,NaN,NaN,NaN,NaN
03-May-2005,1.745,1.8,NaN,NaN,NaN,NaN,NaN,NaN,NaN,NaN,NaN,NaN,NaN,NaN,NaN,NaN,NaN,NaN,NaN,NaN,NaN,NaN,NaN,NaN
04-May-2005,1.745,1.8,NaN,NaN,NaN,NaN,NaN,NaN,NaN,NaN,NaN,NaN,NaN,NaN,NaN,NaN,NaN,NaN,NaN,NaN,NaN,NaN,NaN,NaN
05-May-2005,1.745,1.8,NaN,NaN,NaN,NaN,NaN,NaN,NaN,NaN,NaN,NaN,NaN,NaN,NaN,NaN,NaN,NaN,NaN,NaN,NaN,NaN,NaN,NaN
06-May-2005,1.745,1.8,NaN,NaN,NaN,NaN,NaN,NaN,NaN,NaN,NaN,NaN,NaN,NaN,NaN,NaN,NaN,NaN,NaN,NaN,NaN,NaN,NaN,NaN
09-May-2005,1.745,1.8,NaN,NaN,NaN,NaN,NaN,NaN,NaN,NaN,NaN,NaN,NaN,NaN,NaN,NaN,NaN,NaN,NaN,NaN,NaN,NaN,NaN,NaN
10-May-2005,1.745,1.8,NaN,NaN,NaN,NaN,NaN,NaN,NaN,NaN,NaN,NaN,NaN,NaN,NaN,NaN,NaN,NaN,NaN,NaN,NaN,NaN,NaN,NaN
11-May-2005,1.745,1.8,NaN,NaN,NaN,NaN,NaN,NaN,NaN,NaN,NaN,NaN,NaN,NaN,NaN,NaN,NaN,NaN,NaN,NaN,NaN,NaN,NaN,NaN
12-May-2005,1.745,1.8,NaN,NaN,NaN,NaN,NaN,NaN,NaN,NaN,NaN,NaN,NaN,NaN,NaN,NaN,NaN,NaN,NaN,NaN,NaN,NaN,NaN,NaN
13-May-2005,1.745,1.8,NaN,NaN,NaN,NaN,NaN,NaN,NaN,NaN,NaN,NaN,NaN,NaN,NaN,NaN,NaN,NaN,NaN,NaN,NaN,NaN,NaN,NaN
16-May-2005,1.745,1.8,NaN,NaN,NaN,NaN,NaN,NaN,NaN,NaN,NaN,NaN,NaN,NaN,NaN,NaN,NaN,NaN,NaN,NaN,NaN,NaN,NaN,NaN
17-May-2005,1.745,1.8,NaN,NaN,NaN,NaN,NaN,NaN,NaN,NaN,NaN,NaN,NaN,NaN,NaN,NaN,NaN,NaN,NaN,NaN,NaN,NaN,NaN,NaN
18-May-2005,1.745,1.8,NaN,NaN,NaN,NaN,NaN,NaN,NaN,NaN,NaN,NaN,NaN,NaN,NaN,NaN,NaN,NaN,NaN,NaN,NaN,NaN,NaN,NaN
19-May-2005,1.745,1.8,NaN,NaN,NaN,NaN,NaN,NaN,NaN,NaN,NaN,NaN,NaN,NaN,NaN,NaN,NaN,NaN,NaN,NaN,NaN,NaN,NaN,NaN
20-May-2005,1.745,1.8,NaN,NaN,NaN,NaN,NaN,NaN,NaN,NaN,NaN,NaN,NaN,NaN,NaN,NaN,NaN,NaN,NaN,NaN,NaN,NaN,NaN,NaN
23-May-2005,1.745,1.8,NaN,NaN,NaN,NaN,NaN,NaN,NaN,NaN,NaN,NaN,NaN,NaN,NaN,NaN,NaN,NaN,NaN,NaN,NaN,NaN,NaN,NaN
24-May-2005,1.745,1.8,NaN,NaN,NaN,NaN,NaN,NaN,NaN,NaN,NaN,NaN,NaN,NaN,NaN,NaN,NaN,NaN,NaN,NaN,NaN,NaN,NaN,NaN
25-May-2005,1.745,1.8,NaN,NaN,NaN,NaN,NaN,NaN,NaN,NaN,NaN,NaN,NaN,NaN,NaN,NaN,NaN,NaN,NaN,NaN,NaN,NaN,NaN,NaN
26-May-2005,1.745,1.8,NaN,NaN,NaN,NaN,NaN,NaN,NaN,NaN,NaN,NaN,NaN,NaN,NaN,NaN,NaN,NaN,NaN,NaN,NaN,NaN,NaN,NaN
27-May-2005,1.745,1.8,NaN,NaN,NaN,NaN,NaN,NaN,NaN,NaN,NaN,NaN,NaN,NaN,NaN,NaN,NaN,NaN,NaN,NaN,NaN,NaN,NaN,NaN
30-May-2005,1.745,1.8,NaN,NaN,NaN,NaN,NaN,NaN,NaN,NaN,NaN,NaN,NaN,NaN,NaN,NaN,NaN,NaN,NaN,NaN,NaN,NaN,NaN,NaN
31-May-2005,1.745,1.8,NaN,NaN,NaN,NaN,NaN,NaN,NaN,NaN,NaN,NaN,NaN,NaN,NaN,NaN,NaN,NaN,NaN,NaN,NaN,NaN,NaN,NaN
01-Jun-2005,1.745,1.8,NaN,NaN,NaN,NaN,NaN,NaN,NaN,NaN,NaN,NaN,NaN,NaN,NaN,NaN,NaN,NaN,NaN,NaN,NaN,NaN,NaN,NaN
02-Jun-2005,1.745,1.8,NaN,NaN,NaN,NaN,NaN,NaN,NaN,NaN,NaN,NaN,NaN,NaN,NaN,NaN,NaN,NaN,NaN,NaN,NaN,NaN,NaN,NaN
03-Jun-2005,1.745,1.8,NaN,NaN,NaN,NaN,NaN,NaN,NaN,NaN,NaN,NaN,NaN,NaN,NaN,NaN,NaN,NaN,NaN,NaN,NaN,NaN,NaN,NaN
06-Jun-2005,1.745,1.8,NaN,NaN,NaN,NaN,NaN,NaN,NaN,NaN,NaN,NaN,NaN,NaN,NaN,NaN,NaN,NaN,NaN,NaN,NaN,NaN,NaN,NaN
07-Jun-2005,1.745,1.8,NaN,NaN,NaN,NaN,NaN,NaN,NaN,NaN,NaN,NaN,NaN,NaN,NaN,NaN,NaN,NaN,NaN,NaN,NaN,NaN,NaN,NaN
08-Jun-2005,1.745,1.8,NaN,NaN,NaN,NaN,NaN,NaN,NaN,NaN,NaN,NaN,NaN,NaN,NaN,NaN,NaN,NaN,NaN,NaN,NaN,NaN,NaN,NaN
09-Jun-2005,1.745,1.8,NaN,NaN,NaN,NaN,NaN,NaN,NaN,NaN,NaN,NaN,NaN,NaN,NaN,NaN,NaN,NaN,NaN,NaN,NaN,NaN,NaN,NaN
10-Jun-2005,1.745,1.8,NaN,NaN,NaN,NaN,NaN,NaN,NaN,NaN,NaN,NaN,NaN,NaN,NaN,NaN,NaN,NaN,NaN,NaN,NaN,NaN,NaN,NaN
13-Jun-2005,1.745,1.8,NaN,NaN,NaN,NaN,NaN,NaN,NaN,NaN,NaN,NaN,NaN,NaN,NaN,NaN,NaN,NaN,NaN,NaN,NaN,NaN,NaN,NaN
14-Jun-2005,1.745,1.8,NaN,NaN,NaN,NaN,NaN,NaN,NaN,NaN,NaN,NaN,NaN,NaN,NaN,NaN,NaN,NaN,NaN,NaN,NaN,NaN,NaN,NaN
15-Jun-2005,1.745,1.8,NaN,NaN,NaN,NaN,NaN,NaN,NaN,NaN,NaN,NaN,NaN,NaN,NaN,NaN,NaN,NaN,NaN,NaN,NaN,NaN,NaN,NaN
16-Jun-2005,1.745,1.8,NaN,NaN,NaN,NaN,NaN,NaN,NaN,NaN,NaN,NaN,NaN,NaN,NaN,NaN,NaN,NaN,NaN,NaN,NaN,NaN,NaN,NaN
17-Jun-2005,1.745,1.8,NaN,NaN,NaN,NaN,NaN,NaN,NaN,NaN,NaN,NaN,NaN,NaN,NaN,NaN,NaN,NaN,NaN,NaN,NaN,NaN,NaN,NaN
20-Jun-2005,1.745,1.8,NaN,NaN,NaN,NaN,NaN,NaN,NaN,NaN,NaN,NaN,NaN,NaN,NaN,NaN,NaN,NaN,NaN,NaN,NaN,NaN,NaN,NaN
21-Jun-2005,1.745,1.8,NaN,NaN,NaN,NaN,NaN,NaN,NaN,NaN,NaN,NaN,NaN,NaN,NaN,NaN,NaN,NaN,NaN,NaN,NaN,NaN,NaN,NaN
22-Jun-2005,1.745,1.8,NaN,NaN,NaN,NaN,NaN,NaN,NaN,NaN,NaN,NaN,NaN,NaN,NaN,NaN,NaN,NaN,NaN,NaN,NaN,NaN,NaN,NaN
23-Jun-2005,1.745,1.8,NaN,NaN,NaN,NaN,NaN,NaN,NaN,NaN,NaN,NaN,NaN,NaN,NaN,NaN,NaN,NaN,NaN,NaN,NaN,NaN,NaN,NaN
24-Jun-2005,1.745,1.8,NaN,NaN,NaN,NaN,NaN,NaN,NaN,NaN,NaN,NaN,NaN,NaN,NaN,NaN,NaN,NaN,NaN,NaN,NaN,NaN,NaN,NaN
27-Jun-2005,1.745,1.8,NaN,NaN,NaN,NaN,NaN,NaN,NaN,NaN,NaN,NaN,NaN,NaN,NaN,NaN,NaN,NaN,NaN,NaN,NaN,NaN,NaN,NaN
28-Jun-2005,1.745,1.8,NaN,NaN,NaN,NaN,NaN,NaN,NaN,NaN,NaN,NaN,NaN,NaN,NaN,NaN,NaN,NaN,NaN,NaN,NaN,NaN,NaN,NaN
29-Jun-2005,1.745,1.8,NaN,NaN,NaN,NaN,NaN,NaN,NaN,NaN,NaN,NaN,NaN,NaN,NaN,NaN,NaN,NaN,NaN,NaN,NaN,NaN,NaN,NaN
30-Jun-2005,1.745,1.8,NaN,NaN,NaN,NaN,NaN,NaN,NaN,NaN,NaN,NaN,NaN,NaN,NaN,NaN,NaN,NaN,NaN,NaN,NaN,NaN,NaN,NaN
01-Jul-2005,1.745,1.8,NaN,NaN,NaN,NaN,NaN,NaN,NaN,NaN,NaN,NaN,NaN,NaN,NaN,NaN,NaN,NaN,NaN,NaN,NaN,NaN,NaN,NaN
04-Jul-2005,1.745,1.8,NaN,NaN,NaN,NaN,NaN,NaN,NaN,NaN,NaN,NaN,NaN,NaN,NaN,NaN,NaN,NaN,NaN,NaN,NaN,NaN,NaN,NaN
05-Jul-2005,1.745,1.8,NaN,NaN,NaN,NaN,NaN,NaN,NaN,NaN,NaN,NaN,NaN,NaN,NaN,NaN,NaN,NaN,NaN,NaN,NaN,NaN,NaN,NaN
06-Jul-2005,1.745,1.8,NaN,NaN,NaN,NaN,NaN,NaN,NaN,NaN,NaN,NaN,NaN,NaN,NaN,NaN,NaN,NaN,NaN,NaN,NaN,NaN,NaN,NaN
07-Jul-2005,1.745,1.8,NaN,NaN,NaN,NaN,NaN,NaN,NaN,NaN,NaN,NaN,NaN,NaN,NaN,NaN,NaN,NaN,NaN,NaN,NaN,NaN,NaN,NaN
08-Jul-2005,1.745,1.8,NaN,NaN,NaN,NaN,NaN,NaN,NaN,NaN,NaN,NaN,NaN,NaN,NaN,NaN,NaN,NaN,NaN,NaN,NaN,NaN,NaN,NaN
11-Jul-2005,1.745,1.8,NaN,NaN,NaN,NaN,NaN,NaN,NaN,NaN,NaN,NaN,NaN,NaN,NaN,NaN,NaN,NaN,NaN,NaN,NaN,NaN,NaN,NaN
12-Jul-2005,1.745,1.8,NaN,NaN,NaN,NaN,NaN,NaN,NaN,NaN,NaN,NaN,NaN,NaN,NaN,NaN,NaN,NaN,NaN,NaN,NaN,NaN,NaN,NaN
13-Jul-2005,1.745,1.8,NaN,NaN,NaN,NaN,NaN,NaN,NaN,NaN,NaN,NaN,NaN,NaN,NaN,NaN,NaN,NaN,NaN,NaN,NaN,NaN,NaN,NaN
14-Jul-2005,1.745,1.8,NaN,NaN,NaN,NaN,NaN,NaN,NaN,NaN,NaN,NaN,NaN,NaN,NaN,NaN,NaN,NaN,NaN,NaN,NaN,NaN,NaN,NaN
15-Jul-2005,1.745,1.8,NaN,NaN,NaN,NaN,NaN,NaN,NaN,NaN,NaN,NaN,NaN,NaN,NaN,NaN,NaN,NaN,NaN,NaN,NaN,NaN,NaN,NaN
18-Jul-2005,1.745,1.8,NaN,NaN,NaN,NaN,NaN,NaN,NaN,NaN,NaN,NaN,NaN,NaN,NaN,NaN,NaN,NaN,NaN,NaN,NaN,NaN,NaN,NaN
19-Jul-2005,1.745,1.8,NaN,NaN,NaN,NaN,NaN,NaN,NaN,NaN,NaN,NaN,NaN,NaN,NaN,NaN,NaN,NaN,NaN,NaN,NaN,NaN,NaN,NaN
20-Jul-2005,1.745,1.8,NaN,NaN,NaN,NaN,NaN,NaN,NaN,NaN,NaN,NaN,NaN,NaN,NaN,NaN,NaN,NaN,NaN,NaN,NaN,NaN,NaN,NaN
21-Jul-2005,1.745,1.8,NaN,NaN,NaN,NaN,NaN,NaN,NaN,NaN,NaN,NaN,NaN,NaN,NaN,NaN,NaN,NaN,NaN,NaN,NaN,NaN,NaN,NaN
22-Jul-2005,1.745,1.8,NaN,NaN,NaN,NaN,NaN,NaN,NaN,NaN,NaN,NaN,NaN,NaN,NaN,NaN,NaN,NaN,NaN,NaN,NaN,NaN,NaN,NaN
25-Jul-2005,1.745,1.8,NaN,NaN,NaN,NaN,NaN,NaN,NaN,NaN,NaN,NaN,NaN,NaN,NaN,NaN,NaN,NaN,NaN,NaN,NaN,NaN,NaN,NaN
26-Jul-2005,1.745,1.8,NaN,NaN,NaN,NaN,NaN,NaN,NaN,NaN,NaN,NaN,NaN,NaN,NaN,NaN,NaN,NaN,NaN,NaN,NaN,NaN,NaN,NaN
27-Jul-2005,1.745,1.8,NaN,NaN,NaN,NaN,NaN,NaN,NaN,NaN,NaN,NaN,NaN,NaN,NaN,NaN,NaN,NaN,NaN,NaN,NaN,NaN,NaN,NaN
28-Jul-2005,1.745,1.8,NaN,NaN,NaN,NaN,NaN,NaN,NaN,NaN,NaN,NaN,NaN,NaN,NaN,NaN,NaN,NaN,NaN,NaN,NaN,NaN,NaN,NaN
29-Jul-2005,1.745,1.8,NaN,NaN,NaN,NaN,NaN,NaN,NaN,NaN,NaN,NaN,NaN,NaN,NaN,NaN,NaN,NaN,NaN,NaN,NaN,NaN,NaN,NaN
01-Aug-2005,1.745,1.8,NaN,NaN,NaN,NaN,NaN,NaN,NaN,NaN,NaN,NaN,NaN,NaN,NaN,NaN,NaN,NaN,NaN,NaN,NaN,NaN,NaN,NaN
02-Aug-2005,1.745,1.8,NaN,NaN,NaN,NaN,NaN,NaN,NaN,NaN,NaN,NaN,NaN,NaN,NaN,NaN,NaN,NaN,NaN,NaN,NaN,NaN,NaN,NaN
03-Aug-2005,1.745,1.8,NaN,NaN,NaN,NaN,NaN,NaN,NaN,NaN,NaN,NaN,NaN,NaN,NaN,NaN,NaN,NaN,NaN,NaN,NaN,NaN,NaN,NaN
04-Aug-2005,1.745,1.8,NaN,NaN,NaN,NaN,NaN,NaN,NaN,NaN,NaN,NaN,NaN,NaN,NaN,NaN,NaN,NaN,NaN,NaN,NaN,NaN,NaN,NaN
05-Aug-2005,1.745,1.8,NaN,NaN,NaN,NaN,NaN,NaN,NaN,NaN,NaN,NaN,NaN,NaN,NaN,NaN,NaN,NaN,NaN,NaN,NaN,NaN,NaN,NaN
08-Aug-2005,1.745,1.8,NaN,NaN,NaN,NaN,NaN,NaN,NaN,NaN,NaN,NaN,NaN,NaN,NaN,NaN,NaN,NaN,NaN,NaN,NaN,NaN,NaN,NaN
09-Aug-2005,1.745,1.8,NaN,NaN,NaN,NaN,NaN,NaN,NaN,NaN,NaN,NaN,NaN,NaN,NaN,NaN,NaN,NaN,NaN,NaN,NaN,NaN,NaN,NaN
10-Aug-2005,1.745,1.8,NaN,NaN,NaN,NaN,NaN,NaN,NaN,NaN,NaN,NaN,NaN,NaN,NaN,NaN,NaN,NaN,NaN,NaN,NaN,NaN,NaN,NaN
11-Aug-2005,1.745,1.8,NaN,NaN,NaN,NaN,NaN,NaN,NaN,NaN,NaN,NaN,NaN,NaN,NaN,NaN,NaN,NaN,NaN,NaN,NaN,NaN,NaN,NaN
12-Aug-2005,1.745,1.8,NaN,NaN,NaN,NaN,NaN,NaN,NaN,NaN,NaN,NaN,NaN,NaN,NaN,NaN,NaN,NaN,NaN,NaN,NaN,NaN,NaN,NaN
15-Aug-2005,1.745,1.8,NaN,NaN,NaN,NaN,NaN,NaN,NaN,NaN,NaN,NaN,NaN,NaN,NaN,NaN,NaN,NaN,NaN,NaN,NaN,NaN,NaN,NaN
16-Aug-2005,1.745,1.8,NaN,NaN,NaN,NaN,NaN,NaN,NaN,NaN,NaN,NaN,NaN,NaN,NaN,NaN,NaN,NaN,NaN,NaN,NaN,NaN,NaN,NaN
17-Aug-2005,1.745,1.8,NaN,NaN,NaN,NaN,NaN,NaN,NaN,NaN,NaN,NaN,NaN,NaN,NaN,NaN,NaN,NaN,NaN,NaN,NaN,NaN,NaN,NaN
18-Aug-2005,1.745,1.8,NaN,NaN,NaN,NaN,NaN,NaN,NaN,NaN,NaN,NaN,NaN,NaN,NaN,NaN,NaN,NaN,NaN,NaN,NaN,NaN,NaN,NaN
19-Aug-2005,1.745,1.8,NaN,NaN,NaN,NaN,NaN,NaN,NaN,NaN,NaN,NaN,NaN,NaN,NaN,NaN,NaN,NaN,NaN,NaN,NaN,NaN,NaN,NaN
22-Aug-2005,1.745,1.8,NaN,NaN,NaN,NaN,NaN,NaN,NaN,NaN,NaN,NaN,NaN,NaN,NaN,NaN,NaN,NaN,NaN,NaN,NaN,NaN,NaN,NaN
23-Aug-2005,1.745,1.8,NaN,NaN,NaN,NaN,NaN,NaN,NaN,NaN,NaN,NaN,NaN,NaN,NaN,NaN,NaN,NaN,NaN,NaN,NaN,NaN,NaN,NaN
24-Aug-2005,3.5,3.46,NaN,NaN,NaN,NaN,NaN,NaN,NaN,NaN,NaN,NaN,NaN,NaN,NaN,NaN,NaN,NaN,NaN,NaN,NaN,NaN,NaN,NaN
25-Aug-2005,3.5,3.46,NaN,NaN,NaN,NaN,NaN,NaN,NaN,NaN,NaN,NaN,NaN,NaN,NaN,NaN,NaN,NaN,NaN,NaN,NaN,NaN,NaN,NaN
26-Aug-2005,3.54,3.49,NaN,NaN,NaN,NaN,NaN,NaN,NaN,NaN,NaN,NaN,NaN,NaN,NaN,NaN,NaN,NaN,NaN,NaN,NaN,NaN,NaN,NaN
29-Aug-2005,3.54,3.49,NaN,NaN,NaN,NaN,NaN,NaN,NaN,NaN,NaN,NaN,NaN,NaN,NaN,NaN,NaN,NaN,NaN,NaN,NaN,NaN,NaN,NaN
30-Aug-2005,3.505,3.49,NaN,NaN,NaN,NaN,NaN,NaN,NaN,NaN,NaN,NaN,NaN,NaN,NaN,NaN,NaN,NaN,NaN,NaN,NaN,NaN,NaN,NaN
31-Aug-2005,3.505,3.49,NaN,NaN,NaN,NaN,NaN,NaN,NaN,NaN,NaN,NaN,NaN,NaN,NaN,NaN,NaN,NaN,NaN,NaN,NaN,NaN,NaN,NaN
01-Sep-2005,3.575,3.49,NaN,NaN,NaN,NaN,NaN,NaN,NaN,NaN,NaN,NaN,NaN,NaN,NaN,NaN,NaN,NaN,NaN,NaN,NaN,NaN,NaN,NaN
02-Sep-2005,3.575,3.49,NaN,NaN,NaN,NaN,NaN,NaN,NaN,NaN,NaN,NaN,NaN,NaN,NaN,NaN,NaN,NaN,NaN,NaN,NaN,NaN,NaN,NaN
05-Sep-2005,3.575,3.49,NaN,NaN,NaN,NaN,NaN,NaN,NaN,NaN,NaN,NaN,NaN,NaN,NaN,NaN,NaN,NaN,NaN,NaN,NaN,NaN,NaN,NaN
06-Sep-2005,3.495,3.49,NaN,NaN,NaN,NaN,NaN,NaN,NaN,NaN,NaN,NaN,NaN,NaN,NaN,NaN,NaN,NaN,NaN,NaN,NaN,NaN,NaN,NaN
07-Sep-2005,3.465,3.475,NaN,NaN,NaN,NaN,NaN,NaN,NaN,NaN,NaN,NaN,NaN,NaN,NaN,NaN,NaN,NaN,NaN,NaN,NaN,NaN,NaN,NaN
08-Sep-2005,3.465,3.475,NaN,NaN,NaN,NaN,NaN,NaN,NaN,NaN,NaN,NaN,NaN,NaN,NaN,NaN,NaN,NaN,NaN,NaN,NaN,NaN,NaN,NaN
09-Sep-2005,3.465,3.475,NaN,NaN,NaN,NaN,NaN,NaN,NaN,NaN,NaN,NaN,NaN,NaN,NaN,NaN,NaN,NaN,NaN,NaN,NaN,NaN,NaN,NaN
12-Sep-2005,3.465,3.475,NaN,NaN,NaN,NaN,NaN,NaN,NaN,NaN,NaN,NaN,NaN,NaN,NaN,NaN,NaN,NaN,NaN,NaN,NaN,NaN,NaN,NaN
13-Sep-2005,3.445,3.505,NaN,NaN,NaN,NaN,NaN,NaN,NaN,NaN,NaN,NaN,NaN,NaN,NaN,NaN,NaN,NaN,NaN,NaN,NaN,NaN,NaN,NaN
14-Sep-2005,3.445,3.505,NaN,NaN,NaN,NaN,NaN,NaN,NaN,NaN,NaN,NaN,NaN,NaN,NaN,NaN,NaN,NaN,NaN,NaN,NaN,NaN,NaN,NaN
15-Sep-2005,3.445,3.505,NaN,NaN,NaN,NaN,NaN,NaN,NaN,NaN,NaN,NaN,NaN,NaN,NaN,NaN,NaN,NaN,NaN,NaN,NaN,NaN,NaN,NaN
16-Sep-2005,3.445,3.505,NaN,NaN,NaN,NaN,NaN,NaN,NaN,NaN,NaN,NaN,NaN,NaN,NaN,NaN,NaN,NaN,NaN,NaN,NaN,NaN,NaN,NaN
19-Sep-2005,3.445,3.505,NaN,NaN,NaN,NaN,NaN,NaN,NaN,NaN,NaN,NaN,NaN,NaN,NaN,NaN,NaN,NaN,NaN,NaN,NaN,NaN,NaN,NaN
20-Sep-2005,3.445,3.505,NaN,NaN,NaN,NaN,NaN,NaN,NaN,NaN,NaN,NaN,NaN,NaN,NaN,NaN,NaN,NaN,NaN,NaN,NaN,NaN,NaN,NaN
21-Sep-2005,3.445,3.505,NaN,NaN,NaN,NaN,NaN,NaN,NaN,NaN,NaN,NaN,NaN,NaN,NaN,NaN,NaN,NaN,NaN,NaN,NaN,NaN,NaN,NaN
22-Sep-2005,3.445,3.505,NaN,NaN,NaN,NaN,NaN,NaN,NaN,NaN,NaN,NaN,NaN,NaN,NaN,NaN,NaN,NaN,NaN,NaN,NaN,NaN,NaN,NaN
23-Sep-2005,3.445,3.505,NaN,NaN,NaN,NaN,NaN,NaN,NaN,NaN,NaN,NaN,NaN,NaN,NaN,NaN,NaN,NaN,NaN,NaN,NaN,NaN,NaN,NaN
26-Sep-2005,3.445,3.505,NaN,NaN,NaN,NaN,NaN,NaN,NaN,NaN,NaN,NaN,NaN,NaN,NaN,NaN,NaN,NaN,NaN,NaN,NaN,NaN,NaN,NaN
27-Sep-2005,3.445,3.505,NaN,NaN,NaN,NaN,NaN,NaN,NaN,NaN,NaN,NaN,NaN,NaN,NaN,NaN,NaN,NaN,NaN,NaN,NaN,NaN,NaN,NaN
28-Sep-2005,3.445,3.505,NaN,NaN,NaN,NaN,NaN,NaN,NaN,NaN,NaN,NaN,NaN,NaN,NaN,NaN,NaN,NaN,NaN,NaN,NaN,NaN,NaN,NaN
29-Sep-2005,3.445,3.505,NaN,NaN,NaN,NaN,NaN,NaN,NaN,NaN,NaN,NaN,NaN,NaN,NaN,NaN,NaN,NaN,NaN,NaN,NaN,NaN,NaN,NaN
30-Sep-2005,3.445,3.505,NaN,NaN,NaN,NaN,NaN,NaN,NaN,NaN,NaN,NaN,NaN,NaN,NaN,NaN,NaN,NaN,NaN,NaN,NaN,NaN,NaN,NaN
03-Oct-2005,3.73,3.675,NaN,NaN,NaN,NaN,NaN,NaN,NaN,NaN,NaN,NaN,NaN,NaN,NaN,NaN,NaN,NaN,NaN,NaN,NaN,NaN,NaN,NaN
04-Oct-2005,3.69,3.71,NaN,NaN,NaN,NaN,NaN,NaN,NaN,NaN,NaN,NaN,NaN,NaN,NaN,NaN,NaN,NaN,NaN,NaN,NaN,NaN,NaN,NaN
05-Oct-2005,3.71,3.675,NaN,NaN,NaN,NaN,NaN,NaN,NaN,NaN,NaN,NaN,NaN,NaN,NaN,NaN,NaN,NaN,NaN,NaN,NaN,NaN,NaN,NaN
06-Oct-2005,3.71,3.675,NaN,NaN,NaN,NaN,NaN,NaN,NaN,NaN,NaN,NaN,NaN,NaN,NaN,NaN,NaN,NaN,NaN,NaN,NaN,NaN,NaN,NaN
07-Oct-2005,3.675,3.675,NaN,NaN,NaN,NaN,NaN,NaN,NaN,NaN,NaN,NaN,NaN,NaN,NaN,NaN,NaN,NaN,NaN,NaN,NaN,NaN,NaN,NaN
10-Oct-2005,3.675,3.675,NaN,NaN,NaN,NaN,NaN,NaN,NaN,NaN,NaN,NaN,NaN,NaN,NaN,NaN,NaN,NaN,NaN,NaN,NaN,NaN,NaN,NaN
11-Oct-2005,3.675,3.675,NaN,NaN,NaN,NaN,NaN,NaN,NaN,NaN,NaN,NaN,NaN,NaN,NaN,NaN,NaN,NaN,NaN,NaN,NaN,NaN,NaN,NaN
12-Oct-2005,3.675,3.675,NaN,NaN,NaN,NaN,NaN,NaN,NaN,NaN,NaN,NaN,NaN,NaN,NaN,NaN,NaN,NaN,NaN,NaN,NaN,NaN,NaN,NaN
13-Oct-2005,3.675,3.675,NaN,NaN,NaN,NaN,NaN,NaN,NaN,NaN,NaN,NaN,NaN,NaN,NaN,NaN,NaN,NaN,NaN,NaN,NaN,NaN,NaN,NaN
14-Oct-2005,3.675,3.675,NaN,NaN,NaN,NaN,NaN,NaN,NaN,NaN,NaN,NaN,NaN,NaN,NaN,NaN,NaN,NaN,NaN,NaN,NaN,NaN,NaN,NaN
17-Oct-2005,3.675,3.675,NaN,NaN,NaN,NaN,NaN,NaN,NaN,NaN,NaN,NaN,NaN,NaN,NaN,NaN,NaN,NaN,NaN,NaN,NaN,NaN,NaN,NaN
18-Oct-2005,3.675,3.71,NaN,NaN,NaN,NaN,NaN,NaN,NaN,NaN,NaN,NaN,NaN,NaN,NaN,NaN,NaN,NaN,NaN,NaN,NaN,NaN,NaN,NaN
19-Oct-2005,3.675,3.725,NaN,NaN,NaN,NaN,NaN,NaN,NaN,NaN,NaN,NaN,NaN,NaN,NaN,NaN,NaN,NaN,NaN,NaN,NaN,NaN,NaN,NaN
20-Oct-2005,3.69,3.725,NaN,NaN,NaN,NaN,NaN,NaN,NaN,NaN,NaN,NaN,NaN,NaN,NaN,NaN,NaN,NaN,NaN,NaN,NaN,NaN,NaN,NaN
21-Oct-2005,3.69,3.725,NaN,NaN,NaN,NaN,NaN,NaN,NaN,NaN,NaN,NaN,NaN,NaN,NaN,NaN,NaN,NaN,NaN,NaN,NaN,NaN,NaN,NaN
24-Oct-2005,3.69,3.725,NaN,NaN,NaN,NaN,NaN,NaN,NaN,NaN,NaN,NaN,NaN,NaN,NaN,NaN,NaN,NaN,NaN,NaN,NaN,NaN,NaN,NaN
25-Oct-2005,3.69,3.725,NaN,NaN,NaN,NaN,NaN,NaN,NaN,NaN,NaN,NaN,NaN,NaN,NaN,NaN,NaN,NaN,NaN,NaN,NaN,NaN,NaN,NaN
26-Oct-2005,3.69,3.725,NaN,NaN,NaN,NaN,NaN,NaN,NaN,NaN,NaN,NaN,NaN,NaN,NaN,NaN,NaN,NaN,NaN,NaN,NaN,NaN,NaN,NaN
27-Oct-2005,3.69,3.725,NaN,NaN,NaN,NaN,NaN,NaN,NaN,NaN,NaN,NaN,NaN,NaN,NaN,NaN,NaN,NaN,NaN,NaN,NaN,NaN,NaN,NaN
28-Oct-2005,3.69,3.725,NaN,NaN,NaN,NaN,NaN,NaN,NaN,NaN,NaN,NaN,NaN,NaN,NaN,NaN,NaN,NaN,NaN,NaN,NaN,NaN,NaN,NaN
31-Oct-2005,3.69,3.725,NaN,NaN,NaN,NaN,NaN,NaN,NaN,NaN,NaN,NaN,NaN,NaN,NaN,NaN,NaN,NaN,NaN,NaN,NaN,NaN,NaN,NaN
01-Nov-2005,3.69,3.725,NaN,NaN,NaN,NaN,NaN,NaN,NaN,NaN,NaN,NaN,NaN,NaN,NaN,NaN,NaN,NaN,NaN,NaN,NaN,NaN,NaN,NaN
02-Nov-2005,3.69,3.725,NaN,NaN,NaN,NaN,NaN,NaN,NaN,NaN,NaN,NaN,NaN,NaN,NaN,NaN,NaN,NaN,NaN,NaN,NaN,NaN,NaN,NaN
03-Nov-2005,3.69,3.725,NaN,NaN,NaN,NaN,NaN,NaN,NaN,NaN,NaN,NaN,NaN,NaN,NaN,NaN,NaN,NaN,NaN,NaN,NaN,NaN,NaN,NaN
04-Nov-2005,3.69,3.725,NaN,NaN,NaN,NaN,NaN,NaN,NaN,NaN,NaN,NaN,NaN,NaN,NaN,NaN,NaN,NaN,NaN,NaN,NaN,NaN,NaN,NaN
07-Nov-2005,3.69,3.725,NaN,NaN,NaN,NaN,NaN,NaN,NaN,NaN,NaN,NaN,NaN,NaN,NaN,NaN,NaN,NaN,NaN,NaN,NaN,NaN,NaN,NaN
08-Nov-2005,3.945,3.935,NaN,NaN,NaN,NaN,NaN,NaN,NaN,NaN,NaN,NaN,NaN,NaN,NaN,NaN,NaN,NaN,NaN,NaN,NaN,NaN,NaN,NaN
09-Nov-2005,3.945,3.935,NaN,NaN,NaN,NaN,NaN,NaN,NaN,NaN,NaN,NaN,NaN,NaN,NaN,NaN,NaN,NaN,NaN,NaN,NaN,NaN,NaN,NaN
10-Nov-2005,3.945,3.935,NaN,NaN,NaN,NaN,NaN,NaN,NaN,NaN,NaN,NaN,NaN,NaN,NaN,NaN,NaN,NaN,NaN,NaN,NaN,NaN,NaN,NaN
11-Nov-2005,3.945,3.935,NaN,NaN,NaN,NaN,NaN,NaN,NaN,NaN,NaN,NaN,NaN,NaN,NaN,NaN,NaN,NaN,NaN,NaN,NaN,NaN,NaN,NaN
14-Nov-2005,3.985,3.985,NaN,NaN,NaN,NaN,NaN,NaN,NaN,NaN,NaN,NaN,NaN,NaN,NaN,NaN,NaN,NaN,NaN,NaN,NaN,NaN,NaN,NaN
15-Nov-2005,3.985,3.985,NaN,NaN,NaN,NaN,NaN,NaN,NaN,NaN,NaN,NaN,NaN,NaN,NaN,NaN,NaN,NaN,NaN,NaN,NaN,NaN,NaN,NaN
16-Nov-2005,3.985,3.985,NaN,NaN,NaN,NaN,NaN,NaN,NaN,NaN,NaN,NaN,NaN,NaN,NaN,NaN,NaN,NaN,NaN,NaN,NaN,NaN,NaN,NaN
17-Nov-2005,3.985,3.985,NaN,NaN,NaN,NaN,NaN,NaN,NaN,NaN,NaN,NaN,NaN,NaN,NaN,NaN,NaN,NaN,NaN,NaN,NaN,NaN,NaN,NaN
18-Nov-2005,3.985,3.985,NaN,NaN,NaN,NaN,NaN,NaN,NaN,NaN,NaN,NaN,NaN,NaN,NaN,NaN,NaN,NaN,NaN,NaN,NaN,NaN,NaN,NaN
21-Nov-2005,3.985,3.985,NaN,NaN,NaN,NaN,NaN,NaN,NaN,NaN,NaN,NaN,NaN,NaN,NaN,NaN,NaN,NaN,NaN,NaN,NaN,NaN,NaN,NaN
22-Nov-2005,3.985,3.985,NaN,NaN,NaN,NaN,NaN,NaN,NaN,NaN,NaN,NaN,NaN,NaN,NaN,NaN,NaN,NaN,NaN,NaN,NaN,NaN,NaN,NaN
23-Nov-2005,3.985,3.985,NaN,NaN,NaN,NaN,NaN,NaN,NaN,NaN,NaN,NaN,NaN,NaN,NaN,NaN,NaN,NaN,NaN,NaN,NaN,NaN,NaN,NaN
24-Nov-2005,3.985,3.985,NaN,NaN,NaN,NaN,NaN,NaN,NaN,NaN,NaN,NaN,NaN,NaN,NaN,NaN,NaN,NaN,NaN,NaN,NaN,NaN,NaN,NaN
25-Nov-2005,3.985,3.985,NaN,NaN,NaN,NaN,NaN,NaN,NaN,NaN,NaN,NaN,NaN,NaN,NaN,NaN,NaN,NaN,NaN,NaN,NaN,NaN,NaN,NaN
28-Nov-2005,3.985,3.985,NaN,NaN,NaN,NaN,NaN,NaN,NaN,NaN,NaN,NaN,NaN,NaN,NaN,NaN,NaN,NaN,NaN,NaN,NaN,NaN,NaN,NaN
29-Nov-2005,3.985,3.985,NaN,NaN,NaN,NaN,NaN,NaN,NaN,NaN,NaN,NaN,NaN,NaN,NaN,NaN,NaN,NaN,NaN,NaN,NaN,NaN,NaN,NaN
30-Nov-2005,3.985,3.985,NaN,NaN,NaN,NaN,NaN,NaN,NaN,NaN,NaN,NaN,NaN,NaN,NaN,NaN,NaN,NaN,NaN,NaN,NaN,NaN,NaN,NaN
01-Dec-2005,3.985,3.985,NaN,NaN,NaN,NaN,NaN,NaN,NaN,NaN,NaN,NaN,NaN,NaN,NaN,NaN,NaN,NaN,NaN,NaN,NaN,NaN,NaN,NaN
02-Dec-2005,3.985,3.985,NaN,NaN,NaN,NaN,NaN,NaN,NaN,NaN,NaN,NaN,NaN,NaN,NaN,NaN,NaN,NaN,NaN,NaN,NaN,NaN,NaN,NaN
05-Dec-2005,3.985,3.985,NaN,NaN,NaN,NaN,NaN,NaN,NaN,NaN,NaN,NaN,NaN,NaN,NaN,NaN,NaN,NaN,NaN,NaN,NaN,NaN,NaN,NaN
06-Dec-2005,3.985,3.985,NaN,NaN,NaN,NaN,NaN,NaN,NaN,NaN,NaN,NaN,NaN,NaN,NaN,NaN,NaN,NaN,NaN,NaN,NaN,NaN,NaN,NaN
07-Dec-2005,3.985,3.985,NaN,NaN,NaN,NaN,NaN,NaN,NaN,NaN,NaN,NaN,NaN,NaN,NaN,NaN,NaN,NaN,NaN,NaN,NaN,NaN,NaN,NaN
08-Dec-2005,3.985,3.985,NaN,NaN,NaN,NaN,NaN,NaN,NaN,NaN,NaN,NaN,NaN,NaN,NaN,NaN,NaN,NaN,NaN,NaN,NaN,NaN,NaN,NaN
09-Dec-2005,3.985,3.985,NaN,NaN,NaN,NaN,NaN,NaN,NaN,NaN,NaN,NaN,NaN,NaN,NaN,NaN,NaN,NaN,NaN,NaN,NaN,NaN,NaN,NaN
12-Dec-2005,3.985,3.985,NaN,NaN,NaN,NaN,NaN,NaN,NaN,NaN,NaN,NaN,NaN,NaN,NaN,NaN,NaN,NaN,NaN,NaN,NaN,NaN,NaN,NaN
13-Dec-2005,3.985,3.985,NaN,NaN,NaN,NaN,NaN,NaN,NaN,NaN,NaN,NaN,NaN,NaN,NaN,NaN,NaN,NaN,NaN,NaN,NaN,NaN,NaN,NaN
14-Dec-2005,4.2,4.14,NaN,NaN,NaN,NaN,NaN,NaN,NaN,NaN,NaN,NaN,NaN,NaN,NaN,NaN,NaN,NaN,NaN,NaN,NaN,NaN,NaN,NaN
15-Dec-2005,4.4,4.175,NaN,NaN,NaN,NaN,NaN,NaN,NaN,NaN,NaN,NaN,NaN,NaN,NaN,NaN,NaN,NaN,NaN,NaN,NaN,NaN,NaN,NaN
16-Dec-2005,4.19,4.175,NaN,NaN,NaN,NaN,NaN,NaN,NaN,NaN,NaN,NaN,NaN,NaN,NaN,NaN,NaN,NaN,NaN,NaN,NaN,NaN,NaN,NaN
19-Dec-2005,4.195,4.175,NaN,NaN,NaN,NaN,NaN,NaN,NaN,NaN,NaN,NaN,NaN,NaN,NaN,NaN,NaN,NaN,NaN,NaN,NaN,NaN,NaN,NaN
20-Dec-2005,4.195,4.175,NaN,NaN,NaN,NaN,NaN,NaN,NaN,NaN,NaN,NaN,NaN,NaN,NaN,NaN,NaN,NaN,NaN,NaN,NaN,NaN,NaN,NaN
21-Dec-2005,4.195,4.175,NaN,NaN,NaN,NaN,NaN,NaN,NaN,NaN,NaN,NaN,NaN,NaN,NaN,NaN,NaN,NaN,NaN,NaN,NaN,NaN,NaN,NaN
22-Dec-2005,4.195,4.175,NaN,NaN,NaN,NaN,NaN,NaN,NaN,NaN,NaN,NaN,NaN,NaN,NaN,NaN,NaN,NaN,NaN,NaN,NaN,NaN,NaN,NaN
23-Dec-2005,4.195,4.175,NaN,NaN,NaN,NaN,NaN,NaN,NaN,NaN,NaN,NaN,NaN,NaN,NaN,NaN,NaN,NaN,NaN,NaN,NaN,NaN,NaN,NaN
26-Dec-2005,4.195,4.175,NaN,NaN,NaN,NaN,NaN,NaN,NaN,NaN,NaN,NaN,NaN,NaN,NaN,NaN,NaN,NaN,NaN,NaN,NaN,NaN,NaN,NaN
27-Dec-2005,4.195,4.175,NaN,NaN,NaN,NaN,NaN,NaN,NaN,NaN,NaN,NaN,NaN,NaN,NaN,NaN,NaN,NaN,NaN,NaN,NaN,NaN,NaN,NaN
28-Dec-2005,4.195,4.175,NaN,NaN,NaN,NaN,NaN,NaN,NaN,NaN,NaN,NaN,NaN,NaN,NaN,NaN,NaN,NaN,NaN,NaN,NaN,NaN,NaN,NaN
29-Dec-2005,4.195,4.175,NaN,NaN,NaN,NaN,NaN,NaN,NaN,NaN,NaN,NaN,NaN,NaN,NaN,NaN,NaN,NaN,NaN,NaN,NaN,NaN,NaN,NaN
30-Dec-2005,4.195,4.175,NaN,NaN,NaN,NaN,NaN,NaN,NaN,NaN,NaN,NaN,NaN,NaN,NaN,NaN,NaN,NaN,NaN,NaN,NaN,NaN,NaN,NaN
02-Jan-2006,4.195,4.175,NaN,NaN,NaN,NaN,NaN,NaN,NaN,NaN,NaN,NaN,NaN,NaN,NaN,NaN,NaN,NaN,NaN,NaN,NaN,NaN,NaN,NaN
03-Jan-2006,4.195,4.175,NaN,NaN,NaN,NaN,NaN,NaN,NaN,NaN,NaN,NaN,NaN,NaN,NaN,NaN,NaN,NaN,NaN,NaN,NaN,NaN,NaN,NaN
04-Jan-2006,4.195,4.175,NaN,NaN,NaN,NaN,NaN,NaN,NaN,NaN,NaN,NaN,NaN,NaN,NaN,NaN,NaN,NaN,NaN,NaN,NaN,NaN,NaN,NaN
05-Jan-2006,4.195,4.175,NaN,NaN,NaN,NaN,NaN,NaN,NaN,NaN,NaN,NaN,NaN,NaN,NaN,NaN,NaN,NaN,NaN,NaN,NaN,NaN,NaN,NaN
06-Jan-2006,4.195,4.175,NaN,NaN,NaN,NaN,NaN,NaN,NaN,NaN,NaN,NaN,NaN,NaN,NaN,NaN,NaN,NaN,NaN,NaN,NaN,NaN,NaN,NaN
09-Jan-2006,4.175,4.175,NaN,NaN,NaN,NaN,NaN,NaN,NaN,NaN,NaN,NaN,NaN,NaN,NaN,NaN,NaN,NaN,NaN,NaN,NaN,NaN,NaN,NaN
10-Jan-2006,4.185,4.175,NaN,NaN,NaN,NaN,NaN,NaN,NaN,NaN,NaN,NaN,NaN,NaN,NaN,NaN,NaN,NaN,NaN,NaN,NaN,NaN,NaN,NaN
11-Jan-2006,4.205,4.165,NaN,NaN,NaN,NaN,NaN,NaN,NaN,NaN,NaN,NaN,NaN,NaN,NaN,NaN,NaN,NaN,NaN,NaN,NaN,NaN,NaN,NaN
12-Jan-2006,4.205,4.165,NaN,NaN,NaN,NaN,NaN,NaN,NaN,NaN,NaN,NaN,NaN,NaN,NaN,NaN,NaN,NaN,NaN,NaN,NaN,NaN,NaN,NaN
13-Jan-2006,4.205,4.165,NaN,NaN,NaN,NaN,NaN,NaN,NaN,NaN,NaN,NaN,NaN,NaN,NaN,NaN,NaN,NaN,NaN,NaN,NaN,NaN,NaN,NaN
16-Jan-2006,4.205,4.165,NaN,NaN,NaN,NaN,NaN,NaN,NaN,NaN,NaN,NaN,NaN,NaN,NaN,NaN,NaN,NaN,NaN,NaN,NaN,NaN,NaN,NaN
17-Jan-2006,4.205,4.165,NaN,NaN,NaN,NaN,NaN,NaN,NaN,NaN,NaN,NaN,NaN,NaN,NaN,NaN,NaN,NaN,NaN,NaN,NaN,NaN,NaN,NaN
18-Jan-2006,4.205,4.165,NaN,NaN,NaN,NaN,NaN,NaN,NaN,NaN,NaN,NaN,NaN,NaN,NaN,NaN,NaN,NaN,NaN,NaN,NaN,NaN,NaN,NaN
19-Jan-2006,4.205,4.165,NaN,NaN,NaN,NaN,NaN,NaN,NaN,NaN,NaN,NaN,NaN,NaN,NaN,NaN,NaN,NaN,NaN,NaN,NaN,NaN,NaN,NaN
20-Jan-2006,4.205,4.165,NaN,NaN,NaN,NaN,NaN,NaN,NaN,NaN,NaN,NaN,NaN,NaN,NaN,NaN,NaN,NaN,NaN,NaN,NaN,NaN,NaN,NaN
23-Jan-2006,4.205,4.165,NaN,NaN,NaN,NaN,NaN,NaN,NaN,NaN,NaN,NaN,NaN,NaN,NaN,NaN,NaN,NaN,NaN,NaN,NaN,NaN,NaN,NaN
24-Jan-2006,4.205,4.165,NaN,NaN,NaN,NaN,NaN,NaN,NaN,NaN,NaN,NaN,NaN,NaN,NaN,NaN,NaN,NaN,NaN,NaN,NaN,NaN,NaN,NaN
25-Jan-2006,4.205,4.165,NaN,NaN,NaN,NaN,NaN,NaN,NaN,NaN,NaN,NaN,NaN,NaN,NaN,NaN,NaN,NaN,NaN,NaN,NaN,NaN,NaN,NaN
26-Jan-2006,4.205,4.165,NaN,NaN,NaN,NaN,NaN,NaN,NaN,NaN,NaN,NaN,NaN,NaN,NaN,NaN,NaN,NaN,NaN,NaN,NaN,NaN,NaN,NaN
27-Jan-2006,4.205,4.165,NaN,NaN,NaN,NaN,NaN,NaN,NaN,NaN,NaN,NaN,NaN,NaN,NaN,NaN,NaN,NaN,NaN,NaN,NaN,NaN,NaN,NaN
30-Jan-2006,4.205,4.165,NaN,NaN,NaN,NaN,NaN,NaN,NaN,NaN,NaN,NaN,NaN,NaN,NaN,NaN,NaN,NaN,NaN,NaN,NaN,NaN,NaN,NaN
31-Jan-2006,4.205,4.165,NaN,NaN,NaN,NaN,NaN,NaN,NaN,NaN,NaN,NaN,NaN,NaN,NaN,NaN,NaN,NaN,NaN,NaN,NaN,NaN,NaN,NaN
01-Feb-2006,4.205,4.165,NaN,NaN,NaN,NaN,NaN,NaN,NaN,NaN,NaN,NaN,NaN,NaN,NaN,NaN,NaN,NaN,NaN,NaN,NaN,NaN,NaN,NaN
02-Feb-2006,4.43,4.395,NaN,NaN,NaN,NaN,NaN,NaN,NaN,NaN,NaN,NaN,NaN,NaN,NaN,NaN,NaN,NaN,NaN,NaN,NaN,NaN,NaN,NaN
03-Feb-2006,4.43,4.395,NaN,NaN,NaN,NaN,NaN,NaN,NaN,NaN,NaN,NaN,NaN,NaN,NaN,NaN,NaN,NaN,NaN,NaN,NaN,NaN,NaN,NaN
06-Feb-2006,4.14,4.175,NaN,NaN,NaN,NaN,NaN,NaN,NaN,NaN,NaN,NaN,NaN,NaN,NaN,NaN,NaN,NaN,NaN,NaN,NaN,NaN,NaN,NaN
07-Feb-2006,4.375,4.375,NaN,NaN,NaN,NaN,NaN,NaN,NaN,NaN,NaN,NaN,NaN,NaN,NaN,NaN,NaN,NaN,NaN,NaN,NaN,NaN,NaN,NaN
08-Feb-2006,4.375,4.375,NaN,NaN,NaN,NaN,NaN,NaN,NaN,NaN,NaN,NaN,NaN,NaN,NaN,NaN,NaN,NaN,NaN,NaN,NaN,NaN,NaN,NaN
09-Feb-2006,4.375,4.375,NaN,NaN,NaN,NaN,NaN,NaN,NaN,NaN,NaN,NaN,NaN,NaN,NaN,NaN,NaN,NaN,NaN,NaN,NaN,NaN,NaN,NaN
10-Feb-2006,4.435,4.42,NaN,NaN,NaN,NaN,NaN,NaN,NaN,NaN,NaN,NaN,NaN,NaN,NaN,NaN,NaN,NaN,NaN,NaN,NaN,NaN,NaN,NaN
13-Feb-2006,4.435,4.42,NaN,NaN,NaN,NaN,NaN,NaN,NaN,NaN,NaN,NaN,NaN,NaN,NaN,NaN,NaN,NaN,NaN,NaN,NaN,NaN,NaN,NaN
14-Feb-2006,4.435,4.42,NaN,NaN,NaN,NaN,NaN,NaN,NaN,NaN,NaN,NaN,NaN,NaN,NaN,NaN,NaN,NaN,NaN,NaN,NaN,NaN,NaN,NaN
15-Feb-2006,4.435,4.42,NaN,NaN,NaN,NaN,NaN,NaN,NaN,NaN,NaN,NaN,NaN,NaN,NaN,NaN,NaN,NaN,NaN,NaN,NaN,NaN,NaN,NaN
16-Feb-2006,4.435,4.42,NaN,NaN,NaN,NaN,NaN,NaN,NaN,NaN,NaN,NaN,NaN,NaN,NaN,NaN,NaN,NaN,NaN,NaN,NaN,NaN,NaN,NaN
17-Feb-2006,4.435,4.42,NaN,NaN,NaN,NaN,NaN,NaN,NaN,NaN,NaN,NaN,NaN,NaN,NaN,NaN,NaN,NaN,NaN,NaN,NaN,NaN,NaN,NaN
20-Feb-2006,4.435,4.42,NaN,NaN,NaN,NaN,NaN,NaN,NaN,NaN,NaN,NaN,NaN,NaN,NaN,NaN,NaN,NaN,NaN,NaN,NaN,NaN,NaN,NaN
21-Feb-2006,4.435,4.42,NaN,NaN,NaN,NaN,NaN,NaN,NaN,NaN,NaN,NaN,NaN,NaN,NaN,NaN,NaN,NaN,NaN,NaN,NaN,NaN,NaN,NaN
22-Feb-2006,4.435,4.42,NaN,NaN,NaN,NaN,NaN,NaN,NaN,NaN,NaN,NaN,NaN,NaN,NaN,NaN,NaN,NaN,NaN,NaN,NaN,NaN,NaN,NaN
23-Feb-2006,4.455,4.455,NaN,NaN,NaN,NaN,NaN,NaN,NaN,NaN,NaN,NaN,NaN,NaN,NaN,NaN,NaN,NaN,NaN,NaN,NaN,NaN,NaN,NaN
24-Feb-2006,4.455,4.455,NaN,NaN,NaN,NaN,NaN,NaN,NaN,NaN,NaN,NaN,NaN,NaN,NaN,NaN,NaN,NaN,NaN,NaN,NaN,NaN,NaN,NaN
27-Feb-2006,4.455,4.455,NaN,NaN,NaN,NaN,NaN,NaN,NaN,NaN,NaN,NaN,NaN,NaN,NaN,NaN,NaN,NaN,NaN,NaN,NaN,NaN,NaN,NaN
28-Feb-2006,4.455,4.455,NaN,NaN,NaN,NaN,NaN,NaN,NaN,NaN,NaN,NaN,NaN,NaN,NaN,NaN,NaN,NaN,NaN,NaN,NaN,NaN,NaN,NaN
01-Mar-2006,4.455,4.455,NaN,NaN,NaN,NaN,NaN,NaN,NaN,NaN,NaN,NaN,NaN,NaN,NaN,NaN,NaN,NaN,NaN,NaN,NaN,NaN,NaN,NaN
02-Mar-2006,4.415,4.45,NaN,NaN,NaN,NaN,NaN,NaN,NaN,NaN,NaN,NaN,NaN,NaN,NaN,NaN,NaN,NaN,NaN,NaN,NaN,NaN,NaN,NaN
03-Mar-2006,4.415,4.45,NaN,NaN,NaN,NaN,NaN,NaN,NaN,NaN,NaN,NaN,NaN,NaN,NaN,NaN,NaN,NaN,NaN,NaN,NaN,NaN,NaN,NaN
06-Mar-2006,4.415,4.45,NaN,NaN,NaN,NaN,NaN,NaN,NaN,NaN,NaN,NaN,NaN,NaN,NaN,NaN,NaN,NaN,NaN,NaN,NaN,NaN,NaN,NaN
07-Mar-2006,4.415,4.45,NaN,NaN,NaN,NaN,NaN,NaN,NaN,NaN,NaN,NaN,NaN,NaN,NaN,NaN,NaN,NaN,NaN,NaN,NaN,NaN,NaN,NaN
08-Mar-2006,4.415,4.45,NaN,NaN,NaN,NaN,NaN,NaN,NaN,NaN,NaN,NaN,NaN,NaN,NaN,NaN,NaN,NaN,NaN,NaN,NaN,NaN,NaN,NaN
09-Mar-2006,4.415,4.45,NaN,NaN,NaN,NaN,NaN,NaN,NaN,NaN,NaN,NaN,NaN,NaN,NaN,NaN,NaN,NaN,NaN,NaN,NaN,NaN,NaN,NaN
10-Mar-2006,4.415,4.45,NaN,NaN,NaN,NaN,NaN,NaN,NaN,NaN,NaN,NaN,NaN,NaN,NaN,NaN,NaN,NaN,NaN,NaN,NaN,NaN,NaN,NaN
13-Mar-2006,4.415,4.45,NaN,NaN,NaN,NaN,NaN,NaN,NaN,NaN,NaN,NaN,NaN,NaN,NaN,NaN,NaN,NaN,NaN,NaN,NaN,NaN,NaN,NaN
14-Mar-2006,4.415,4.45,NaN,NaN,NaN,NaN,NaN,NaN,NaN,NaN,NaN,NaN,NaN,NaN,NaN,NaN,NaN,NaN,NaN,NaN,NaN,NaN,NaN,NaN
15-Mar-2006,4.415,4.45,NaN,NaN,NaN,NaN,NaN,NaN,NaN,NaN,NaN,NaN,NaN,NaN,NaN,NaN,NaN,NaN,NaN,NaN,NaN,NaN,NaN,NaN
16-Mar-2006,4.415,4.45,NaN,NaN,NaN,NaN,NaN,NaN,NaN,NaN,NaN,NaN,NaN,NaN,NaN,NaN,NaN,NaN,NaN,NaN,NaN,NaN,NaN,NaN
17-Mar-2006,4.415,4.45,NaN,NaN,NaN,NaN,NaN,NaN,NaN,NaN,NaN,NaN,NaN,NaN,NaN,NaN,NaN,NaN,NaN,NaN,NaN,NaN,NaN,NaN
20-Mar-2006,4.525,4.575,NaN,NaN,NaN,NaN,NaN,NaN,NaN,NaN,NaN,NaN,NaN,NaN,NaN,NaN,NaN,NaN,NaN,NaN,NaN,NaN,NaN,NaN
21-Mar-2006,4.525,4.575,NaN,NaN,NaN,NaN,NaN,NaN,NaN,NaN,NaN,NaN,NaN,NaN,NaN,NaN,NaN,NaN,NaN,NaN,NaN,NaN,NaN,NaN
22-Mar-2006,4.525,4.575,NaN,NaN,NaN,NaN,NaN,NaN,NaN,NaN,NaN,NaN,NaN,NaN,NaN,NaN,NaN,NaN,NaN,NaN,NaN,NaN,NaN,NaN
23-Mar-2006,4.525,4.575,NaN,NaN,NaN,NaN,NaN,NaN,NaN,NaN,NaN,NaN,NaN,NaN,NaN,NaN,NaN,NaN,NaN,NaN,NaN,NaN,NaN,NaN
24-Mar-2006,4.525,4.575,NaN,NaN,NaN,NaN,NaN,NaN,NaN,NaN,NaN,NaN,NaN,NaN,NaN,NaN,NaN,NaN,NaN,NaN,NaN,NaN,NaN,NaN
27-Mar-2006,4.725,4.715,NaN,NaN,NaN,NaN,NaN,NaN,NaN,NaN,NaN,NaN,NaN,NaN,NaN,NaN,NaN,NaN,NaN,NaN,NaN,NaN,NaN,NaN
28-Mar-2006,4.64,4.705,NaN,NaN,NaN,NaN,NaN,NaN,NaN,NaN,NaN,NaN,NaN,NaN,NaN,NaN,NaN,NaN,NaN,NaN,NaN,NaN,NaN,NaN
29-Mar-2006,4.64,4.705,NaN,NaN,NaN,NaN,NaN,NaN,NaN,NaN,NaN,NaN,NaN,NaN,NaN,NaN,NaN,NaN,NaN,NaN,NaN,NaN,NaN,NaN
30-Mar-2006,4.64,4.705,NaN,NaN,NaN,NaN,NaN,NaN,NaN,NaN,NaN,NaN,NaN,NaN,NaN,NaN,NaN,NaN,NaN,NaN,NaN,NaN,NaN,NaN
31-Mar-2006,4.64,4.705,NaN,NaN,NaN,NaN,NaN,NaN,NaN,NaN,NaN,NaN,NaN,NaN,NaN,NaN,NaN,NaN,NaN,NaN,NaN,NaN,NaN,NaN
03-Apr-2006,4.64,4.705,NaN,NaN,NaN,NaN,NaN,NaN,NaN,NaN,NaN,NaN,NaN,NaN,NaN,NaN,NaN,NaN,NaN,NaN,NaN,NaN,NaN,NaN
04-Apr-2006,4.64,4.705,NaN,NaN,NaN,NaN,NaN,NaN,NaN,NaN,NaN,NaN,NaN,NaN,NaN,NaN,NaN,NaN,NaN,NaN,NaN,NaN,NaN,NaN
05-Apr-2006,4.64,4.705,NaN,NaN,NaN,NaN,NaN,NaN,NaN,NaN,NaN,NaN,NaN,NaN,NaN,NaN,NaN,NaN,NaN,NaN,NaN,NaN,NaN,NaN
06-Apr-2006,4.64,4.705,NaN,NaN,NaN,NaN,NaN,NaN,NaN,NaN,NaN,NaN,NaN,NaN,NaN,NaN,NaN,NaN,NaN,NaN,NaN,NaN,NaN,NaN
07-Apr-2006,4.715,4.705,NaN,NaN,NaN,NaN,NaN,NaN,NaN,NaN,NaN,NaN,NaN,NaN,NaN,NaN,NaN,NaN,NaN,NaN,NaN,NaN,NaN,NaN
10-Apr-2006,4.715,4.705,NaN,NaN,NaN,NaN,NaN,NaN,NaN,NaN,NaN,NaN,NaN,NaN,NaN,NaN,NaN,NaN,NaN,NaN,NaN,NaN,NaN,NaN
11-Apr-2006,4.715,4.705,NaN,NaN,NaN,NaN,NaN,NaN,NaN,NaN,NaN,NaN,NaN,NaN,NaN,NaN,NaN,NaN,NaN,NaN,NaN,NaN,NaN,NaN
12-Apr-2006,4.715,4.705,NaN,NaN,NaN,NaN,NaN,NaN,NaN,NaN,NaN,NaN,NaN,NaN,NaN,NaN,NaN,NaN,NaN,NaN,NaN,NaN,NaN,NaN
13-Apr-2006,4.715,4.705,NaN,NaN,NaN,NaN,NaN,NaN,NaN,NaN,NaN,NaN,NaN,NaN,NaN,NaN,NaN,NaN,NaN,NaN,NaN,NaN,NaN,NaN
14-Apr-2006,4.715,4.705,NaN,NaN,NaN,NaN,NaN,NaN,NaN,NaN,NaN,NaN,NaN,NaN,NaN,NaN,NaN,NaN,NaN,NaN,NaN,NaN,NaN,NaN
17-Apr-2006,4.715,4.705,NaN,NaN,NaN,NaN,NaN,NaN,NaN,NaN,NaN,NaN,NaN,NaN,NaN,NaN,NaN,NaN,NaN,NaN,NaN,NaN,NaN,NaN
18-Apr-2006,4.715,4.705,NaN,NaN,NaN,NaN,NaN,NaN,NaN,NaN,NaN,NaN,NaN,NaN,NaN,NaN,NaN,NaN,NaN,NaN,NaN,NaN,NaN,NaN
19-Apr-2006,4.66,4.675,NaN,NaN,NaN,NaN,NaN,NaN,NaN,NaN,NaN,NaN,NaN,NaN,NaN,NaN,NaN,NaN,NaN,NaN,NaN,NaN,NaN,NaN
20-Apr-2006,4.66,4.65,NaN,NaN,NaN,NaN,NaN,NaN,NaN,NaN,NaN,NaN,NaN,NaN,NaN,NaN,NaN,NaN,NaN,NaN,NaN,NaN,NaN,NaN
21-Apr-2006,4.66,4.65,NaN,NaN,NaN,NaN,NaN,NaN,NaN,NaN,NaN,NaN,NaN,NaN,NaN,NaN,NaN,NaN,NaN,NaN,NaN,NaN,NaN,NaN
24-Apr-2006,4.66,4.69,NaN,NaN,NaN,NaN,NaN,NaN,NaN,NaN,NaN,NaN,NaN,NaN,NaN,NaN,NaN,NaN,NaN,NaN,NaN,NaN,NaN,NaN
25-Apr-2006,4.67,4.69,NaN,NaN,NaN,NaN,NaN,NaN,NaN,NaN,NaN,NaN,NaN,NaN,NaN,NaN,NaN,NaN,NaN,NaN,NaN,NaN,NaN,NaN
26-Apr-2006,4.67,4.69,NaN,NaN,NaN,NaN,NaN,NaN,NaN,NaN,NaN,NaN,NaN,NaN,NaN,NaN,NaN,NaN,NaN,NaN,NaN,NaN,NaN,NaN
27-Apr-2006,4.67,4.69,NaN,NaN,NaN,NaN,NaN,NaN,NaN,NaN,NaN,NaN,NaN,NaN,NaN,NaN,NaN,NaN,NaN,NaN,NaN,NaN,NaN,NaN
28-Apr-2006,4.67,4.69,NaN,NaN,NaN,NaN,NaN,NaN,NaN,NaN,NaN,NaN,NaN,NaN,NaN,NaN,NaN,NaN,NaN,NaN,NaN,NaN,NaN,NaN
01-May-2006,4.73,4.775,NaN,NaN,NaN,NaN,NaN,NaN,NaN,NaN,NaN,NaN,NaN,NaN,NaN,NaN,NaN,NaN,NaN,NaN,NaN,NaN,NaN,NaN
02-May-2006,4.73,4.775,NaN,NaN,NaN,NaN,NaN,NaN,NaN,NaN,NaN,NaN,NaN,NaN,NaN,NaN,NaN,NaN,NaN,NaN,NaN,NaN,NaN,NaN
03-May-2006,4.735,4.725,NaN,NaN,NaN,NaN,NaN,NaN,NaN,NaN,NaN,NaN,NaN,NaN,NaN,NaN,NaN,NaN,NaN,NaN,NaN,NaN,NaN,NaN
04-May-2006,4.71,4.725,NaN,NaN,NaN,NaN,NaN,NaN,NaN,NaN,NaN,NaN,NaN,NaN,NaN,NaN,NaN,NaN,NaN,NaN,NaN,NaN,NaN,NaN
05-May-2006,4.71,4.725,NaN,NaN,NaN,NaN,NaN,NaN,NaN,NaN,NaN,NaN,NaN,NaN,NaN,NaN,NaN,NaN,NaN,NaN,NaN,NaN,NaN,NaN
08-May-2006,4.71,4.725,NaN,NaN,NaN,NaN,NaN,NaN,NaN,NaN,NaN,NaN,NaN,NaN,NaN,NaN,NaN,NaN,NaN,NaN,NaN,NaN,NaN,NaN
09-May-2006,4.72,4.825,NaN,NaN,NaN,NaN,NaN,NaN,NaN,NaN,NaN,NaN,NaN,NaN,NaN,NaN,NaN,NaN,NaN,NaN,NaN,NaN,NaN,NaN
10-May-2006,4.72,4.825,NaN,NaN,NaN,NaN,NaN,NaN,NaN,NaN,NaN,NaN,NaN,NaN,NaN,NaN,NaN,NaN,NaN,NaN,NaN,NaN,NaN,NaN
11-May-2006,4.72,4.825,NaN,NaN,NaN,NaN,NaN,NaN,NaN,NaN,NaN,NaN,NaN,NaN,NaN,NaN,NaN,NaN,NaN,NaN,NaN,NaN,NaN,NaN
12-May-2006,4.72,4.825,NaN,NaN,NaN,NaN,NaN,NaN,NaN,NaN,NaN,NaN,NaN,NaN,NaN,NaN,NaN,NaN,NaN,NaN,NaN,NaN,NaN,NaN
15-May-2006,4.975,4.925,NaN,NaN,NaN,NaN,NaN,NaN,NaN,NaN,NaN,NaN,NaN,NaN,NaN,NaN,NaN,NaN,NaN,NaN,NaN,NaN,NaN,NaN
16-May-2006,4.975,4.925,NaN,NaN,NaN,NaN,NaN,NaN,NaN,NaN,NaN,NaN,NaN,NaN,NaN,NaN,NaN,NaN,NaN,NaN,NaN,NaN,NaN,NaN
17-May-2006,4.975,4.925,NaN,NaN,NaN,NaN,NaN,NaN,NaN,NaN,NaN,NaN,NaN,NaN,NaN,NaN,NaN,NaN,NaN,NaN,NaN,NaN,NaN,NaN
18-May-2006,4.88,4.925,NaN,NaN,NaN,NaN,NaN,NaN,NaN,NaN,NaN,NaN,NaN,NaN,NaN,NaN,NaN,NaN,NaN,NaN,NaN,NaN,NaN,NaN
19-May-2006,4.88,4.925,NaN,NaN,NaN,NaN,NaN,NaN,NaN,NaN,NaN,NaN,NaN,NaN,NaN,NaN,NaN,NaN,NaN,NaN,NaN,NaN,NaN,NaN
22-May-2006,4.88,4.925,NaN,NaN,NaN,NaN,NaN,NaN,NaN,NaN,NaN,NaN,NaN,NaN,NaN,NaN,NaN,NaN,NaN,NaN,NaN,NaN,NaN,NaN
23-May-2006,4.86,4.925,NaN,NaN,NaN,NaN,NaN,NaN,NaN,NaN,NaN,NaN,NaN,NaN,NaN,NaN,NaN,NaN,NaN,NaN,NaN,NaN,NaN,NaN
24-May-2006,4.975,4.925,NaN,NaN,NaN,NaN,NaN,NaN,NaN,NaN,NaN,NaN,NaN,NaN,NaN,NaN,NaN,NaN,NaN,NaN,NaN,NaN,NaN,NaN
25-May-2006,4.85,4.925,NaN,NaN,NaN,NaN,NaN,NaN,NaN,NaN,NaN,NaN,NaN,NaN,NaN,NaN,NaN,NaN,NaN,NaN,NaN,NaN,NaN,NaN
26-May-2006,4.85,4.925,NaN,NaN,NaN,NaN,NaN,NaN,NaN,NaN,NaN,NaN,NaN,NaN,NaN,NaN,NaN,NaN,NaN,NaN,NaN,NaN,NaN,NaN
29-May-2006,4.85,4.925,NaN,NaN,NaN,NaN,NaN,NaN,NaN,NaN,NaN,NaN,NaN,NaN,NaN,NaN,NaN,NaN,NaN,NaN,NaN,NaN,NaN,NaN
30-May-2006,4.9,4.905,NaN,NaN,NaN,NaN,NaN,NaN,NaN,NaN,NaN,NaN,NaN,NaN,NaN,NaN,NaN,NaN,NaN,NaN,NaN,NaN,NaN,NaN
31-May-2006,4.9,4.905,NaN,NaN,NaN,NaN,NaN,NaN,NaN,NaN,NaN,NaN,NaN,NaN,NaN,NaN,NaN,NaN,NaN,NaN,NaN,NaN,NaN,NaN
01-Jun-2006,4.975,4.91,NaN,NaN,NaN,NaN,NaN,NaN,NaN,NaN,NaN,NaN,NaN,NaN,NaN,NaN,NaN,NaN,NaN,NaN,NaN,NaN,NaN,NaN
02-Jun-2006,4.93,4.91,NaN,NaN,NaN,NaN,NaN,NaN,NaN,NaN,NaN,NaN,NaN,NaN,NaN,NaN,NaN,NaN,NaN,NaN,NaN,NaN,NaN,NaN
05-Jun-2006,4.935,4.925,NaN,NaN,NaN,NaN,NaN,NaN,NaN,NaN,NaN,NaN,NaN,NaN,NaN,NaN,NaN,NaN,NaN,NaN,NaN,NaN,NaN,NaN
06-Jun-2006,4.935,4.925,NaN,NaN,NaN,NaN,NaN,NaN,NaN,NaN,NaN,NaN,NaN,NaN,NaN,NaN,NaN,NaN,NaN,NaN,NaN,NaN,NaN,NaN
07-Jun-2006,4.935,4.925,NaN,NaN,NaN,NaN,NaN,NaN,NaN,NaN,NaN,NaN,NaN,NaN,NaN,NaN,NaN,NaN,NaN,NaN,NaN,NaN,NaN,NaN
08-Jun-2006,4.935,4.925,NaN,NaN,NaN,NaN,NaN,NaN,NaN,NaN,NaN,NaN,NaN,NaN,NaN,NaN,NaN,NaN,NaN,NaN,NaN,NaN,NaN,NaN
09-Jun-2006,4.935,4.925,NaN,NaN,NaN,NaN,NaN,NaN,NaN,NaN,NaN,NaN,NaN,NaN,NaN,NaN,NaN,NaN,NaN,NaN,NaN,NaN,NaN,NaN
12-Jun-2006,4.95,4.925,NaN,NaN,NaN,NaN,NaN,NaN,NaN,NaN,NaN,NaN,NaN,NaN,NaN,NaN,NaN,NaN,NaN,NaN,NaN,NaN,NaN,NaN
13-Jun-2006,4.965,4.955,NaN,NaN,NaN,NaN,NaN,NaN,NaN,NaN,NaN,NaN,NaN,NaN,NaN,NaN,NaN,NaN,NaN,NaN,NaN,NaN,NaN,NaN
14-Jun-2006,4.965,4.955,NaN,NaN,NaN,NaN,NaN,NaN,NaN,NaN,NaN,NaN,NaN,NaN,NaN,NaN,NaN,NaN,NaN,NaN,NaN,NaN,NaN,NaN
15-Jun-2006,4.965,4.955,NaN,NaN,NaN,NaN,NaN,NaN,NaN,NaN,NaN,NaN,NaN,NaN,NaN,NaN,NaN,NaN,NaN,NaN,NaN,NaN,NaN,NaN
16-Jun-2006,4.965,4.955,NaN,NaN,NaN,NaN,NaN,NaN,NaN,NaN,NaN,NaN,NaN,NaN,NaN,NaN,NaN,NaN,NaN,NaN,NaN,NaN,NaN,NaN
19-Jun-2006,4.965,4.955,NaN,NaN,NaN,NaN,NaN,NaN,NaN,NaN,NaN,NaN,NaN,NaN,NaN,NaN,NaN,NaN,NaN,NaN,NaN,NaN,NaN,NaN
20-Jun-2006,4.835,4.88,NaN,NaN,NaN,NaN,NaN,NaN,NaN,NaN,NaN,NaN,NaN,NaN,NaN,NaN,NaN,NaN,NaN,NaN,NaN,NaN,NaN,NaN
21-Jun-2006,4.835,4.875,NaN,NaN,NaN,NaN,NaN,NaN,NaN,NaN,NaN,NaN,NaN,NaN,NaN,NaN,NaN,NaN,NaN,NaN,NaN,NaN,NaN,NaN
22-Jun-2006,4.835,4.875,NaN,NaN,NaN,NaN,NaN,NaN,NaN,NaN,NaN,NaN,NaN,NaN,NaN,NaN,NaN,NaN,NaN,NaN,NaN,NaN,NaN,NaN
23-Jun-2006,4.89,4.875,NaN,NaN,NaN,NaN,NaN,NaN,NaN,NaN,NaN,NaN,NaN,NaN,NaN,NaN,NaN,NaN,NaN,NaN,NaN,NaN,NaN,NaN
26-Jun-2006,4.89,4.875,NaN,NaN,NaN,NaN,NaN,NaN,NaN,NaN,NaN,NaN,NaN,NaN,NaN,NaN,NaN,NaN,NaN,NaN,NaN,NaN,NaN,NaN
27-Jun-2006,4.89,4.875,NaN,NaN,NaN,NaN,NaN,NaN,NaN,NaN,NaN,NaN,NaN,NaN,NaN,NaN,NaN,NaN,NaN,NaN,NaN,NaN,NaN,NaN
28-Jun-2006,4.975,4.865,NaN,NaN,NaN,NaN,NaN,NaN,NaN,NaN,NaN,NaN,NaN,NaN,NaN,NaN,NaN,NaN,NaN,NaN,NaN,NaN,NaN,NaN
29-Jun-2006,4.975,4.865,NaN,NaN,NaN,NaN,NaN,NaN,NaN,NaN,NaN,NaN,NaN,NaN,NaN,NaN,NaN,NaN,NaN,NaN,NaN,NaN,NaN,NaN
30-Jun-2006,4.975,4.865,NaN,NaN,NaN,NaN,NaN,NaN,NaN,NaN,NaN,NaN,NaN,NaN,NaN,NaN,NaN,NaN,NaN,NaN,NaN,NaN,NaN,NaN
03-Jul-2006,5.315,5.05,NaN,NaN,NaN,NaN,NaN,NaN,NaN,NaN,NaN,NaN,NaN,NaN,NaN,NaN,NaN,NaN,NaN,NaN,NaN,NaN,NaN,NaN
04-Jul-2006,5.315,5.05,NaN,NaN,NaN,NaN,NaN,NaN,NaN,NaN,NaN,NaN,NaN,NaN,NaN,NaN,NaN,NaN,NaN,NaN,NaN,NaN,NaN,NaN
05-Jul-2006,5.315,5.05,NaN,NaN,NaN,NaN,NaN,NaN,NaN,NaN,NaN,NaN,NaN,NaN,NaN,NaN,NaN,NaN,NaN,NaN,NaN,NaN,NaN,NaN
06-Jul-2006,5.315,5.05,NaN,NaN,NaN,NaN,NaN,NaN,NaN,NaN,NaN,NaN,NaN,NaN,NaN,NaN,NaN,NaN,NaN,NaN,NaN,NaN,NaN,NaN
07-Jul-2006,5.315,5.05,NaN,NaN,NaN,NaN,NaN,NaN,NaN,NaN,NaN,NaN,NaN,NaN,NaN,NaN,NaN,NaN,NaN,NaN,NaN,NaN,NaN,NaN
10-Jul-2006,5.315,5.05,NaN,NaN,NaN,NaN,NaN,NaN,NaN,NaN,NaN,NaN,NaN,NaN,NaN,NaN,NaN,NaN,NaN,NaN,NaN,NaN,NaN,NaN
11-Jul-2006,5.315,5.05,NaN,NaN,NaN,NaN,NaN,NaN,NaN,NaN,NaN,NaN,NaN,NaN,NaN,NaN,NaN,NaN,NaN,NaN,NaN,NaN,NaN,NaN
12-Jul-2006,5.315,5.05,NaN,NaN,NaN,NaN,NaN,NaN,NaN,NaN,NaN,NaN,NaN,NaN,NaN,NaN,NaN,NaN,NaN,NaN,NaN,NaN,NaN,NaN
13-Jul-2006,5.315,5.05,NaN,NaN,NaN,NaN,NaN,NaN,NaN,NaN,NaN,NaN,NaN,NaN,NaN,NaN,NaN,NaN,NaN,NaN,NaN,NaN,NaN,NaN
14-Jul-2006,5.315,5.05,NaN,NaN,NaN,NaN,NaN,NaN,NaN,NaN,NaN,NaN,NaN,NaN,NaN,NaN,NaN,NaN,NaN,NaN,NaN,NaN,NaN,NaN
17-Jul-2006,5.315,5.05,NaN,NaN,NaN,NaN,NaN,NaN,NaN,NaN,NaN,NaN,NaN,NaN,NaN,NaN,NaN,NaN,NaN,NaN,NaN,NaN,NaN,NaN
18-Jul-2006,5.315,5.05,NaN,NaN,NaN,NaN,NaN,NaN,NaN,NaN,NaN,NaN,NaN,NaN,NaN,NaN,NaN,NaN,NaN,NaN,NaN,NaN,NaN,NaN
19-Jul-2006,5.315,5.05,NaN,NaN,NaN,NaN,NaN,NaN,NaN,NaN,NaN,NaN,NaN,NaN,NaN,NaN,NaN,NaN,NaN,NaN,NaN,NaN,NaN,NaN
20-Jul-2006,5.315,5.05,NaN,NaN,NaN,NaN,NaN,NaN,NaN,NaN,NaN,NaN,NaN,NaN,NaN,NaN,NaN,NaN,NaN,NaN,NaN,NaN,NaN,NaN
21-Jul-2006,5.315,5.05,NaN,NaN,NaN,NaN,NaN,NaN,NaN,NaN,NaN,NaN,NaN,NaN,NaN,NaN,NaN,NaN,NaN,NaN,NaN,NaN,NaN,NaN
24-Jul-2006,5.315,5.05,NaN,NaN,NaN,NaN,NaN,NaN,NaN,NaN,NaN,NaN,NaN,NaN,NaN,NaN,NaN,NaN,NaN,NaN,NaN,NaN,NaN,NaN
25-Jul-2006,5.315,5.05,NaN,NaN,NaN,NaN,NaN,NaN,NaN,NaN,NaN,NaN,NaN,NaN,NaN,NaN,NaN,NaN,NaN,NaN,NaN,NaN,NaN,NaN
26-Jul-2006,5.315,5.05,NaN,NaN,NaN,NaN,NaN,NaN,NaN,NaN,NaN,NaN,NaN,NaN,NaN,NaN,NaN,NaN,NaN,NaN,NaN,NaN,NaN,NaN
27-Jul-2006,5.315,5.05,NaN,NaN,NaN,NaN,NaN,NaN,NaN,NaN,NaN,NaN,NaN,NaN,NaN,NaN,NaN,NaN,NaN,NaN,NaN,NaN,NaN,NaN
28-Jul-2006,5.315,5.05,NaN,NaN,NaN,NaN,NaN,NaN,NaN,NaN,NaN,NaN,NaN,NaN,NaN,NaN,NaN,NaN,NaN,NaN,NaN,NaN,NaN,NaN
31-Jul-2006,5.315,5.05,NaN,NaN,NaN,NaN,NaN,NaN,NaN,NaN,NaN,NaN,NaN,NaN,NaN,NaN,NaN,NaN,NaN,NaN,NaN,NaN,NaN,NaN
01-Aug-2006,5.315,5.05,NaN,NaN,NaN,NaN,NaN,NaN,NaN,NaN,NaN,NaN,NaN,NaN,NaN,NaN,NaN,NaN,NaN,NaN,NaN,NaN,NaN,NaN
02-Aug-2006,5.315,5.05,NaN,NaN,NaN,NaN,NaN,NaN,NaN,NaN,NaN,NaN,NaN,NaN,NaN,NaN,NaN,NaN,NaN,NaN,NaN,NaN,NaN,NaN
03-Aug-2006,5.315,5.05,NaN,NaN,NaN,NaN,NaN,NaN,NaN,NaN,NaN,NaN,NaN,NaN,NaN,NaN,NaN,NaN,NaN,NaN,NaN,NaN,NaN,NaN
04-Aug-2006,5.315,5.05,NaN,NaN,NaN,NaN,NaN,NaN,NaN,NaN,NaN,NaN,NaN,NaN,NaN,NaN,NaN,NaN,NaN,NaN,NaN,NaN,NaN,NaN
07-Aug-2006,5.315,5.05,NaN,NaN,NaN,NaN,NaN,NaN,NaN,NaN,NaN,NaN,NaN,NaN,NaN,NaN,NaN,NaN,NaN,NaN,NaN,NaN,NaN,NaN
08-Aug-2006,5.315,5.05,NaN,NaN,NaN,NaN,NaN,NaN,NaN,NaN,NaN,NaN,NaN,NaN,NaN,NaN,NaN,NaN,NaN,NaN,NaN,NaN,NaN,NaN
09-Aug-2006,5.315,5.05,NaN,NaN,NaN,NaN,NaN,NaN,NaN,NaN,NaN,NaN,NaN,NaN,NaN,NaN,NaN,NaN,NaN,NaN,NaN,NaN,NaN,NaN
10-Aug-2006,5.315,5.05,NaN,NaN,NaN,NaN,NaN,NaN,NaN,NaN,NaN,NaN,NaN,NaN,NaN,NaN,NaN,NaN,NaN,NaN,NaN,NaN,NaN,NaN
11-Aug-2006,5.315,5.05,NaN,NaN,NaN,NaN,NaN,NaN,NaN,NaN,NaN,NaN,NaN,NaN,NaN,NaN,NaN,NaN,NaN,NaN,NaN,NaN,NaN,NaN
14-Aug-2006,5.315,5.05,NaN,NaN,NaN,NaN,NaN,NaN,NaN,NaN,NaN,NaN,NaN,NaN,NaN,NaN,NaN,NaN,NaN,NaN,NaN,NaN,NaN,NaN
15-Aug-2006,5.315,5.05,NaN,NaN,NaN,NaN,NaN,NaN,NaN,NaN,NaN,NaN,NaN,NaN,NaN,NaN,NaN,NaN,NaN,NaN,NaN,NaN,NaN,NaN
16-Aug-2006,5.315,5.05,NaN,NaN,NaN,NaN,NaN,NaN,NaN,NaN,NaN,NaN,NaN,NaN,NaN,NaN,NaN,NaN,NaN,NaN,NaN,NaN,NaN,NaN
17-Aug-2006,5.315,5.05,NaN,NaN,NaN,NaN,NaN,NaN,NaN,NaN,NaN,NaN,NaN,NaN,NaN,NaN,NaN,NaN,NaN,NaN,NaN,NaN,NaN,NaN
18-Aug-2006,5.315,5.05,NaN,NaN,NaN,NaN,NaN,NaN,NaN,NaN,NaN,NaN,NaN,NaN,NaN,NaN,NaN,NaN,NaN,NaN,NaN,NaN,NaN,NaN
21-Aug-2006,5.315,5.05,NaN,NaN,NaN,NaN,NaN,NaN,NaN,NaN,NaN,NaN,NaN,NaN,NaN,NaN,NaN,NaN,NaN,NaN,NaN,NaN,NaN,NaN
22-Aug-2006,5.315,5.05,NaN,NaN,NaN,NaN,NaN,NaN,NaN,NaN,NaN,NaN,NaN,NaN,NaN,NaN,NaN,NaN,NaN,NaN,NaN,NaN,NaN,NaN
23-Aug-2006,5.315,5.05,NaN,NaN,NaN,NaN,NaN,NaN,NaN,NaN,NaN,NaN,NaN,NaN,NaN,NaN,NaN,NaN,NaN,NaN,NaN,NaN,NaN,NaN
24-Aug-2006,5.315,5.05,NaN,NaN,NaN,NaN,NaN,NaN,NaN,NaN,NaN,NaN,NaN,NaN,NaN,NaN,NaN,NaN,NaN,NaN,NaN,NaN,NaN,NaN
25-Aug-2006,5.315,5.05,NaN,NaN,NaN,NaN,NaN,NaN,NaN,NaN,NaN,NaN,NaN,NaN,NaN,NaN,NaN,NaN,NaN,NaN,NaN,NaN,NaN,NaN
28-Aug-2006,5.315,5.05,NaN,NaN,NaN,NaN,NaN,NaN,NaN,NaN,NaN,NaN,NaN,NaN,NaN,NaN,NaN,NaN,NaN,NaN,NaN,NaN,NaN,NaN
29-Aug-2006,5.315,5.05,NaN,NaN,NaN,NaN,NaN,NaN,NaN,NaN,NaN,NaN,NaN,NaN,NaN,NaN,NaN,NaN,NaN,NaN,NaN,NaN,NaN,NaN
30-Aug-2006,5.315,5.05,NaN,NaN,NaN,NaN,NaN,NaN,NaN,NaN,NaN,NaN,NaN,NaN,NaN,NaN,NaN,NaN,NaN,NaN,NaN,NaN,NaN,NaN
31-Aug-2006,5.315,5.05,NaN,NaN,NaN,NaN,NaN,NaN,NaN,NaN,NaN,NaN,NaN,NaN,NaN,NaN,NaN,NaN,NaN,NaN,NaN,NaN,NaN,NaN
01-Sep-2006,5.315,5.05,NaN,NaN,NaN,NaN,NaN,NaN,NaN,NaN,NaN,NaN,NaN,NaN,NaN,NaN,NaN,NaN,NaN,NaN,NaN,NaN,NaN,NaN
04-Sep-2006,5.315,5.05,NaN,NaN,NaN,NaN,NaN,NaN,NaN,NaN,NaN,NaN,NaN,NaN,NaN,NaN,NaN,NaN,NaN,NaN,NaN,NaN,NaN,NaN
05-Sep-2006,5.315,5.05,NaN,NaN,NaN,NaN,NaN,NaN,NaN,NaN,NaN,NaN,NaN,NaN,NaN,NaN,NaN,NaN,NaN,NaN,NaN,NaN,NaN,NaN
06-Sep-2006,5.315,5.05,NaN,NaN,NaN,NaN,NaN,NaN,NaN,NaN,NaN,NaN,NaN,NaN,NaN,NaN,NaN,NaN,NaN,NaN,NaN,NaN,NaN,NaN
07-Sep-2006,5.315,5.05,NaN,NaN,NaN,NaN,NaN,NaN,NaN,NaN,NaN,NaN,NaN,NaN,NaN,NaN,NaN,NaN,NaN,NaN,NaN,NaN,NaN,NaN
08-Sep-2006,5.315,5.05,NaN,NaN,NaN,NaN,NaN,NaN,NaN,NaN,NaN,NaN,NaN,NaN,NaN,NaN,NaN,NaN,NaN,NaN,NaN,NaN,NaN,NaN
11-Sep-2006,5.315,5.05,NaN,NaN,NaN,NaN,NaN,NaN,NaN,NaN,NaN,NaN,NaN,NaN,NaN,NaN,NaN,NaN,NaN,NaN,NaN,NaN,NaN,NaN
12-Sep-2006,5.315,5.05,NaN,NaN,NaN,NaN,NaN,NaN,NaN,NaN,NaN,NaN,NaN,NaN,NaN,NaN,NaN,NaN,NaN,NaN,NaN,NaN,NaN,NaN
13-Sep-2006,5.315,5.05,NaN,NaN,NaN,NaN,NaN,NaN,NaN,NaN,NaN,NaN,NaN,NaN,NaN,NaN,NaN,NaN,NaN,NaN,NaN,NaN,NaN,NaN
14-Sep-2006,5.315,5.05,NaN,NaN,NaN,NaN,NaN,NaN,NaN,NaN,NaN,NaN,NaN,NaN,NaN,NaN,NaN,NaN,NaN,NaN,NaN,NaN,NaN,NaN
15-Sep-2006,5.315,5.05,NaN,NaN,NaN,NaN,NaN,NaN,NaN,NaN,NaN,NaN,NaN,NaN,NaN,NaN,NaN,NaN,NaN,NaN,NaN,NaN,NaN,NaN
18-Sep-2006,5.315,5.05,NaN,NaN,NaN,NaN,NaN,NaN,NaN,NaN,NaN,NaN,NaN,NaN,NaN,NaN,NaN,NaN,NaN,NaN,NaN,NaN,NaN,NaN
19-Sep-2006,5.315,5.05,NaN,NaN,NaN,NaN,NaN,NaN,NaN,NaN,NaN,NaN,NaN,NaN,NaN,NaN,NaN,NaN,NaN,NaN,NaN,NaN,NaN,NaN
20-Sep-2006,5.315,5.05,NaN,NaN,NaN,NaN,NaN,NaN,NaN,NaN,NaN,NaN,NaN,NaN,NaN,NaN,NaN,NaN,NaN,NaN,NaN,NaN,NaN,NaN
21-Sep-2006,5.315,5.05,NaN,NaN,NaN,NaN,NaN,NaN,NaN,NaN,NaN,NaN,NaN,NaN,NaN,NaN,NaN,NaN,NaN,NaN,NaN,NaN,NaN,NaN
22-Sep-2006,5.315,5.05,NaN,NaN,NaN,NaN,NaN,NaN,NaN,NaN,NaN,NaN,NaN,NaN,NaN,NaN,NaN,NaN,NaN,NaN,NaN,NaN,NaN,NaN
25-Sep-2006,5.315,5.05,NaN,NaN,NaN,NaN,NaN,NaN,NaN,NaN,NaN,NaN,NaN,NaN,NaN,NaN,NaN,NaN,NaN,NaN,NaN,NaN,NaN,NaN
26-Sep-2006,5.315,5.05,NaN,NaN,NaN,NaN,NaN,NaN,NaN,NaN,NaN,NaN,NaN,NaN,NaN,NaN,NaN,NaN,NaN,NaN,NaN,NaN,NaN,NaN
27-Sep-2006,5.315,5.05,NaN,NaN,NaN,NaN,NaN,NaN,NaN,NaN,NaN,NaN,NaN,NaN,NaN,NaN,NaN,NaN,NaN,NaN,NaN,NaN,NaN,NaN
28-Sep-2006,5.315,5.05,NaN,NaN,NaN,NaN,NaN,NaN,NaN,NaN,NaN,NaN,NaN,NaN,NaN,NaN,NaN,NaN,NaN,NaN,NaN,NaN,NaN,NaN
29-Sep-2006,5.315,5.05,NaN,NaN,NaN,NaN,NaN,NaN,NaN,NaN,NaN,NaN,NaN,NaN,NaN,NaN,NaN,NaN,NaN,NaN,NaN,NaN,NaN,NaN
02-Oct-2006,5.315,5.05,NaN,NaN,NaN,NaN,NaN,NaN,NaN,NaN,NaN,NaN,NaN,NaN,NaN,NaN,NaN,NaN,NaN,NaN,NaN,NaN,NaN,NaN
03-Oct-2006,5.315,5.05,NaN,NaN,NaN,NaN,NaN,NaN,NaN,NaN,NaN,NaN,NaN,NaN,NaN,NaN,NaN,NaN,NaN,NaN,NaN,NaN,NaN,NaN
04-Oct-2006,5.315,5.05,NaN,NaN,NaN,NaN,NaN,NaN,NaN,NaN,NaN,NaN,NaN,NaN,NaN,NaN,NaN,NaN,NaN,NaN,NaN,NaN,NaN,NaN
05-Oct-2006,5.315,5.05,NaN,NaN,NaN,NaN,NaN,NaN,NaN,NaN,NaN,NaN,NaN,NaN,NaN,NaN,NaN,NaN,NaN,NaN,NaN,NaN,NaN,NaN
06-Oct-2006,5.315,5.05,NaN,NaN,NaN,NaN,NaN,NaN,NaN,NaN,NaN,NaN,NaN,NaN,NaN,NaN,NaN,NaN,NaN,NaN,NaN,NaN,NaN,NaN
09-Oct-2006,5.315,5.05,NaN,NaN,NaN,NaN,NaN,NaN,NaN,NaN,NaN,NaN,NaN,NaN,NaN,NaN,NaN,NaN,NaN,NaN,NaN,NaN,NaN,NaN
10-Oct-2006,5.315,5.05,NaN,NaN,NaN,NaN,NaN,NaN,NaN,NaN,NaN,NaN,NaN,NaN,NaN,NaN,NaN,NaN,NaN,NaN,NaN,NaN,NaN,NaN
11-Oct-2006,5.315,5.05,NaN,NaN,NaN,NaN,NaN,NaN,NaN,NaN,NaN,NaN,NaN,NaN,NaN,NaN,NaN,NaN,NaN,NaN,NaN,NaN,NaN,NaN
12-Oct-2006,5.315,5.05,NaN,NaN,NaN,NaN,NaN,NaN,NaN,NaN,NaN,NaN,NaN,NaN,NaN,NaN,NaN,NaN,NaN,NaN,NaN,NaN,NaN,NaN
13-Oct-2006,5.315,5.05,NaN,NaN,NaN,NaN,NaN,NaN,NaN,NaN,NaN,NaN,NaN,NaN,NaN,NaN,NaN,NaN,NaN,NaN,NaN,NaN,NaN,NaN
16-Oct-2006,5.315,5.05,NaN,NaN,NaN,NaN,NaN,NaN,NaN,NaN,NaN,NaN,NaN,NaN,NaN,NaN,NaN,NaN,NaN,NaN,NaN,NaN,NaN,NaN
17-Oct-2006,5.315,5.05,NaN,NaN,NaN,NaN,NaN,NaN,NaN,NaN,NaN,NaN,NaN,NaN,NaN,NaN,NaN,NaN,NaN,NaN,NaN,NaN,NaN,NaN
18-Oct-2006,5.315,5.05,NaN,NaN,NaN,NaN,NaN,NaN,NaN,NaN,NaN,NaN,NaN,NaN,NaN,NaN,NaN,NaN,NaN,NaN,NaN,NaN,NaN,NaN
19-Oct-2006,5.25,5.225,NaN,NaN,NaN,NaN,NaN,NaN,NaN,NaN,NaN,NaN,NaN,NaN,NaN,NaN,NaN,NaN,NaN,NaN,NaN,NaN,NaN,NaN
20-Oct-2006,5.25,5.225,NaN,NaN,NaN,NaN,NaN,NaN,NaN,NaN,NaN,NaN,NaN,NaN,NaN,NaN,NaN,NaN,NaN,NaN,NaN,NaN,NaN,NaN
23-Oct-2006,5.25,5.225,NaN,NaN,NaN,NaN,NaN,NaN,NaN,NaN,NaN,NaN,NaN,NaN,NaN,NaN,NaN,NaN,NaN,NaN,NaN,NaN,NaN,NaN
24-Oct-2006,5.25,5.225,NaN,NaN,NaN,NaN,NaN,NaN,NaN,NaN,NaN,NaN,NaN,NaN,NaN,NaN,NaN,NaN,NaN,NaN,NaN,NaN,NaN,NaN
25-Oct-2006,5.25,5.225,NaN,NaN,NaN,NaN,NaN,NaN,NaN,NaN,NaN,NaN,NaN,NaN,NaN,NaN,NaN,NaN,NaN,NaN,NaN,NaN,NaN,NaN
26-Oct-2006,5.25,5.225,NaN,NaN,NaN,NaN,NaN,NaN,NaN,NaN,NaN,NaN,NaN,NaN,NaN,NaN,NaN,NaN,NaN,NaN,NaN,NaN,NaN,NaN
27-Oct-2006,5.25,5.225,NaN,NaN,NaN,NaN,NaN,NaN,NaN,NaN,NaN,NaN,NaN,NaN,NaN,NaN,NaN,NaN,NaN,NaN,NaN,NaN,NaN,NaN
30-Oct-2006,5.25,5.225,NaN,NaN,NaN,NaN,NaN,NaN,NaN,NaN,NaN,NaN,NaN,NaN,NaN,NaN,NaN,NaN,NaN,NaN,NaN,NaN,NaN,NaN
31-Oct-2006,5.25,5.225,NaN,NaN,NaN,NaN,NaN,NaN,NaN,NaN,NaN,NaN,NaN,NaN,NaN,NaN,NaN,NaN,NaN,NaN,NaN,NaN,NaN,NaN
01-Nov-2006,5.295,5.225,NaN,NaN,NaN,NaN,NaN,NaN,NaN,NaN,NaN,NaN,NaN,NaN,NaN,NaN,NaN,NaN,NaN,NaN,NaN,NaN,NaN,NaN
02-Nov-2006,5.295,5.225,NaN,NaN,NaN,NaN,NaN,NaN,NaN,NaN,NaN,NaN,NaN,NaN,NaN,NaN,NaN,NaN,NaN,NaN,NaN,NaN,NaN,NaN
03-Nov-2006,5.295,5.225,NaN,NaN,NaN,NaN,NaN,NaN,NaN,NaN,NaN,NaN,NaN,NaN,NaN,NaN,NaN,NaN,NaN,NaN,NaN,NaN,NaN,NaN
06-Nov-2006,5.295,5.225,NaN,NaN,NaN,NaN,NaN,NaN,NaN,NaN,NaN,NaN,NaN,NaN,NaN,NaN,NaN,NaN,NaN,NaN,NaN,NaN,NaN,NaN
07-Nov-2006,5.295,5.225,NaN,NaN,NaN,NaN,NaN,NaN,NaN,NaN,NaN,NaN,NaN,NaN,NaN,NaN,NaN,NaN,NaN,NaN,NaN,NaN,NaN,NaN
08-Nov-2006,5.2,5.225,NaN,NaN,NaN,NaN,NaN,NaN,NaN,NaN,NaN,NaN,NaN,NaN,NaN,NaN,NaN,NaN,NaN,NaN,NaN,NaN,NaN,NaN
09-Nov-2006,5.2,5.225,NaN,NaN,NaN,NaN,NaN,NaN,NaN,NaN,NaN,NaN,NaN,NaN,NaN,NaN,NaN,NaN,NaN,NaN,NaN,NaN,NaN,NaN
10-Nov-2006,5.2,5.225,NaN,NaN,NaN,NaN,NaN,NaN,NaN,NaN,NaN,NaN,NaN,NaN,NaN,NaN,NaN,NaN,NaN,NaN,NaN,NaN,NaN,NaN
13-Nov-2006,5.2,5.225,NaN,NaN,NaN,NaN,NaN,NaN,NaN,NaN,NaN,NaN,NaN,NaN,NaN,NaN,NaN,NaN,NaN,NaN,NaN,NaN,NaN,NaN
14-Nov-2006,5.24,5.225,NaN,NaN,NaN,NaN,NaN,NaN,NaN,NaN,NaN,NaN,NaN,NaN,NaN,NaN,NaN,NaN,NaN,NaN,NaN,NaN,NaN,NaN
15-Nov-2006,5.255,5.225,NaN,NaN,NaN,NaN,NaN,NaN,NaN,NaN,NaN,NaN,NaN,NaN,NaN,NaN,NaN,NaN,NaN,NaN,NaN,NaN,NaN,NaN
16-Nov-2006,5.255,5.225,NaN,NaN,NaN,NaN,NaN,NaN,NaN,NaN,NaN,NaN,NaN,NaN,NaN,NaN,NaN,NaN,NaN,NaN,NaN,NaN,NaN,NaN
17-Nov-2006,5.255,5.225,NaN,NaN,NaN,NaN,NaN,NaN,NaN,NaN,NaN,NaN,NaN,NaN,NaN,NaN,NaN,NaN,NaN,NaN,NaN,NaN,NaN,NaN
20-Nov-2006,5.255,5.225,NaN,NaN,NaN,NaN,NaN,NaN,NaN,NaN,NaN,NaN,NaN,NaN,NaN,NaN,NaN,NaN,NaN,NaN,NaN,NaN,NaN,NaN
21-Nov-2006,5.175,5.26,NaN,NaN,NaN,NaN,NaN,NaN,NaN,NaN,NaN,NaN,NaN,NaN,NaN,NaN,NaN,NaN,NaN,NaN,NaN,NaN,NaN,NaN
22-Nov-2006,5.175,5.235,NaN,NaN,NaN,NaN,NaN,NaN,NaN,NaN,NaN,NaN,NaN,NaN,NaN,NaN,NaN,NaN,NaN,NaN,NaN,NaN,NaN,NaN
23-Nov-2006,5.175,5.235,NaN,NaN,NaN,NaN,NaN,NaN,NaN,NaN,NaN,NaN,NaN,NaN,NaN,NaN,NaN,NaN,NaN,NaN,NaN,NaN,NaN,NaN
24-Nov-2006,5.175,5.235,NaN,NaN,NaN,NaN,NaN,NaN,NaN,NaN,NaN,NaN,NaN,NaN,NaN,NaN,NaN,NaN,NaN,NaN,NaN,NaN,NaN,NaN
27-Nov-2006,5.24,5.23,NaN,NaN,NaN,NaN,NaN,NaN,NaN,NaN,NaN,NaN,NaN,NaN,NaN,NaN,NaN,NaN,NaN,NaN,NaN,NaN,NaN,NaN
28-Nov-2006,5.24,5.23,NaN,NaN,NaN,NaN,NaN,NaN,NaN,NaN,NaN,NaN,NaN,NaN,NaN,NaN,NaN,NaN,NaN,NaN,NaN,NaN,NaN,NaN
29-Nov-2006,5.24,5.23,NaN,NaN,NaN,NaN,NaN,NaN,NaN,NaN,NaN,NaN,NaN,NaN,NaN,NaN,NaN,NaN,NaN,NaN,NaN,NaN,NaN,NaN
30-Nov-2006,5.24,5.23,NaN,NaN,NaN,NaN,NaN,NaN,NaN,NaN,NaN,NaN,NaN,NaN,NaN,NaN,NaN,NaN,NaN,NaN,NaN,NaN,NaN,NaN
01-Dec-2006,5.24,5.23,NaN,NaN,NaN,NaN,NaN,NaN,NaN,NaN,NaN,NaN,NaN,NaN,NaN,NaN,NaN,NaN,NaN,NaN,NaN,NaN,NaN,NaN
04-Dec-2006,5.24,5.23,NaN,NaN,NaN,NaN,NaN,NaN,NaN,NaN,NaN,NaN,NaN,NaN,NaN,NaN,NaN,NaN,NaN,NaN,NaN,NaN,NaN,NaN
05-Dec-2006,5.24,5.23,NaN,NaN,NaN,NaN,NaN,NaN,NaN,NaN,NaN,NaN,NaN,NaN,NaN,NaN,NaN,NaN,NaN,NaN,NaN,NaN,NaN,NaN
06-Dec-2006,5.24,5.23,NaN,NaN,NaN,NaN,NaN,NaN,NaN,NaN,NaN,NaN,NaN,NaN,NaN,NaN,NaN,NaN,NaN,NaN,NaN,NaN,NaN,NaN
07-Dec-2006,5.24,5.23,NaN,NaN,NaN,NaN,NaN,NaN,NaN,NaN,NaN,NaN,NaN,NaN,NaN,NaN,NaN,NaN,NaN,NaN,NaN,NaN,NaN,NaN
08-Dec-2006,5.24,5.23,NaN,NaN,NaN,NaN,NaN,NaN,NaN,NaN,NaN,NaN,NaN,NaN,NaN,NaN,NaN,NaN,NaN,NaN,NaN,NaN,NaN,NaN
11-Dec-2006,5.24,5.23,NaN,NaN,NaN,NaN,NaN,NaN,NaN,NaN,NaN,NaN,NaN,NaN,NaN,NaN,NaN,NaN,NaN,NaN,NaN,NaN,NaN,NaN
12-Dec-2006,5.24,5.23,NaN,NaN,NaN,NaN,NaN,NaN,NaN,NaN,NaN,NaN,NaN,NaN,NaN,NaN,NaN,NaN,NaN,NaN,NaN,NaN,NaN,NaN
13-Dec-2006,5.24,5.23,NaN,NaN,NaN,NaN,NaN,NaN,NaN,NaN,NaN,NaN,NaN,NaN,NaN,NaN,NaN,NaN,NaN,NaN,NaN,NaN,NaN,NaN
14-Dec-2006,5.24,5.23,NaN,NaN,NaN,NaN,NaN,NaN,NaN,NaN,NaN,NaN,NaN,NaN,NaN,NaN,NaN,NaN,NaN,NaN,NaN,NaN,NaN,NaN
15-Dec-2006,5.24,5.23,NaN,NaN,NaN,NaN,NaN,NaN,NaN,NaN,NaN,NaN,NaN,NaN,NaN,NaN,NaN,NaN,NaN,NaN,NaN,NaN,NaN,NaN
18-Dec-2006,5.24,5.23,NaN,NaN,NaN,NaN,NaN,NaN,NaN,NaN,NaN,NaN,NaN,NaN,NaN,NaN,NaN,NaN,NaN,NaN,NaN,NaN,NaN,NaN
19-Dec-2006,5.24,5.23,NaN,NaN,NaN,NaN,NaN,NaN,NaN,NaN,NaN,NaN,NaN,NaN,NaN,NaN,NaN,NaN,NaN,NaN,NaN,NaN,NaN,NaN
20-Dec-2006,5.24,5.23,NaN,NaN,NaN,NaN,NaN,NaN,NaN,NaN,NaN,NaN,NaN,NaN,NaN,NaN,NaN,NaN,NaN,NaN,NaN,NaN,NaN,NaN
21-Dec-2006,5.24,5.23,NaN,NaN,NaN,NaN,NaN,NaN,NaN,NaN,NaN,NaN,NaN,NaN,NaN,NaN,NaN,NaN,NaN,NaN,NaN,NaN,NaN,NaN
22-Dec-2006,5.24,5.23,NaN,NaN,NaN,NaN,NaN,NaN,NaN,NaN,NaN,NaN,NaN,NaN,NaN,NaN,NaN,NaN,NaN,NaN,NaN,NaN,NaN,NaN
25-Dec-2006,5.24,5.23,NaN,NaN,NaN,NaN,NaN,NaN,NaN,NaN,NaN,NaN,NaN,NaN,NaN,NaN,NaN,NaN,NaN,NaN,NaN,NaN,NaN,NaN
26-Dec-2006,5.24,5.23,NaN,NaN,NaN,NaN,NaN,NaN,NaN,NaN,NaN,NaN,NaN,NaN,NaN,NaN,NaN,NaN,NaN,NaN,NaN,NaN,NaN,NaN
27-Dec-2006,5.23,5.23,NaN,NaN,NaN,NaN,NaN,NaN,NaN,NaN,NaN,NaN,NaN,NaN,NaN,NaN,NaN,NaN,NaN,NaN,NaN,NaN,NaN,NaN
28-Dec-2006,5.14,5.23,NaN,NaN,NaN,NaN,NaN,NaN,NaN,NaN,NaN,NaN,NaN,NaN,NaN,NaN,NaN,NaN,NaN,NaN,NaN,NaN,NaN,NaN
29-Dec-2006,4.85,5.23,NaN,NaN,NaN,NaN,NaN,NaN,NaN,NaN,NaN,NaN,NaN,NaN,NaN,NaN,NaN,NaN,NaN,NaN,NaN,NaN,NaN,NaN
01-Jan-2007,4.85,5.23,NaN,NaN,NaN,NaN,NaN,NaN,NaN,NaN,NaN,NaN,NaN,NaN,NaN,NaN,NaN,NaN,NaN,NaN,NaN,NaN,NaN,NaN
02-Jan-2007,5.28,5.215,NaN,NaN,NaN,NaN,NaN,NaN,NaN,NaN,NaN,NaN,NaN,NaN,NaN,NaN,NaN,NaN,NaN,NaN,NaN,NaN,NaN,NaN
03-Jan-2007,5.28,5.215,NaN,NaN,NaN,NaN,NaN,NaN,NaN,NaN,NaN,NaN,NaN,NaN,NaN,NaN,NaN,NaN,NaN,NaN,NaN,NaN,NaN,NaN
04-Jan-2007,5.215,5.215,NaN,NaN,NaN,NaN,NaN,NaN,NaN,NaN,NaN,NaN,NaN,NaN,NaN,NaN,NaN,NaN,NaN,NaN,NaN,NaN,NaN,NaN
05-Jan-2007,5.215,5.215,NaN,NaN,NaN,NaN,NaN,NaN,NaN,NaN,NaN,NaN,NaN,NaN,NaN,NaN,NaN,NaN,NaN,NaN,NaN,NaN,NaN,NaN
08-Jan-2007,5.215,5.215,NaN,NaN,NaN,NaN,NaN,NaN,NaN,NaN,NaN,NaN,NaN,NaN,NaN,NaN,NaN,NaN,NaN,NaN,NaN,NaN,NaN,NaN
09-Jan-2007,5.215,5.215,NaN,NaN,NaN,NaN,NaN,NaN,NaN,NaN,NaN,NaN,NaN,NaN,NaN,NaN,NaN,NaN,NaN,NaN,NaN,NaN,NaN,NaN
10-Jan-2007,5.215,5.215,NaN,NaN,NaN,NaN,NaN,NaN,NaN,NaN,NaN,NaN,NaN,NaN,NaN,NaN,NaN,NaN,NaN,NaN,NaN,NaN,NaN,NaN
11-Jan-2007,5.215,5.215,NaN,NaN,NaN,NaN,NaN,NaN,NaN,NaN,NaN,NaN,NaN,NaN,NaN,NaN,NaN,NaN,NaN,NaN,NaN,NaN,NaN,NaN
12-Jan-2007,5.215,5.215,NaN,NaN,NaN,NaN,NaN,NaN,NaN,NaN,NaN,NaN,NaN,NaN,NaN,NaN,NaN,NaN,NaN,NaN,NaN,NaN,NaN,NaN
15-Jan-2007,5.215,5.215,NaN,NaN,NaN,NaN,NaN,NaN,NaN,NaN,NaN,NaN,NaN,NaN,NaN,NaN,NaN,NaN,NaN,NaN,NaN,NaN,NaN,NaN
16-Jan-2007,5.215,5.215,NaN,NaN,NaN,NaN,NaN,NaN,NaN,NaN,NaN,NaN,NaN,NaN,NaN,NaN,NaN,NaN,NaN,NaN,NaN,NaN,NaN,NaN
17-Jan-2007,5.215,5.215,NaN,NaN,NaN,NaN,NaN,NaN,NaN,NaN,NaN,NaN,NaN,NaN,NaN,NaN,NaN,NaN,NaN,NaN,NaN,NaN,NaN,NaN
18-Jan-2007,5.215,5.215,NaN,NaN,NaN,NaN,NaN,NaN,NaN,NaN,NaN,NaN,NaN,NaN,NaN,NaN,NaN,NaN,NaN,NaN,NaN,NaN,NaN,NaN
19-Jan-2007,5.215,5.215,NaN,NaN,NaN,NaN,NaN,NaN,NaN,NaN,NaN,NaN,NaN,NaN,NaN,NaN,NaN,NaN,NaN,NaN,NaN,NaN,NaN,NaN
22-Jan-2007,5.215,5.215,NaN,NaN,NaN,NaN,NaN,NaN,NaN,NaN,NaN,NaN,NaN,NaN,NaN,NaN,NaN,NaN,NaN,NaN,NaN,NaN,NaN,NaN
23-Jan-2007,5.215,5.215,NaN,NaN,NaN,NaN,NaN,NaN,NaN,NaN,NaN,NaN,NaN,NaN,NaN,NaN,NaN,NaN,NaN,NaN,NaN,NaN,NaN,NaN
24-Jan-2007,5.215,5.215,NaN,NaN,NaN,NaN,NaN,NaN,NaN,NaN,NaN,NaN,NaN,NaN,NaN,NaN,NaN,NaN,NaN,NaN,NaN,NaN,NaN,NaN
25-Jan-2007,5.215,5.215,NaN,NaN,NaN,NaN,NaN,NaN,NaN,NaN,NaN,NaN,NaN,NaN,NaN,NaN,NaN,NaN,NaN,NaN,NaN,NaN,NaN,NaN
26-Jan-2007,5.245,5.23,NaN,NaN,NaN,NaN,NaN,NaN,NaN,NaN,NaN,NaN,NaN,NaN,NaN,NaN,NaN,NaN,NaN,NaN,NaN,NaN,NaN,NaN
29-Jan-2007,5.245,5.23,NaN,NaN,NaN,NaN,NaN,NaN,NaN,NaN,NaN,NaN,NaN,NaN,NaN,NaN,NaN,NaN,NaN,NaN,NaN,NaN,NaN,NaN
30-Jan-2007,5.245,5.23,NaN,NaN,NaN,NaN,NaN,NaN,NaN,NaN,NaN,NaN,NaN,NaN,NaN,NaN,NaN,NaN,NaN,NaN,NaN,NaN,NaN,NaN
31-Jan-2007,5.245,5.23,NaN,NaN,NaN,NaN,NaN,NaN,NaN,NaN,NaN,NaN,NaN,NaN,NaN,NaN,NaN,NaN,NaN,NaN,NaN,NaN,NaN,NaN
01-Feb-2007,5.245,5.23,NaN,NaN,NaN,NaN,NaN,NaN,NaN,NaN,NaN,NaN,NaN,NaN,NaN,NaN,NaN,NaN,NaN,NaN,NaN,NaN,NaN,NaN
02-Feb-2007,5.245,5.23,NaN,NaN,NaN,NaN,NaN,NaN,NaN,NaN,NaN,NaN,NaN,NaN,NaN,NaN,NaN,NaN,NaN,NaN,NaN,NaN,NaN,NaN
05-Feb-2007,5.245,5.23,NaN,NaN,NaN,NaN,NaN,NaN,NaN,NaN,NaN,NaN,NaN,NaN,NaN,NaN,NaN,NaN,NaN,NaN,NaN,NaN,NaN,NaN
06-Feb-2007,5.245,5.23,NaN,NaN,NaN,NaN,NaN,NaN,NaN,NaN,NaN,NaN,NaN,NaN,NaN,NaN,NaN,NaN,NaN,NaN,NaN,NaN,NaN,NaN
07-Feb-2007,5.2,5.21,NaN,NaN,NaN,NaN,NaN,NaN,NaN,NaN,NaN,NaN,NaN,NaN,NaN,NaN,NaN,NaN,NaN,NaN,NaN,NaN,NaN,NaN
08-Feb-2007,5.24,5.21,NaN,NaN,NaN,NaN,NaN,NaN,NaN,NaN,NaN,NaN,NaN,NaN,NaN,NaN,NaN,NaN,NaN,NaN,NaN,NaN,NaN,NaN
09-Feb-2007,5.24,5.21,NaN,NaN,NaN,NaN,NaN,NaN,NaN,NaN,NaN,NaN,NaN,NaN,NaN,NaN,NaN,NaN,NaN,NaN,NaN,NaN,NaN,NaN
12-Feb-2007,5.23,5.21,NaN,NaN,NaN,NaN,NaN,NaN,NaN,NaN,NaN,NaN,NaN,NaN,NaN,NaN,NaN,NaN,NaN,NaN,NaN,NaN,NaN,NaN
13-Feb-2007,5.23,5.21,NaN,NaN,NaN,NaN,NaN,NaN,NaN,NaN,NaN,NaN,NaN,NaN,NaN,NaN,NaN,NaN,NaN,NaN,NaN,NaN,NaN,NaN
14-Feb-2007,5.23,5.21,NaN,NaN,NaN,NaN,NaN,NaN,NaN,NaN,NaN,NaN,NaN,NaN,NaN,NaN,NaN,NaN,NaN,NaN,NaN,NaN,NaN,NaN
15-Feb-2007,5.23,5.21,NaN,NaN,NaN,NaN,NaN,NaN,NaN,NaN,NaN,NaN,NaN,NaN,NaN,NaN,NaN,NaN,NaN,NaN,NaN,NaN,NaN,NaN
16-Feb-2007,5.23,5.21,NaN,NaN,NaN,NaN,NaN,NaN,NaN,NaN,NaN,NaN,NaN,NaN,NaN,NaN,NaN,NaN,NaN,NaN,NaN,NaN,NaN,NaN
19-Feb-2007,5.23,5.21,NaN,NaN,NaN,NaN,NaN,NaN,NaN,NaN,NaN,NaN,NaN,NaN,NaN,NaN,NaN,NaN,NaN,NaN,NaN,NaN,NaN,NaN
20-Feb-2007,5.23,5.21,NaN,NaN,NaN,NaN,NaN,NaN,NaN,NaN,NaN,NaN,NaN,NaN,NaN,NaN,NaN,NaN,NaN,NaN,NaN,NaN,NaN,NaN
21-Feb-2007,5.23,5.21,NaN,NaN,NaN,NaN,NaN,NaN,NaN,NaN,NaN,NaN,NaN,NaN,NaN,NaN,NaN,NaN,NaN,NaN,NaN,NaN,NaN,NaN
22-Feb-2007,5.23,5.21,NaN,NaN,NaN,NaN,NaN,NaN,NaN,NaN,NaN,NaN,NaN,NaN,NaN,NaN,NaN,NaN,NaN,NaN,NaN,NaN,NaN,NaN
23-Feb-2007,5.2,5.21,NaN,NaN,NaN,NaN,NaN,NaN,NaN,NaN,NaN,NaN,NaN,NaN,NaN,NaN,NaN,NaN,NaN,NaN,NaN,NaN,NaN,NaN
26-Feb-2007,5.2,5.21,NaN,NaN,NaN,NaN,NaN,NaN,NaN,NaN,NaN,NaN,NaN,NaN,NaN,NaN,NaN,NaN,NaN,NaN,NaN,NaN,NaN,NaN
27-Feb-2007,5.2,5.21,NaN,NaN,NaN,NaN,NaN,NaN,NaN,NaN,NaN,NaN,NaN,NaN,NaN,NaN,NaN,NaN,NaN,NaN,NaN,NaN,NaN,NaN
28-Feb-2007,5.2,5.21,NaN,NaN,NaN,NaN,NaN,NaN,NaN,NaN,NaN,NaN,NaN,NaN,NaN,NaN,NaN,NaN,NaN,NaN,NaN,NaN,NaN,NaN
01-Mar-2007,5.2,5.21,NaN,NaN,NaN,NaN,NaN,NaN,NaN,NaN,NaN,NaN,NaN,NaN,NaN,NaN,NaN,NaN,NaN,NaN,NaN,NaN,NaN,NaN
02-Mar-2007,5.2,5.21,NaN,NaN,NaN,NaN,NaN,NaN,NaN,NaN,NaN,NaN,NaN,NaN,NaN,NaN,NaN,NaN,NaN,NaN,NaN,NaN,NaN,NaN
05-Mar-2007,5.2,5.21,NaN,NaN,NaN,NaN,NaN,NaN,NaN,NaN,NaN,NaN,NaN,NaN,NaN,NaN,NaN,NaN,NaN,NaN,NaN,NaN,NaN,NaN
06-Mar-2007,5.2,5.21,NaN,NaN,NaN,NaN,NaN,NaN,NaN,NaN,NaN,NaN,NaN,NaN,NaN,NaN,NaN,NaN,NaN,NaN,NaN,NaN,NaN,NaN
07-Mar-2007,5.2,5.21,NaN,NaN,NaN,NaN,NaN,NaN,NaN,NaN,NaN,NaN,NaN,NaN,NaN,NaN,NaN,NaN,NaN,NaN,NaN,NaN,NaN,NaN
08-Mar-2007,5.2,5.21,NaN,NaN,NaN,NaN,NaN,NaN,NaN,NaN,NaN,NaN,NaN,NaN,NaN,NaN,NaN,NaN,NaN,NaN,NaN,NaN,NaN,NaN
09-Mar-2007,5.2,5.21,NaN,NaN,NaN,NaN,NaN,NaN,NaN,NaN,NaN,NaN,NaN,NaN,NaN,NaN,NaN,NaN,NaN,NaN,NaN,NaN,NaN,NaN
12-Mar-2007,5.2,5.21,NaN,NaN,NaN,NaN,NaN,NaN,NaN,NaN,NaN,NaN,NaN,NaN,NaN,NaN,NaN,NaN,NaN,NaN,NaN,NaN,NaN,NaN
13-Mar-2007,5.2,5.21,NaN,NaN,NaN,NaN,NaN,NaN,NaN,NaN,NaN,NaN,NaN,NaN,NaN,NaN,NaN,NaN,NaN,NaN,NaN,NaN,NaN,NaN
14-Mar-2007,5.2,5.21,NaN,NaN,NaN,NaN,NaN,NaN,NaN,NaN,NaN,NaN,NaN,NaN,NaN,NaN,NaN,NaN,NaN,NaN,NaN,NaN,NaN,NaN
15-Mar-2007,5.2,5.21,NaN,NaN,NaN,NaN,NaN,NaN,NaN,NaN,NaN,NaN,NaN,NaN,NaN,NaN,NaN,NaN,NaN,NaN,NaN,NaN,NaN,NaN
16-Mar-2007,5.2,5.21,NaN,NaN,NaN,NaN,NaN,NaN,NaN,NaN,NaN,NaN,NaN,NaN,NaN,NaN,NaN,NaN,NaN,NaN,NaN,NaN,NaN,NaN
19-Mar-2007,5.2,5.21,NaN,NaN,NaN,NaN,NaN,NaN,NaN,NaN,NaN,NaN,NaN,NaN,NaN,NaN,NaN,NaN,NaN,NaN,NaN,NaN,NaN,NaN
20-Mar-2007,5.2,5.21,NaN,NaN,NaN,NaN,NaN,NaN,NaN,NaN,NaN,NaN,NaN,NaN,NaN,NaN,NaN,NaN,NaN,NaN,NaN,NaN,NaN,NaN
21-Mar-2007,5.2,5.21,NaN,NaN,NaN,NaN,NaN,NaN,NaN,NaN,NaN,NaN,NaN,NaN,NaN,NaN,NaN,NaN,NaN,NaN,NaN,NaN,NaN,NaN
22-Mar-2007,5.2,5.21,NaN,NaN,NaN,NaN,NaN,NaN,NaN,NaN,NaN,NaN,NaN,NaN,NaN,NaN,NaN,NaN,NaN,NaN,NaN,NaN,NaN,NaN
23-Mar-2007,5.23,5.23,NaN,NaN,NaN,NaN,NaN,NaN,NaN,NaN,NaN,NaN,NaN,NaN,NaN,NaN,NaN,NaN,NaN,NaN,NaN,NaN,NaN,NaN
26-Mar-2007,5.225,5.22,NaN,NaN,NaN,NaN,NaN,NaN,NaN,NaN,NaN,NaN,NaN,NaN,NaN,NaN,NaN,NaN,NaN,NaN,NaN,NaN,NaN,NaN
27-Mar-2007,5.225,5.205,NaN,NaN,NaN,NaN,NaN,NaN,NaN,NaN,NaN,NaN,NaN,NaN,NaN,NaN,NaN,NaN,NaN,NaN,NaN,NaN,NaN,NaN
28-Mar-2007,5.235,5.22,NaN,NaN,NaN,NaN,NaN,NaN,NaN,NaN,NaN,NaN,NaN,NaN,NaN,NaN,NaN,NaN,NaN,NaN,NaN,NaN,NaN,NaN
29-Mar-2007,5.255,5.225,NaN,NaN,NaN,NaN,NaN,NaN,NaN,NaN,NaN,NaN,NaN,NaN,NaN,NaN,NaN,NaN,NaN,NaN,NaN,NaN,NaN,NaN
30-Mar-2007,5.255,5.225,NaN,NaN,NaN,NaN,NaN,NaN,NaN,NaN,NaN,NaN,NaN,NaN,NaN,NaN,NaN,NaN,NaN,NaN,NaN,NaN,NaN,NaN
02-Apr-2007,5.255,5.225,NaN,NaN,NaN,NaN,NaN,NaN,NaN,NaN,NaN,NaN,NaN,NaN,NaN,NaN,NaN,NaN,NaN,NaN,NaN,NaN,NaN,NaN
03-Apr-2007,5.275,5.245,NaN,NaN,NaN,NaN,NaN,NaN,NaN,NaN,NaN,NaN,NaN,NaN,NaN,NaN,NaN,NaN,NaN,NaN,NaN,NaN,NaN,NaN
04-Apr-2007,5.245,5.235,NaN,NaN,NaN,NaN,NaN,NaN,NaN,NaN,NaN,NaN,NaN,NaN,NaN,NaN,NaN,NaN,NaN,NaN,NaN,NaN,NaN,NaN
05-Apr-2007,5.235,5.235,NaN,NaN,NaN,NaN,NaN,NaN,NaN,NaN,NaN,NaN,NaN,NaN,NaN,NaN,NaN,NaN,NaN,NaN,NaN,NaN,NaN,NaN
06-Apr-2007,5.235,5.235,NaN,NaN,NaN,NaN,NaN,NaN,NaN,NaN,NaN,NaN,NaN,NaN,NaN,NaN,NaN,NaN,NaN,NaN,NaN,NaN,NaN,NaN
09-Apr-2007,5.255,5.235,NaN,NaN,NaN,NaN,NaN,NaN,NaN,NaN,NaN,NaN,NaN,NaN,NaN,NaN,NaN,NaN,NaN,NaN,NaN,NaN,NaN,NaN
10-Apr-2007,5.255,5.235,NaN,NaN,NaN,NaN,NaN,NaN,NaN,NaN,NaN,NaN,NaN,NaN,NaN,NaN,NaN,NaN,NaN,NaN,NaN,NaN,NaN,NaN
11-Apr-2007,5.245,5.235,NaN,NaN,NaN,NaN,NaN,NaN,NaN,NaN,NaN,NaN,NaN,NaN,NaN,NaN,NaN,NaN,NaN,NaN,NaN,NaN,NaN,NaN
12-Apr-2007,5.235,5.225,NaN,NaN,NaN,NaN,NaN,NaN,NaN,NaN,NaN,NaN,NaN,NaN,NaN,NaN,NaN,NaN,NaN,NaN,NaN,NaN,NaN,NaN
13-Apr-2007,5.235,5.225,NaN,NaN,NaN,NaN,NaN,NaN,NaN,NaN,NaN,NaN,NaN,NaN,NaN,NaN,NaN,NaN,NaN,NaN,NaN,NaN,NaN,NaN
16-Apr-2007,5.13,5.225,NaN,NaN,NaN,NaN,NaN,NaN,NaN,NaN,NaN,NaN,NaN,NaN,NaN,NaN,NaN,NaN,NaN,NaN,NaN,NaN,NaN,NaN
17-Apr-2007,5.235,5.225,NaN,NaN,NaN,NaN,NaN,NaN,NaN,NaN,NaN,NaN,NaN,NaN,NaN,NaN,NaN,NaN,NaN,NaN,NaN,NaN,NaN,NaN
18-Apr-2007,5.235,5.225,NaN,NaN,NaN,NaN,NaN,NaN,NaN,NaN,NaN,NaN,NaN,NaN,NaN,NaN,NaN,NaN,NaN,NaN,NaN,NaN,NaN,NaN
19-Apr-2007,5.155,5.185,NaN,NaN,NaN,NaN,NaN,NaN,NaN,NaN,NaN,NaN,NaN,NaN,NaN,NaN,NaN,NaN,NaN,NaN,NaN,NaN,NaN,NaN
20-Apr-2007,5.155,5.185,NaN,NaN,NaN,NaN,NaN,NaN,NaN,NaN,NaN,NaN,NaN,NaN,NaN,NaN,NaN,NaN,NaN,NaN,NaN,NaN,NaN,NaN
23-Apr-2007,5.195,5.185,NaN,NaN,NaN,NaN,NaN,NaN,NaN,NaN,NaN,NaN,NaN,NaN,NaN,NaN,NaN,NaN,NaN,NaN,NaN,NaN,NaN,NaN
24-Apr-2007,5.195,5.185,NaN,NaN,NaN,NaN,NaN,NaN,NaN,NaN,NaN,NaN,NaN,NaN,NaN,NaN,NaN,NaN,NaN,NaN,NaN,NaN,NaN,NaN
25-Apr-2007,5.195,5.185,NaN,NaN,NaN,NaN,NaN,NaN,NaN,NaN,NaN,NaN,NaN,NaN,NaN,NaN,NaN,NaN,NaN,NaN,NaN,NaN,NaN,NaN
26-Apr-2007,5.145,5.145,NaN,NaN,NaN,NaN,NaN,NaN,NaN,NaN,NaN,NaN,NaN,NaN,NaN,NaN,NaN,NaN,NaN,NaN,NaN,NaN,NaN,NaN
27-Apr-2007,5.145,5.145,NaN,NaN,NaN,NaN,NaN,NaN,NaN,NaN,NaN,NaN,NaN,NaN,NaN,NaN,NaN,NaN,NaN,NaN,NaN,NaN,NaN,NaN
30-Apr-2007,5.115,5.125,NaN,NaN,NaN,NaN,NaN,NaN,NaN,NaN,NaN,NaN,NaN,NaN,NaN,NaN,NaN,NaN,NaN,NaN,NaN,NaN,NaN,NaN
01-May-2007,5.075,5.105,NaN,NaN,NaN,NaN,NaN,NaN,NaN,NaN,NaN,NaN,NaN,NaN,NaN,NaN,NaN,NaN,NaN,NaN,NaN,NaN,NaN,NaN
02-May-2007,5.095,5.105,NaN,NaN,NaN,NaN,NaN,NaN,NaN,NaN,NaN,NaN,NaN,NaN,NaN,NaN,NaN,NaN,NaN,NaN,NaN,NaN,NaN,NaN
03-May-2007,5.11,5.145,NaN,NaN,NaN,NaN,NaN,NaN,NaN,NaN,NaN,NaN,NaN,NaN,NaN,NaN,NaN,NaN,NaN,NaN,NaN,NaN,NaN,NaN
04-May-2007,5.125,5.145,NaN,NaN,NaN,NaN,NaN,NaN,NaN,NaN,NaN,NaN,NaN,NaN,NaN,NaN,NaN,NaN,NaN,NaN,NaN,NaN,NaN,NaN
07-May-2007,5.12,5.145,NaN,NaN,NaN,NaN,NaN,NaN,NaN,NaN,NaN,NaN,NaN,NaN,NaN,NaN,NaN,NaN,NaN,NaN,NaN,NaN,NaN,NaN
08-May-2007,5.12,5.145,NaN,NaN,NaN,NaN,NaN,NaN,NaN,NaN,NaN,NaN,NaN,NaN,NaN,NaN,NaN,NaN,NaN,NaN,NaN,NaN,NaN,NaN
09-May-2007,5.105,5.145,NaN,NaN,NaN,NaN,NaN,NaN,NaN,NaN,NaN,NaN,NaN,NaN,NaN,NaN,NaN,NaN,NaN,NaN,NaN,NaN,NaN,NaN
10-May-2007,5.115,5.145,NaN,NaN,NaN,NaN,NaN,NaN,NaN,NaN,NaN,NaN,NaN,NaN,NaN,NaN,NaN,NaN,NaN,NaN,NaN,NaN,NaN,NaN
11-May-2007,5.095,5.135,NaN,NaN,NaN,NaN,NaN,NaN,NaN,NaN,NaN,NaN,NaN,NaN,NaN,NaN,NaN,NaN,NaN,NaN,NaN,NaN,NaN,NaN
14-May-2007,5.12,5.135,NaN,NaN,NaN,NaN,NaN,NaN,NaN,NaN,NaN,NaN,NaN,NaN,NaN,NaN,NaN,NaN,NaN,NaN,NaN,NaN,NaN,NaN
15-May-2007,5.155,5.135,NaN,NaN,NaN,NaN,NaN,NaN,NaN,NaN,NaN,NaN,NaN,NaN,NaN,NaN,NaN,NaN,NaN,NaN,NaN,NaN,NaN,NaN
16-May-2007,5.155,5.135,NaN,NaN,NaN,NaN,NaN,NaN,NaN,NaN,NaN,NaN,NaN,NaN,NaN,NaN,NaN,NaN,NaN,NaN,NaN,NaN,NaN,NaN
17-May-2007,5.135,5.145,NaN,NaN,NaN,NaN,NaN,NaN,NaN,NaN,NaN,NaN,NaN,NaN,NaN,NaN,NaN,NaN,NaN,NaN,NaN,NaN,NaN,NaN
18-May-2007,5.135,5.145,NaN,NaN,NaN,NaN,NaN,NaN,NaN,NaN,NaN,NaN,NaN,NaN,NaN,NaN,NaN,NaN,NaN,NaN,NaN,NaN,NaN,NaN
21-May-2007,5.135,5.145,NaN,NaN,NaN,NaN,NaN,NaN,NaN,NaN,NaN,NaN,NaN,NaN,NaN,NaN,NaN,NaN,NaN,NaN,NaN,NaN,NaN,NaN
22-May-2007,5.115,5.125,NaN,NaN,NaN,NaN,NaN,NaN,NaN,NaN,NaN,NaN,NaN,NaN,NaN,NaN,NaN,NaN,NaN,NaN,NaN,NaN,NaN,NaN
23-May-2007,5.1,5.13,NaN,NaN,NaN,NaN,NaN,NaN,NaN,NaN,NaN,NaN,NaN,NaN,NaN,NaN,NaN,NaN,NaN,NaN,NaN,NaN,NaN,NaN
24-May-2007,5.13,5.14,NaN,NaN,NaN,NaN,NaN,NaN,NaN,NaN,NaN,NaN,NaN,NaN,NaN,NaN,NaN,NaN,NaN,NaN,NaN,NaN,NaN,NaN
25-May-2007,5.12,5.13,NaN,NaN,NaN,NaN,NaN,NaN,NaN,NaN,NaN,NaN,NaN,NaN,NaN,NaN,NaN,NaN,NaN,NaN,NaN,NaN,NaN,NaN
28-May-2007,5.12,5.13,NaN,NaN,NaN,NaN,NaN,NaN,NaN,NaN,NaN,NaN,NaN,NaN,NaN,NaN,NaN,NaN,NaN,NaN,NaN,NaN,NaN,NaN
29-May-2007,5.14,5.14,NaN,NaN,NaN,NaN,NaN,NaN,NaN,NaN,NaN,NaN,NaN,NaN,NaN,NaN,NaN,NaN,NaN,NaN,NaN,NaN,NaN,NaN
30-May-2007,5.12,5.13,NaN,NaN,NaN,NaN,NaN,NaN,NaN,NaN,NaN,NaN,NaN,NaN,NaN,NaN,NaN,NaN,NaN,NaN,NaN,NaN,NaN,NaN
31-May-2007,5.12,5.13,NaN,NaN,NaN,NaN,NaN,NaN,NaN,NaN,NaN,NaN,NaN,NaN,NaN,NaN,NaN,NaN,NaN,NaN,NaN,NaN,NaN,NaN
01-Jun-2007,5.12,5.13,NaN,NaN,NaN,NaN,NaN,NaN,NaN,NaN,NaN,NaN,NaN,NaN,NaN,NaN,NaN,NaN,NaN,NaN,NaN,NaN,NaN,NaN
04-Jun-2007,5.12,5.13,NaN,NaN,NaN,NaN,NaN,NaN,NaN,NaN,NaN,NaN,NaN,NaN,NaN,NaN,NaN,NaN,NaN,NaN,NaN,NaN,NaN,NaN
05-Jun-2007,5.12,5.13,NaN,NaN,NaN,NaN,NaN,NaN,NaN,NaN,NaN,NaN,NaN,NaN,NaN,NaN,NaN,NaN,NaN,NaN,NaN,NaN,NaN,NaN
06-Jun-2007,5.12,5.14,NaN,NaN,NaN,NaN,NaN,NaN,NaN,NaN,NaN,NaN,NaN,NaN,NaN,NaN,NaN,NaN,NaN,NaN,NaN,NaN,NaN,NaN
07-Jun-2007,5.135,5.14,NaN,NaN,NaN,NaN,NaN,NaN,NaN,NaN,NaN,NaN,NaN,NaN,NaN,NaN,NaN,NaN,NaN,NaN,NaN,NaN,NaN,NaN
08-Jun-2007,5.135,5.14,NaN,NaN,NaN,NaN,NaN,NaN,NaN,NaN,NaN,NaN,NaN,NaN,NaN,NaN,NaN,NaN,NaN,NaN,NaN,NaN,NaN,NaN
11-Jun-2007,5.135,5.14,NaN,NaN,NaN,NaN,NaN,NaN,NaN,NaN,NaN,NaN,NaN,NaN,NaN,NaN,NaN,NaN,NaN,NaN,NaN,NaN,NaN,NaN
12-Jun-2007,5.16,5.15,NaN,NaN,NaN,NaN,NaN,NaN,NaN,NaN,NaN,NaN,NaN,NaN,NaN,NaN,NaN,NaN,NaN,NaN,NaN,NaN,NaN,NaN
13-Jun-2007,5.2,5.145,NaN,NaN,NaN,NaN,NaN,NaN,NaN,NaN,NaN,NaN,NaN,NaN,NaN,NaN,NaN,NaN,NaN,NaN,NaN,NaN,NaN,NaN
14-Jun-2007,5.2,5.145,NaN,NaN,NaN,NaN,NaN,NaN,NaN,NaN,NaN,NaN,NaN,NaN,NaN,NaN,NaN,NaN,NaN,NaN,NaN,NaN,NaN,NaN
15-Jun-2007,5.115,5.12,NaN,NaN,NaN,NaN,NaN,NaN,NaN,NaN,NaN,NaN,NaN,NaN,NaN,NaN,NaN,NaN,NaN,NaN,NaN,NaN,NaN,NaN
18-Jun-2007,5.115,5.12,NaN,NaN,NaN,NaN,NaN,NaN,NaN,NaN,NaN,NaN,NaN,NaN,NaN,NaN,NaN,NaN,NaN,NaN,NaN,NaN,NaN,NaN
19-Jun-2007,5.115,5.12,NaN,NaN,NaN,NaN,NaN,NaN,NaN,NaN,NaN,NaN,NaN,NaN,NaN,NaN,NaN,NaN,NaN,NaN,NaN,NaN,NaN,NaN
20-Jun-2007,5.47,5.03,NaN,NaN,NaN,NaN,NaN,NaN,NaN,NaN,NaN,NaN,NaN,NaN,NaN,NaN,NaN,NaN,NaN,NaN,NaN,NaN,NaN,NaN
21-Jun-2007,5.06,5.03,NaN,NaN,NaN,NaN,NaN,NaN,NaN,NaN,NaN,NaN,NaN,NaN,NaN,NaN,NaN,NaN,NaN,NaN,NaN,NaN,NaN,NaN
22-Jun-2007,4.98,5.03,NaN,NaN,NaN,NaN,NaN,NaN,NaN,NaN,NaN,NaN,NaN,NaN,NaN,NaN,NaN,NaN,NaN,NaN,NaN,NaN,NaN,NaN
25-Jun-2007,5.005,4.625,NaN,NaN,NaN,NaN,NaN,NaN,NaN,NaN,NaN,NaN,NaN,NaN,NaN,NaN,NaN,NaN,NaN,NaN,NaN,NaN,NaN,NaN
26-Jun-2007,5.005,4.63,NaN,NaN,NaN,NaN,NaN,NaN,NaN,NaN,NaN,NaN,NaN,NaN,NaN,NaN,NaN,NaN,NaN,NaN,NaN,NaN,NaN,NaN
27-Jun-2007,5.13,4.83,NaN,NaN,NaN,NaN,NaN,NaN,NaN,NaN,NaN,NaN,NaN,NaN,NaN,NaN,NaN,NaN,NaN,NaN,NaN,NaN,NaN,NaN
28-Jun-2007,5.04,4.88,NaN,NaN,NaN,NaN,NaN,NaN,NaN,NaN,NaN,NaN,NaN,NaN,NaN,NaN,NaN,NaN,NaN,NaN,NaN,NaN,NaN,NaN
29-Jun-2007,5.04,4.88,NaN,NaN,NaN,NaN,NaN,NaN,NaN,NaN,NaN,NaN,NaN,NaN,NaN,NaN,NaN,NaN,NaN,NaN,NaN,NaN,NaN,NaN
02-Jul-2007,5.04,4.88,NaN,NaN,NaN,NaN,NaN,NaN,NaN,NaN,NaN,NaN,NaN,NaN,NaN,NaN,NaN,NaN,NaN,NaN,NaN,NaN,NaN,NaN
03-Jul-2007,5.055,4.88,NaN,NaN,NaN,NaN,NaN,NaN,NaN,NaN,NaN,NaN,NaN,NaN,NaN,NaN,NaN,NaN,NaN,NaN,NaN,NaN,NaN,NaN
04-Jul-2007,5.055,4.88,NaN,NaN,NaN,NaN,NaN,NaN,NaN,NaN,NaN,NaN,NaN,NaN,NaN,NaN,NaN,NaN,NaN,NaN,NaN,NaN,NaN,NaN
05-Jul-2007,5.055,4.88,NaN,NaN,NaN,NaN,NaN,NaN,NaN,NaN,NaN,NaN,NaN,NaN,NaN,NaN,NaN,NaN,NaN,NaN,NaN,NaN,NaN,NaN
06-Jul-2007,5.055,4.88,NaN,NaN,NaN,NaN,NaN,NaN,NaN,NaN,NaN,NaN,NaN,NaN,NaN,NaN,NaN,NaN,NaN,NaN,NaN,NaN,NaN,NaN
09-Jul-2007,5.09,4.88,NaN,NaN,NaN,NaN,NaN,NaN,NaN,NaN,NaN,NaN,NaN,NaN,NaN,NaN,NaN,NaN,NaN,NaN,NaN,NaN,NaN,NaN
10-Jul-2007,5.105,5.125,NaN,NaN,NaN,NaN,NaN,NaN,NaN,NaN,NaN,NaN,NaN,NaN,NaN,NaN,NaN,NaN,NaN,NaN,NaN,NaN,NaN,NaN
11-Jul-2007,5.11,5.135,NaN,NaN,NaN,NaN,NaN,NaN,NaN,NaN,NaN,NaN,NaN,NaN,NaN,NaN,NaN,NaN,NaN,NaN,NaN,NaN,NaN,NaN
12-Jul-2007,5.15,5.15,NaN,NaN,NaN,NaN,NaN,NaN,NaN,NaN,NaN,NaN,NaN,NaN,NaN,NaN,NaN,NaN,NaN,NaN,NaN,NaN,NaN,NaN
13-Jul-2007,5.15,5.15,NaN,NaN,NaN,NaN,NaN,NaN,NaN,NaN,NaN,NaN,NaN,NaN,NaN,NaN,NaN,NaN,NaN,NaN,NaN,NaN,NaN,NaN
16-Jul-2007,5.175,5.15,NaN,NaN,NaN,NaN,NaN,NaN,NaN,NaN,NaN,NaN,NaN,NaN,NaN,NaN,NaN,NaN,NaN,NaN,NaN,NaN,NaN,NaN
17-Jul-2007,5.11,5.11,NaN,NaN,NaN,NaN,NaN,NaN,NaN,NaN,NaN,NaN,NaN,NaN,NaN,NaN,NaN,NaN,NaN,NaN,NaN,NaN,NaN,NaN
18-Jul-2007,5.095,5.08,NaN,NaN,NaN,NaN,NaN,NaN,NaN,NaN,NaN,NaN,NaN,NaN,NaN,NaN,NaN,NaN,NaN,NaN,NaN,NaN,NaN,NaN
19-Jul-2007,5.115,5.13,NaN,NaN,NaN,NaN,NaN,NaN,NaN,NaN,NaN,NaN,NaN,NaN,NaN,NaN,NaN,NaN,NaN,NaN,NaN,NaN,NaN,NaN
20-Jul-2007,5.115,5.14,NaN,NaN,NaN,NaN,NaN,NaN,NaN,NaN,NaN,NaN,NaN,NaN,NaN,NaN,NaN,NaN,NaN,NaN,NaN,NaN,NaN,NaN
23-Jul-2007,5.145,5.155,NaN,NaN,NaN,NaN,NaN,NaN,NaN,NaN,NaN,NaN,NaN,NaN,NaN,NaN,NaN,NaN,NaN,NaN,NaN,NaN,NaN,NaN
24-Jul-2007,5.155,5.15,NaN,NaN,NaN,NaN,NaN,NaN,NaN,NaN,NaN,NaN,NaN,NaN,NaN,NaN,NaN,NaN,NaN,NaN,NaN,NaN,NaN,NaN
25-Jul-2007,5.155,5.15,NaN,NaN,NaN,NaN,NaN,NaN,NaN,NaN,NaN,NaN,NaN,NaN,NaN,NaN,NaN,NaN,NaN,NaN,NaN,NaN,NaN,NaN
26-Jul-2007,5.195,5.185,NaN,NaN,NaN,NaN,NaN,NaN,NaN,NaN,NaN,NaN,NaN,NaN,NaN,NaN,NaN,NaN,NaN,NaN,NaN,NaN,NaN,NaN
27-Jul-2007,5.17,5.165,NaN,NaN,NaN,NaN,NaN,NaN,NaN,NaN,NaN,NaN,NaN,NaN,NaN,NaN,NaN,NaN,NaN,NaN,NaN,NaN,NaN,NaN
30-Jul-2007,5.19,5.165,NaN,NaN,NaN,NaN,NaN,NaN,NaN,NaN,NaN,NaN,NaN,NaN,NaN,NaN,NaN,NaN,NaN,NaN,NaN,NaN,NaN,NaN
31-Jul-2007,5.135,5.165,NaN,NaN,NaN,NaN,NaN,NaN,NaN,NaN,NaN,NaN,NaN,NaN,NaN,NaN,NaN,NaN,NaN,NaN,NaN,NaN,NaN,NaN
01-Aug-2007,5.135,5.165,NaN,NaN,NaN,NaN,NaN,NaN,NaN,NaN,NaN,NaN,NaN,NaN,NaN,NaN,NaN,NaN,NaN,NaN,NaN,NaN,NaN,NaN
02-Aug-2007,5.165,5.165,NaN,NaN,NaN,NaN,NaN,NaN,NaN,NaN,NaN,NaN,NaN,NaN,NaN,NaN,NaN,NaN,NaN,NaN,NaN,NaN,NaN,NaN
03-Aug-2007,5.18,5.165,NaN,NaN,NaN,NaN,NaN,NaN,NaN,NaN,NaN,NaN,NaN,NaN,NaN,NaN,NaN,NaN,NaN,NaN,NaN,NaN,NaN,NaN
06-Aug-2007,5.175,5.165,NaN,NaN,NaN,NaN,NaN,NaN,NaN,NaN,NaN,NaN,NaN,NaN,NaN,NaN,NaN,NaN,NaN,NaN,NaN,NaN,NaN,NaN
07-Aug-2007,5.175,5.165,NaN,NaN,NaN,NaN,NaN,NaN,NaN,NaN,NaN,NaN,NaN,NaN,NaN,NaN,NaN,NaN,NaN,NaN,NaN,NaN,NaN,NaN
08-Aug-2007,5.17,5.175,NaN,NaN,NaN,NaN,NaN,NaN,NaN,NaN,NaN,NaN,NaN,NaN,NaN,NaN,NaN,NaN,NaN,NaN,NaN,NaN,NaN,NaN
09-Aug-2007,5.17,5.175,NaN,NaN,NaN,NaN,NaN,NaN,NaN,NaN,NaN,NaN,NaN,NaN,NaN,NaN,NaN,NaN,NaN,NaN,NaN,NaN,NaN,NaN
10-Aug-2007,5.17,5.175,NaN,NaN,NaN,NaN,NaN,NaN,NaN,NaN,NaN,NaN,NaN,NaN,NaN,NaN,NaN,NaN,NaN,NaN,NaN,NaN,NaN,NaN
13-Aug-2007,5.085,5.165,NaN,NaN,NaN,NaN,NaN,NaN,NaN,NaN,NaN,NaN,NaN,NaN,NaN,NaN,NaN,NaN,NaN,NaN,NaN,NaN,NaN,NaN
14-Aug-2007,5.085,5.125,NaN,NaN,NaN,NaN,NaN,NaN,NaN,NaN,NaN,NaN,NaN,NaN,NaN,NaN,NaN,NaN,NaN,NaN,NaN,NaN,NaN,NaN
15-Aug-2007,5.085,5.125,NaN,NaN,NaN,NaN,NaN,NaN,NaN,NaN,NaN,NaN,NaN,NaN,NaN,NaN,NaN,NaN,NaN,NaN,NaN,NaN,NaN,NaN
16-Aug-2007,5.085,5.125,NaN,NaN,NaN,NaN,NaN,NaN,NaN,NaN,NaN,NaN,NaN,NaN,NaN,NaN,NaN,NaN,NaN,NaN,NaN,NaN,NaN,NaN
17-Aug-2007,5.085,5.125,NaN,NaN,NaN,NaN,NaN,NaN,NaN,NaN,NaN,NaN,NaN,NaN,NaN,NaN,NaN,NaN,NaN,NaN,NaN,NaN,NaN,NaN
20-Aug-2007,5.085,5.125,NaN,NaN,NaN,NaN,NaN,NaN,NaN,NaN,NaN,NaN,NaN,NaN,NaN,NaN,NaN,NaN,NaN,NaN,NaN,NaN,NaN,NaN
21-Aug-2007,5.085,5.125,NaN,NaN,NaN,NaN,NaN,NaN,NaN,NaN,NaN,NaN,NaN,NaN,NaN,NaN,NaN,NaN,NaN,NaN,NaN,NaN,NaN,NaN
22-Aug-2007,5.085,5.125,NaN,NaN,NaN,NaN,NaN,NaN,NaN,NaN,NaN,NaN,NaN,NaN,NaN,NaN,NaN,NaN,NaN,NaN,NaN,NaN,NaN,NaN
23-Aug-2007,2.75,2.8,NaN,NaN,NaN,NaN,NaN,NaN,NaN,NaN,NaN,NaN,NaN,NaN,NaN,NaN,NaN,NaN,NaN,NaN,NaN,NaN,NaN,NaN
24-Aug-2007,2.75,2.8,NaN,NaN,NaN,NaN,NaN,NaN,NaN,NaN,NaN,NaN,NaN,NaN,NaN,NaN,NaN,NaN,NaN,NaN,NaN,NaN,NaN,NaN
27-Aug-2007,2.75,2.8,NaN,NaN,NaN,NaN,NaN,NaN,NaN,NaN,NaN,NaN,NaN,NaN,NaN,NaN,NaN,NaN,NaN,NaN,NaN,NaN,NaN,NaN
28-Aug-2007,5.205,4.9,NaN,NaN,NaN,NaN,NaN,NaN,NaN,NaN,NaN,NaN,NaN,NaN,NaN,NaN,NaN,NaN,NaN,NaN,NaN,NaN,NaN,NaN
29-Aug-2007,5.25,5.05,NaN,NaN,NaN,NaN,NaN,NaN,NaN,NaN,NaN,NaN,NaN,NaN,NaN,NaN,NaN,NaN,NaN,NaN,NaN,NaN,NaN,NaN
30-Aug-2007,5.175,4.7,NaN,NaN,NaN,NaN,NaN,NaN,NaN,NaN,NaN,NaN,NaN,NaN,NaN,NaN,NaN,NaN,NaN,NaN,NaN,NaN,NaN,NaN
31-Aug-2007,5.175,4.7,NaN,NaN,NaN,NaN,NaN,NaN,NaN,NaN,NaN,NaN,NaN,NaN,NaN,NaN,NaN,NaN,NaN,NaN,NaN,NaN,NaN,NaN
03-Sep-2007,5.175,4.7,NaN,NaN,NaN,NaN,NaN,NaN,NaN,NaN,NaN,NaN,NaN,NaN,NaN,NaN,NaN,NaN,NaN,NaN,NaN,NaN,NaN,NaN
04-Sep-2007,5.225,4.75,NaN,NaN,NaN,NaN,NaN,NaN,NaN,NaN,NaN,NaN,NaN,NaN,NaN,NaN,NaN,NaN,NaN,NaN,NaN,NaN,NaN,NaN
05-Sep-2007,5.195,5.185,NaN,NaN,NaN,NaN,NaN,NaN,NaN,NaN,NaN,NaN,NaN,NaN,NaN,NaN,NaN,NaN,NaN,NaN,NaN,NaN,NaN,NaN
06-Sep-2007,5.18,5.185,NaN,NaN,NaN,NaN,NaN,NaN,NaN,NaN,NaN,NaN,NaN,NaN,NaN,NaN,NaN,NaN,NaN,NaN,NaN,NaN,NaN,NaN
07-Sep-2007,5.075,5.1,NaN,NaN,NaN,NaN,NaN,NaN,NaN,NaN,NaN,NaN,NaN,NaN,NaN,NaN,NaN,NaN,NaN,NaN,NaN,NaN,NaN,NaN
10-Sep-2007,4.975,5.025,NaN,NaN,NaN,NaN,NaN,NaN,NaN,NaN,NaN,NaN,NaN,NaN,NaN,NaN,NaN,NaN,NaN,NaN,NaN,NaN,NaN,NaN
11-Sep-2007,4.9,4.9,NaN,NaN,NaN,NaN,NaN,NaN,NaN,NaN,NaN,NaN,NaN,NaN,NaN,NaN,NaN,NaN,NaN,NaN,NaN,NaN,NaN,NaN
12-Sep-2007,4.9,4.9,NaN,NaN,NaN,NaN,NaN,NaN,NaN,NaN,NaN,NaN,NaN,NaN,NaN,NaN,NaN,NaN,NaN,NaN,NaN,NaN,NaN,NaN
13-Sep-2007,4.855,4.895,NaN,NaN,NaN,NaN,NaN,NaN,NaN,NaN,NaN,NaN,NaN,NaN,NaN,NaN,NaN,NaN,NaN,NaN,NaN,NaN,NaN,NaN
14-Sep-2007,5.075,4.9,NaN,NaN,NaN,NaN,NaN,NaN,NaN,NaN,NaN,NaN,NaN,NaN,NaN,NaN,NaN,NaN,NaN,NaN,NaN,NaN,NaN,NaN
17-Sep-2007,5.205,4.9,NaN,NaN,NaN,NaN,NaN,NaN,NaN,NaN,NaN,NaN,NaN,NaN,NaN,NaN,NaN,NaN,NaN,NaN,NaN,NaN,NaN,NaN
18-Sep-2007,5.205,4.9,NaN,NaN,NaN,NaN,NaN,NaN,NaN,NaN,NaN,NaN,NaN,NaN,NaN,NaN,NaN,NaN,NaN,NaN,NaN,NaN,NaN,NaN
19-Sep-2007,4.7,4.66,NaN,NaN,NaN,NaN,NaN,NaN,NaN,NaN,NaN,NaN,NaN,NaN,NaN,NaN,NaN,NaN,NaN,NaN,NaN,NaN,NaN,NaN
20-Sep-2007,4.6,4.6,NaN,NaN,NaN,NaN,NaN,NaN,NaN,NaN,NaN,NaN,NaN,NaN,NaN,NaN,NaN,NaN,NaN,NaN,NaN,NaN,NaN,NaN
21-Sep-2007,4.6,3.975,NaN,NaN,NaN,NaN,NaN,NaN,NaN,NaN,NaN,NaN,NaN,NaN,NaN,NaN,NaN,NaN,NaN,NaN,NaN,NaN,NaN,NaN
24-Sep-2007,4.62,4.05,NaN,NaN,NaN,NaN,NaN,NaN,NaN,NaN,NaN,NaN,NaN,NaN,NaN,NaN,NaN,NaN,NaN,NaN,NaN,NaN,NaN,NaN
25-Sep-2007,4.62,4.3,NaN,NaN,NaN,NaN,NaN,NaN,NaN,NaN,NaN,NaN,NaN,NaN,NaN,NaN,NaN,NaN,NaN,NaN,NaN,NaN,NaN,NaN
26-Sep-2007,4.645,4.3,NaN,NaN,NaN,NaN,NaN,NaN,NaN,NaN,NaN,NaN,NaN,NaN,NaN,NaN,NaN,NaN,NaN,NaN,NaN,NaN,NaN,NaN
27-Sep-2007,4.71,4.215,NaN,NaN,NaN,NaN,NaN,NaN,NaN,NaN,NaN,NaN,NaN,NaN,NaN,NaN,NaN,NaN,NaN,NaN,NaN,NaN,NaN,NaN
28-Sep-2007,4.71,4.215,NaN,NaN,NaN,NaN,NaN,NaN,NaN,NaN,NaN,NaN,NaN,NaN,NaN,NaN,NaN,NaN,NaN,NaN,NaN,NaN,NaN,NaN
01-Oct-2007,4.68,4.215,NaN,NaN,NaN,NaN,NaN,NaN,NaN,NaN,NaN,NaN,NaN,NaN,NaN,NaN,NaN,NaN,NaN,NaN,NaN,NaN,NaN,NaN
02-Oct-2007,4.875,4.55,NaN,NaN,NaN,NaN,NaN,NaN,NaN,NaN,NaN,NaN,NaN,NaN,NaN,NaN,NaN,NaN,NaN,NaN,NaN,NaN,NaN,NaN
03-Oct-2007,4.775,4.6,NaN,NaN,NaN,NaN,NaN,NaN,NaN,NaN,NaN,NaN,NaN,NaN,NaN,NaN,NaN,NaN,NaN,NaN,NaN,NaN,NaN,NaN
04-Oct-2007,4.73,4.64,NaN,NaN,NaN,NaN,NaN,NaN,NaN,NaN,NaN,NaN,NaN,NaN,NaN,NaN,NaN,NaN,NaN,NaN,NaN,NaN,NaN,NaN
05-Oct-2007,4.7,4.64,NaN,NaN,NaN,NaN,NaN,NaN,NaN,NaN,NaN,NaN,NaN,NaN,NaN,NaN,NaN,NaN,NaN,NaN,NaN,NaN,NaN,NaN
08-Oct-2007,4.7,4.64,NaN,NaN,NaN,NaN,NaN,NaN,NaN,NaN,NaN,NaN,NaN,NaN,NaN,NaN,NaN,NaN,NaN,NaN,NaN,NaN,NaN,NaN
09-Oct-2007,4.75,4.665,NaN,NaN,NaN,NaN,NaN,NaN,NaN,NaN,NaN,NaN,NaN,NaN,NaN,NaN,NaN,NaN,NaN,NaN,NaN,NaN,NaN,NaN
10-Oct-2007,4.79,4.665,NaN,NaN,NaN,NaN,NaN,NaN,NaN,NaN,NaN,NaN,NaN,NaN,NaN,NaN,NaN,NaN,NaN,NaN,NaN,NaN,NaN,NaN
11-Oct-2007,4.745,4.665,NaN,NaN,NaN,NaN,NaN,NaN,NaN,NaN,NaN,NaN,NaN,NaN,NaN,NaN,NaN,NaN,NaN,NaN,NaN,NaN,NaN,NaN
12-Oct-2007,4.745,4.665,NaN,NaN,NaN,NaN,NaN,NaN,NaN,NaN,NaN,NaN,NaN,NaN,NaN,NaN,NaN,NaN,NaN,NaN,NaN,NaN,NaN,NaN
15-Oct-2007,4.81,4.695,NaN,NaN,NaN,NaN,NaN,NaN,NaN,NaN,NaN,NaN,NaN,NaN,NaN,NaN,NaN,NaN,NaN,NaN,NaN,NaN,NaN,NaN
16-Oct-2007,4.71,4.695,NaN,NaN,NaN,NaN,NaN,NaN,NaN,NaN,NaN,NaN,NaN,NaN,NaN,NaN,NaN,NaN,NaN,NaN,NaN,NaN,NaN,NaN
17-Oct-2007,4.645,4.675,NaN,NaN,NaN,NaN,NaN,NaN,NaN,NaN,NaN,NaN,NaN,NaN,NaN,NaN,NaN,NaN,NaN,NaN,NaN,NaN,NaN,NaN
18-Oct-2007,4.15,4.65,NaN,NaN,NaN,NaN,NaN,NaN,NaN,NaN,NaN,NaN,NaN,NaN,NaN,NaN,NaN,NaN,NaN,NaN,NaN,NaN,NaN,NaN
19-Oct-2007,4.59,4.625,NaN,NaN,NaN,NaN,NaN,NaN,NaN,NaN,NaN,NaN,NaN,NaN,NaN,NaN,NaN,NaN,NaN,NaN,NaN,NaN,NaN,NaN
22-Oct-2007,4.645,4.65,NaN,NaN,NaN,NaN,NaN,NaN,NaN,NaN,NaN,NaN,NaN,NaN,NaN,NaN,NaN,NaN,NaN,NaN,NaN,NaN,NaN,NaN
23-Oct-2007,4.65,4.65,NaN,NaN,NaN,NaN,NaN,NaN,NaN,NaN,NaN,NaN,NaN,NaN,NaN,NaN,NaN,NaN,NaN,NaN,NaN,NaN,NaN,NaN
24-Oct-2007,4.56,4.65,NaN,NaN,NaN,NaN,NaN,NaN,NaN,NaN,NaN,NaN,NaN,NaN,NaN,NaN,NaN,NaN,NaN,NaN,NaN,NaN,NaN,NaN
25-Oct-2007,4.515,4.5,NaN,NaN,NaN,NaN,NaN,NaN,NaN,NaN,NaN,NaN,NaN,NaN,NaN,NaN,NaN,NaN,NaN,NaN,NaN,NaN,NaN,NaN
26-Oct-2007,4.515,4.5,NaN,NaN,NaN,NaN,NaN,NaN,NaN,NaN,NaN,NaN,NaN,NaN,NaN,NaN,NaN,NaN,NaN,NaN,NaN,NaN,NaN,NaN
29-Oct-2007,4.72,4.5,NaN,NaN,NaN,NaN,NaN,NaN,NaN,NaN,NaN,NaN,NaN,NaN,NaN,NaN,NaN,NaN,0.524,0.542,0.559,0.604,0.663,0.714
30-Oct-2007,4.72,4.5,NaN,NaN,NaN,NaN,NaN,NaN,NaN,NaN,NaN,NaN,NaN,NaN,NaN,NaN,NaN,NaN,0.52,0.54,0.556,0.602,0.662,0.714
31-Oct-2007,4.545,4.5,NaN,NaN,NaN,NaN,NaN,NaN,NaN,NaN,NaN,NaN,NaN,NaN,NaN,NaN,NaN,NaN,0.563,0.54,0.557,0.604,0.662,0.714
01-Nov-2007,4.45,4.5,NaN,NaN,NaN,NaN,NaN,NaN,NaN,NaN,NaN,NaN,NaN,NaN,NaN,NaN,NaN,NaN,0.529,0.545,0.559,0.608,0.666,0.72
02-Nov-2007,4.485,4.475,NaN,NaN,NaN,NaN,NaN,NaN,NaN,NaN,NaN,NaN,NaN,NaN,NaN,NaN,NaN,NaN,0.525,0.541,0.559,0.605,0.663,0.715
05-Nov-2007,4.49,4.475,NaN,NaN,NaN,NaN,NaN,NaN,NaN,NaN,NaN,NaN,NaN,NaN,NaN,NaN,NaN,NaN,0.521,0.54,0.559,0.605,0.661,0.713
06-Nov-2007,4.4025,4.415,NaN,NaN,NaN,NaN,NaN,NaN,NaN,NaN,NaN,NaN,NaN,NaN,NaN,NaN,NaN,NaN,0.515,0.538,0.556,0.604,0.66,0.713
07-Nov-2007,4.25,4.415,NaN,NaN,NaN,NaN,NaN,NaN,NaN,NaN,NaN,NaN,NaN,NaN,NaN,NaN,NaN,NaN,0.515,0.536,0.555,0.604,0.659,0.712
08-Nov-2007,4.335,4.32,NaN,NaN,NaN,NaN,NaN,NaN,NaN,NaN,NaN,NaN,NaN,NaN,NaN,NaN,NaN,NaN,0.511,0.536,0.553,0.601,0.657,0.71
09-Nov-2007,4.335,4.32,NaN,NaN,NaN,NaN,NaN,NaN,NaN,NaN,NaN,NaN,NaN,NaN,NaN,NaN,NaN,NaN,0.511,0.539,0.552,0.599,0.655,0.709
12-Nov-2007,4.335,4.32,NaN,NaN,NaN,NaN,NaN,NaN,NaN,NaN,NaN,NaN,NaN,NaN,NaN,NaN,NaN,NaN,0.521,0.544,0.554,0.599,0.656,0.709
13-Nov-2007,4.3,4.22,NaN,NaN,NaN,NaN,NaN,NaN,NaN,NaN,NaN,NaN,NaN,NaN,NaN,NaN,NaN,NaN,0.523,0.553,0.556,0.599,0.656,0.71
14-Nov-2007,4.24,4.21,NaN,NaN,NaN,NaN,NaN,NaN,NaN,NaN,NaN,NaN,NaN,NaN,NaN,NaN,NaN,NaN,0.524,0.55,0.556,0.599,0.656,0.71
15-Nov-2007,4.24,4.21,NaN,NaN,NaN,NaN,NaN,NaN,NaN,NaN,NaN,NaN,NaN,NaN,NaN,NaN,NaN,NaN,0.531,0.549,0.556,0.597,0.656,0.71
16-Nov-2007,4.24,4.21,NaN,NaN,NaN,NaN,NaN,NaN,NaN,NaN,NaN,NaN,NaN,NaN,NaN,NaN,NaN,NaN,0.511,0.545,0.555,0.595,0.653,0.705
19-Nov-2007,4.24,4.21,NaN,NaN,NaN,NaN,NaN,NaN,NaN,NaN,NaN,NaN,NaN,NaN,NaN,NaN,NaN,NaN,0.511,0.537,0.553,0.593,0.651,0.701
20-Nov-2007,4.24,4.21,NaN,NaN,NaN,NaN,NaN,NaN,NaN,NaN,NaN,NaN,NaN,NaN,NaN,NaN,NaN,NaN,0.507,0.536,0.551,0.591,0.649,0.698
21-Nov-2007,4.24,4.21,NaN,NaN,NaN,NaN,NaN,NaN,NaN,NaN,NaN,NaN,NaN,NaN,NaN,NaN,NaN,NaN,0.514,0.538,0.551,0.59,0.646,0.695
22-Nov-2007,4.24,4.21,NaN,NaN,NaN,NaN,NaN,NaN,NaN,NaN,NaN,NaN,NaN,NaN,NaN,NaN,NaN,NaN,0.514,0.541,0.551,0.589,0.638,0.688
23-Nov-2007,4.24,4.21,NaN,NaN,NaN,NaN,NaN,NaN,NaN,NaN,NaN,NaN,NaN,NaN,NaN,NaN,NaN,NaN,0.514,0.541,0.551,0.589,0.638,0.688
26-Nov-2007,4.24,4.21,NaN,NaN,NaN,NaN,NaN,NaN,NaN,NaN,NaN,NaN,NaN,NaN,NaN,NaN,NaN,NaN,0.521,0.542,0.552,0.588,0.634,0.686
27-Nov-2007,4.11,4.05,NaN,NaN,NaN,NaN,NaN,NaN,NaN,NaN,NaN,NaN,NaN,NaN,NaN,NaN,NaN,NaN,0.52,0.548,0.555,0.587,0.634,0.686
28-Nov-2007,3.9,3.4,NaN,NaN,NaN,NaN,NaN,NaN,NaN,NaN,NaN,NaN,NaN,NaN,NaN,NaN,NaN,NaN,0.521,0.556,0.581,0.588,0.633,0.685
29-Nov-2007,3.15,3.175,NaN,NaN,NaN,NaN,NaN,NaN,NaN,NaN,NaN,NaN,NaN,NaN,NaN,NaN,NaN,NaN,0.519,0.553,0.591,0.588,0.633,0.685
30-Nov-2007,3.15,3.175,NaN,NaN,NaN,NaN,NaN,NaN,NaN,NaN,NaN,NaN,NaN,NaN,NaN,NaN,NaN,NaN,0.557,0.551,0.6,0.591,0.633,0.686
03-Dec-2007,4.625,3.975,NaN,NaN,NaN,NaN,NaN,NaN,NaN,NaN,NaN,NaN,NaN,NaN,NaN,NaN,NaN,NaN,0.549,0.549,0.602,0.592,0.634,0.686
04-Dec-2007,4.625,3.975,NaN,NaN,NaN,NaN,NaN,NaN,NaN,NaN,NaN,NaN,NaN,NaN,NaN,NaN,NaN,NaN,0.524,0.541,0.602,0.592,0.631,0.684
05-Dec-2007,4.5,4.175,NaN,NaN,NaN,NaN,NaN,NaN,NaN,NaN,NaN,NaN,NaN,NaN,NaN,NaN,NaN,NaN,0.514,0.541,0.601,0.591,0.626,0.679
06-Dec-2007,4.435,4.175,NaN,NaN,NaN,NaN,NaN,NaN,NaN,NaN,NaN,NaN,NaN,NaN,NaN,NaN,NaN,NaN,0.513,0.544,0.601,0.589,0.625,0.679
07-Dec-2007,4.38,4.175,NaN,NaN,NaN,NaN,NaN,NaN,NaN,NaN,NaN,NaN,NaN,NaN,NaN,NaN,NaN,NaN,0.519,0.55,0.601,0.589,0.624,0.679
10-Dec-2007,4.255,4.175,NaN,NaN,NaN,NaN,NaN,NaN,NaN,NaN,NaN,NaN,NaN,NaN,NaN,NaN,NaN,NaN,0.541,0.558,0.603,0.588,0.624,0.679
11-Dec-2007,4.125,4.175,NaN,NaN,NaN,NaN,NaN,NaN,NaN,NaN,NaN,NaN,NaN,NaN,NaN,NaN,NaN,NaN,0.525,0.563,0.607,0.591,0.624,0.678
12-Dec-2007,4.125,4.175,NaN,NaN,NaN,NaN,NaN,NaN,NaN,NaN,NaN,NaN,NaN,NaN,NaN,NaN,NaN,NaN,0.517,0.565,0.611,0.593,0.623,0.676
13-Dec-2007,4.125,4.175,NaN,NaN,NaN,NaN,NaN,NaN,NaN,NaN,NaN,NaN,NaN,NaN,NaN,NaN,NaN,NaN,0.517,0.576,0.614,0.592,0.623,0.674
14-Dec-2007,4.125,4.175,NaN,NaN,NaN,NaN,NaN,NaN,NaN,NaN,NaN,NaN,NaN,NaN,NaN,NaN,NaN,NaN,0.538,0.6,0.626,0.594,0.623,0.675
17-Dec-2007,3.925,4.175,NaN,NaN,NaN,NaN,NaN,NaN,NaN,NaN,NaN,NaN,NaN,NaN,NaN,NaN,NaN,NaN,0.547,0.604,0.631,0.596,0.623,0.675
18-Dec-2007,3.2,3.8,NaN,NaN,NaN,NaN,NaN,NaN,NaN,NaN,NaN,NaN,NaN,NaN,NaN,NaN,NaN,NaN,0.544,0.596,0.627,0.596,0.623,0.673
19-Dec-2007,3.335,3.475,NaN,NaN,NaN,NaN,NaN,NaN,NaN,NaN,NaN,NaN,NaN,NaN,NaN,NaN,NaN,NaN,0.525,0.683,0.609,0.594,0.621,0.672
20-Dec-2007,3.05,3.15,NaN,NaN,NaN,NaN,NaN,NaN,NaN,NaN,NaN,NaN,NaN,NaN,NaN,NaN,NaN,NaN,0.552,0.703,0.615,0.593,0.621,0.672
21-Dec-2007,3.85,3.6,NaN,NaN,NaN,NaN,NaN,NaN,NaN,NaN,NaN,NaN,NaN,NaN,NaN,NaN,NaN,NaN,0.568,0.712,0.612,0.593,0.621,0.671
24-Dec-2007,3.7,3.65,NaN,NaN,NaN,NaN,NaN,NaN,NaN,NaN,NaN,NaN,NaN,NaN,NaN,NaN,NaN,NaN,0.568,0.712,0.612,0.593,0.621,0.671
25-Dec-2007,3.7,3.65,NaN,NaN,NaN,NaN,NaN,NaN,NaN,NaN,NaN,NaN,NaN,NaN,NaN,NaN,NaN,NaN,0.559,0.738,0.611,0.593,0.621,0.67
26-Dec-2007,3.7,3.65,NaN,NaN,NaN,NaN,NaN,NaN,NaN,NaN,NaN,NaN,NaN,NaN,NaN,NaN,NaN,NaN,0.57,0.597,0.571,0.598,0.621,0.669
27-Dec-2007,4.07,3.7,NaN,NaN,NaN,NaN,NaN,NaN,NaN,NaN,NaN,NaN,NaN,NaN,NaN,NaN,NaN,NaN,0.557,0.571,0.566,0.596,0.62,0.669
28-Dec-2007,4.07,3.7,NaN,NaN,NaN,NaN,NaN,NaN,NaN,NaN,NaN,NaN,NaN,NaN,NaN,NaN,NaN,NaN,0.582,0.565,0.565,0.596,0.62,0.669
31-Dec-2007,1.95,3.7,NaN,NaN,NaN,NaN,NaN,NaN,NaN,NaN,NaN,NaN,NaN,NaN,NaN,NaN,NaN,NaN,0.582,0.565,0.565,0.596,0.62,0.669
01-Jan-2008,1.95,3.7,NaN,NaN,NaN,NaN,NaN,NaN,NaN,NaN,NaN,NaN,NaN,NaN,NaN,NaN,NaN,NaN,0.582,0.565,0.565,0.596,0.62,0.669
02-Jan-2008,4,3.7,NaN,NaN,NaN,NaN,NaN,NaN,NaN,NaN,NaN,NaN,NaN,NaN,NaN,NaN,NaN,NaN,0.582,0.565,0.565,0.596,0.62,0.669
03-Jan-2008,4.05,3.975,NaN,NaN,NaN,NaN,NaN,NaN,NaN,NaN,NaN,NaN,NaN,NaN,NaN,NaN,NaN,NaN,0.582,0.565,0.565,0.596,0.62,0.669
04-Jan-2008,4.02,4,NaN,NaN,NaN,NaN,NaN,NaN,NaN,NaN,NaN,NaN,NaN,NaN,NaN,NaN,NaN,NaN,0.535,0.556,0.563,0.594,0.619,0.665
07-Jan-2008,3.975,4,NaN,NaN,NaN,NaN,NaN,NaN,NaN,NaN,NaN,NaN,NaN,NaN,NaN,NaN,NaN,NaN,0.528,0.547,0.559,0.591,0.615,0.661
08-Jan-2008,3.975,4,NaN,NaN,NaN,NaN,NaN,NaN,NaN,NaN,NaN,NaN,NaN,NaN,NaN,NaN,NaN,NaN,0.51,0.543,0.557,0.588,0.613,0.658
09-Jan-2008,3.975,4,NaN,NaN,NaN,NaN,NaN,NaN,NaN,NaN,NaN,NaN,NaN,NaN,NaN,NaN,NaN,NaN,0.511,0.546,0.555,0.587,0.612,0.658
10-Jan-2008,4.21,4.11,NaN,NaN,NaN,NaN,NaN,NaN,NaN,NaN,NaN,NaN,NaN,NaN,NaN,NaN,NaN,NaN,0.517,0.552,0.556,0.587,0.611,0.656
11-Jan-2008,4.1,4.075,NaN,NaN,NaN,NaN,NaN,NaN,NaN,NaN,NaN,NaN,NaN,NaN,NaN,NaN,NaN,NaN,0.528,0.558,0.559,0.586,0.606,0.648
14-Jan-2008,4.125,4.075,NaN,NaN,NaN,NaN,NaN,NaN,NaN,NaN,NaN,NaN,NaN,NaN,NaN,NaN,NaN,NaN,0.528,0.558,0.559,0.586,0.606,0.648
15-Jan-2008,4.02,4.05,NaN,NaN,NaN,NaN,NaN,NaN,NaN,NaN,NaN,NaN,NaN,NaN,NaN,NaN,NaN,NaN,0.539,0.56,0.56,0.585,0.602,0.639
16-Jan-2008,3.84,3.8,NaN,NaN,NaN,NaN,NaN,NaN,NaN,NaN,NaN,NaN,NaN,NaN,NaN,NaN,NaN,NaN,0.527,0.559,0.558,0.584,0.599,0.629
17-Jan-2008,3.7,3.75,NaN,NaN,NaN,NaN,NaN,NaN,NaN,NaN,NaN,NaN,NaN,NaN,NaN,NaN,NaN,NaN,0.522,0.559,0.557,0.581,0.595,0.624
18-Jan-2008,3.475,3.625,NaN,NaN,NaN,NaN,NaN,NaN,NaN,NaN,NaN,NaN,NaN,NaN,NaN,NaN,NaN,NaN,0.517,0.552,0.556,0.577,0.591,0.618
21-Jan-2008,3.475,3.625,NaN,NaN,NaN,NaN,NaN,NaN,NaN,NaN,NaN,NaN,NaN,NaN,NaN,NaN,NaN,NaN,0.517,0.544,0.554,0.576,0.589,0.611
22-Jan-2008,3.475,3.625,NaN,NaN,NaN,NaN,NaN,NaN,NaN,NaN,NaN,NaN,NaN,NaN,NaN,NaN,NaN,NaN,0.519,0.549,0.552,0.574,0.585,0.6
23-Jan-2008,1.76,2.325,NaN,NaN,NaN,NaN,NaN,NaN,NaN,NaN,NaN,NaN,NaN,NaN,NaN,NaN,NaN,NaN,0.521,0.549,0.552,0.569,0.573,0.577
24-Jan-2008,2.295,2.325,NaN,NaN,NaN,NaN,NaN,NaN,NaN,NaN,NaN,NaN,NaN,NaN,NaN,NaN,NaN,NaN,0.522,0.549,0.551,0.565,0.559,0.555
25-Jan-2008,2.7,2.61,NaN,NaN,NaN,NaN,NaN,NaN,NaN,NaN,NaN,NaN,NaN,NaN,NaN,NaN,NaN,NaN,0.525,0.55,0.551,0.565,0.561,0.559
28-Jan-2008,2.3,2.65,NaN,NaN,NaN,NaN,NaN,NaN,NaN,NaN,NaN,NaN,NaN,NaN,NaN,NaN,NaN,NaN,0.534,0.55,0.551,0.564,0.562,0.559
29-Jan-2008,2.3,2.65,NaN,NaN,NaN,NaN,NaN,NaN,NaN,NaN,NaN,NaN,NaN,NaN,NaN,NaN,NaN,NaN,0.541,0.551,0.551,0.563,0.561,0.559
30-Jan-2008,2.15,2.45,NaN,NaN,NaN,NaN,NaN,NaN,NaN,NaN,NaN,NaN,NaN,NaN,NaN,NaN,NaN,NaN,0.535,0.55,0.551,0.562,0.561,0.559
31-Jan-2008,2.15,2.45,NaN,NaN,NaN,NaN,NaN,NaN,NaN,NaN,NaN,NaN,NaN,NaN,NaN,NaN,NaN,NaN,0.566,0.551,0.552,0.562,0.56,0.558
01-Feb-2008,2.15,2.45,NaN,NaN,NaN,NaN,NaN,NaN,NaN,NaN,NaN,NaN,NaN,NaN,NaN,NaN,NaN,NaN,0.532,0.551,0.552,0.563,0.561,0.559
04-Feb-2008,2.7,2.6,NaN,NaN,NaN,NaN,NaN,NaN,NaN,NaN,NaN,NaN,NaN,NaN,NaN,NaN,NaN,NaN,0.531,0.55,0.551,0.563,0.563,0.561
05-Feb-2008,2.635,2.625,NaN,NaN,NaN,NaN,NaN,NaN,NaN,NaN,NaN,NaN,NaN,NaN,NaN,NaN,NaN,NaN,0.525,0.542,0.55,0.564,0.564,0.562
06-Feb-2008,2.2,3,NaN,NaN,NaN,NaN,NaN,NaN,NaN,NaN,NaN,NaN,NaN,NaN,NaN,NaN,NaN,NaN,0.521,0.543,0.55,0.564,0.564,0.561
07-Feb-2008,2.44,2.35,NaN,NaN,NaN,NaN,NaN,NaN,NaN,NaN,NaN,NaN,NaN,NaN,NaN,NaN,NaN,NaN,0.518,0.544,0.55,0.566,0.564,0.562
08-Feb-2008,2.7,2.35,NaN,NaN,NaN,NaN,NaN,NaN,NaN,NaN,NaN,NaN,NaN,NaN,NaN,NaN,NaN,NaN,0.516,0.544,0.55,0.565,0.564,0.563
11-Feb-2008,2.835,2.725,NaN,NaN,NaN,NaN,NaN,NaN,NaN,NaN,NaN,NaN,NaN,NaN,NaN,NaN,NaN,NaN,0.516,0.544,0.55,0.565,0.564,0.563
12-Feb-2008,2.975,2.895,NaN,NaN,NaN,NaN,NaN,NaN,NaN,NaN,NaN,NaN,NaN,NaN,NaN,NaN,NaN,NaN,0.518,0.547,0.55,0.565,0.563,0.561
13-Feb-2008,2.89,2.875,NaN,NaN,NaN,NaN,NaN,NaN,NaN,NaN,NaN,NaN,NaN,NaN,NaN,NaN,NaN,NaN,0.519,0.55,0.551,0.565,0.563,0.561
14-Feb-2008,3.01,3.015,NaN,NaN,NaN,NaN,NaN,NaN,NaN,NaN,NaN,NaN,NaN,NaN,NaN,NaN,NaN,NaN,0.521,0.55,0.551,0.565,0.563,0.561
15-Feb-2008,2.95,2.975,NaN,NaN,NaN,NaN,NaN,NaN,NaN,NaN,NaN,NaN,NaN,NaN,NaN,NaN,NaN,NaN,0.555,0.551,0.55,0.564,0.563,0.562
18-Feb-2008,2.95,2.975,NaN,NaN,NaN,NaN,NaN,NaN,NaN,NaN,NaN,NaN,NaN,NaN,NaN,NaN,NaN,NaN,0.543,0.552,0.551,0.564,0.563,0.562
19-Feb-2008,2.94,2.95,NaN,NaN,NaN,NaN,NaN,NaN,NaN,NaN,NaN,NaN,NaN,NaN,NaN,NaN,NaN,NaN,0.536,0.55,0.551,0.564,0.564,0.562
20-Feb-2008,2.94,2.95,NaN,NaN,NaN,NaN,NaN,NaN,NaN,NaN,NaN,NaN,NaN,NaN,NaN,NaN,NaN,NaN,0.536,0.55,0.551,0.565,0.564,0.563
21-Feb-2008,2.9,2.7,NaN,NaN,NaN,NaN,NaN,NaN,NaN,NaN,NaN,NaN,NaN,NaN,NaN,NaN,NaN,NaN,0.533,0.552,0.551,0.566,0.564,0.564
22-Feb-2008,2.8,2.785,NaN,NaN,NaN,NaN,NaN,NaN,NaN,NaN,NaN,NaN,NaN,NaN,NaN,NaN,NaN,NaN,0.524,0.551,0.551,0.565,0.564,0.564
25-Feb-2008,2.725,2.825,NaN,NaN,NaN,NaN,NaN,NaN,NaN,NaN,NaN,NaN,NaN,NaN,NaN,NaN,NaN,NaN,0.522,0.55,0.551,0.565,0.564,0.564
26-Feb-2008,2.405,2.5,NaN,NaN,NaN,NaN,NaN,NaN,NaN,NaN,NaN,NaN,NaN,NaN,NaN,NaN,NaN,NaN,0.52,0.549,0.551,0.565,0.564,0.564
27-Feb-2008,2.175,2.225,NaN,NaN,NaN,NaN,NaN,NaN,NaN,NaN,NaN,NaN,NaN,NaN,NaN,NaN,NaN,NaN,0.523,0.55,0.56,0.565,0.564,0.564
28-Feb-2008,2.05,2.15,NaN,NaN,NaN,NaN,NaN,NaN,NaN,NaN,NaN,NaN,NaN,NaN,NaN,NaN,NaN,NaN,0.528,0.549,0.563,0.564,0.563,0.564
29-Feb-2008,2.05,2.15,NaN,NaN,NaN,NaN,NaN,NaN,NaN,NaN,NaN,NaN,NaN,NaN,NaN,NaN,NaN,NaN,0.54,0.549,0.565,0.565,0.563,0.563
03-Mar-2008,2.825,2.35,NaN,NaN,NaN,NaN,NaN,NaN,NaN,NaN,NaN,NaN,NaN,NaN,NaN,NaN,NaN,NaN,0.544,0.55,0.566,0.565,0.563,0.561
04-Mar-2008,2.875,2.45,NaN,NaN,NaN,NaN,NaN,NaN,NaN,NaN,NaN,NaN,NaN,NaN,NaN,NaN,NaN,NaN,0.523,0.547,0.567,0.564,0.562,0.56
05-Mar-2008,2.875,2.45,NaN,NaN,NaN,NaN,NaN,NaN,NaN,NaN,NaN,NaN,NaN,NaN,NaN,NaN,NaN,NaN,0.512,0.544,0.566,0.564,0.562,0.559
06-Mar-2008,2.875,2.45,NaN,NaN,NaN,NaN,NaN,NaN,NaN,NaN,NaN,NaN,NaN,NaN,NaN,NaN,NaN,NaN,0.505,0.543,0.566,0.564,0.562,0.559
07-Mar-2008,2.875,2.45,NaN,NaN,NaN,NaN,NaN,NaN,NaN,NaN,NaN,NaN,NaN,NaN,NaN,NaN,NaN,NaN,0.504,0.543,0.566,0.564,0.562,0.559
10-Mar-2008,2.65,2.6,NaN,NaN,NaN,NaN,NaN,NaN,NaN,NaN,NaN,NaN,NaN,NaN,NaN,NaN,NaN,NaN,0.545,0.544,0.568,0.563,0.562,0.559
11-Mar-2008,2.55,2.55,NaN,NaN,NaN,NaN,NaN,NaN,NaN,NaN,NaN,NaN,NaN,NaN,NaN,NaN,NaN,NaN,0.542,0.547,0.567,0.563,0.562,0.559
12-Mar-2008,2.35,2.4,NaN,NaN,NaN,NaN,NaN,NaN,NaN,NaN,NaN,NaN,NaN,NaN,NaN,NaN,NaN,NaN,0.532,0.552,0.568,0.564,0.562,0.559
13-Mar-2008,2.35,2.4,NaN,NaN,NaN,NaN,NaN,NaN,NaN,NaN,NaN,NaN,NaN,NaN,NaN,NaN,NaN,NaN,0.549,0.572,0.573,0.567,0.562,0.559
14-Mar-2008,2.85,2.4,NaN,NaN,NaN,NaN,NaN,NaN,NaN,NaN,NaN,NaN,NaN,NaN,NaN,NaN,NaN,NaN,0.542,0.592,0.583,0.571,0.563,0.561
17-Mar-2008,1.95,1.8,NaN,NaN,NaN,NaN,NaN,NaN,NaN,NaN,NaN,NaN,NaN,NaN,NaN,NaN,NaN,NaN,0.549,0.613,0.601,0.574,0.563,0.561
18-Mar-2008,0.825,1.15,NaN,NaN,NaN,NaN,NaN,NaN,NaN,NaN,NaN,NaN,NaN,NaN,NaN,NaN,NaN,NaN,0.546,0.653,0.623,0.589,0.566,0.562
19-Mar-2008,0.25,0.95,NaN,NaN,NaN,NaN,NaN,NaN,NaN,NaN,NaN,NaN,NaN,NaN,NaN,NaN,NaN,NaN,0.552,0.701,0.628,0.596,0.567,0.562
20-Mar-2008,0.45,0.975,NaN,NaN,NaN,NaN,NaN,NaN,NaN,NaN,NaN,NaN,NaN,NaN,NaN,NaN,NaN,NaN,0.552,0.701,0.628,0.596,0.567,0.562
21-Mar-2008,0.45,0.975,NaN,NaN,NaN,NaN,NaN,NaN,NaN,NaN,NaN,NaN,NaN,NaN,NaN,NaN,NaN,NaN,0.605,0.709,0.627,0.599,0.566,0.56
24-Mar-2008,0.45,0.975,NaN,NaN,NaN,NaN,NaN,NaN,NaN,NaN,NaN,NaN,NaN,NaN,NaN,NaN,NaN,NaN,0.602,0.708,0.624,0.6,0.566,0.561
25-Mar-2008,0.95,0.95,NaN,NaN,NaN,NaN,NaN,NaN,NaN,NaN,NaN,NaN,NaN,NaN,NaN,NaN,NaN,NaN,0.577,0.68,0.606,0.59,0.566,0.561
26-Mar-2008,0.85,1.05,NaN,NaN,NaN,NaN,NaN,NaN,NaN,NaN,NaN,NaN,NaN,NaN,NaN,NaN,NaN,NaN,0.549,0.636,0.586,0.582,0.565,0.56
27-Mar-2008,0.85,1.05,NaN,NaN,NaN,NaN,NaN,NaN,NaN,NaN,NaN,NaN,NaN,NaN,NaN,NaN,NaN,NaN,0.526,0.577,0.566,0.572,0.562,0.559
28-Mar-2008,2.5,2.45,NaN,NaN,NaN,NaN,NaN,NaN,NaN,NaN,NaN,NaN,NaN,NaN,NaN,NaN,NaN,NaN,0.573,0.571,0.565,0.568,0.561,0.559
31-Mar-2008,1.9,1.95,NaN,NaN,NaN,NaN,NaN,NaN,NaN,NaN,NaN,NaN,NaN,NaN,NaN,NaN,NaN,NaN,0.75,0.569,0.563,0.566,0.56,0.557
01-Apr-2008,2.525,2.65,NaN,NaN,NaN,NaN,NaN,NaN,NaN,NaN,NaN,NaN,NaN,NaN,NaN,NaN,NaN,NaN,0.6,0.572,0.562,0.564,0.56,0.556
02-Apr-2008,2.55,2.25,NaN,NaN,NaN,NaN,NaN,NaN,NaN,NaN,NaN,NaN,NaN,NaN,NaN,NaN,NaN,NaN,0.608,0.572,0.562,0.564,0.56,0.556
03-Apr-2008,2.45,2.5,NaN,NaN,NaN,NaN,NaN,NaN,NaN,NaN,NaN,NaN,NaN,NaN,NaN,NaN,NaN,NaN,0.585,0.572,0.564,0.566,0.56,0.556
04-Apr-2008,2.285,2.15,NaN,NaN,NaN,NaN,NaN,NaN,NaN,NaN,NaN,NaN,NaN,NaN,NaN,NaN,NaN,NaN,0.51,0.562,0.562,0.562,0.558,0.555
07-Apr-2008,2.35,2.35,NaN,NaN,NaN,NaN,NaN,NaN,NaN,NaN,NaN,NaN,NaN,NaN,NaN,NaN,NaN,NaN,0.531,0.557,0.561,0.562,0.558,0.556
08-Apr-2008,2.35,2.35,NaN,NaN,NaN,NaN,NaN,NaN,NaN,NaN,NaN,NaN,NaN,NaN,NaN,NaN,NaN,NaN,0.529,0.557,0.56,0.562,0.558,0.555
09-Apr-2008,2.04,2.2,NaN,NaN,NaN,NaN,NaN,NaN,NaN,NaN,NaN,NaN,NaN,NaN,NaN,NaN,NaN,NaN,0.528,0.56,0.561,0.562,0.559,0.556
10-Apr-2008,2.25,2.25,NaN,NaN,NaN,NaN,NaN,NaN,NaN,NaN,NaN,NaN,NaN,NaN,NaN,NaN,NaN,NaN,0.529,0.562,0.563,0.563,0.559,0.557
11-Apr-2008,2.25,2.25,NaN,NaN,NaN,NaN,NaN,NaN,NaN,NaN,NaN,NaN,NaN,NaN,NaN,NaN,NaN,NaN,0.532,0.581,0.571,0.567,0.56,0.557
14-Apr-2008,2.25,2.25,NaN,NaN,NaN,NaN,NaN,NaN,NaN,NaN,NaN,NaN,NaN,NaN,NaN,NaN,NaN,NaN,0.594,0.592,0.574,0.569,0.563,0.561
15-Apr-2008,2.15,2.25,NaN,NaN,NaN,NaN,NaN,NaN,NaN,NaN,NaN,NaN,NaN,NaN,NaN,NaN,NaN,NaN,0.622,0.581,0.574,0.568,0.562,0.56
16-Apr-2008,2.25,2.15,NaN,NaN,NaN,NaN,NaN,NaN,NaN,NaN,NaN,NaN,NaN,NaN,NaN,NaN,NaN,NaN,0.53,0.57,0.572,0.569,0.563,0.562
17-Apr-2008,2.2,1.95,NaN,NaN,NaN,NaN,NaN,NaN,NaN,NaN,NaN,NaN,NaN,NaN,NaN,NaN,NaN,NaN,0.527,0.573,0.573,0.571,0.564,0.563
18-Apr-2008,2.15,2.1,NaN,NaN,NaN,NaN,NaN,NaN,NaN,NaN,NaN,NaN,NaN,NaN,NaN,NaN,NaN,NaN,0.526,0.583,0.576,0.573,0.568,0.566
21-Apr-2008,2.15,2.15,NaN,NaN,NaN,NaN,NaN,NaN,NaN,NaN,NaN,NaN,NaN,NaN,NaN,NaN,NaN,NaN,0.544,0.588,0.578,0.576,0.573,0.57
22-Apr-2008,2.05,2.14,NaN,NaN,NaN,NaN,NaN,NaN,NaN,NaN,NaN,NaN,NaN,NaN,NaN,NaN,NaN,NaN,0.535,0.589,0.579,0.577,0.574,0.571
23-Apr-2008,2,2.05,NaN,NaN,NaN,NaN,NaN,NaN,NaN,NaN,NaN,NaN,NaN,NaN,NaN,NaN,NaN,NaN,0.527,0.585,0.577,0.577,0.575,0.574
24-Apr-2008,2.02,2,NaN,NaN,NaN,NaN,NaN,NaN,NaN,NaN,NaN,NaN,NaN,NaN,NaN,NaN,NaN,NaN,0.515,0.591,0.58,0.578,0.576,0.577
25-Apr-2008,1.92,1.95,NaN,NaN,NaN,NaN,NaN,NaN,NaN,NaN,NaN,NaN,NaN,NaN,NaN,NaN,NaN,NaN,0.532,0.609,0.582,0.581,0.584,0.591
28-Apr-2008,1.885,1.95,NaN,NaN,NaN,NaN,NaN,NaN,NaN,NaN,NaN,NaN,NaN,NaN,NaN,NaN,NaN,NaN,0.576,0.63,0.584,0.584,0.591,0.606
29-Apr-2008,2.025,2,NaN,NaN,NaN,NaN,NaN,NaN,NaN,NaN,NaN,NaN,NaN,NaN,NaN,NaN,NaN,NaN,0.576,0.63,0.584,0.584,0.591,0.606
30-Apr-2008,2,1.95,NaN,NaN,NaN,NaN,NaN,NaN,NaN,NaN,NaN,NaN,NaN,NaN,NaN,NaN,NaN,NaN,0.554,0.573,0.578,0.582,0.589,0.601
01-May-2008,1.92,1.95,NaN,NaN,NaN,NaN,NaN,NaN,NaN,NaN,NaN,NaN,NaN,NaN,NaN,NaN,NaN,NaN,0.521,0.564,0.574,0.581,0.586,0.6
02-May-2008,1.875,1.9,NaN,NaN,NaN,NaN,NaN,NaN,NaN,NaN,NaN,NaN,NaN,NaN,NaN,NaN,NaN,NaN,0.51,0.558,0.57,0.579,0.586,0.598
05-May-2008,1.935,1.95,NaN,NaN,NaN,NaN,NaN,NaN,NaN,NaN,NaN,NaN,NaN,NaN,NaN,NaN,NaN,NaN,0.51,0.558,0.57,0.579,0.586,0.598
06-May-2008,1.935,1.95,NaN,NaN,NaN,NaN,NaN,NaN,NaN,NaN,NaN,NaN,NaN,NaN,NaN,NaN,NaN,NaN,0.51,0.558,0.57,0.579,0.586,0.598
07-May-2008,1.89,1.9,NaN,NaN,NaN,NaN,NaN,NaN,NaN,NaN,NaN,NaN,NaN,NaN,NaN,NaN,NaN,NaN,0.508,0.554,0.568,0.578,0.586,0.598
08-May-2008,2.01,1.95,NaN,NaN,NaN,NaN,NaN,NaN,NaN,NaN,NaN,NaN,NaN,NaN,NaN,NaN,NaN,NaN,0.508,0.557,0.568,0.579,0.587,0.599
09-May-2008,2.045,1.95,NaN,NaN,NaN,NaN,NaN,NaN,NaN,NaN,NaN,NaN,NaN,NaN,NaN,NaN,NaN,NaN,0.512,0.565,0.571,0.58,0.587,0.599
12-May-2008,2.035,2.06,NaN,NaN,NaN,NaN,NaN,NaN,NaN,NaN,NaN,NaN,NaN,NaN,NaN,NaN,NaN,NaN,0.522,0.578,0.577,0.583,0.593,0.604
13-May-2008,1.975,1.95,NaN,NaN,NaN,NaN,NaN,NaN,NaN,NaN,NaN,NaN,NaN,NaN,NaN,NaN,NaN,NaN,0.537,0.582,0.58,0.585,0.594,0.607
14-May-2008,1.915,1.9,NaN,NaN,NaN,NaN,NaN,NaN,NaN,NaN,NaN,NaN,NaN,NaN,NaN,NaN,NaN,NaN,0.543,0.58,0.581,0.587,0.599,0.614
15-May-2008,2.055,1.95,NaN,NaN,NaN,NaN,NaN,NaN,NaN,NaN,NaN,NaN,NaN,NaN,NaN,NaN,NaN,NaN,0.581,0.574,0.579,0.589,0.605,0.63
16-May-2008,2.025,2,NaN,NaN,NaN,NaN,NaN,NaN,NaN,NaN,NaN,NaN,NaN,NaN,NaN,NaN,NaN,NaN,0.513,0.564,0.574,0.587,0.605,0.638
19-May-2008,2.025,2.065,NaN,NaN,NaN,NaN,NaN,NaN,NaN,NaN,NaN,NaN,NaN,NaN,NaN,NaN,NaN,NaN,0.51,0.557,0.571,0.585,0.603,0.636
20-May-2008,1.99,2,NaN,NaN,NaN,NaN,NaN,NaN,NaN,NaN,NaN,NaN,NaN,NaN,NaN,NaN,NaN,NaN,0.506,0.553,0.569,0.585,0.602,0.635
21-May-2008,1.985,2,NaN,NaN,NaN,NaN,NaN,NaN,NaN,NaN,NaN,NaN,NaN,NaN,NaN,NaN,NaN,NaN,0.508,0.555,0.568,0.584,0.6,0.634
22-May-2008,2.1,1.95,NaN,NaN,NaN,NaN,NaN,NaN,NaN,NaN,NaN,NaN,NaN,NaN,NaN,NaN,NaN,NaN,0.509,0.556,0.568,0.584,0.6,0.633
23-May-2008,2.14,2,NaN,NaN,NaN,NaN,NaN,NaN,NaN,NaN,NaN,NaN,NaN,NaN,NaN,NaN,NaN,NaN,0.509,0.559,0.569,0.585,0.601,0.636
26-May-2008,2.14,2,NaN,NaN,NaN,NaN,NaN,NaN,NaN,NaN,NaN,NaN,NaN,NaN,NaN,NaN,NaN,NaN,0.511,0.56,0.569,0.585,0.603,0.637
27-May-2008,2.14,2,NaN,NaN,NaN,NaN,NaN,NaN,NaN,NaN,NaN,NaN,NaN,NaN,NaN,NaN,NaN,NaN,0.509,0.56,0.569,0.584,0.603,0.637
28-May-2008,2.14,2,NaN,NaN,NaN,NaN,NaN,NaN,NaN,NaN,NaN,NaN,NaN,NaN,NaN,NaN,NaN,NaN,0.509,0.56,0.569,0.585,0.603,0.639
29-May-2008,2.14,2,NaN,NaN,NaN,NaN,NaN,NaN,NaN,NaN,NaN,NaN,NaN,NaN,NaN,NaN,NaN,NaN,0.51,0.559,0.572,0.586,0.605,0.642
30-May-2008,2.215,2.15,NaN,NaN,NaN,NaN,NaN,NaN,NaN,NaN,NaN,NaN,NaN,NaN,NaN,NaN,NaN,NaN,0.527,0.559,0.573,0.588,0.608,0.645
02-Jun-2008,2.225,2.15,NaN,NaN,NaN,NaN,NaN,NaN,NaN,NaN,NaN,NaN,NaN,NaN,NaN,NaN,NaN,NaN,0.539,0.56,0.574,0.59,0.61,0.65
03-Jun-2008,2.16,2.1,NaN,NaN,NaN,NaN,NaN,NaN,NaN,NaN,NaN,NaN,NaN,NaN,NaN,NaN,NaN,NaN,0.521,0.557,0.577,0.59,0.61,0.65
04-Jun-2008,2.055,2,NaN,NaN,NaN,NaN,NaN,NaN,NaN,NaN,NaN,NaN,NaN,NaN,NaN,NaN,NaN,NaN,0.511,0.554,0.578,0.589,0.609,0.649
05-Jun-2008,2.055,2,NaN,NaN,NaN,NaN,NaN,NaN,NaN,NaN,NaN,NaN,NaN,NaN,NaN,NaN,NaN,NaN,0.505,0.549,0.575,0.588,0.609,0.646
06-Jun-2008,2.08,1.95,NaN,NaN,NaN,NaN,NaN,NaN,NaN,NaN,NaN,NaN,NaN,NaN,NaN,NaN,NaN,NaN,0.509,0.547,0.574,0.589,0.612,0.654
09-Jun-2008,2.13,1.95,NaN,NaN,NaN,NaN,NaN,NaN,NaN,NaN,NaN,NaN,NaN,NaN,NaN,NaN,NaN,NaN,0.509,0.547,0.575,0.588,0.61,0.654
10-Jun-2008,2.155,1.975,NaN,NaN,NaN,NaN,NaN,NaN,NaN,NaN,NaN,NaN,NaN,NaN,NaN,NaN,NaN,NaN,0.522,0.548,0.574,0.591,0.619,0.678
11-Jun-2008,2.1,2.05,NaN,NaN,NaN,NaN,NaN,NaN,NaN,NaN,NaN,NaN,NaN,NaN,NaN,NaN,NaN,NaN,0.512,0.549,0.575,0.591,0.622,0.696
12-Jun-2008,2.09,2.13,NaN,NaN,NaN,NaN,NaN,NaN,NaN,NaN,NaN,NaN,NaN,NaN,NaN,NaN,NaN,NaN,0.514,0.549,0.577,0.593,0.625,0.702
13-Jun-2008,2.08,2,NaN,NaN,NaN,NaN,NaN,NaN,NaN,NaN,NaN,NaN,NaN,NaN,NaN,NaN,NaN,NaN,0.536,0.551,0.581,0.595,0.629,0.71
16-Jun-2008,2.18,2.05,NaN,NaN,NaN,NaN,NaN,NaN,NaN,NaN,NaN,NaN,NaN,NaN,NaN,NaN,NaN,NaN,0.545,0.562,0.581,0.597,0.633,0.715
17-Jun-2008,2.03,2,NaN,NaN,NaN,NaN,NaN,NaN,NaN,NaN,NaN,NaN,NaN,NaN,NaN,NaN,NaN,NaN,0.523,0.565,0.583,0.599,0.632,0.717
18-Jun-2008,1.945,2,NaN,NaN,NaN,NaN,NaN,NaN,NaN,NaN,NaN,NaN,NaN,NaN,NaN,NaN,NaN,NaN,0.511,0.581,0.586,0.599,0.628,0.714
19-Jun-2008,2.005,1.95,NaN,NaN,NaN,NaN,NaN,NaN,NaN,NaN,NaN,NaN,NaN,NaN,NaN,NaN,NaN,NaN,0.51,0.612,0.586,0.596,0.624,0.709
20-Jun-2008,1.98,1.95,NaN,NaN,NaN,NaN,NaN,NaN,NaN,NaN,NaN,NaN,NaN,NaN,NaN,NaN,NaN,NaN,0.539,0.628,0.589,0.597,0.624,0.706
23-Jun-2008,1.955,1.95,NaN,NaN,NaN,NaN,NaN,NaN,NaN,NaN,NaN,NaN,NaN,NaN,NaN,NaN,NaN,NaN,0.526,0.626,0.59,0.596,0.623,0.706
24-Jun-2008,1.93,1.85,NaN,NaN,NaN,NaN,NaN,NaN,NaN,NaN,NaN,NaN,NaN,NaN,NaN,NaN,NaN,NaN,0.528,0.625,0.59,0.597,0.623,0.705
25-Jun-2008,1.925,1.775,NaN,NaN,NaN,NaN,NaN,NaN,NaN,NaN,NaN,NaN,NaN,NaN,NaN,NaN,NaN,NaN,0.528,0.623,0.59,0.598,0.622,0.702
26-Jun-2008,1.98,1.85,NaN,NaN,NaN,NaN,NaN,NaN,NaN,NaN,NaN,NaN,NaN,NaN,NaN,NaN,NaN,NaN,0.529,0.587,0.584,0.596,0.617,0.699
27-Jun-2008,1.98,1.85,NaN,NaN,NaN,NaN,NaN,NaN,NaN,NaN,NaN,NaN,NaN,NaN,NaN,NaN,NaN,NaN,0.544,0.581,0.581,0.595,0.616,0.69
30-Jun-2008,1.8,2.05,NaN,NaN,NaN,NaN,NaN,NaN,NaN,NaN,NaN,NaN,NaN,NaN,NaN,NaN,NaN,NaN,0.686,0.576,0.577,0.594,0.614,0.689
01-Jul-2008,2.1,2.02,NaN,NaN,NaN,NaN,NaN,NaN,NaN,NaN,NaN,NaN,NaN,NaN,NaN,NaN,NaN,NaN,0.556,0.573,0.576,0.594,0.614,0.69
02-Jul-2008,2.125,2.115,NaN,NaN,NaN,NaN,NaN,NaN,NaN,NaN,NaN,NaN,NaN,NaN,NaN,NaN,NaN,NaN,0.549,0.568,0.574,0.595,0.615,0.689
03-Jul-2008,2.165,2.05,NaN,NaN,NaN,NaN,NaN,NaN,NaN,NaN,NaN,NaN,NaN,NaN,NaN,NaN,NaN,NaN,0.515,0.549,0.567,0.592,0.615,0.688
04-Jul-2008,2.165,2.05,NaN,NaN,NaN,NaN,NaN,NaN,NaN,NaN,NaN,NaN,NaN,NaN,NaN,NaN,NaN,NaN,0.512,0.546,0.565,0.591,0.613,0.686
07-Jul-2008,2.13,2.2,NaN,NaN,NaN,NaN,NaN,NaN,NaN,NaN,NaN,NaN,NaN,NaN,NaN,NaN,NaN,NaN,0.541,0.546,0.565,0.591,0.613,0.687
08-Jul-2008,2.09,2.05,NaN,NaN,NaN,NaN,NaN,NaN,NaN,NaN,NaN,NaN,NaN,NaN,NaN,NaN,NaN,NaN,0.524,0.549,0.567,0.593,0.613,0.685
09-Jul-2008,2.02,2.05,NaN,NaN,NaN,NaN,NaN,NaN,NaN,NaN,NaN,NaN,NaN,NaN,NaN,NaN,NaN,NaN,0.521,0.551,0.567,0.594,0.613,0.686
10-Jul-2008,1.95,2.05,NaN,NaN,NaN,NaN,NaN,NaN,NaN,NaN,NaN,NaN,NaN,NaN,NaN,NaN,NaN,NaN,0.515,0.558,0.567,0.593,0.613,0.682
11-Jul-2008,1.925,2,NaN,NaN,NaN,NaN,NaN,NaN,NaN,NaN,NaN,NaN,NaN,NaN,NaN,NaN,NaN,NaN,0.519,0.562,0.567,0.593,0.613,0.679
14-Jul-2008,1.925,2,NaN,NaN,NaN,NaN,NaN,NaN,NaN,NaN,NaN,NaN,NaN,NaN,NaN,NaN,NaN,NaN,0.521,0.554,0.565,0.593,0.612,0.678
15-Jul-2008,1.96,1.96,NaN,NaN,NaN,NaN,NaN,NaN,NaN,NaN,NaN,NaN,NaN,NaN,NaN,NaN,NaN,NaN,0.516,0.551,0.564,0.591,0.61,0.675
16-Jul-2008,1.98,1.975,NaN,NaN,NaN,NaN,NaN,NaN,NaN,NaN,NaN,NaN,NaN,NaN,NaN,NaN,NaN,NaN,0.508,0.547,0.562,0.591,0.609,0.671
17-Jul-2008,1.975,1.975,NaN,NaN,NaN,NaN,NaN,NaN,NaN,NaN,NaN,NaN,NaN,NaN,NaN,NaN,NaN,NaN,0.505,0.543,0.561,0.59,0.609,0.671
18-Jul-2008,1.915,1.955,NaN,NaN,NaN,NaN,NaN,NaN,NaN,NaN,NaN,NaN,NaN,NaN,NaN,NaN,NaN,NaN,0.509,0.543,0.56,0.589,0.608,0.669
21-Jul-2008,1.97,2,NaN,NaN,NaN,NaN,NaN,NaN,NaN,NaN,NaN,NaN,NaN,NaN,NaN,NaN,NaN,NaN,0.509,0.543,0.56,0.589,0.608,0.669
22-Jul-2008,1.895,1.98,NaN,NaN,NaN,NaN,NaN,NaN,NaN,NaN,NaN,NaN,NaN,NaN,NaN,NaN,NaN,NaN,0.516,0.545,0.559,0.589,0.609,0.67
23-Jul-2008,1.94,1.93,NaN,NaN,NaN,NaN,NaN,NaN,NaN,NaN,NaN,NaN,NaN,NaN,NaN,NaN,NaN,NaN,0.538,0.544,0.559,0.59,0.608,0.669
24-Jul-2008,1.94,1.93,NaN,NaN,NaN,NaN,NaN,NaN,NaN,NaN,NaN,NaN,NaN,NaN,NaN,NaN,NaN,NaN,0.514,0.544,0.558,0.589,0.61,0.672
25-Jul-2008,2.045,1.93,NaN,NaN,NaN,NaN,NaN,NaN,NaN,NaN,NaN,NaN,NaN,NaN,NaN,NaN,NaN,NaN,0.518,0.544,0.557,0.589,0.611,0.672
28-Jul-2008,2.14,2.05,NaN,NaN,NaN,NaN,NaN,NaN,NaN,NaN,NaN,NaN,NaN,NaN,NaN,NaN,NaN,NaN,0.531,0.553,0.559,0.591,0.611,0.671
29-Jul-2008,2.12,2,NaN,NaN,NaN,NaN,NaN,NaN,NaN,NaN,NaN,NaN,NaN,NaN,NaN,NaN,NaN,NaN,0.53,0.553,0.559,0.591,0.611,0.669
30-Jul-2008,2.085,2.025,NaN,NaN,NaN,NaN,NaN,NaN,NaN,NaN,NaN,NaN,NaN,NaN,NaN,NaN,NaN,NaN,0.523,0.549,0.558,0.591,0.611,0.669
31-Jul-2008,2.09,2.05,NaN,NaN,NaN,NaN,NaN,NaN,NaN,NaN,NaN,NaN,NaN,NaN,NaN,NaN,NaN,NaN,0.529,0.548,0.559,0.591,0.61,0.667
01-Aug-2008,2.15,2.1,NaN,NaN,NaN,NaN,NaN,NaN,NaN,NaN,NaN,NaN,NaN,NaN,NaN,NaN,NaN,NaN,0.517,0.545,0.557,0.59,0.611,0.664
04-Aug-2008,2.135,2.1,NaN,NaN,NaN,NaN,NaN,NaN,NaN,NaN,NaN,NaN,NaN,NaN,NaN,NaN,NaN,NaN,0.515,0.546,0.559,0.591,0.609,0.663
05-Aug-2008,1.99,2.05,NaN,NaN,NaN,NaN,NaN,NaN,NaN,NaN,NaN,NaN,NaN,NaN,NaN,NaN,NaN,NaN,0.513,0.545,0.557,0.59,0.609,0.661
06-Aug-2008,2,2,NaN,NaN,NaN,NaN,NaN,NaN,NaN,NaN,NaN,NaN,NaN,NaN,NaN,NaN,NaN,NaN,0.505,0.539,0.554,0.589,0.608,0.659
07-Aug-2008,1.9,1.95,NaN,NaN,NaN,NaN,NaN,NaN,NaN,NaN,NaN,NaN,NaN,NaN,NaN,NaN,NaN,NaN,0.505,0.539,0.553,0.587,0.607,0.657
08-Aug-2008,1.92,2.05,NaN,NaN,NaN,NaN,NaN,NaN,NaN,NaN,NaN,NaN,NaN,NaN,NaN,NaN,NaN,NaN,0.502,0.538,0.553,0.587,0.606,0.652
11-Aug-2008,1.98,2,NaN,NaN,NaN,NaN,NaN,NaN,NaN,NaN,NaN,NaN,NaN,NaN,NaN,NaN,NaN,NaN,0.516,0.541,0.552,0.585,0.604,0.646
12-Aug-2008,1.93,2.015,NaN,NaN,NaN,NaN,NaN,NaN,NaN,NaN,NaN,NaN,NaN,NaN,NaN,NaN,NaN,NaN,0.518,0.542,0.552,0.584,0.602,0.643
13-Aug-2008,2,2.075,NaN,NaN,NaN,NaN,NaN,NaN,NaN,NaN,NaN,NaN,NaN,NaN,NaN,NaN,NaN,NaN,0.517,0.545,0.552,0.584,0.601,0.641
14-Aug-2008,2.08,2.085,NaN,NaN,NaN,NaN,NaN,NaN,NaN,NaN,NaN,NaN,NaN,NaN,NaN,NaN,NaN,NaN,0.517,0.544,0.552,0.584,0.599,0.638
15-Aug-2008,2.15,2.1,NaN,NaN,NaN,NaN,NaN,NaN,NaN,NaN,NaN,NaN,NaN,NaN,NaN,NaN,NaN,NaN,0.559,0.543,0.551,0.584,0.599,0.637
18-Aug-2008,2.09,2.075,NaN,NaN,NaN,NaN,NaN,NaN,NaN,NaN,NaN,NaN,NaN,NaN,NaN,NaN,NaN,NaN,0.544,0.545,0.552,0.584,0.598,0.634
19-Aug-2008,1.94,2,NaN,NaN,NaN,NaN,NaN,NaN,NaN,NaN,NaN,NaN,NaN,NaN,NaN,NaN,NaN,NaN,0.546,0.549,0.553,0.583,0.596,0.629
20-Aug-2008,1.94,2,NaN,NaN,NaN,NaN,NaN,NaN,NaN,NaN,NaN,NaN,NaN,NaN,NaN,NaN,NaN,NaN,0.514,0.549,0.553,0.584,0.597,0.626
21-Aug-2008,2.03,2.04,NaN,NaN,NaN,NaN,NaN,NaN,NaN,NaN,NaN,NaN,NaN,NaN,NaN,NaN,NaN,NaN,0.51,0.542,0.552,0.583,0.596,0.624
22-Aug-2008,2.025,2,NaN,NaN,NaN,NaN,NaN,NaN,NaN,NaN,NaN,NaN,NaN,NaN,NaN,NaN,NaN,NaN,0.509,0.541,0.552,0.582,0.595,0.622
25-Aug-2008,1.98,2,NaN,NaN,NaN,NaN,NaN,NaN,NaN,NaN,NaN,NaN,NaN,NaN,NaN,NaN,NaN,NaN,0.514,0.541,0.552,0.582,0.595,0.621
26-Aug-2008,2,2.05,NaN,NaN,NaN,NaN,NaN,NaN,NaN,NaN,NaN,NaN,NaN,NaN,NaN,NaN,NaN,NaN,0.527,0.544,0.553,0.582,0.594,0.62
27-Aug-2008,1.99,2.065,NaN,NaN,NaN,NaN,NaN,NaN,NaN,NaN,NaN,NaN,NaN,NaN,NaN,NaN,NaN,NaN,0.533,0.544,0.571,0.582,0.594,0.62
28-Aug-2008,2.03,2.045,NaN,NaN,NaN,NaN,NaN,NaN,NaN,NaN,NaN,NaN,NaN,NaN,NaN,NaN,NaN,NaN,0.526,0.544,0.574,0.582,0.595,0.619
29-Aug-2008,1.95,2,NaN,NaN,NaN,NaN,NaN,NaN,NaN,NaN,NaN,NaN,NaN,NaN,NaN,NaN,NaN,NaN,0.524,0.544,0.574,0.582,0.595,0.619
01-Sep-2008,1.95,2,NaN,NaN,NaN,NaN,NaN,NaN,NaN,NaN,NaN,NaN,NaN,NaN,NaN,NaN,NaN,NaN,0.551,0.549,0.576,0.584,0.595,0.618
02-Sep-2008,2.035,2,NaN,NaN,NaN,NaN,NaN,NaN,NaN,NaN,NaN,NaN,NaN,NaN,NaN,NaN,NaN,NaN,0.535,0.549,0.578,0.584,0.596,0.618
03-Sep-2008,2.06,2.045,NaN,NaN,NaN,NaN,NaN,NaN,NaN,NaN,NaN,NaN,NaN,NaN,NaN,NaN,NaN,NaN,0.548,0.551,0.582,0.585,0.597,0.617
04-Sep-2008,2.05,2.06,NaN,NaN,NaN,NaN,NaN,NaN,NaN,NaN,NaN,NaN,NaN,NaN,NaN,NaN,NaN,NaN,0.529,0.551,0.584,0.586,0.598,0.62
05-Sep-2008,2.045,2.075,NaN,NaN,NaN,NaN,NaN,NaN,NaN,NaN,NaN,NaN,NaN,NaN,NaN,NaN,NaN,NaN,0.523,0.55,0.584,0.586,0.598,0.619
08-Sep-2008,2.025,2,NaN,NaN,NaN,NaN,NaN,NaN,NaN,NaN,NaN,NaN,NaN,NaN,NaN,NaN,NaN,NaN,0.515,0.547,0.584,0.585,0.599,0.621
09-Sep-2008,2.04,2.04,NaN,NaN,NaN,NaN,NaN,NaN,NaN,NaN,NaN,NaN,NaN,NaN,NaN,NaN,NaN,NaN,0.516,0.549,0.585,0.585,0.599,0.621
10-Sep-2008,2.035,2.05,NaN,NaN,NaN,NaN,NaN,NaN,NaN,NaN,NaN,NaN,NaN,NaN,NaN,NaN,NaN,NaN,0.529,0.559,0.587,0.587,0.599,0.622
11-Sep-2008,2.075,2.05,NaN,NaN,NaN,NaN,NaN,NaN,NaN,NaN,NaN,NaN,NaN,NaN,NaN,NaN,NaN,NaN,0.528,0.559,0.588,0.587,0.599,0.622
12-Sep-2008,2.2,2.05,NaN,NaN,NaN,NaN,NaN,NaN,NaN,NaN,NaN,NaN,NaN,NaN,NaN,NaN,NaN,NaN,0.522,0.559,0.587,0.587,0.598,0.621
15-Sep-2008,2.25,2.1,NaN,NaN,NaN,NaN,NaN,NaN,NaN,NaN,NaN,NaN,NaN,NaN,NaN,NaN,NaN,NaN,0.522,0.559,0.587,0.587,0.598,0.621
16-Sep-2008,0.95,1.8,NaN,NaN,NaN,NaN,NaN,NaN,NaN,NaN,NaN,NaN,NaN,NaN,NaN,NaN,NaN,NaN,0.552,0.57,0.591,0.587,0.596,0.612
17-Sep-2008,0.875,1.125,NaN,NaN,NaN,NaN,NaN,NaN,NaN,NaN,NaN,NaN,NaN,NaN,NaN,NaN,NaN,NaN,0.641,0.677,0.632,0.6,0.603,0.617
18-Sep-2008,2,0.9,NaN,NaN,NaN,NaN,NaN,NaN,NaN,NaN,NaN,NaN,NaN,NaN,NaN,NaN,NaN,NaN,0.625,0.745,0.651,0.611,0.608,0.621
19-Sep-2008,2,0.9,NaN,NaN,NaN,NaN,NaN,NaN,NaN,NaN,NaN,NaN,NaN,NaN,NaN,NaN,NaN,NaN,0.638,0.749,0.649,0.614,0.612,0.626
22-Sep-2008,1.775,1.325,NaN,NaN,NaN,NaN,NaN,NaN,NaN,NaN,NaN,NaN,NaN,NaN,NaN,NaN,NaN,NaN,0.704,0.749,0.648,0.615,0.614,0.626
23-Sep-2008,0.9,1.5,NaN,NaN,NaN,NaN,NaN,NaN,NaN,NaN,NaN,NaN,NaN,NaN,NaN,NaN,NaN,NaN,0.704,0.749,0.648,0.615,0.614,0.626
24-Sep-2008,0.9,1.5,NaN,NaN,NaN,NaN,NaN,NaN,NaN,NaN,NaN,NaN,NaN,NaN,NaN,NaN,NaN,NaN,0.721,0.748,0.652,0.62,0.619,0.628
25-Sep-2008,0.85,1.5,NaN,NaN,NaN,NaN,NaN,NaN,NaN,NaN,NaN,NaN,NaN,NaN,NaN,NaN,NaN,NaN,0.727,0.744,0.651,0.621,0.619,0.625
26-Sep-2008,1.6,1.725,NaN,NaN,NaN,NaN,NaN,NaN,NaN,NaN,NaN,NaN,NaN,NaN,NaN,NaN,NaN,NaN,0.731,0.678,0.621,0.62,0.619,0.627
29-Sep-2008,1.6,1.7,NaN,NaN,NaN,NaN,NaN,NaN,NaN,NaN,NaN,NaN,NaN,NaN,NaN,NaN,NaN,NaN,0.721,0.595,0.593,0.613,0.616,0.626
30-Sep-2008,0.425,1.7,NaN,NaN,NaN,NaN,NaN,NaN,NaN,NaN,NaN,NaN,NaN,NaN,NaN,NaN,NaN,NaN,0.75,0.608,0.595,0.613,0.615,0.623
01-Oct-2008,0.95,1.8,NaN,NaN,NaN,NaN,NaN,NaN,NaN,NaN,NaN,NaN,NaN,NaN,NaN,NaN,NaN,NaN,0.744,0.654,0.611,0.619,0.618,0.625
02-Oct-2008,0.45,1.65,NaN,NaN,NaN,NaN,NaN,NaN,NaN,NaN,NaN,NaN,NaN,NaN,NaN,NaN,NaN,NaN,0.708,0.66,0.614,0.624,0.623,0.628
03-Oct-2008,0.2,0.55,NaN,NaN,NaN,NaN,NaN,NaN,NaN,NaN,NaN,NaN,NaN,NaN,NaN,NaN,NaN,NaN,0.662,0.663,0.618,0.628,0.626,0.63
06-Oct-2008,0.2,0.1,NaN,NaN,NaN,NaN,NaN,NaN,NaN,NaN,NaN,NaN,NaN,NaN,NaN,NaN,NaN,NaN,0.691,0.669,0.624,0.631,0.628,0.629
07-Oct-2008,0.275,0.4,NaN,NaN,NaN,NaN,NaN,NaN,NaN,NaN,NaN,NaN,NaN,NaN,NaN,NaN,NaN,NaN,0.718,0.682,0.637,0.636,0.634,0.634
08-Oct-2008,0.15,0.4,NaN,NaN,NaN,NaN,NaN,NaN,NaN,NaN,NaN,NaN,NaN,NaN,NaN,NaN,NaN,NaN,0.715,0.71,0.668,0.665,0.646,0.641
09-Oct-2008,0.365,0.55,NaN,NaN,NaN,NaN,NaN,NaN,NaN,NaN,NaN,NaN,NaN,NaN,NaN,NaN,NaN,NaN,0.698,0.741,0.719,0.723,0.676,0.668
10-Oct-2008,0.1,0.8,NaN,NaN,NaN,NaN,NaN,NaN,NaN,NaN,NaN,NaN,NaN,NaN,NaN,NaN,NaN,NaN,0.725,0.747,0.738,0.737,0.689,0.679
13-Oct-2008,0.1,0.8,NaN,NaN,NaN,NaN,NaN,NaN,NaN,NaN,NaN,NaN,NaN,NaN,NaN,NaN,NaN,NaN,0.725,0.747,0.738,0.737,0.689,0.679
14-Oct-2008,0.1,0.8,NaN,NaN,NaN,NaN,NaN,NaN,NaN,NaN,NaN,NaN,NaN,NaN,NaN,NaN,NaN,NaN,0.601,0.68,0.686,0.706,0.683,0.682
15-Oct-2008,0.2,0.85,NaN,NaN,NaN,NaN,NaN,NaN,NaN,NaN,NaN,NaN,NaN,NaN,NaN,NaN,NaN,NaN,0.584,0.639,0.649,0.677,0.671,0.675
16-Oct-2008,0.15,0.23,NaN,NaN,NaN,NaN,NaN,NaN,NaN,NaN,NaN,NaN,NaN,NaN,NaN,NaN,NaN,NaN,0.594,0.63,0.64,0.668,0.668,0.674
17-Oct-2008,0.125,0.4,NaN,NaN,NaN,NaN,NaN,NaN,NaN,NaN,NaN,NaN,NaN,NaN,NaN,NaN,NaN,NaN,0.596,0.633,0.645,0.665,0.669,0.675
20-Oct-2008,0.4,0.4,NaN,NaN,NaN,NaN,NaN,NaN,NaN,NaN,NaN,NaN,NaN,NaN,NaN,NaN,NaN,NaN,0.615,0.637,0.646,0.666,0.669,0.676
21-Oct-2008,0.35,0.8,NaN,NaN,NaN,NaN,NaN,NaN,NaN,NaN,NaN,NaN,NaN,NaN,NaN,NaN,NaN,NaN,0.628,0.643,0.648,0.664,0.668,0.675
22-Oct-2008,0.35,0.8,NaN,NaN,NaN,NaN,NaN,NaN,NaN,NaN,NaN,NaN,NaN,NaN,NaN,NaN,NaN,NaN,0.626,0.645,0.649,0.666,0.669,0.676
23-Oct-2008,1.15,1.2,NaN,NaN,NaN,NaN,NaN,NaN,NaN,NaN,NaN,NaN,NaN,NaN,NaN,NaN,NaN,NaN,0.61,0.655,0.652,0.667,0.669,0.677
24-Oct-2008,1,1.15,NaN,NaN,NaN,NaN,NaN,NaN,NaN,NaN,NaN,NaN,NaN,NaN,NaN,NaN,NaN,NaN,0.564,0.656,0.654,0.667,0.668,0.676
27-Oct-2008,0.95,1.1,NaN,NaN,NaN,NaN,NaN,NaN,NaN,NaN,NaN,NaN,NaN,NaN,NaN,NaN,NaN,NaN,0.634,0.66,0.657,0.667,0.669,0.676
28-Oct-2008,1,0.9,NaN,NaN,NaN,NaN,NaN,NaN,NaN,NaN,NaN,NaN,NaN,NaN,NaN,NaN,NaN,NaN,0.628,0.659,0.657,0.668,0.669,0.676
29-Oct-2008,0.2,0.9,NaN,NaN,NaN,NaN,NaN,NaN,NaN,NaN,NaN,NaN,NaN,NaN,NaN,NaN,NaN,NaN,0.583,0.531,0.533,0.549,0.556,0.563
30-Oct-2008,0.285,0.45,NaN,NaN,NaN,NaN,NaN,NaN,NaN,NaN,NaN,NaN,NaN,NaN,NaN,NaN,NaN,NaN,0.531,0.536,0.534,0.546,0.551,0.559
31-Oct-2008,0.375,0.375,NaN,NaN,NaN,NaN,NaN,NaN,NaN,NaN,NaN,NaN,NaN,NaN,NaN,NaN,NaN,NaN,0.583,0.544,0.534,0.544,0.548,0.554
03-Nov-2008,0.25,0.35,NaN,NaN,NaN,NaN,NaN,NaN,NaN,NaN,NaN,NaN,NaN,NaN,NaN,NaN,NaN,NaN,0.583,0.544,0.534,0.544,0.548,0.554
04-Nov-2008,0.15,0.25,NaN,NaN,NaN,NaN,NaN,NaN,NaN,NaN,NaN,NaN,NaN,NaN,NaN,NaN,NaN,NaN,0.45,0.462,0.458,0.466,0.468,0.474
05-Nov-2008,0.14,0.55,NaN,NaN,NaN,NaN,NaN,NaN,NaN,NaN,NaN,NaN,NaN,NaN,NaN,NaN,NaN,NaN,0.473,0.469,0.465,0.475,0.476,0.479
06-Nov-2008,0.15,0.15,NaN,NaN,NaN,NaN,NaN,NaN,NaN,NaN,NaN,NaN,NaN,NaN,NaN,NaN,NaN,NaN,0.478,0.476,0.47,0.478,0.479,0.482
07-Nov-2008,0.2,0.45,NaN,NaN,NaN,NaN,NaN,NaN,NaN,NaN,NaN,NaN,NaN,NaN,NaN,NaN,NaN,NaN,0.474,0.478,0.472,0.478,0.48,0.483
10-Nov-2008,0.235,0.45,NaN,NaN,NaN,NaN,NaN,NaN,NaN,NaN,NaN,NaN,NaN,NaN,NaN,NaN,NaN,NaN,0.477,0.483,0.478,0.48,0.481,0.485
11-Nov-2008,0.235,0.45,NaN,NaN,NaN,NaN,NaN,NaN,NaN,NaN,NaN,NaN,NaN,NaN,NaN,NaN,NaN,NaN,0.484,0.483,0.479,0.483,0.483,0.487
12-Nov-2008,0.185,0.2,NaN,NaN,NaN,NaN,NaN,NaN,NaN,NaN,NaN,NaN,NaN,NaN,NaN,NaN,NaN,NaN,0.483,0.484,0.48,0.484,0.483,0.488
13-Nov-2008,0.275,0.25,NaN,NaN,NaN,NaN,NaN,NaN,NaN,NaN,NaN,NaN,NaN,NaN,NaN,NaN,NaN,NaN,0.396,0.474,0.475,0.481,0.482,0.486
14-Nov-2008,0.25,0.25,NaN,NaN,NaN,NaN,NaN,NaN,NaN,NaN,NaN,NaN,NaN,NaN,NaN,NaN,NaN,NaN,0.451,0.465,0.469,0.479,0.481,0.484
17-Nov-2008,0.16,0.2,NaN,NaN,NaN,NaN,NaN,NaN,NaN,NaN,NaN,NaN,NaN,NaN,NaN,NaN,NaN,NaN,0.424,0.448,0.46,0.474,0.476,0.478
18-Nov-2008,0.325,0.25,NaN,NaN,NaN,NaN,NaN,NaN,NaN,NaN,NaN,NaN,NaN,NaN,NaN,NaN,NaN,NaN,0.413,0.443,0.456,0.473,0.476,0.478
19-Nov-2008,0.37,0.25,NaN,NaN,NaN,NaN,NaN,NaN,NaN,NaN,NaN,NaN,NaN,NaN,NaN,NaN,NaN,NaN,0.337,0.437,0.453,0.469,0.473,0.476
20-Nov-2008,0.35,0.3,NaN,NaN,NaN,NaN,NaN,NaN,NaN,NaN,NaN,NaN,NaN,NaN,NaN,NaN,NaN,NaN,0.379,0.43,0.449,0.466,0.472,0.475
21-Nov-2008,0.55,0.3,NaN,NaN,NaN,NaN,NaN,NaN,NaN,NaN,NaN,NaN,NaN,NaN,NaN,NaN,NaN,NaN,0.377,0.431,0.448,0.466,0.471,0.474
24-Nov-2008,0.55,0.3,NaN,NaN,NaN,NaN,NaN,NaN,NaN,NaN,NaN,NaN,NaN,NaN,NaN,NaN,NaN,NaN,0.377,0.431,0.448,0.466,0.471,0.474
25-Nov-2008,0.37,0.51,NaN,NaN,NaN,NaN,NaN,NaN,NaN,NaN,NaN,NaN,NaN,NaN,NaN,NaN,NaN,NaN,0.407,0.435,0.449,0.466,0.472,0.476
26-Nov-2008,0.3,0.4,NaN,NaN,NaN,NaN,NaN,NaN,NaN,NaN,NaN,NaN,NaN,NaN,NaN,NaN,NaN,NaN,0.431,0.461,0.478,0.473,0.476,0.479
27-Nov-2008,0.3,0.4,NaN,NaN,NaN,NaN,NaN,NaN,NaN,NaN,NaN,NaN,NaN,NaN,NaN,NaN,NaN,NaN,0.485,0.485,0.491,0.483,0.481,0.483
28-Nov-2008,0.3,0.35,NaN,NaN,NaN,NaN,NaN,NaN,NaN,NaN,NaN,NaN,NaN,NaN,NaN,NaN,NaN,NaN,0.489,0.495,0.496,0.488,0.487,0.488
01-Dec-2008,0.385,0.5,NaN,NaN,NaN,NaN,NaN,NaN,NaN,NaN,NaN,NaN,NaN,NaN,NaN,NaN,NaN,NaN,0.481,0.487,0.495,0.488,0.487,0.488
02-Dec-2008,0.25,0.45,NaN,NaN,NaN,NaN,NaN,NaN,NaN,NaN,NaN,NaN,NaN,NaN,NaN,NaN,NaN,NaN,0.324,0.423,0.488,0.485,0.483,0.483
03-Dec-2008,0.25,0.45,NaN,NaN,NaN,NaN,NaN,NaN,NaN,NaN,NaN,NaN,NaN,NaN,NaN,NaN,NaN,NaN,0.289,0.361,0.485,0.482,0.48,0.483
04-Dec-2008,0.175,0.3,NaN,NaN,NaN,NaN,NaN,NaN,NaN,NaN,NaN,NaN,NaN,NaN,NaN,NaN,NaN,NaN,0.286,0.353,0.489,0.482,0.481,0.483
05-Dec-2008,0.175,0.3,NaN,NaN,NaN,NaN,NaN,NaN,NaN,NaN,NaN,NaN,NaN,NaN,NaN,NaN,NaN,NaN,0.291,0.36,0.493,0.481,0.48,0.482
08-Dec-2008,0.03,0.1,NaN,NaN,NaN,NaN,NaN,NaN,NaN,NaN,NaN,NaN,NaN,NaN,NaN,NaN,NaN,NaN,0.369,0.393,0.5,0.482,0.481,0.483
09-Dec-2008,0.03,0.1,NaN,NaN,NaN,NaN,NaN,NaN,NaN,NaN,NaN,NaN,NaN,NaN,NaN,NaN,NaN,NaN,0.353,0.41,0.503,0.483,0.482,0.484
10-Dec-2008,0.02,0.075,NaN,NaN,NaN,NaN,NaN,NaN,NaN,NaN,NaN,NaN,NaN,NaN,NaN,NaN,NaN,NaN,0.301,0.402,0.504,0.484,0.482,0.483
11-Dec-2008,0.02,0.075,NaN,NaN,NaN,NaN,NaN,NaN,NaN,NaN,NaN,NaN,NaN,NaN,NaN,NaN,NaN,NaN,0.3,0.422,0.504,0.485,0.482,0.483
12-Dec-2008,0.135,0.125,NaN,NaN,NaN,NaN,NaN,NaN,NaN,NaN,NaN,NaN,NaN,NaN,NaN,NaN,NaN,NaN,0.301,0.421,0.502,0.485,0.482,0.483
15-Dec-2008,0.155,0.125,NaN,NaN,NaN,NaN,NaN,NaN,NaN,NaN,NaN,NaN,NaN,NaN,NaN,NaN,NaN,NaN,0.356,0.417,0.498,0.484,0.482,0.482
16-Dec-2008,0.2,0.15,NaN,NaN,NaN,NaN,NaN,NaN,NaN,NaN,NaN,NaN,NaN,NaN,NaN,NaN,NaN,NaN,0.297,0.406,0.496,0.483,0.482,0.482
17-Dec-2008,0.085,0.07,NaN,NaN,NaN,NaN,NaN,NaN,NaN,NaN,NaN,NaN,NaN,NaN,NaN,NaN,NaN,NaN,0.288,0.369,0.443,0.451,0.45,0.449
18-Dec-2008,0.085,0.07,NaN,NaN,NaN,NaN,NaN,NaN,NaN,NaN,NaN,NaN,NaN,NaN,NaN,NaN,NaN,NaN,0.281,0.359,0.366,0.379,0.391,0.396
19-Dec-2008,0.065,0.1,NaN,NaN,NaN,NaN,NaN,NaN,NaN,NaN,NaN,NaN,NaN,NaN,NaN,NaN,NaN,NaN,0.321,0.363,0.357,0.372,0.384,0.388
22-Dec-2008,0.085,0.15,NaN,NaN,NaN,NaN,NaN,NaN,NaN,NaN,NaN,NaN,NaN,NaN,NaN,NaN,NaN,NaN,0.188,0.272,0.246,0.249,0.266,0.272
23-Dec-2008,0.085,0.115,NaN,NaN,NaN,NaN,NaN,NaN,NaN,NaN,NaN,NaN,NaN,NaN,NaN,NaN,NaN,NaN,0.188,0.272,0.246,0.249,0.266,0.272
24-Dec-2008,0.09,0.15,NaN,NaN,NaN,NaN,NaN,NaN,NaN,NaN,NaN,NaN,NaN,NaN,NaN,NaN,NaN,NaN,0.249,0.284,0.253,0.253,0.267,0.276
25-Dec-2008,0.09,0.15,NaN,NaN,NaN,NaN,NaN,NaN,NaN,NaN,NaN,NaN,NaN,NaN,NaN,NaN,NaN,NaN,0.286,0.293,0.254,0.255,0.266,0.277
26-Dec-2008,0.065,0.075,NaN,NaN,NaN,NaN,NaN,NaN,NaN,NaN,NaN,NaN,NaN,NaN,NaN,NaN,NaN,NaN,0.161,0.236,0.23,0.251,0.257,0.268
29-Dec-2008,0.08,0.125,NaN,NaN,NaN,NaN,NaN,NaN,NaN,NaN,NaN,NaN,NaN,NaN,NaN,NaN,NaN,NaN,0.11,0.15,0.193,0.224,0.238,0.255
30-Dec-2008,0.04,0.125,NaN,NaN,NaN,NaN,NaN,NaN,NaN,NaN,NaN,NaN,NaN,NaN,NaN,NaN,NaN,NaN,0.111,0.141,0.182,0.218,0.232,0.249
31-Dec-2008,0.075,0.125,NaN,NaN,NaN,NaN,NaN,NaN,NaN,NaN,NaN,NaN,NaN,NaN,NaN,NaN,NaN,NaN,0.111,0.141,0.182,0.218,0.232,0.249
01-Jan-2009,0.075,0.125,NaN,NaN,NaN,NaN,NaN,NaN,NaN,NaN,NaN,NaN,NaN,NaN,NaN,NaN,NaN,NaN,0.111,0.141,0.182,0.218,0.232,0.249
02-Jan-2009,0.08,0.15,NaN,NaN,NaN,NaN,NaN,NaN,NaN,NaN,NaN,NaN,NaN,NaN,NaN,NaN,NaN,NaN,0.111,0.141,0.182,0.218,0.232,0.249
05-Jan-2009,0.09,0.1,NaN,NaN,NaN,NaN,NaN,NaN,NaN,NaN,NaN,NaN,NaN,NaN,NaN,NaN,NaN,NaN,0.115,0.141,0.181,0.214,0.228,0.244
06-Jan-2009,0.055,0.08,NaN,NaN,NaN,NaN,NaN,NaN,NaN,NaN,NaN,NaN,NaN,NaN,NaN,NaN,NaN,NaN,0.109,0.137,0.18,0.213,0.226,0.24
07-Jan-2009,0.065,0.065,NaN,NaN,NaN,NaN,NaN,NaN,NaN,NaN,NaN,NaN,NaN,NaN,NaN,NaN,NaN,NaN,0.116,0.142,0.18,0.212,0.226,0.239
08-Jan-2009,0.095,0.11,NaN,NaN,NaN,NaN,NaN,NaN,NaN,NaN,NaN,NaN,NaN,NaN,NaN,NaN,NaN,NaN,0.117,0.142,0.177,0.209,0.223,0.236
09-Jan-2009,0.085,0.085,NaN,NaN,NaN,NaN,NaN,NaN,NaN,NaN,NaN,NaN,NaN,NaN,NaN,NaN,NaN,NaN,0.123,0.16,0.182,0.211,0.225,0.237
12-Jan-2009,0.11,0.105,NaN,NaN,NaN,NaN,NaN,NaN,NaN,NaN,NaN,NaN,NaN,NaN,NaN,NaN,NaN,NaN,0.123,0.16,0.182,0.211,0.225,0.237
13-Jan-2009,0.125,0.12,NaN,NaN,NaN,NaN,NaN,NaN,NaN,NaN,NaN,NaN,NaN,NaN,NaN,NaN,NaN,NaN,0.204,0.202,0.197,0.217,0.229,0.242
14-Jan-2009,0.225,0.175,NaN,NaN,NaN,NaN,NaN,NaN,NaN,NaN,NaN,NaN,NaN,NaN,NaN,NaN,NaN,NaN,0.203,0.209,0.203,0.22,0.23,0.242
15-Jan-2009,0.245,0.175,NaN,NaN,NaN,NaN,NaN,NaN,NaN,NaN,NaN,NaN,NaN,NaN,NaN,NaN,NaN,NaN,0.226,0.208,0.204,0.223,0.232,0.243
16-Jan-2009,0.3525,0.25,NaN,NaN,NaN,NaN,NaN,NaN,NaN,NaN,NaN,NaN,NaN,NaN,NaN,NaN,NaN,NaN,0.13,0.182,0.192,0.218,0.229,0.24
19-Jan-2009,0.3525,0.25,NaN,NaN,NaN,NaN,NaN,NaN,NaN,NaN,NaN,NaN,NaN,NaN,NaN,NaN,NaN,NaN,0.131,0.182,0.193,0.217,0.228,0.238
20-Jan-2009,0.295,0.2,NaN,NaN,NaN,NaN,NaN,NaN,NaN,NaN,NaN,NaN,NaN,NaN,NaN,NaN,NaN,NaN,0.152,0.19,0.195,0.218,0.229,0.239
21-Jan-2009,0.23,0.225,NaN,NaN,NaN,NaN,NaN,NaN,NaN,NaN,NaN,NaN,NaN,NaN,NaN,NaN,NaN,NaN,0.154,0.2,0.199,0.222,0.23,0.242
22-Jan-2009,0.31,0.185,NaN,NaN,NaN,NaN,NaN,NaN,NaN,NaN,NaN,NaN,NaN,NaN,NaN,NaN,NaN,NaN,0.16,0.206,0.204,0.227,0.232,0.243
23-Jan-2009,0.185,0.235,NaN,NaN,NaN,NaN,NaN,NaN,NaN,NaN,NaN,NaN,NaN,NaN,NaN,NaN,NaN,NaN,0.143,0.208,0.206,0.23,0.235,0.244
26-Jan-2009,0.16,0.25,NaN,NaN,NaN,NaN,NaN,NaN,NaN,NaN,NaN,NaN,NaN,NaN,NaN,NaN,NaN,NaN,0.144,0.208,0.206,0.231,0.236,0.244
27-Jan-2009,0.15,0.25,NaN,NaN,NaN,NaN,NaN,NaN,NaN,NaN,NaN,NaN,NaN,NaN,NaN,NaN,NaN,NaN,0.145,0.213,0.212,0.236,0.24,0.246
28-Jan-2009,0.15,0.25,NaN,NaN,NaN,NaN,NaN,NaN,NaN,NaN,NaN,NaN,NaN,NaN,NaN,NaN,NaN,NaN,0.137,0.217,0.216,0.244,0.245,0.249
29-Jan-2009,0.275,0.23,NaN,NaN,NaN,NaN,NaN,NaN,NaN,NaN,NaN,NaN,NaN,NaN,NaN,NaN,NaN,NaN,0.139,0.228,0.229,0.262,0.255,0.258
30-Jan-2009,0.24,0.225,NaN,NaN,NaN,NaN,NaN,NaN,NaN,NaN,NaN,NaN,NaN,NaN,NaN,NaN,NaN,NaN,0.213,0.237,0.236,0.271,0.262,0.263
02-Feb-2009,0.3,0.28,NaN,NaN,NaN,NaN,NaN,NaN,NaN,NaN,NaN,NaN,NaN,NaN,NaN,NaN,NaN,NaN,0.16,0.237,0.239,0.272,0.264,0.265
03-Feb-2009,0.26,0.275,NaN,NaN,NaN,NaN,NaN,NaN,NaN,NaN,NaN,NaN,NaN,NaN,NaN,NaN,NaN,NaN,0.12,0.206,0.227,0.266,0.26,0.262
04-Feb-2009,0.28,0.275,NaN,NaN,NaN,NaN,NaN,NaN,NaN,NaN,NaN,NaN,NaN,NaN,NaN,NaN,NaN,NaN,0.105,0.183,0.222,0.27,0.261,0.263
05-Feb-2009,0.335,0.24,NaN,NaN,NaN,NaN,NaN,NaN,NaN,NaN,NaN,NaN,NaN,NaN,NaN,NaN,NaN,NaN,0.104,0.179,0.22,0.274,0.266,0.266
06-Feb-2009,0.31,0.27,NaN,NaN,NaN,NaN,NaN,NaN,NaN,NaN,NaN,NaN,NaN,NaN,NaN,NaN,NaN,NaN,0.103,0.167,0.211,0.259,0.261,0.261
09-Feb-2009,0.3,0.275,NaN,NaN,NaN,NaN,NaN,NaN,NaN,NaN,NaN,NaN,NaN,NaN,NaN,NaN,NaN,NaN,0.109,0.167,0.208,0.253,0.258,0.261
10-Feb-2009,0.285,0.315,NaN,NaN,NaN,NaN,NaN,NaN,NaN,NaN,NaN,NaN,NaN,NaN,NaN,NaN,NaN,NaN,0.109,0.166,0.204,0.254,0.256,0.259
11-Feb-2009,0.28,0.275,NaN,NaN,NaN,NaN,NaN,NaN,NaN,NaN,NaN,NaN,NaN,NaN,NaN,NaN,NaN,NaN,0.109,0.166,0.204,0.254,0.256,0.259
12-Feb-2009,0.295,0.28,NaN,NaN,NaN,NaN,NaN,NaN,NaN,NaN,NaN,NaN,NaN,NaN,NaN,NaN,NaN,NaN,0.104,0.168,0.203,0.253,0.258,0.261
13-Feb-2009,0.315,0.275,NaN,NaN,NaN,NaN,NaN,NaN,NaN,NaN,NaN,NaN,NaN,NaN,NaN,NaN,NaN,NaN,0.108,0.168,0.204,0.25,0.256,0.26
16-Feb-2009,0.315,0.275,NaN,NaN,NaN,NaN,NaN,NaN,NaN,NaN,NaN,NaN,NaN,NaN,NaN,NaN,NaN,NaN,0.128,0.169,0.203,0.248,0.254,0.26
17-Feb-2009,0.3,0.315,NaN,NaN,NaN,NaN,NaN,NaN,NaN,NaN,NaN,NaN,NaN,NaN,NaN,NaN,NaN,NaN,0.114,0.166,0.201,0.247,0.254,0.26
18-Feb-2009,0.265,0.275,NaN,NaN,NaN,NaN,NaN,NaN,NaN,NaN,NaN,NaN,NaN,NaN,NaN,NaN,NaN,NaN,0.11,0.162,0.198,0.243,0.251,0.259
19-Feb-2009,0.3,0.305,NaN,NaN,NaN,NaN,NaN,NaN,NaN,NaN,NaN,NaN,NaN,NaN,NaN,NaN,NaN,NaN,0.106,0.157,0.196,0.238,0.249,0.257
20-Feb-2009,0.28,0.29,NaN,NaN,NaN,NaN,NaN,NaN,NaN,NaN,NaN,NaN,NaN,NaN,NaN,NaN,NaN,NaN,0.115,0.159,0.193,0.239,0.25,0.258
23-Feb-2009,0.26,0.295,NaN,NaN,NaN,NaN,NaN,NaN,NaN,NaN,NaN,NaN,NaN,NaN,NaN,NaN,NaN,NaN,0.119,0.16,0.193,0.238,0.25,0.258
24-Feb-2009,0.235,0.33,NaN,NaN,NaN,NaN,NaN,NaN,NaN,NaN,NaN,NaN,NaN,NaN,NaN,NaN,NaN,NaN,0.129,0.161,0.195,0.238,0.251,0.259
25-Feb-2009,0.265,0.32,NaN,NaN,NaN,NaN,NaN,NaN,NaN,NaN,NaN,NaN,NaN,NaN,NaN,NaN,NaN,NaN,0.154,0.173,0.231,0.247,0.255,0.262
26-Feb-2009,0.29,0.31,NaN,NaN,NaN,NaN,NaN,NaN,NaN,NaN,NaN,NaN,NaN,NaN,NaN,NaN,NaN,NaN,0.139,0.169,0.239,0.246,0.253,0.26
27-Feb-2009,0.3,0.33,NaN,NaN,NaN,NaN,NaN,NaN,NaN,NaN,NaN,NaN,NaN,NaN,NaN,NaN,NaN,NaN,0.126,0.156,0.243,0.246,0.253,0.259
02-Mar-2009,0.335,0.29,NaN,NaN,NaN,NaN,NaN,NaN,NaN,NaN,NaN,NaN,NaN,NaN,NaN,NaN,NaN,NaN,0.11,0.146,0.247,0.244,0.253,0.26
03-Mar-2009,0.29,0.23,NaN,NaN,NaN,NaN,NaN,NaN,NaN,NaN,NaN,NaN,NaN,NaN,NaN,NaN,NaN,NaN,0.103,0.135,0.245,0.245,0.253,0.261
04-Mar-2009,0.3,0.28,NaN,NaN,NaN,NaN,NaN,NaN,NaN,NaN,NaN,NaN,NaN,NaN,NaN,NaN,NaN,NaN,0.103,0.128,0.24,0.243,0.253,0.261
05-Mar-2009,0.295,0.31,NaN,NaN,NaN,NaN,NaN,NaN,NaN,NaN,NaN,NaN,NaN,NaN,NaN,NaN,NaN,NaN,0.1,0.126,0.237,0.243,0.252,0.261
06-Mar-2009,0.275,0.315,NaN,NaN,NaN,NaN,NaN,NaN,NaN,NaN,NaN,NaN,NaN,NaN,NaN,NaN,NaN,NaN,0.101,0.125,0.224,0.236,0.25,0.258
09-Mar-2009,0.31,0.31,NaN,NaN,NaN,NaN,NaN,NaN,NaN,NaN,NaN,NaN,NaN,NaN,NaN,NaN,NaN,NaN,0.102,0.124,0.219,0.233,0.246,0.256
10-Mar-2009,0.29,0.34,NaN,NaN,NaN,NaN,NaN,NaN,NaN,NaN,NaN,NaN,NaN,NaN,NaN,NaN,NaN,NaN,0.108,0.126,0.217,0.233,0.246,0.255
11-Mar-2009,0.24,0.275,NaN,NaN,NaN,NaN,NaN,NaN,NaN,NaN,NaN,NaN,NaN,NaN,NaN,NaN,NaN,NaN,0.11,0.128,0.211,0.232,0.245,0.254
12-Mar-2009,0.24,0.265,NaN,NaN,NaN,NaN,NaN,NaN,NaN,NaN,NaN,NaN,NaN,NaN,NaN,NaN,NaN,NaN,0.106,0.128,0.198,0.226,0.243,0.251
13-Mar-2009,0.15,0.215,NaN,NaN,NaN,NaN,NaN,NaN,NaN,NaN,NaN,NaN,NaN,NaN,NaN,NaN,NaN,NaN,0.107,0.13,0.188,0.224,0.242,0.251
16-Mar-2009,0.27,0.29,NaN,NaN,NaN,NaN,NaN,NaN,NaN,NaN,NaN,NaN,NaN,NaN,NaN,NaN,NaN,NaN,0.109,0.13,0.189,0.223,0.241,0.249
17-Mar-2009,0.24,0.24,NaN,NaN,NaN,NaN,NaN,NaN,NaN,NaN,NaN,NaN,NaN,NaN,NaN,NaN,NaN,NaN,0.109,0.139,0.192,0.225,0.243,0.249
18-Mar-2009,0.225,0.24,NaN,NaN,NaN,NaN,NaN,NaN,NaN,NaN,NaN,NaN,NaN,NaN,NaN,NaN,NaN,NaN,0.115,0.147,0.194,0.228,0.244,0.251
19-Mar-2009,0.245,0.25,NaN,NaN,NaN,NaN,NaN,NaN,NaN,NaN,NaN,NaN,NaN,NaN,NaN,NaN,NaN,NaN,0.123,0.203,0.193,0.228,0.244,0.251
20-Mar-2009,0.245,0.27,NaN,NaN,NaN,NaN,NaN,NaN,NaN,NaN,NaN,NaN,NaN,NaN,NaN,NaN,NaN,NaN,0.123,0.203,0.193,0.228,0.244,0.251
23-Mar-2009,0.25,0.25,NaN,NaN,NaN,NaN,NaN,NaN,NaN,NaN,NaN,NaN,NaN,NaN,NaN,NaN,NaN,NaN,0.129,0.201,0.192,0.229,0.244,0.251
24-Mar-2009,0.22,0.225,NaN,NaN,NaN,NaN,NaN,NaN,NaN,NaN,NaN,NaN,NaN,NaN,NaN,NaN,NaN,NaN,0.116,0.2,0.19,0.231,0.244,0.251
25-Mar-2009,0.18,0.225,NaN,NaN,NaN,NaN,NaN,NaN,NaN,NaN,NaN,NaN,NaN,NaN,NaN,NaN,NaN,NaN,0.118,0.202,0.193,0.233,0.244,0.252
26-Mar-2009,0.16,0.14,NaN,NaN,NaN,NaN,NaN,NaN,NaN,NaN,NaN,NaN,NaN,NaN,NaN,NaN,NaN,NaN,0.115,0.207,0.193,0.231,0.243,0.251
27-Mar-2009,0.2,0.145,NaN,NaN,NaN,NaN,NaN,NaN,NaN,NaN,NaN,NaN,NaN,NaN,NaN,NaN,NaN,NaN,0.108,0.159,0.177,0.223,0.241,0.248
30-Mar-2009,0.175,0.125,NaN,NaN,NaN,NaN,NaN,NaN,NaN,NaN,NaN,NaN,NaN,NaN,NaN,NaN,NaN,NaN,0.11,0.138,0.17,0.219,0.24,0.248
31-Mar-2009,0.22,0.175,NaN,NaN,NaN,NaN,NaN,NaN,NaN,NaN,NaN,NaN,NaN,NaN,NaN,NaN,NaN,NaN,0.106,0.132,0.168,0.217,0.238,0.247
01-Apr-2009,0.265,0.225,NaN,NaN,NaN,NaN,NaN,NaN,NaN,NaN,NaN,NaN,NaN,NaN,NaN,NaN,NaN,NaN,0.104,0.129,0.168,0.216,0.237,0.245
02-Apr-2009,0.225,0.2,NaN,NaN,NaN,NaN,NaN,NaN,NaN,NaN,NaN,NaN,NaN,NaN,NaN,NaN,NaN,NaN,0.106,0.132,0.17,0.217,0.236,0.247
03-Apr-2009,0.19,0.175,NaN,NaN,NaN,NaN,NaN,NaN,NaN,NaN,NaN,NaN,NaN,NaN,NaN,NaN,NaN,NaN,0.103,0.13,0.169,0.215,0.236,0.246
06-Apr-2009,0.175,0.18,NaN,NaN,NaN,NaN,NaN,NaN,NaN,NaN,NaN,NaN,NaN,NaN,NaN,NaN,NaN,NaN,0.106,0.13,0.168,0.214,0.234,0.245
07-Apr-2009,0.14,0.175,NaN,NaN,NaN,NaN,NaN,NaN,NaN,NaN,NaN,NaN,NaN,NaN,NaN,NaN,NaN,NaN,0.103,0.129,0.166,0.213,0.234,0.245
08-Apr-2009,0.185,0.2,NaN,NaN,NaN,NaN,NaN,NaN,NaN,NaN,NaN,NaN,NaN,NaN,NaN,NaN,NaN,NaN,0.105,0.129,0.163,0.214,0.234,0.245
09-Apr-2009,0.205,0.225,NaN,NaN,NaN,NaN,NaN,NaN,NaN,NaN,NaN,NaN,NaN,NaN,NaN,NaN,NaN,NaN,0.11,0.136,0.163,0.214,0.234,0.246
10-Apr-2009,0.205,0.225,NaN,NaN,NaN,NaN,NaN,NaN,NaN,NaN,NaN,NaN,NaN,NaN,NaN,NaN,NaN,NaN,0.12,0.147,0.165,0.211,0.235,0.247
13-Apr-2009,0.205,0.21,NaN,NaN,NaN,NaN,NaN,NaN,NaN,NaN,NaN,NaN,NaN,NaN,NaN,NaN,NaN,NaN,0.12,0.152,0.167,0.211,0.234,0.246
14-Apr-2009,0.17,0.19,NaN,NaN,NaN,NaN,NaN,NaN,NaN,NaN,NaN,NaN,NaN,NaN,NaN,NaN,NaN,NaN,0.113,0.149,0.167,0.21,0.234,0.246
15-Apr-2009,0.16,0.17,NaN,NaN,NaN,NaN,NaN,NaN,NaN,NaN,NaN,NaN,NaN,NaN,NaN,NaN,NaN,NaN,0.109,0.141,0.167,0.208,0.234,0.246
16-Apr-2009,0.15,0.16,NaN,NaN,NaN,NaN,NaN,NaN,NaN,NaN,NaN,NaN,NaN,NaN,NaN,NaN,NaN,NaN,0.113,0.143,0.167,0.203,0.234,0.247
17-Apr-2009,0.2,0.185,NaN,NaN,NaN,NaN,NaN,NaN,NaN,NaN,NaN,NaN,NaN,NaN,NaN,NaN,NaN,NaN,0.114,0.142,0.166,0.201,0.233,0.246
20-Apr-2009,0.165,0.175,NaN,NaN,NaN,NaN,NaN,NaN,NaN,NaN,NaN,NaN,NaN,NaN,NaN,NaN,NaN,NaN,0.112,0.141,0.164,0.199,0.233,0.246
21-Apr-2009,0.14,0.19,NaN,NaN,NaN,NaN,NaN,NaN,NaN,NaN,NaN,NaN,NaN,NaN,NaN,NaN,NaN,NaN,0.11,0.147,0.163,0.198,0.232,0.247
22-Apr-2009,0.175,0.175,NaN,NaN,NaN,NaN,NaN,NaN,NaN,NaN,NaN,NaN,NaN,NaN,NaN,NaN,NaN,NaN,0.11,0.158,0.163,0.197,0.232,0.247
23-Apr-2009,0.18,0.185,NaN,NaN,NaN,NaN,NaN,NaN,NaN,NaN,NaN,NaN,NaN,NaN,NaN,NaN,NaN,NaN,0.11,0.157,0.163,0.197,0.232,0.247
24-Apr-2009,0.135,0.175,NaN,NaN,NaN,NaN,NaN,NaN,NaN,NaN,NaN,NaN,NaN,NaN,NaN,NaN,NaN,NaN,0.11,0.155,0.162,0.196,0.231,0.246
27-Apr-2009,0.175,0.19,NaN,NaN,NaN,NaN,NaN,NaN,NaN,NaN,NaN,NaN,NaN,NaN,NaN,NaN,NaN,NaN,0.118,0.163,0.163,0.196,0.231,0.246
28-Apr-2009,0.135,0.145,NaN,NaN,NaN,NaN,NaN,NaN,NaN,NaN,NaN,NaN,NaN,NaN,NaN,NaN,NaN,NaN,0.123,0.149,0.162,0.195,0.231,0.246
29-Apr-2009,0.13,0.17,NaN,NaN,NaN,NaN,NaN,NaN,NaN,NaN,NaN,NaN,NaN,NaN,NaN,NaN,NaN,NaN,0.123,0.149,0.162,0.195,0.231,0.246
30-Apr-2009,0.195,0.195,NaN,NaN,NaN,NaN,NaN,NaN,NaN,NaN,NaN,NaN,NaN,NaN,NaN,NaN,NaN,NaN,0.12,0.143,0.158,0.193,0.231,0.246
01-May-2009,0.26,0.265,NaN,NaN,NaN,NaN,NaN,NaN,NaN,NaN,NaN,NaN,NaN,NaN,NaN,NaN,NaN,NaN,0.11,0.139,0.155,0.192,0.23,0.246
04-May-2009,0.255,0.185,NaN,NaN,NaN,NaN,NaN,NaN,NaN,NaN,NaN,NaN,NaN,NaN,NaN,NaN,NaN,NaN,0.11,0.139,0.155,0.192,0.23,0.246
05-May-2009,0.235,0.2,NaN,NaN,NaN,NaN,NaN,NaN,NaN,NaN,NaN,NaN,NaN,NaN,NaN,NaN,NaN,NaN,0.11,0.139,0.155,0.192,0.23,0.246
06-May-2009,0.2,0.225,NaN,NaN,NaN,NaN,NaN,NaN,NaN,NaN,NaN,NaN,NaN,NaN,NaN,NaN,NaN,NaN,0.11,0.139,0.155,0.192,0.23,0.246
07-May-2009,0.23,0.235,NaN,NaN,NaN,NaN,NaN,NaN,NaN,NaN,NaN,NaN,NaN,NaN,NaN,NaN,NaN,NaN,0.113,0.14,0.155,0.191,0.229,0.245
08-May-2009,0.18,0.185,NaN,NaN,NaN,NaN,NaN,NaN,NaN,NaN,NaN,NaN,NaN,NaN,NaN,NaN,NaN,NaN,0.109,0.14,0.155,0.191,0.229,0.245
11-May-2009,0.195,0.19,NaN,NaN,NaN,NaN,NaN,NaN,NaN,NaN,NaN,NaN,NaN,NaN,NaN,NaN,NaN,NaN,0.105,0.14,0.154,0.19,0.229,0.245
12-May-2009,0.18,0.175,NaN,NaN,NaN,NaN,NaN,NaN,NaN,NaN,NaN,NaN,NaN,NaN,NaN,NaN,NaN,NaN,0.103,0.138,0.154,0.191,0.228,0.245
13-May-2009,0.205,0.2,NaN,NaN,NaN,NaN,NaN,NaN,NaN,NaN,NaN,NaN,NaN,NaN,NaN,NaN,NaN,NaN,0.104,0.139,0.154,0.192,0.228,0.245
14-May-2009,0.175,0.21,NaN,NaN,NaN,NaN,NaN,NaN,NaN,NaN,NaN,NaN,NaN,NaN,NaN,NaN,NaN,NaN,0.105,0.134,0.153,0.192,0.228,0.245
15-May-2009,0.255,0.245,NaN,NaN,NaN,NaN,NaN,NaN,NaN,NaN,NaN,NaN,NaN,NaN,NaN,NaN,NaN,NaN,0.111,0.132,0.152,0.192,0.227,0.245
18-May-2009,0.225,0.17,NaN,NaN,NaN,NaN,NaN,NaN,NaN,NaN,NaN,NaN,NaN,NaN,NaN,NaN,NaN,NaN,0.115,0.132,0.152,0.192,0.227,0.243
19-May-2009,0.18,0.195,NaN,NaN,NaN,NaN,NaN,NaN,NaN,NaN,NaN,NaN,NaN,NaN,NaN,NaN,NaN,NaN,0.118,0.132,0.152,0.192,0.227,0.242
20-May-2009,0.195,0.19,NaN,NaN,NaN,NaN,NaN,NaN,NaN,NaN,NaN,NaN,NaN,NaN,NaN,NaN,NaN,NaN,0.114,0.135,0.152,0.192,0.227,0.242
21-May-2009,0.215,0.21,NaN,NaN,NaN,NaN,NaN,NaN,NaN,NaN,NaN,NaN,NaN,NaN,NaN,NaN,NaN,NaN,0.113,0.139,0.152,0.191,0.226,0.242
22-May-2009,0.19,0.195,NaN,NaN,NaN,NaN,NaN,NaN,NaN,NaN,NaN,NaN,NaN,NaN,NaN,NaN,NaN,NaN,0.113,0.139,0.152,0.191,0.224,0.242
25-May-2009,0.19,0.195,NaN,NaN,NaN,NaN,NaN,NaN,NaN,NaN,NaN,NaN,NaN,NaN,NaN,NaN,NaN,NaN,0.118,0.14,0.152,0.188,0.222,0.24
26-May-2009,0.165,0.165,NaN,NaN,NaN,NaN,NaN,NaN,NaN,NaN,NaN,NaN,NaN,NaN,NaN,NaN,NaN,NaN,0.116,0.14,0.152,0.188,0.221,0.24
27-May-2009,0.2,0.19,NaN,NaN,NaN,NaN,NaN,NaN,NaN,NaN,NaN,NaN,NaN,NaN,NaN,NaN,NaN,NaN,0.117,0.14,0.153,0.187,0.221,0.24
28-May-2009,0.21,0.22,NaN,NaN,NaN,NaN,NaN,NaN,NaN,NaN,NaN,NaN,NaN,NaN,NaN,NaN,NaN,NaN,0.12,0.139,0.154,0.186,0.22,0.239
29-May-2009,0.205,0.165,NaN,NaN,NaN,NaN,NaN,NaN,NaN,NaN,NaN,NaN,NaN,NaN,NaN,NaN,NaN,NaN,0.122,0.139,0.154,0.178,0.213,0.233
01-Jun-2009,0.24,0.225,NaN,NaN,NaN,NaN,NaN,NaN,NaN,NaN,NaN,NaN,NaN,NaN,NaN,NaN,NaN,NaN,0.127,0.14,0.155,0.178,0.213,0.232
02-Jun-2009,0.255,0.2,NaN,NaN,NaN,NaN,NaN,NaN,NaN,NaN,NaN,NaN,NaN,NaN,NaN,NaN,NaN,NaN,0.128,0.14,0.155,0.178,0.211,0.232
03-Jun-2009,0.195,0.185,NaN,NaN,NaN,NaN,NaN,NaN,NaN,NaN,NaN,NaN,NaN,NaN,NaN,NaN,NaN,NaN,0.121,0.14,0.156,0.178,0.21,0.231
04-Jun-2009,0.26,0.23,NaN,NaN,NaN,NaN,NaN,NaN,NaN,NaN,NaN,NaN,NaN,NaN,NaN,NaN,NaN,NaN,0.114,0.139,0.156,0.176,0.209,0.231
05-Jun-2009,0.26,0.2,NaN,NaN,NaN,NaN,NaN,NaN,NaN,NaN,NaN,NaN,NaN,NaN,NaN,NaN,NaN,NaN,0.11,0.132,0.153,0.175,0.208,0.229
08-Jun-2009,0.245,0.23,NaN,NaN,NaN,NaN,NaN,NaN,NaN,NaN,NaN,NaN,NaN,NaN,NaN,NaN,NaN,NaN,0.113,0.131,0.153,0.177,0.208,0.23
09-Jun-2009,0.195,0.18,NaN,NaN,NaN,NaN,NaN,NaN,NaN,NaN,NaN,NaN,NaN,NaN,NaN,NaN,NaN,NaN,0.124,0.135,0.153,0.177,0.208,0.231
10-Jun-2009,0.22,0.2,NaN,NaN,NaN,NaN,NaN,NaN,NaN,NaN,NaN,NaN,NaN,NaN,NaN,NaN,NaN,NaN,0.125,0.138,0.153,0.177,0.209,0.231
11-Jun-2009,0.22,0.22,NaN,NaN,NaN,NaN,NaN,NaN,NaN,NaN,NaN,NaN,NaN,NaN,NaN,NaN,NaN,NaN,0.114,0.14,0.154,0.177,0.209,0.231
12-Jun-2009,0.23,0.225,NaN,NaN,NaN,NaN,NaN,NaN,NaN,NaN,NaN,NaN,NaN,NaN,NaN,NaN,NaN,NaN,0.113,0.14,0.154,0.177,0.208,0.231
15-Jun-2009,0.265,0.235,NaN,NaN,NaN,NaN,NaN,NaN,NaN,NaN,NaN,NaN,NaN,NaN,NaN,NaN,NaN,NaN,0.123,0.14,0.154,0.177,0.208,0.231
16-Jun-2009,0.225,0.225,NaN,NaN,NaN,NaN,NaN,NaN,NaN,NaN,NaN,NaN,NaN,NaN,NaN,NaN,NaN,NaN,0.118,0.14,0.155,0.177,0.207,0.23
17-Jun-2009,0.28,0.24,NaN,NaN,NaN,NaN,NaN,NaN,NaN,NaN,NaN,NaN,NaN,NaN,NaN,NaN,NaN,NaN,0.113,0.141,0.154,0.177,0.207,0.23
18-Jun-2009,0.3,0.175,NaN,NaN,NaN,NaN,NaN,NaN,NaN,NaN,NaN,NaN,NaN,NaN,NaN,NaN,NaN,NaN,0.109,0.137,0.154,0.176,0.206,0.229
19-Jun-2009,0.3,0.175,NaN,NaN,NaN,NaN,NaN,NaN,NaN,NaN,NaN,NaN,NaN,NaN,NaN,NaN,NaN,NaN,0.109,0.138,0.153,0.176,0.206,0.229
22-Jun-2009,0.275,0.105,NaN,NaN,NaN,NaN,NaN,NaN,NaN,NaN,NaN,NaN,NaN,NaN,NaN,NaN,NaN,NaN,0.109,0.137,0.152,0.175,0.206,0.228
23-Jun-2009,0.235,0.11,NaN,NaN,NaN,NaN,NaN,NaN,NaN,NaN,NaN,NaN,NaN,NaN,NaN,NaN,NaN,NaN,0.109,0.134,0.152,0.175,0.204,0.227
24-Jun-2009,0.22,0.135,NaN,NaN,NaN,NaN,NaN,NaN,NaN,NaN,NaN,NaN,NaN,NaN,NaN,NaN,NaN,NaN,0.11,0.134,0.152,0.174,0.204,0.226
25-Jun-2009,0.125,0.075,NaN,NaN,NaN,NaN,NaN,NaN,NaN,NaN,NaN,NaN,NaN,NaN,NaN,NaN,NaN,NaN,0.125,0.139,0.152,0.17,0.201,0.224
26-Jun-2009,0.14,0.1,NaN,NaN,NaN,NaN,NaN,NaN,NaN,NaN,NaN,NaN,NaN,NaN,NaN,NaN,NaN,NaN,0.125,0.146,0.153,0.17,0.2,0.222
29-Jun-2009,0.11,0.11,NaN,NaN,NaN,NaN,NaN,NaN,NaN,NaN,NaN,NaN,NaN,NaN,NaN,NaN,NaN,NaN,0.128,0.142,0.153,0.169,0.198,0.222
30-Jun-2009,0.06,0.135,NaN,NaN,NaN,NaN,NaN,NaN,NaN,NaN,NaN,NaN,NaN,NaN,NaN,NaN,NaN,NaN,0.173,0.141,0.152,0.169,0.198,0.222
01-Jul-2009,0.205,0.2,NaN,NaN,NaN,NaN,NaN,NaN,NaN,NaN,NaN,NaN,NaN,NaN,NaN,NaN,NaN,NaN,0.112,0.132,0.148,0.166,0.196,0.218
02-Jul-2009,0.23,0.235,NaN,NaN,NaN,NaN,NaN,NaN,NaN,NaN,NaN,NaN,NaN,NaN,NaN,NaN,NaN,NaN,0.109,0.13,0.147,0.162,0.193,0.215
03-Jul-2009,0.23,0.235,NaN,NaN,NaN,NaN,NaN,NaN,NaN,NaN,NaN,NaN,NaN,NaN,NaN,NaN,NaN,NaN,0.108,0.127,0.146,0.16,0.19,0.212
06-Jul-2009,0.22,0.22,NaN,NaN,NaN,NaN,NaN,NaN,NaN,NaN,NaN,NaN,NaN,NaN,NaN,NaN,NaN,NaN,0.108,0.127,0.144,0.159,0.187,0.209
07-Jul-2009,0.21,0.2,NaN,NaN,NaN,NaN,NaN,NaN,NaN,NaN,NaN,NaN,NaN,NaN,NaN,NaN,NaN,NaN,0.106,0.121,0.143,0.156,0.184,0.205
08-Jul-2009,0.19,0.165,NaN,NaN,NaN,NaN,NaN,NaN,NaN,NaN,NaN,NaN,NaN,NaN,NaN,NaN,NaN,NaN,0.105,0.12,0.142,0.156,0.183,0.204
09-Jul-2009,0.19,0.18,NaN,NaN,NaN,NaN,NaN,NaN,NaN,NaN,NaN,NaN,NaN,NaN,NaN,NaN,NaN,NaN,0.105,0.12,0.14,0.155,0.182,0.202
10-Jul-2009,0.125,0.175,NaN,NaN,NaN,NaN,NaN,NaN,NaN,NaN,NaN,NaN,NaN,NaN,NaN,NaN,NaN,NaN,0.109,0.125,0.139,0.155,0.18,0.202
13-Jul-2009,0.14,0.2,NaN,NaN,NaN,NaN,NaN,NaN,NaN,NaN,NaN,NaN,NaN,NaN,NaN,NaN,NaN,NaN,0.121,0.129,0.139,0.155,0.178,0.201
14-Jul-2009,0.16,0.175,NaN,NaN,NaN,NaN,NaN,NaN,NaN,NaN,NaN,NaN,NaN,NaN,NaN,NaN,NaN,NaN,0.112,0.129,0.139,0.155,0.176,0.199
15-Jul-2009,0.205,0.19,NaN,NaN,NaN,NaN,NaN,NaN,NaN,NaN,NaN,NaN,NaN,NaN,NaN,NaN,NaN,NaN,0.113,0.128,0.138,0.155,0.175,0.199
16-Jul-2009,0.18,0.2,NaN,NaN,NaN,NaN,NaN,NaN,NaN,NaN,NaN,NaN,NaN,NaN,NaN,NaN,NaN,NaN,0.112,0.128,0.139,0.156,0.173,0.197
17-Jul-2009,0.15,0.18,NaN,NaN,NaN,NaN,NaN,NaN,NaN,NaN,NaN,NaN,NaN,NaN,NaN,NaN,NaN,NaN,0.112,0.128,0.139,0.156,0.174,0.197
20-Jul-2009,0.165,0.19,NaN,NaN,NaN,NaN,NaN,NaN,NaN,NaN,NaN,NaN,NaN,NaN,NaN,NaN,NaN,NaN,0.112,0.128,0.139,0.156,0.174,0.197
21-Jul-2009,0.155,0.165,NaN,NaN,NaN,NaN,NaN,NaN,NaN,NaN,NaN,NaN,NaN,NaN,NaN,NaN,NaN,NaN,0.116,0.128,0.139,0.156,0.174,0.197
22-Jul-2009,0.16,0.165,NaN,NaN,NaN,NaN,NaN,NaN,NaN,NaN,NaN,NaN,NaN,NaN,NaN,NaN,NaN,NaN,0.113,0.128,0.139,0.159,0.177,0.198
23-Jul-2009,0.15,0.145,NaN,NaN,NaN,NaN,NaN,NaN,NaN,NaN,NaN,NaN,NaN,NaN,NaN,NaN,NaN,NaN,0.11,0.128,0.139,0.157,0.175,0.197
24-Jul-2009,0.185,0.165,NaN,NaN,NaN,NaN,NaN,NaN,NaN,NaN,NaN,NaN,NaN,NaN,NaN,NaN,NaN,NaN,0.111,0.128,0.139,0.157,0.174,0.196
27-Jul-2009,0.185,0.165,NaN,NaN,NaN,NaN,NaN,NaN,NaN,NaN,NaN,NaN,NaN,NaN,NaN,NaN,NaN,NaN,0.109,0.127,0.138,0.157,0.173,0.196
28-Jul-2009,0.155,0.195,NaN,NaN,NaN,NaN,NaN,NaN,NaN,NaN,NaN,NaN,NaN,NaN,NaN,NaN,NaN,NaN,0.11,0.126,0.137,0.157,0.174,0.196
29-Jul-2009,0.225,0.23,NaN,NaN,NaN,NaN,NaN,NaN,NaN,NaN,NaN,NaN,NaN,NaN,NaN,NaN,NaN,NaN,0.108,0.127,0.137,0.157,0.173,0.195
30-Jul-2009,0.175,0.2,NaN,NaN,NaN,NaN,NaN,NaN,NaN,NaN,NaN,NaN,NaN,NaN,NaN,NaN,NaN,NaN,0.109,0.123,0.137,0.156,0.173,0.195
31-Jul-2009,0.255,0.2,NaN,NaN,NaN,NaN,NaN,NaN,NaN,NaN,NaN,NaN,NaN,NaN,NaN,NaN,NaN,NaN,0.11,0.122,0.137,0.154,0.173,0.195
03-Aug-2009,0.205,0.22,NaN,NaN,NaN,NaN,NaN,NaN,NaN,NaN,NaN,NaN,NaN,NaN,NaN,NaN,NaN,NaN,0.111,0.123,0.137,0.154,0.173,0.195
04-Aug-2009,0.225,0.22,NaN,NaN,NaN,NaN,NaN,NaN,NaN,NaN,NaN,NaN,NaN,NaN,NaN,NaN,NaN,NaN,0.109,0.121,0.137,0.154,0.173,0.195
05-Aug-2009,0.195,0.19,NaN,NaN,NaN,NaN,NaN,NaN,NaN,NaN,NaN,NaN,NaN,NaN,NaN,NaN,NaN,NaN,0.107,0.121,0.136,0.154,0.173,0.195
06-Aug-2009,0.17,0.18,NaN,NaN,NaN,NaN,NaN,NaN,NaN,NaN,NaN,NaN,NaN,NaN,NaN,NaN,NaN,NaN,0.107,0.12,0.135,0.152,0.171,0.195
07-Aug-2009,0.17,0.18,NaN,NaN,NaN,NaN,NaN,NaN,NaN,NaN,NaN,NaN,NaN,NaN,NaN,NaN,NaN,NaN,0.106,0.118,0.133,0.15,0.169,0.192
10-Aug-2009,0.165,0.18,NaN,NaN,NaN,NaN,NaN,NaN,NaN,NaN,NaN,NaN,NaN,NaN,NaN,NaN,NaN,NaN,0.108,0.118,0.132,0.15,0.169,0.19
11-Aug-2009,0.14,0.14,NaN,NaN,NaN,NaN,NaN,NaN,NaN,NaN,NaN,NaN,NaN,NaN,NaN,NaN,NaN,NaN,0.12,0.12,0.132,0.15,0.169,0.19
12-Aug-2009,0.14,0.165,NaN,NaN,NaN,NaN,NaN,NaN,NaN,NaN,NaN,NaN,NaN,NaN,NaN,NaN,NaN,NaN,0.122,0.122,0.132,0.149,0.169,0.19
13-Aug-2009,0.15,0.175,NaN,NaN,NaN,NaN,NaN,NaN,NaN,NaN,NaN,NaN,NaN,NaN,NaN,NaN,NaN,NaN,0.11,0.122,0.132,0.148,0.168,0.19
14-Aug-2009,0.145,0.135,NaN,NaN,NaN,NaN,NaN,NaN,NaN,NaN,NaN,NaN,NaN,NaN,NaN,NaN,NaN,NaN,0.126,0.121,0.132,0.148,0.168,0.189
17-Aug-2009,0.22,0.215,NaN,NaN,NaN,NaN,NaN,NaN,NaN,NaN,NaN,NaN,NaN,NaN,NaN,NaN,NaN,NaN,0.131,0.124,0.132,0.148,0.167,0.188
18-Aug-2009,0.185,0.175,NaN,NaN,NaN,NaN,NaN,NaN,NaN,NaN,NaN,NaN,NaN,NaN,NaN,NaN,NaN,NaN,0.119,0.124,0.132,0.148,0.167,0.188
19-Aug-2009,0.18,0.185,NaN,NaN,NaN,NaN,NaN,NaN,NaN,NaN,NaN,NaN,NaN,NaN,NaN,NaN,NaN,NaN,0.116,0.127,0.133,0.148,0.168,0.188
20-Aug-2009,0.185,0.17,NaN,NaN,NaN,NaN,NaN,NaN,NaN,NaN,NaN,NaN,NaN,NaN,NaN,NaN,NaN,NaN,0.114,0.127,0.133,0.148,0.167,0.188
21-Aug-2009,0.185,0.18,NaN,NaN,NaN,NaN,NaN,NaN,NaN,NaN,NaN,NaN,NaN,NaN,NaN,NaN,NaN,NaN,0.111,0.126,0.133,0.147,0.166,0.187
24-Aug-2009,0.185,0.205,NaN,NaN,NaN,NaN,NaN,NaN,NaN,NaN,NaN,NaN,NaN,NaN,NaN,NaN,NaN,NaN,0.129,0.128,0.134,0.147,0.166,0.186
25-Aug-2009,0.14,0.15,NaN,NaN,NaN,NaN,NaN,NaN,NaN,NaN,NaN,NaN,NaN,NaN,NaN,NaN,NaN,NaN,0.126,0.13,0.134,0.146,0.166,0.186
26-Aug-2009,0.135,0.15,NaN,NaN,NaN,NaN,NaN,NaN,NaN,NaN,NaN,NaN,NaN,NaN,NaN,NaN,NaN,NaN,0.118,0.13,0.134,0.146,0.166,0.186
27-Aug-2009,0.14,0.15,NaN,NaN,NaN,NaN,NaN,NaN,NaN,NaN,NaN,NaN,NaN,NaN,NaN,NaN,NaN,NaN,0.118,0.13,0.136,0.146,0.167,0.186
28-Aug-2009,0.14,0.15,NaN,NaN,NaN,NaN,NaN,NaN,NaN,NaN,NaN,NaN,NaN,NaN,NaN,NaN,NaN,NaN,0.115,0.13,0.138,0.146,0.167,0.185
31-Aug-2009,0.14,0.15,NaN,NaN,NaN,NaN,NaN,NaN,NaN,NaN,NaN,NaN,NaN,NaN,NaN,NaN,NaN,NaN,0.136,0.13,0.138,0.146,0.167,0.185
01-Sep-2009,0.23,0.2,NaN,NaN,NaN,NaN,NaN,NaN,NaN,NaN,NaN,NaN,NaN,NaN,NaN,NaN,NaN,NaN,0.128,0.13,0.139,0.146,0.166,0.184
02-Sep-2009,0.17,0.16,NaN,NaN,NaN,NaN,NaN,NaN,NaN,NaN,NaN,NaN,NaN,NaN,NaN,NaN,NaN,NaN,0.126,0.13,0.139,0.147,0.166,0.184
03-Sep-2009,0.205,0.195,NaN,NaN,NaN,NaN,NaN,NaN,NaN,NaN,NaN,NaN,NaN,NaN,NaN,NaN,NaN,NaN,0.113,0.128,0.14,0.147,0.166,0.184
04-Sep-2009,0.18,0.175,NaN,NaN,NaN,NaN,NaN,NaN,NaN,NaN,NaN,NaN,NaN,NaN,NaN,NaN,NaN,NaN,0.109,0.127,0.139,0.147,0.166,0.184
07-Sep-2009,0.18,0.175,NaN,NaN,NaN,NaN,NaN,NaN,NaN,NaN,NaN,NaN,NaN,NaN,NaN,NaN,NaN,NaN,0.108,0.121,0.138,0.146,0.166,0.184
08-Sep-2009,0.2,0.195,NaN,NaN,NaN,NaN,NaN,NaN,NaN,NaN,NaN,NaN,NaN,NaN,NaN,NaN,NaN,NaN,0.107,0.12,0.137,0.146,0.165,0.184
09-Sep-2009,0.175,0.18,NaN,NaN,NaN,NaN,NaN,NaN,NaN,NaN,NaN,NaN,NaN,NaN,NaN,NaN,NaN,NaN,0.107,0.119,0.137,0.147,0.165,0.183
10-Sep-2009,0.165,0.155,NaN,NaN,NaN,NaN,NaN,NaN,NaN,NaN,NaN,NaN,NaN,NaN,NaN,NaN,NaN,NaN,0.107,0.123,0.138,0.146,0.165,0.183
11-Sep-2009,0.155,0.175,NaN,NaN,NaN,NaN,NaN,NaN,NaN,NaN,NaN,NaN,NaN,NaN,NaN,NaN,NaN,NaN,0.107,0.128,0.138,0.144,0.164,0.183
14-Sep-2009,0.12,0.13,NaN,NaN,NaN,NaN,NaN,NaN,NaN,NaN,NaN,NaN,NaN,NaN,NaN,NaN,NaN,NaN,0.123,0.129,0.138,0.145,0.165,0.184
15-Sep-2009,0.195,0.145,NaN,NaN,NaN,NaN,NaN,NaN,NaN,NaN,NaN,NaN,NaN,NaN,NaN,NaN,NaN,NaN,0.126,0.13,0.138,0.144,0.163,0.182
16-Sep-2009,0.18,0.16,NaN,NaN,NaN,NaN,NaN,NaN,NaN,NaN,NaN,NaN,NaN,NaN,NaN,NaN,NaN,NaN,0.111,0.139,0.138,0.144,0.163,0.182
17-Sep-2009,0.18,0.16,NaN,NaN,NaN,NaN,NaN,NaN,NaN,NaN,NaN,NaN,NaN,NaN,NaN,NaN,NaN,NaN,0.115,0.143,0.138,0.144,0.163,0.182
18-Sep-2009,0.18,0.16,NaN,NaN,NaN,NaN,NaN,NaN,NaN,NaN,NaN,NaN,NaN,NaN,NaN,NaN,NaN,NaN,0.117,0.148,0.139,0.146,0.163,0.182
21-Sep-2009,0.105,0.095,NaN,NaN,NaN,NaN,NaN,NaN,NaN,NaN,NaN,NaN,NaN,NaN,NaN,NaN,NaN,NaN,0.117,0.148,0.139,0.146,0.163,0.182
22-Sep-2009,0.06,0.075,NaN,NaN,NaN,NaN,NaN,NaN,NaN,NaN,NaN,NaN,NaN,NaN,NaN,NaN,NaN,NaN,0.117,0.148,0.139,0.146,0.163,0.182
23-Sep-2009,0.095,0.1,NaN,NaN,NaN,NaN,NaN,NaN,NaN,NaN,NaN,NaN,NaN,NaN,NaN,NaN,NaN,NaN,0.117,0.148,0.139,0.146,0.163,0.182
24-Sep-2009,0.15,0.075,NaN,NaN,NaN,NaN,NaN,NaN,NaN,NaN,NaN,NaN,NaN,NaN,NaN,NaN,NaN,NaN,0.154,0.163,0.143,0.149,0.163,0.182
25-Sep-2009,0.125,0.08,NaN,NaN,NaN,NaN,NaN,NaN,NaN,NaN,NaN,NaN,NaN,NaN,NaN,NaN,NaN,NaN,0.124,0.164,0.143,0.15,0.163,0.182
28-Sep-2009,0.06,0.07,NaN,NaN,NaN,NaN,NaN,NaN,NaN,NaN,NaN,NaN,NaN,NaN,NaN,NaN,NaN,NaN,0.112,0.141,0.141,0.149,0.163,0.182
29-Sep-2009,0.065,0.035,NaN,NaN,NaN,NaN,NaN,NaN,NaN,NaN,NaN,NaN,NaN,NaN,NaN,NaN,NaN,NaN,0.11,0.137,0.142,0.151,0.163,0.182
30-Sep-2009,0.06,0.065,NaN,NaN,NaN,NaN,NaN,NaN,NaN,NaN,NaN,NaN,NaN,NaN,NaN,NaN,NaN,NaN,0.109,0.127,0.139,0.151,0.163,0.181
01-Oct-2009,0.09,0.11,NaN,NaN,NaN,NaN,NaN,NaN,NaN,NaN,NaN,NaN,NaN,NaN,NaN,NaN,NaN,NaN,0.108,0.123,0.138,0.15,0.163,0.181
02-Oct-2009,0.115,0.11,NaN,NaN,NaN,NaN,NaN,NaN,NaN,NaN,NaN,NaN,NaN,NaN,NaN,NaN,NaN,NaN,0.109,0.12,0.136,0.149,0.163,0.181
05-Oct-2009,0.11,0.12,NaN,NaN,NaN,NaN,NaN,NaN,NaN,NaN,NaN,NaN,NaN,NaN,NaN,NaN,NaN,NaN,0.118,0.123,0.136,0.149,0.163,0.181
06-Oct-2009,0.11,0.11,NaN,NaN,NaN,NaN,NaN,NaN,NaN,NaN,NaN,NaN,NaN,NaN,NaN,NaN,NaN,NaN,0.115,0.129,0.137,0.149,0.163,0.181
07-Oct-2009,0.095,0.085,NaN,NaN,NaN,NaN,NaN,NaN,NaN,NaN,NaN,NaN,NaN,NaN,NaN,NaN,NaN,NaN,0.112,0.132,0.139,0.148,0.163,0.181
08-Oct-2009,0.09,0.08,NaN,NaN,NaN,NaN,NaN,NaN,NaN,NaN,NaN,NaN,NaN,NaN,NaN,NaN,NaN,NaN,0.111,0.132,0.138,0.148,0.163,0.181
09-Oct-2009,0.08,0.075,NaN,NaN,NaN,NaN,NaN,NaN,NaN,NaN,NaN,NaN,NaN,NaN,NaN,NaN,NaN,NaN,0.11,0.13,0.138,0.148,0.163,0.181
12-Oct-2009,0.08,0.075,NaN,NaN,NaN,NaN,NaN,NaN,NaN,NaN,NaN,NaN,NaN,NaN,NaN,NaN,NaN,NaN,0.11,0.13,0.138,0.148,0.163,0.181
13-Oct-2009,0.095,0.1,NaN,NaN,NaN,NaN,NaN,NaN,NaN,NaN,NaN,NaN,NaN,NaN,NaN,NaN,NaN,NaN,0.116,0.132,0.138,0.148,0.163,0.181
14-Oct-2009,0.135,0.115,NaN,NaN,NaN,NaN,NaN,NaN,NaN,NaN,NaN,NaN,NaN,NaN,NaN,NaN,NaN,NaN,0.112,0.132,0.137,0.148,0.163,0.181
15-Oct-2009,0.15,0.145,NaN,NaN,NaN,NaN,NaN,NaN,NaN,NaN,NaN,NaN,NaN,NaN,NaN,NaN,NaN,NaN,0.111,0.131,0.137,0.148,0.163,0.181
16-Oct-2009,0.105,0.105,NaN,NaN,NaN,NaN,NaN,NaN,NaN,NaN,NaN,NaN,NaN,NaN,NaN,NaN,NaN,NaN,0.11,0.131,0.138,0.149,0.164,0.182
19-Oct-2009,0.13,0.125,NaN,NaN,NaN,NaN,NaN,NaN,NaN,NaN,NaN,NaN,NaN,NaN,NaN,NaN,NaN,NaN,0.119,0.13,0.138,0.149,0.163,0.182
20-Oct-2009,0.085,0.095,NaN,NaN,NaN,NaN,NaN,NaN,NaN,NaN,NaN,NaN,NaN,NaN,NaN,NaN,NaN,NaN,0.111,0.128,0.138,0.149,0.163,0.182
21-Oct-2009,0.075,0.075,NaN,NaN,NaN,NaN,NaN,NaN,NaN,NaN,NaN,NaN,NaN,NaN,NaN,NaN,NaN,NaN,0.111,0.129,0.138,0.149,0.163,0.182
22-Oct-2009,0.075,0.065,NaN,NaN,NaN,NaN,NaN,NaN,NaN,NaN,NaN,NaN,NaN,NaN,NaN,NaN,NaN,NaN,0.113,0.13,0.138,0.149,0.163,0.182
23-Oct-2009,0.05,0.06,NaN,NaN,NaN,NaN,NaN,NaN,NaN,NaN,NaN,NaN,NaN,NaN,NaN,NaN,NaN,NaN,0.123,0.132,0.138,0.149,0.163,0.182
26-Oct-2009,0.045,0.07,NaN,NaN,NaN,NaN,NaN,NaN,NaN,NaN,NaN,NaN,NaN,NaN,NaN,NaN,NaN,NaN,0.118,0.133,0.138,0.149,0.163,0.181
27-Oct-2009,0.04,0.085,NaN,NaN,NaN,NaN,NaN,NaN,NaN,NaN,NaN,NaN,NaN,NaN,NaN,NaN,NaN,NaN,0.117,0.132,0.138,0.15,0.163,0.182
28-Oct-2009,0.095,0.07,NaN,NaN,NaN,NaN,NaN,NaN,NaN,NaN,NaN,NaN,NaN,NaN,NaN,NaN,NaN,NaN,0.117,0.132,0.138,0.15,0.163,0.182
29-Oct-2009,0.1,0.105,NaN,NaN,NaN,NaN,NaN,NaN,NaN,NaN,NaN,NaN,NaN,NaN,NaN,NaN,NaN,NaN,0.117,0.131,0.138,0.15,0.163,0.182
30-Oct-2009,0.055,0.085,NaN,NaN,NaN,NaN,NaN,NaN,NaN,NaN,NaN,NaN,NaN,NaN,NaN,NaN,NaN,NaN,0.127,0.131,0.138,0.15,0.163,0.182
02-Nov-2009,0.13,0.125,NaN,NaN,NaN,NaN,NaN,NaN,NaN,NaN,NaN,NaN,NaN,NaN,NaN,NaN,NaN,NaN,0.122,0.131,0.138,0.151,0.164,0.182
03-Nov-2009,0.12,0.115,NaN,NaN,NaN,NaN,NaN,NaN,NaN,NaN,NaN,NaN,NaN,NaN,NaN,NaN,NaN,NaN,0.122,0.131,0.138,0.151,0.164,0.182
04-Nov-2009,0.13,0.11,NaN,NaN,NaN,NaN,NaN,NaN,NaN,NaN,NaN,NaN,NaN,NaN,NaN,NaN,NaN,NaN,0.116,0.131,0.138,0.152,0.164,0.182
05-Nov-2009,0.115,0.095,NaN,NaN,NaN,NaN,NaN,NaN,NaN,NaN,NaN,NaN,NaN,NaN,NaN,NaN,NaN,NaN,0.114,0.131,0.139,0.152,0.167,0.184
06-Nov-2009,0.13,0.105,NaN,NaN,NaN,NaN,NaN,NaN,NaN,NaN,NaN,NaN,NaN,NaN,NaN,NaN,NaN,NaN,0.114,0.133,0.139,0.153,0.169,0.185
09-Nov-2009,0.13,0.11,NaN,NaN,NaN,NaN,NaN,NaN,NaN,NaN,NaN,NaN,NaN,NaN,NaN,NaN,NaN,NaN,0.115,0.133,0.139,0.154,0.17,0.186
10-Nov-2009,0.09,0.095,NaN,NaN,NaN,NaN,NaN,NaN,NaN,NaN,NaN,NaN,NaN,NaN,NaN,NaN,NaN,NaN,0.117,0.133,0.139,0.154,0.171,0.186
11-Nov-2009,0.09,0.095,NaN,NaN,NaN,NaN,NaN,NaN,NaN,NaN,NaN,NaN,NaN,NaN,NaN,NaN,NaN,NaN,0.116,0.133,0.139,0.154,0.171,0.186
12-Nov-2009,0.09,0.125,NaN,NaN,NaN,NaN,NaN,NaN,NaN,NaN,NaN,NaN,NaN,NaN,NaN,NaN,NaN,NaN,0.114,0.132,0.139,0.154,0.171,0.186
13-Nov-2009,0.065,0.08,NaN,NaN,NaN,NaN,NaN,NaN,NaN,NaN,NaN,NaN,NaN,NaN,NaN,NaN,NaN,NaN,0.114,0.132,0.139,0.153,0.171,0.186
16-Nov-2009,0.11,0.095,NaN,NaN,NaN,NaN,NaN,NaN,NaN,NaN,NaN,NaN,NaN,NaN,NaN,NaN,NaN,NaN,0.119,0.132,0.139,0.153,0.171,0.187
17-Nov-2009,0.075,0.08,NaN,NaN,NaN,NaN,NaN,NaN,NaN,NaN,NaN,NaN,NaN,NaN,NaN,NaN,NaN,NaN,0.114,0.132,0.139,0.153,0.171,0.187
18-Nov-2009,0.065,0.065,NaN,NaN,NaN,NaN,NaN,NaN,NaN,NaN,NaN,NaN,NaN,NaN,NaN,NaN,NaN,NaN,0.112,0.132,0.139,0.153,0.171,0.187
19-Nov-2009,0.085,0.07,NaN,NaN,NaN,NaN,NaN,NaN,NaN,NaN,NaN,NaN,NaN,NaN,NaN,NaN,NaN,NaN,0.112,0.131,0.139,0.153,0.171,0.187
20-Nov-2009,0.09,0.08,NaN,NaN,NaN,NaN,NaN,NaN,NaN,NaN,NaN,NaN,NaN,NaN,NaN,NaN,NaN,NaN,0.114,0.132,0.139,0.153,0.171,0.187
23-Nov-2009,0.105,0.115,NaN,NaN,NaN,NaN,NaN,NaN,NaN,NaN,NaN,NaN,NaN,NaN,NaN,NaN,NaN,NaN,0.114,0.132,0.139,0.153,0.171,0.187
24-Nov-2009,0.095,0.1,NaN,NaN,NaN,NaN,NaN,NaN,NaN,NaN,NaN,NaN,NaN,NaN,NaN,NaN,NaN,NaN,0.134,0.134,0.139,0.153,0.171,0.187
25-Nov-2009,0.13,0.13,NaN,NaN,NaN,NaN,NaN,NaN,NaN,NaN,NaN,NaN,NaN,NaN,NaN,NaN,NaN,NaN,0.137,0.14,0.14,0.153,0.171,0.186
26-Nov-2009,0.13,0.13,NaN,NaN,NaN,NaN,NaN,NaN,NaN,NaN,NaN,NaN,NaN,NaN,NaN,NaN,NaN,NaN,0.127,0.141,0.144,0.154,0.171,0.186
27-Nov-2009,0.175,0.12,NaN,NaN,NaN,NaN,NaN,NaN,NaN,NaN,NaN,NaN,NaN,NaN,NaN,NaN,NaN,NaN,0.129,0.14,0.145,0.154,0.171,0.186
30-Nov-2009,0.185,0.155,NaN,NaN,NaN,NaN,NaN,NaN,NaN,NaN,NaN,NaN,NaN,NaN,NaN,NaN,NaN,NaN,0.165,0.141,0.147,0.154,0.171,0.186
01-Dec-2009,0.165,0.145,NaN,NaN,NaN,NaN,NaN,NaN,NaN,NaN,NaN,NaN,NaN,NaN,NaN,NaN,NaN,NaN,0.123,0.14,0.147,0.153,0.169,0.183
02-Dec-2009,0.135,0.105,NaN,NaN,NaN,NaN,NaN,NaN,NaN,NaN,NaN,NaN,NaN,NaN,NaN,NaN,NaN,NaN,0.104,0.113,0.124,0.127,0.139,0.151
03-Dec-2009,0.15,0.13,NaN,NaN,NaN,NaN,NaN,NaN,NaN,NaN,NaN,NaN,NaN,NaN,NaN,NaN,NaN,NaN,0.103,0.11,0.121,0.125,0.135,0.146
04-Dec-2009,0.16,0.15,NaN,NaN,NaN,NaN,NaN,NaN,NaN,NaN,NaN,NaN,NaN,NaN,NaN,NaN,NaN,NaN,0.108,0.116,0.123,0.126,0.135,0.146
07-Dec-2009,0.095,0.105,NaN,NaN,NaN,NaN,NaN,NaN,NaN,NaN,NaN,NaN,NaN,NaN,NaN,NaN,NaN,NaN,0.123,0.125,0.128,0.127,0.136,0.147
08-Dec-2009,0.065,0.065,NaN,NaN,NaN,NaN,NaN,NaN,NaN,NaN,NaN,NaN,NaN,NaN,NaN,NaN,NaN,NaN,0.11,0.121,0.126,0.127,0.135,0.145
09-Dec-2009,0.1,0.085,NaN,NaN,NaN,NaN,NaN,NaN,NaN,NaN,NaN,NaN,NaN,NaN,NaN,NaN,NaN,NaN,0.109,0.119,0.125,0.126,0.134,0.144
10-Dec-2009,0.17,0.17,NaN,NaN,NaN,NaN,NaN,NaN,NaN,NaN,NaN,NaN,NaN,NaN,NaN,NaN,NaN,NaN,0.108,0.12,0.125,0.127,0.134,0.144
11-Dec-2009,0.14,0.15,NaN,NaN,NaN,NaN,NaN,NaN,NaN,NaN,NaN,NaN,NaN,NaN,NaN,NaN,NaN,NaN,0.106,0.12,0.125,0.127,0.134,0.144
14-Dec-2009,0.16,0.145,NaN,NaN,NaN,NaN,NaN,NaN,NaN,NaN,NaN,NaN,NaN,NaN,NaN,NaN,NaN,NaN,0.105,0.119,0.124,0.126,0.134,0.144
15-Dec-2009,0.21,0.155,NaN,NaN,NaN,NaN,NaN,NaN,NaN,NaN,NaN,NaN,NaN,NaN,NaN,NaN,NaN,NaN,0.106,0.121,0.125,0.127,0.134,0.145
16-Dec-2009,0.165,0.145,NaN,NaN,NaN,NaN,NaN,NaN,NaN,NaN,NaN,NaN,NaN,NaN,NaN,NaN,NaN,NaN,0.113,0.122,0.126,0.127,0.134,0.144
17-Dec-2009,0.14,0.12,NaN,NaN,NaN,NaN,NaN,NaN,NaN,NaN,NaN,NaN,NaN,NaN,NaN,NaN,NaN,NaN,0.106,0.119,0.125,0.127,0.134,0.144
18-Dec-2009,0.17,0.11,NaN,NaN,NaN,NaN,NaN,NaN,NaN,NaN,NaN,NaN,NaN,NaN,NaN,NaN,NaN,NaN,0.105,0.121,0.125,0.127,0.134,0.144
21-Dec-2009,0.16,0.14,NaN,NaN,NaN,NaN,NaN,NaN,NaN,NaN,NaN,NaN,NaN,NaN,NaN,NaN,NaN,NaN,0.105,0.123,0.124,0.126,0.133,0.143
22-Dec-2009,0.15,0.04,NaN,NaN,NaN,NaN,NaN,NaN,NaN,NaN,NaN,NaN,NaN,NaN,NaN,NaN,NaN,NaN,0.105,0.123,0.123,0.126,0.132,0.142
23-Dec-2009,0.05,0.045,NaN,NaN,NaN,NaN,NaN,NaN,NaN,NaN,NaN,NaN,NaN,NaN,NaN,NaN,NaN,NaN,0.105,0.123,0.123,0.126,0.132,0.142
24-Dec-2009,0.08,0.035,NaN,NaN,NaN,NaN,NaN,NaN,NaN,NaN,NaN,NaN,NaN,NaN,NaN,NaN,NaN,NaN,0.107,0.123,0.122,0.126,0.132,0.142
25-Dec-2009,0.08,0.035,NaN,NaN,NaN,NaN,NaN,NaN,NaN,NaN,NaN,NaN,NaN,NaN,NaN,NaN,NaN,NaN,0.112,0.128,0.122,0.126,0.132,0.142
28-Dec-2009,0.07,0.045,NaN,NaN,NaN,NaN,NaN,NaN,NaN,NaN,NaN,NaN,NaN,NaN,NaN,NaN,NaN,NaN,0.118,0.122,0.122,0.126,0.132,0.142
29-Dec-2009,0.06,0.055,NaN,NaN,NaN,NaN,NaN,NaN,NaN,NaN,NaN,NaN,NaN,NaN,NaN,NaN,NaN,NaN,0.104,0.117,0.121,0.126,0.131,0.141
30-Dec-2009,0.045,0.055,NaN,NaN,NaN,NaN,NaN,NaN,NaN,NaN,NaN,NaN,NaN,NaN,NaN,NaN,NaN,NaN,0.103,0.115,0.121,0.126,0.131,0.141
31-Dec-2009,0.05,0.055,NaN,NaN,NaN,NaN,NaN,NaN,NaN,NaN,NaN,NaN,NaN,NaN,NaN,NaN,NaN,NaN,0.103,0.115,0.121,0.126,0.131,0.141
01-Jan-2010,0.05,0.055,NaN,NaN,NaN,NaN,NaN,NaN,NaN,NaN,NaN,NaN,NaN,NaN,NaN,NaN,NaN,NaN,0.103,0.115,0.121,0.126,0.131,0.141
04-Jan-2010,0.12,0.1,NaN,NaN,NaN,NaN,NaN,NaN,NaN,NaN,NaN,NaN,NaN,NaN,NaN,NaN,NaN,NaN,0.103,0.114,0.121,0.125,0.131,0.141
05-Jan-2010,0.09,0.1,NaN,NaN,NaN,NaN,NaN,NaN,NaN,NaN,NaN,NaN,NaN,NaN,NaN,NaN,NaN,NaN,0.103,0.115,0.121,0.125,0.131,0.141
06-Jan-2010,0.055,0.06,NaN,NaN,NaN,NaN,NaN,NaN,NaN,NaN,NaN,NaN,NaN,NaN,NaN,NaN,NaN,NaN,0.104,0.115,0.12,0.125,0.131,0.141
07-Jan-2010,0.065,0.045,NaN,NaN,NaN,NaN,NaN,NaN,NaN,NaN,NaN,NaN,NaN,NaN,NaN,NaN,NaN,NaN,0.106,0.116,0.12,0.125,0.131,0.141
08-Jan-2010,0.06,0.045,NaN,NaN,NaN,NaN,NaN,NaN,NaN,NaN,NaN,NaN,NaN,NaN,NaN,NaN,NaN,NaN,0.104,0.114,0.12,0.125,0.131,0.141
11-Jan-2010,0.05,0.05,NaN,NaN,NaN,NaN,NaN,NaN,NaN,NaN,NaN,NaN,NaN,NaN,NaN,NaN,NaN,NaN,0.104,0.114,0.12,0.125,0.131,0.141
12-Jan-2010,0.03,0.055,NaN,NaN,NaN,NaN,NaN,NaN,NaN,NaN,NaN,NaN,NaN,NaN,NaN,NaN,NaN,NaN,0.104,0.114,0.12,0.125,0.131,0.141
13-Jan-2010,0.05,0.075,NaN,NaN,NaN,NaN,NaN,NaN,NaN,NaN,NaN,NaN,NaN,NaN,NaN,NaN,NaN,NaN,0.103,0.114,0.12,0.125,0.131,0.141
14-Jan-2010,0.085,0.085,NaN,NaN,NaN,NaN,NaN,NaN,NaN,NaN,NaN,NaN,NaN,NaN,NaN,NaN,NaN,NaN,0.102,0.113,0.12,0.124,0.13,0.141
15-Jan-2010,0.12,0.095,NaN,NaN,NaN,NaN,NaN,NaN,NaN,NaN,NaN,NaN,NaN,NaN,NaN,NaN,NaN,NaN,0.102,0.111,0.119,0.124,0.13,0.14
18-Jan-2010,0.12,0.095,NaN,NaN,NaN,NaN,NaN,NaN,NaN,NaN,NaN,NaN,NaN,NaN,NaN,NaN,NaN,NaN,0.103,0.111,0.118,0.124,0.13,0.139
19-Jan-2010,0.145,0.1,NaN,NaN,NaN,NaN,NaN,NaN,NaN,NaN,NaN,NaN,NaN,NaN,NaN,NaN,NaN,NaN,0.102,0.11,0.117,0.123,0.13,0.139
20-Jan-2010,0.12,0.125,NaN,NaN,NaN,NaN,NaN,NaN,NaN,NaN,NaN,NaN,NaN,NaN,NaN,NaN,NaN,NaN,0.103,0.11,0.116,0.122,0.129,0.138
21-Jan-2010,0.125,0.11,NaN,NaN,NaN,NaN,NaN,NaN,NaN,NaN,NaN,NaN,NaN,NaN,NaN,NaN,NaN,NaN,0.103,0.11,0.115,0.121,0.129,0.137
22-Jan-2010,0.125,0.1,NaN,NaN,NaN,NaN,NaN,NaN,NaN,NaN,NaN,NaN,NaN,NaN,NaN,NaN,NaN,NaN,0.102,0.11,0.115,0.121,0.129,0.137
25-Jan-2010,0.11,0.09,NaN,NaN,NaN,NaN,NaN,NaN,NaN,NaN,NaN,NaN,NaN,NaN,NaN,NaN,NaN,NaN,0.103,0.11,0.114,0.121,0.129,0.137
26-Jan-2010,0.1,0.115,NaN,NaN,NaN,NaN,NaN,NaN,NaN,NaN,NaN,NaN,NaN,NaN,NaN,NaN,NaN,NaN,0.103,0.109,0.113,0.121,0.129,0.136
27-Jan-2010,0.115,0.095,NaN,NaN,NaN,NaN,NaN,NaN,NaN,NaN,NaN,NaN,NaN,NaN,NaN,NaN,NaN,NaN,0.103,0.109,0.112,0.12,0.128,0.136
28-Jan-2010,0.13,0.12,NaN,NaN,NaN,NaN,NaN,NaN,NaN,NaN,NaN,NaN,NaN,NaN,NaN,NaN,NaN,NaN,0.103,0.109,0.112,0.119,0.128,0.136
29-Jan-2010,0.13,0.13,NaN,NaN,NaN,NaN,NaN,NaN,NaN,NaN,NaN,NaN,NaN,NaN,NaN,NaN,NaN,NaN,0.103,0.109,0.112,0.119,0.128,0.136
01-Feb-2010,0.165,0.125,NaN,NaN,NaN,NaN,NaN,NaN,NaN,NaN,NaN,NaN,NaN,NaN,NaN,NaN,NaN,NaN,0.103,0.108,0.112,0.119,0.126,0.135
02-Feb-2010,0.165,0.125,NaN,NaN,NaN,NaN,NaN,NaN,NaN,NaN,NaN,NaN,NaN,NaN,NaN,NaN,NaN,NaN,0.103,0.108,0.112,0.119,0.126,0.135
03-Feb-2010,0.12,0.115,NaN,NaN,NaN,NaN,NaN,NaN,NaN,NaN,NaN,NaN,NaN,NaN,NaN,NaN,NaN,NaN,0.103,0.108,0.112,0.118,0.126,0.135
04-Feb-2010,0.12,0.13,NaN,NaN,NaN,NaN,NaN,NaN,NaN,NaN,NaN,NaN,NaN,NaN,NaN,NaN,NaN,NaN,0.106,0.109,0.112,0.118,0.126,0.135
05-Feb-2010,0.1,0.115,NaN,NaN,NaN,NaN,NaN,NaN,NaN,NaN,NaN,NaN,NaN,NaN,NaN,NaN,NaN,NaN,0.122,0.111,0.113,0.119,0.126,0.135
08-Feb-2010,0.12,0.11,NaN,NaN,NaN,NaN,NaN,NaN,NaN,NaN,NaN,NaN,NaN,NaN,NaN,NaN,NaN,NaN,0.119,0.114,0.113,0.119,0.126,0.135
09-Feb-2010,0.105,0.125,NaN,NaN,NaN,NaN,NaN,NaN,NaN,NaN,NaN,NaN,NaN,NaN,NaN,NaN,NaN,NaN,0.113,0.116,0.114,0.119,0.126,0.135
10-Feb-2010,0.095,0.115,NaN,NaN,NaN,NaN,NaN,NaN,NaN,NaN,NaN,NaN,NaN,NaN,NaN,NaN,NaN,NaN,0.112,0.119,0.115,0.12,0.126,0.135
11-Feb-2010,0.125,0.125,NaN,NaN,NaN,NaN,NaN,NaN,NaN,NaN,NaN,NaN,NaN,NaN,NaN,NaN,NaN,NaN,0.112,0.119,0.115,0.12,0.126,0.135
12-Feb-2010,0.125,0.11,NaN,NaN,NaN,NaN,NaN,NaN,NaN,NaN,NaN,NaN,NaN,NaN,NaN,NaN,NaN,NaN,0.11,0.12,0.116,0.121,0.126,0.135
15-Feb-2010,0.125,0.11,NaN,NaN,NaN,NaN,NaN,NaN,NaN,NaN,NaN,NaN,NaN,NaN,NaN,NaN,NaN,NaN,0.11,0.115,0.115,0.121,0.126,0.135
16-Feb-2010,0.135,0.12,NaN,NaN,NaN,NaN,NaN,NaN,NaN,NaN,NaN,NaN,NaN,NaN,NaN,NaN,NaN,NaN,0.107,0.111,0.115,0.121,0.126,0.135
17-Feb-2010,0.125,0.11,NaN,NaN,NaN,NaN,NaN,NaN,NaN,NaN,NaN,NaN,NaN,NaN,NaN,NaN,NaN,NaN,0.104,0.11,0.114,0.12,0.126,0.135
18-Feb-2010,0.135,0.12,NaN,NaN,NaN,NaN,NaN,NaN,NaN,NaN,NaN,NaN,NaN,NaN,NaN,NaN,NaN,NaN,0.104,0.109,0.114,0.12,0.126,0.134
19-Feb-2010,0.145,0.13,NaN,NaN,NaN,NaN,NaN,NaN,NaN,NaN,NaN,NaN,NaN,NaN,NaN,NaN,NaN,NaN,0.104,0.11,0.114,0.12,0.126,0.134
22-Feb-2010,0.115,0.105,NaN,NaN,NaN,NaN,NaN,NaN,NaN,NaN,NaN,NaN,NaN,NaN,NaN,NaN,NaN,NaN,0.11,0.111,0.114,0.12,0.126,0.134
23-Feb-2010,0.095,0.1,NaN,NaN,NaN,NaN,NaN,NaN,NaN,NaN,NaN,NaN,NaN,NaN,NaN,NaN,NaN,NaN,0.11,0.111,0.114,0.12,0.126,0.134
24-Feb-2010,0.12,0.11,NaN,NaN,NaN,NaN,NaN,NaN,NaN,NaN,NaN,NaN,NaN,NaN,NaN,NaN,NaN,NaN,0.114,0.118,0.117,0.121,0.126,0.134
25-Feb-2010,0.155,0.135,NaN,NaN,NaN,NaN,NaN,NaN,NaN,NaN,NaN,NaN,NaN,NaN,NaN,NaN,NaN,NaN,0.114,0.118,0.118,0.121,0.126,0.134
26-Feb-2010,0.13,0.125,NaN,NaN,NaN,NaN,NaN,NaN,NaN,NaN,NaN,NaN,NaN,NaN,NaN,NaN,NaN,NaN,0.117,0.116,0.118,0.121,0.126,0.134
01-Mar-2010,0.18,0.135,NaN,NaN,NaN,NaN,NaN,NaN,NaN,NaN,NaN,NaN,NaN,NaN,NaN,NaN,NaN,NaN,0.105,0.111,0.118,0.121,0.126,0.134
02-Mar-2010,0.15,0.145,NaN,NaN,NaN,NaN,NaN,NaN,NaN,NaN,NaN,NaN,NaN,NaN,NaN,NaN,NaN,NaN,0.104,0.108,0.117,0.121,0.126,0.134
03-Mar-2010,0.17,0.165,NaN,NaN,NaN,NaN,NaN,NaN,NaN,NaN,NaN,NaN,NaN,NaN,NaN,NaN,NaN,NaN,0.102,0.107,0.117,0.121,0.126,0.134
04-Mar-2010,0.17,0.155,NaN,NaN,NaN,NaN,NaN,NaN,NaN,NaN,NaN,NaN,NaN,NaN,NaN,NaN,NaN,NaN,0.101,0.107,0.116,0.121,0.126,0.134
05-Mar-2010,0.19,0.145,NaN,NaN,NaN,NaN,NaN,NaN,NaN,NaN,NaN,NaN,NaN,NaN,NaN,NaN,NaN,NaN,0.101,0.107,0.116,0.119,0.125,0.134
08-Mar-2010,0.15,0.145,NaN,NaN,NaN,NaN,NaN,NaN,NaN,NaN,NaN,NaN,NaN,NaN,NaN,NaN,NaN,NaN,0.101,0.107,0.116,0.12,0.125,0.134
09-Mar-2010,0.12,0.135,NaN,NaN,NaN,NaN,NaN,NaN,NaN,NaN,NaN,NaN,NaN,NaN,NaN,NaN,NaN,NaN,0.102,0.11,0.116,0.12,0.125,0.134
10-Mar-2010,0.135,0.135,NaN,NaN,NaN,NaN,NaN,NaN,NaN,NaN,NaN,NaN,NaN,NaN,NaN,NaN,NaN,NaN,0.104,0.11,0.116,0.12,0.125,0.134
11-Mar-2010,0.13,0.12,NaN,NaN,NaN,NaN,NaN,NaN,NaN,NaN,NaN,NaN,NaN,NaN,NaN,NaN,NaN,NaN,0.103,0.113,0.116,0.12,0.126,0.134
12-Mar-2010,0.15,0.155,NaN,NaN,NaN,NaN,NaN,NaN,NaN,NaN,NaN,NaN,NaN,NaN,NaN,NaN,NaN,NaN,0.103,0.111,0.116,0.12,0.126,0.134
15-Mar-2010,0.26,0.175,NaN,NaN,NaN,NaN,NaN,NaN,NaN,NaN,NaN,NaN,NaN,NaN,NaN,NaN,NaN,NaN,0.104,0.11,0.115,0.12,0.125,0.134
16-Mar-2010,0.2,0.165,NaN,NaN,NaN,NaN,NaN,NaN,NaN,NaN,NaN,NaN,NaN,NaN,NaN,NaN,NaN,NaN,0.105,0.11,0.115,0.12,0.126,0.134
17-Mar-2010,0.185,0.155,NaN,NaN,NaN,NaN,NaN,NaN,NaN,NaN,NaN,NaN,NaN,NaN,NaN,NaN,NaN,NaN,0.104,0.11,0.115,0.12,0.126,0.134
18-Mar-2010,0.21,0.145,NaN,NaN,NaN,NaN,NaN,NaN,NaN,NaN,NaN,NaN,NaN,NaN,NaN,NaN,NaN,NaN,0.105,0.111,0.115,0.12,0.126,0.134
19-Mar-2010,0.205,0.16,NaN,NaN,NaN,NaN,NaN,NaN,NaN,NaN,NaN,NaN,NaN,NaN,NaN,NaN,NaN,NaN,0.105,0.113,0.115,0.12,0.126,0.134
22-Mar-2010,0.195,0.185,NaN,NaN,NaN,NaN,NaN,NaN,NaN,NaN,NaN,NaN,NaN,NaN,NaN,NaN,NaN,NaN,0.105,0.113,0.115,0.12,0.126,0.134
23-Mar-2010,0.17,0.16,NaN,NaN,NaN,NaN,NaN,NaN,NaN,NaN,NaN,NaN,NaN,NaN,NaN,NaN,NaN,NaN,0.104,0.111,0.114,0.12,0.126,0.134
24-Mar-2010,0.155,0.145,NaN,NaN,NaN,NaN,NaN,NaN,NaN,NaN,NaN,NaN,NaN,NaN,NaN,NaN,NaN,NaN,0.104,0.11,0.114,0.12,0.125,0.134
25-Mar-2010,0.175,0.18,NaN,NaN,NaN,NaN,NaN,NaN,NaN,NaN,NaN,NaN,NaN,NaN,NaN,NaN,NaN,NaN,0.105,0.111,0.114,0.12,0.125,0.134
26-Mar-2010,0.16,0.18,NaN,NaN,NaN,NaN,NaN,NaN,NaN,NaN,NaN,NaN,NaN,NaN,NaN,NaN,NaN,NaN,0.105,0.116,0.114,0.12,0.125,0.134
29-Mar-2010,0.14,0.15,NaN,NaN,NaN,NaN,NaN,NaN,NaN,NaN,NaN,NaN,NaN,NaN,NaN,NaN,NaN,NaN,0.104,0.111,0.114,0.12,0.125,0.133
30-Mar-2010,0.155,0.16,NaN,NaN,NaN,NaN,NaN,NaN,NaN,NaN,NaN,NaN,NaN,NaN,NaN,NaN,NaN,NaN,0.104,0.11,0.113,0.12,0.125,0.133
31-Mar-2010,0.1,0.11,NaN,NaN,NaN,NaN,NaN,NaN,NaN,NaN,NaN,NaN,NaN,NaN,NaN,NaN,NaN,NaN,0.102,0.11,0.113,0.12,0.125,0.133
01-Apr-2010,0.19,0.185,NaN,NaN,NaN,NaN,NaN,NaN,NaN,NaN,NaN,NaN,NaN,NaN,NaN,NaN,NaN,NaN,0.103,0.11,0.113,0.12,0.125,0.133
02-Apr-2010,0.18,0.175,NaN,NaN,NaN,NaN,NaN,NaN,NaN,NaN,NaN,NaN,NaN,NaN,NaN,NaN,NaN,NaN,0.103,0.11,0.113,0.12,0.125,0.133
05-Apr-2010,0.205,0.19,NaN,NaN,NaN,NaN,NaN,NaN,NaN,NaN,NaN,NaN,NaN,NaN,NaN,NaN,NaN,NaN,0.105,0.111,0.114,0.12,0.125,0.133
06-Apr-2010,0.19,0.195,NaN,NaN,NaN,NaN,NaN,NaN,NaN,NaN,NaN,NaN,NaN,NaN,NaN,NaN,NaN,NaN,0.109,0.114,0.115,0.12,0.125,0.133
07-Apr-2010,0.19,0.195,NaN,NaN,NaN,NaN,NaN,NaN,NaN,NaN,NaN,NaN,NaN,NaN,NaN,NaN,NaN,NaN,0.109,0.113,0.115,0.12,0.125,0.133
08-Apr-2010,0.205,0.22,NaN,NaN,NaN,NaN,NaN,NaN,NaN,NaN,NaN,NaN,NaN,NaN,NaN,NaN,NaN,NaN,0.108,0.114,0.115,0.12,0.125,0.133
09-Apr-2010,0.195,0.195,NaN,NaN,NaN,NaN,NaN,NaN,NaN,NaN,NaN,NaN,NaN,NaN,NaN,NaN,NaN,NaN,0.111,0.118,0.116,0.12,0.125,0.133
12-Apr-2010,0.21,0.195,NaN,NaN,NaN,NaN,NaN,NaN,NaN,NaN,NaN,NaN,NaN,NaN,NaN,NaN,NaN,NaN,0.121,0.124,0.117,0.121,0.125,0.134
13-Apr-2010,0.195,0.205,NaN,NaN,NaN,NaN,NaN,NaN,NaN,NaN,NaN,NaN,NaN,NaN,NaN,NaN,NaN,NaN,0.116,0.124,0.118,0.12,0.125,0.134
14-Apr-2010,0.22,0.225,NaN,NaN,NaN,NaN,NaN,NaN,NaN,NaN,NaN,NaN,NaN,NaN,NaN,NaN,NaN,NaN,0.106,0.121,0.118,0.12,0.126,0.134
15-Apr-2010,0.24,0.215,NaN,NaN,NaN,NaN,NaN,NaN,NaN,NaN,NaN,NaN,NaN,NaN,NaN,NaN,NaN,NaN,0.106,0.12,0.118,0.12,0.126,0.134
16-Apr-2010,0.225,0.21,NaN,NaN,NaN,NaN,NaN,NaN,NaN,NaN,NaN,NaN,NaN,NaN,NaN,NaN,NaN,NaN,0.113,0.12,0.119,0.121,0.126,0.134
19-Apr-2010,0.195,0.2,NaN,NaN,NaN,NaN,NaN,NaN,NaN,NaN,NaN,NaN,NaN,NaN,NaN,NaN,NaN,NaN,0.107,0.12,0.118,0.121,0.127,0.134
20-Apr-2010,0.185,0.18,NaN,NaN,NaN,NaN,NaN,NaN,NaN,NaN,NaN,NaN,NaN,NaN,NaN,NaN,NaN,NaN,0.109,0.12,0.119,0.121,0.127,0.134
21-Apr-2010,0.185,0.19,NaN,NaN,NaN,NaN,NaN,NaN,NaN,NaN,NaN,NaN,NaN,NaN,NaN,NaN,NaN,NaN,0.112,0.121,0.12,0.121,0.127,0.134
22-Apr-2010,0.2,0.19,NaN,NaN,NaN,NaN,NaN,NaN,NaN,NaN,NaN,NaN,NaN,NaN,NaN,NaN,NaN,NaN,0.11,0.121,0.12,0.121,0.127,0.134
23-Apr-2010,0.21,0.205,NaN,NaN,NaN,NaN,NaN,NaN,NaN,NaN,NaN,NaN,NaN,NaN,NaN,NaN,NaN,NaN,0.108,0.12,0.12,0.121,0.127,0.134
26-Apr-2010,0.185,0.185,NaN,NaN,NaN,NaN,NaN,NaN,NaN,NaN,NaN,NaN,NaN,NaN,NaN,NaN,NaN,NaN,0.106,0.117,0.119,0.121,0.126,0.134
27-Apr-2010,0.195,0.17,NaN,NaN,NaN,NaN,NaN,NaN,NaN,NaN,NaN,NaN,NaN,NaN,NaN,NaN,NaN,NaN,0.105,0.115,0.117,0.121,0.126,0.134
28-Apr-2010,0.16,0.185,NaN,NaN,NaN,NaN,NaN,NaN,NaN,NaN,NaN,NaN,NaN,NaN,NaN,NaN,NaN,NaN,0.105,0.115,0.117,0.12,0.126,0.134
29-Apr-2010,0.17,0.175,NaN,NaN,NaN,NaN,NaN,NaN,NaN,NaN,NaN,NaN,NaN,NaN,NaN,NaN,NaN,NaN,0.105,0.115,0.117,0.12,0.126,0.134
30-Apr-2010,0.17,0.175,NaN,NaN,NaN,NaN,NaN,NaN,NaN,NaN,NaN,NaN,NaN,NaN,NaN,NaN,NaN,NaN,0.12,0.12,0.118,0.12,0.126,0.133
03-May-2010,0.22,0.185,NaN,NaN,NaN,NaN,NaN,NaN,NaN,NaN,NaN,NaN,NaN,NaN,NaN,NaN,NaN,NaN,0.12,0.12,0.118,0.12,0.126,0.133
04-May-2010,0.205,0.205,NaN,NaN,NaN,NaN,NaN,NaN,NaN,NaN,NaN,NaN,NaN,NaN,NaN,NaN,NaN,NaN,0.12,0.12,0.118,0.12,0.126,0.133
05-May-2010,0.195,0.19,NaN,NaN,NaN,NaN,NaN,NaN,NaN,NaN,NaN,NaN,NaN,NaN,NaN,NaN,NaN,NaN,0.12,0.12,0.118,0.12,0.126,0.133
06-May-2010,0.205,0.2,NaN,NaN,NaN,NaN,NaN,NaN,NaN,NaN,NaN,NaN,NaN,NaN,NaN,NaN,NaN,NaN,0.119,0.12,0.118,0.12,0.126,0.133
07-May-2010,0.215,0.22,NaN,NaN,NaN,NaN,NaN,NaN,NaN,NaN,NaN,NaN,NaN,NaN,NaN,NaN,NaN,NaN,0.108,0.12,0.119,0.12,0.126,0.133
10-May-2010,0.2,0.2,NaN,NaN,NaN,NaN,NaN,NaN,NaN,NaN,NaN,NaN,NaN,NaN,NaN,NaN,NaN,NaN,0.103,0.113,0.116,0.12,0.126,0.133
11-May-2010,0.2,0.19,NaN,NaN,NaN,NaN,NaN,NaN,NaN,NaN,NaN,NaN,NaN,NaN,NaN,NaN,NaN,NaN,0.101,0.111,0.116,0.12,0.126,0.133
12-May-2010,0.21,0.21,NaN,NaN,NaN,NaN,NaN,NaN,NaN,NaN,NaN,NaN,NaN,NaN,NaN,NaN,NaN,NaN,0.101,0.11,0.115,0.119,0.126,0.133
13-May-2010,0.225,0.235,NaN,NaN,NaN,NaN,NaN,NaN,NaN,NaN,NaN,NaN,NaN,NaN,NaN,NaN,NaN,NaN,0.101,0.11,0.115,0.12,0.125,0.133
14-May-2010,0.23,0.23,NaN,NaN,NaN,NaN,NaN,NaN,NaN,NaN,NaN,NaN,NaN,NaN,NaN,NaN,NaN,NaN,0.104,0.111,0.115,0.12,0.125,0.133
17-May-2010,0.265,0.26,NaN,NaN,NaN,NaN,NaN,NaN,NaN,NaN,NaN,NaN,NaN,NaN,NaN,NaN,NaN,NaN,0.103,0.111,0.115,0.119,0.125,0.132
18-May-2010,0.26,0.235,NaN,NaN,NaN,NaN,NaN,NaN,NaN,NaN,NaN,NaN,NaN,NaN,NaN,NaN,NaN,NaN,0.102,0.11,0.114,0.119,0.125,0.132
19-May-2010,0.235,0.235,NaN,NaN,NaN,NaN,NaN,NaN,NaN,NaN,NaN,NaN,NaN,NaN,NaN,NaN,NaN,NaN,0.102,0.11,0.114,0.119,0.124,0.132
20-May-2010,0.245,0.255,NaN,NaN,NaN,NaN,NaN,NaN,NaN,NaN,NaN,NaN,NaN,NaN,NaN,NaN,NaN,NaN,0.103,0.11,0.114,0.119,0.124,0.132
21-May-2010,0.215,0.23,NaN,NaN,NaN,NaN,NaN,NaN,NaN,NaN,NaN,NaN,NaN,NaN,NaN,NaN,NaN,NaN,0.103,0.11,0.113,0.119,0.124,0.132
24-May-2010,0.22,0.225,NaN,NaN,NaN,NaN,NaN,NaN,NaN,NaN,NaN,NaN,NaN,NaN,NaN,NaN,NaN,NaN,0.105,0.115,0.115,0.119,0.125,0.132
25-May-2010,0.21,0.215,NaN,NaN,NaN,NaN,NaN,NaN,NaN,NaN,NaN,NaN,NaN,NaN,NaN,NaN,NaN,NaN,0.106,0.116,0.116,0.119,0.124,0.132
26-May-2010,0.22,0.22,NaN,NaN,NaN,NaN,NaN,NaN,NaN,NaN,NaN,NaN,NaN,NaN,NaN,NaN,NaN,NaN,0.108,0.116,0.116,0.119,0.124,0.132
27-May-2010,0.23,0.215,NaN,NaN,NaN,NaN,NaN,NaN,NaN,NaN,NaN,NaN,NaN,NaN,NaN,NaN,NaN,NaN,0.11,0.12,0.116,0.119,0.124,0.132
28-May-2010,0.205,0.205,NaN,NaN,NaN,NaN,NaN,NaN,NaN,NaN,NaN,NaN,NaN,NaN,NaN,NaN,NaN,NaN,0.112,0.12,0.116,0.119,0.124,0.132
31-May-2010,0.205,0.205,NaN,NaN,NaN,NaN,NaN,NaN,NaN,NaN,NaN,NaN,NaN,NaN,NaN,NaN,NaN,NaN,0.106,0.115,0.115,0.119,0.124,0.132
01-Jun-2010,0.245,0.24,NaN,NaN,NaN,NaN,NaN,NaN,NaN,NaN,NaN,NaN,NaN,NaN,NaN,NaN,NaN,NaN,0.103,0.11,0.114,0.119,0.124,0.132
02-Jun-2010,0.23,0.24,NaN,NaN,NaN,NaN,NaN,NaN,NaN,NaN,NaN,NaN,NaN,NaN,NaN,NaN,NaN,NaN,0.101,0.109,0.114,0.119,0.124,0.132
03-Jun-2010,0.235,0.24,NaN,NaN,NaN,NaN,NaN,NaN,NaN,NaN,NaN,NaN,NaN,NaN,NaN,NaN,NaN,NaN,0.101,0.107,0.114,0.119,0.124,0.132
04-Jun-2010,0.225,0.225,NaN,NaN,NaN,NaN,NaN,NaN,NaN,NaN,NaN,NaN,NaN,NaN,NaN,NaN,NaN,NaN,0.101,0.108,0.114,0.119,0.124,0.132
07-Jun-2010,0.215,0.21,NaN,NaN,NaN,NaN,NaN,NaN,NaN,NaN,NaN,NaN,NaN,NaN,NaN,NaN,NaN,NaN,0.102,0.109,0.114,0.119,0.124,0.131
08-Jun-2010,0.205,0.215,NaN,NaN,NaN,NaN,NaN,NaN,NaN,NaN,NaN,NaN,NaN,NaN,NaN,NaN,NaN,NaN,0.103,0.11,0.114,0.119,0.124,0.131
09-Jun-2010,0.19,0.195,NaN,NaN,NaN,NaN,NaN,NaN,NaN,NaN,NaN,NaN,NaN,NaN,NaN,NaN,NaN,NaN,0.104,0.11,0.114,0.119,0.124,0.131
10-Jun-2010,0.18,0.18,NaN,NaN,NaN,NaN,NaN,NaN,NaN,NaN,NaN,NaN,NaN,NaN,NaN,NaN,NaN,NaN,0.109,0.119,0.116,0.119,0.124,0.131
11-Jun-2010,0.17,0.17,NaN,NaN,NaN,NaN,NaN,NaN,NaN,NaN,NaN,NaN,NaN,NaN,NaN,NaN,NaN,NaN,0.111,0.12,0.116,0.119,0.124,0.131
14-Jun-2010,0.19,0.19,NaN,NaN,NaN,NaN,NaN,NaN,NaN,NaN,NaN,NaN,NaN,NaN,NaN,NaN,NaN,NaN,0.104,0.12,0.116,0.119,0.124,0.131
15-Jun-2010,0.22,0.22,NaN,NaN,NaN,NaN,NaN,NaN,NaN,NaN,NaN,NaN,NaN,NaN,NaN,NaN,NaN,NaN,0.105,0.118,0.116,0.12,0.125,0.131
16-Jun-2010,0.185,0.19,NaN,NaN,NaN,NaN,NaN,NaN,NaN,NaN,NaN,NaN,NaN,NaN,NaN,NaN,NaN,NaN,0.106,0.118,0.116,0.12,0.124,0.131
17-Jun-2010,0.21,0.185,NaN,NaN,NaN,NaN,NaN,NaN,NaN,NaN,NaN,NaN,NaN,NaN,NaN,NaN,NaN,NaN,0.107,0.119,0.116,0.119,0.124,0.131
18-Jun-2010,0.22,0.215,NaN,NaN,NaN,NaN,NaN,NaN,NaN,NaN,NaN,NaN,NaN,NaN,NaN,NaN,NaN,NaN,0.107,0.121,0.116,0.12,0.125,0.131
21-Jun-2010,0.22,0.195,NaN,NaN,NaN,NaN,NaN,NaN,NaN,NaN,NaN,NaN,NaN,NaN,NaN,NaN,NaN,NaN,0.108,0.121,0.116,0.12,0.124,0.131
22-Jun-2010,0.205,0.19,NaN,NaN,NaN,NaN,NaN,NaN,NaN,NaN,NaN,NaN,NaN,NaN,NaN,NaN,NaN,NaN,0.11,0.124,0.115,0.12,0.125,0.131
23-Jun-2010,0.165,0.165,NaN,NaN,NaN,NaN,NaN,NaN,NaN,NaN,NaN,NaN,NaN,NaN,NaN,NaN,NaN,NaN,0.109,0.123,0.115,0.12,0.125,0.131
24-Jun-2010,0.17,0.17,NaN,NaN,NaN,NaN,NaN,NaN,NaN,NaN,NaN,NaN,NaN,NaN,NaN,NaN,NaN,NaN,0.109,0.124,0.116,0.12,0.125,0.131
25-Jun-2010,0.195,0.02,NaN,NaN,NaN,NaN,NaN,NaN,NaN,NaN,NaN,NaN,NaN,NaN,NaN,NaN,NaN,NaN,0.109,0.128,0.116,0.12,0.125,0.131
28-Jun-2010,0.195,0.205,NaN,NaN,NaN,NaN,NaN,NaN,NaN,NaN,NaN,NaN,NaN,NaN,NaN,NaN,NaN,NaN,0.11,0.124,0.116,0.12,0.125,0.131
29-Jun-2010,0.185,0.2,NaN,NaN,NaN,NaN,NaN,NaN,NaN,NaN,NaN,NaN,NaN,NaN,NaN,NaN,NaN,NaN,0.107,0.118,0.116,0.12,0.125,0.131
30-Jun-2010,0.055,0.055,NaN,NaN,NaN,NaN,NaN,NaN,NaN,NaN,NaN,NaN,NaN,NaN,NaN,NaN,NaN,NaN,0.108,0.115,0.116,0.12,0.125,0.131
01-Jul-2010,0.26,0.24,NaN,NaN,NaN,NaN,NaN,NaN,NaN,NaN,NaN,NaN,NaN,NaN,NaN,NaN,NaN,NaN,0.105,0.113,0.116,0.12,0.125,0.131
02-Jul-2010,0.25,0.23,NaN,NaN,NaN,NaN,NaN,NaN,NaN,NaN,NaN,NaN,NaN,NaN,NaN,NaN,NaN,NaN,0.106,0.114,0.116,0.12,0.125,0.131
05-Jul-2010,0.25,0.23,NaN,NaN,NaN,NaN,NaN,NaN,NaN,NaN,NaN,NaN,NaN,NaN,NaN,NaN,NaN,NaN,0.109,0.115,0.116,0.12,0.125,0.13
06-Jul-2010,0.255,0.255,NaN,NaN,NaN,NaN,NaN,NaN,NaN,NaN,NaN,NaN,NaN,NaN,NaN,NaN,NaN,NaN,0.108,0.115,0.116,0.12,0.125,0.13
07-Jul-2010,0.215,0.23,NaN,NaN,NaN,NaN,NaN,NaN,NaN,NaN,NaN,NaN,NaN,NaN,NaN,NaN,NaN,NaN,0.11,0.115,0.116,0.12,0.125,0.13
08-Jul-2010,0.24,0.22,NaN,NaN,NaN,NaN,NaN,NaN,NaN,NaN,NaN,NaN,NaN,NaN,NaN,NaN,NaN,NaN,0.11,0.119,0.116,0.12,0.125,0.13
09-Jul-2010,0.22,0.215,NaN,NaN,NaN,NaN,NaN,NaN,NaN,NaN,NaN,NaN,NaN,NaN,NaN,NaN,NaN,NaN,0.116,0.121,0.116,0.12,0.125,0.13
12-Jul-2010,0.21,0.2,NaN,NaN,NaN,NaN,NaN,NaN,NaN,NaN,NaN,NaN,NaN,NaN,NaN,NaN,NaN,NaN,0.112,0.121,0.115,0.119,0.125,0.13
13-Jul-2010,0.185,0.195,NaN,NaN,NaN,NaN,NaN,NaN,NaN,NaN,NaN,NaN,NaN,NaN,NaN,NaN,NaN,NaN,0.105,0.115,0.115,0.12,0.125,0.13
14-Jul-2010,0.21,0.195,NaN,NaN,NaN,NaN,NaN,NaN,NaN,NaN,NaN,NaN,NaN,NaN,NaN,NaN,NaN,NaN,0.103,0.112,0.115,0.12,0.125,0.13
15-Jul-2010,0.275,0.26,NaN,NaN,NaN,NaN,NaN,NaN,NaN,NaN,NaN,NaN,NaN,NaN,NaN,NaN,NaN,NaN,0.104,0.111,0.115,0.12,0.124,0.13
16-Jul-2010,0.275,0.27,NaN,NaN,NaN,NaN,NaN,NaN,NaN,NaN,NaN,NaN,NaN,NaN,NaN,NaN,NaN,NaN,0.104,0.111,0.115,0.12,0.124,0.13
19-Jul-2010,0.225,0.23,NaN,NaN,NaN,NaN,NaN,NaN,NaN,NaN,NaN,NaN,NaN,NaN,NaN,NaN,NaN,NaN,0.104,0.111,0.115,0.12,0.124,0.13
20-Jul-2010,0.23,0.235,NaN,NaN,NaN,NaN,NaN,NaN,NaN,NaN,NaN,NaN,NaN,NaN,NaN,NaN,NaN,NaN,0.104,0.11,0.115,0.119,0.124,0.13
21-Jul-2010,0.22,0.215,NaN,NaN,NaN,NaN,NaN,NaN,NaN,NaN,NaN,NaN,NaN,NaN,NaN,NaN,NaN,NaN,0.102,0.11,0.114,0.119,0.124,0.13
22-Jul-2010,0.24,0.24,NaN,NaN,NaN,NaN,NaN,NaN,NaN,NaN,NaN,NaN,NaN,NaN,NaN,NaN,NaN,NaN,0.104,0.11,0.114,0.119,0.124,0.13
23-Jul-2010,0.23,0.23,NaN,NaN,NaN,NaN,NaN,NaN,NaN,NaN,NaN,NaN,NaN,NaN,NaN,NaN,NaN,NaN,0.105,0.11,0.114,0.119,0.124,0.13
26-Jul-2010,0.22,0.22,NaN,NaN,NaN,NaN,NaN,NaN,NaN,NaN,NaN,NaN,NaN,NaN,NaN,NaN,NaN,NaN,0.106,0.11,0.114,0.119,0.124,0.13
27-Jul-2010,0.205,0.22,NaN,NaN,NaN,NaN,NaN,NaN,NaN,NaN,NaN,NaN,NaN,NaN,NaN,NaN,NaN,NaN,0.106,0.11,0.114,0.119,0.124,0.13
28-Jul-2010,0.22,0.215,NaN,NaN,NaN,NaN,NaN,NaN,NaN,NaN,NaN,NaN,NaN,NaN,NaN,NaN,NaN,NaN,0.105,0.11,0.114,0.119,0.124,0.13
29-Jul-2010,0.225,0.22,NaN,NaN,NaN,NaN,NaN,NaN,NaN,NaN,NaN,NaN,NaN,NaN,NaN,NaN,NaN,NaN,0.105,0.11,0.114,0.119,0.124,0.13
30-Jul-2010,0.215,0.225,NaN,NaN,NaN,NaN,NaN,NaN,NaN,NaN,NaN,NaN,NaN,NaN,NaN,NaN,NaN,NaN,0.117,0.11,0.114,0.119,0.124,0.13
02-Aug-2010,0.27,0.28,NaN,NaN,NaN,NaN,NaN,NaN,NaN,NaN,NaN,NaN,NaN,NaN,NaN,NaN,NaN,NaN,0.105,0.11,0.114,0.119,0.124,0.13
03-Aug-2010,0.245,0.25,NaN,NaN,NaN,NaN,NaN,NaN,NaN,NaN,NaN,NaN,NaN,NaN,NaN,NaN,NaN,NaN,0.104,0.11,0.114,0.119,0.124,0.13
04-Aug-2010,0.235,0.22,NaN,NaN,NaN,NaN,NaN,NaN,NaN,NaN,NaN,NaN,NaN,NaN,NaN,NaN,NaN,NaN,0.105,0.109,0.114,0.119,0.124,0.129
05-Aug-2010,0.255,0.24,NaN,NaN,NaN,NaN,NaN,NaN,NaN,NaN,NaN,NaN,NaN,NaN,NaN,NaN,NaN,NaN,0.105,0.109,0.114,0.119,0.124,0.129
06-Aug-2010,0.235,0.23,NaN,NaN,NaN,NaN,NaN,NaN,NaN,NaN,NaN,NaN,NaN,NaN,NaN,NaN,NaN,NaN,0.105,0.109,0.114,0.119,0.124,0.129
09-Aug-2010,0.22,0.215,NaN,NaN,NaN,NaN,NaN,NaN,NaN,NaN,NaN,NaN,NaN,NaN,NaN,NaN,NaN,NaN,0.105,0.109,0.114,0.119,0.124,0.129
10-Aug-2010,0.21,0.215,NaN,NaN,NaN,NaN,NaN,NaN,NaN,NaN,NaN,NaN,NaN,NaN,NaN,NaN,NaN,NaN,0.109,0.109,0.114,0.119,0.124,0.129
11-Aug-2010,0.19,0.205,NaN,NaN,NaN,NaN,NaN,NaN,NaN,NaN,NaN,NaN,NaN,NaN,NaN,NaN,NaN,NaN,0.105,0.11,0.114,0.118,0.124,0.129
12-Aug-2010,0.225,0.225,NaN,NaN,NaN,NaN,NaN,NaN,NaN,NaN,NaN,NaN,NaN,NaN,NaN,NaN,NaN,NaN,0.105,0.11,0.113,0.118,0.123,0.129
13-Aug-2010,0.24,0.24,NaN,NaN,NaN,NaN,NaN,NaN,NaN,NaN,NaN,NaN,NaN,NaN,NaN,NaN,NaN,NaN,0.105,0.11,0.113,0.118,0.123,0.129
16-Aug-2010,0.295,0.29,NaN,NaN,NaN,NaN,NaN,NaN,NaN,NaN,NaN,NaN,NaN,NaN,NaN,NaN,NaN,NaN,0.11,0.11,0.113,0.118,0.123,0.129
17-Aug-2010,0.255,0.25,NaN,NaN,NaN,NaN,NaN,NaN,NaN,NaN,NaN,NaN,NaN,NaN,NaN,NaN,NaN,NaN,0.113,0.11,0.114,0.118,0.123,0.129
18-Aug-2010,0.22,0.225,NaN,NaN,NaN,NaN,NaN,NaN,NaN,NaN,NaN,NaN,NaN,NaN,NaN,NaN,NaN,NaN,0.111,0.11,0.114,0.118,0.123,0.128
19-Aug-2010,0.22,0.22,NaN,NaN,NaN,NaN,NaN,NaN,NaN,NaN,NaN,NaN,NaN,NaN,NaN,NaN,NaN,NaN,0.109,0.11,0.113,0.117,0.122,0.126
20-Aug-2010,0.21,0.215,NaN,NaN,NaN,NaN,NaN,NaN,NaN,NaN,NaN,NaN,NaN,NaN,NaN,NaN,NaN,NaN,0.111,0.11,0.112,0.116,0.121,0.125
23-Aug-2010,0.225,0.22,NaN,NaN,NaN,NaN,NaN,NaN,NaN,NaN,NaN,NaN,NaN,NaN,NaN,NaN,NaN,NaN,0.119,0.112,0.112,0.117,0.121,0.125
24-Aug-2010,0.195,0.205,NaN,NaN,NaN,NaN,NaN,NaN,NaN,NaN,NaN,NaN,NaN,NaN,NaN,NaN,NaN,NaN,0.113,0.113,0.112,0.116,0.121,0.125
25-Aug-2010,0.215,0.215,NaN,NaN,NaN,NaN,NaN,NaN,NaN,NaN,NaN,NaN,NaN,NaN,NaN,NaN,NaN,NaN,0.108,0.112,0.112,0.116,0.121,0.124
26-Aug-2010,0.255,0.25,NaN,NaN,NaN,NaN,NaN,NaN,NaN,NaN,NaN,NaN,NaN,NaN,NaN,NaN,NaN,NaN,0.109,0.112,0.111,0.116,0.12,0.124
27-Aug-2010,0.215,0.205,NaN,NaN,NaN,NaN,NaN,NaN,NaN,NaN,NaN,NaN,NaN,NaN,NaN,NaN,NaN,NaN,0.111,0.116,0.112,0.116,0.12,0.124
30-Aug-2010,0.24,0.24,NaN,NaN,NaN,NaN,NaN,NaN,NaN,NaN,NaN,NaN,NaN,NaN,NaN,NaN,NaN,NaN,0.116,0.115,0.112,0.116,0.119,0.123
31-Aug-2010,0.265,0.25,NaN,NaN,NaN,NaN,NaN,NaN,NaN,NaN,NaN,NaN,NaN,NaN,NaN,NaN,NaN,NaN,0.109,0.111,0.112,0.115,0.119,0.122
01-Sep-2010,0.195,0.2,NaN,NaN,NaN,NaN,NaN,NaN,NaN,NaN,NaN,NaN,NaN,NaN,NaN,NaN,NaN,NaN,0.107,0.11,0.111,0.116,0.119,0.122
02-Sep-2010,0.23,0.235,NaN,NaN,NaN,NaN,NaN,NaN,NaN,NaN,NaN,NaN,NaN,NaN,NaN,NaN,NaN,NaN,0.106,0.11,0.111,0.115,0.118,0.122
03-Sep-2010,0.21,0.215,NaN,NaN,NaN,NaN,NaN,NaN,NaN,NaN,NaN,NaN,NaN,NaN,NaN,NaN,NaN,NaN,0.105,0.109,0.111,0.115,0.118,0.121
06-Sep-2010,0.21,0.215,NaN,NaN,NaN,NaN,NaN,NaN,NaN,NaN,NaN,NaN,NaN,NaN,NaN,NaN,NaN,NaN,0.105,0.109,0.111,0.115,0.118,0.121
07-Sep-2010,0.19,0.21,NaN,NaN,NaN,NaN,NaN,NaN,NaN,NaN,NaN,NaN,NaN,NaN,NaN,NaN,NaN,NaN,0.105,0.109,0.111,0.115,0.117,0.121
08-Sep-2010,0.18,0.185,NaN,NaN,NaN,NaN,NaN,NaN,NaN,NaN,NaN,NaN,NaN,NaN,NaN,NaN,NaN,NaN,0.105,0.109,0.11,0.114,0.117,0.121
09-Sep-2010,0.21,0.2,NaN,NaN,NaN,NaN,NaN,NaN,NaN,NaN,NaN,NaN,NaN,NaN,NaN,NaN,NaN,NaN,0.106,0.11,0.111,0.114,0.117,0.121
10-Sep-2010,0.22,0.22,NaN,NaN,NaN,NaN,NaN,NaN,NaN,NaN,NaN,NaN,NaN,NaN,NaN,NaN,NaN,NaN,0.107,0.111,0.111,0.114,0.117,0.121
13-Sep-2010,0.21,0.22,NaN,NaN,NaN,NaN,NaN,NaN,NaN,NaN,NaN,NaN,NaN,NaN,NaN,NaN,NaN,NaN,0.106,0.11,0.111,0.114,0.117,0.121
14-Sep-2010,0.235,0.25,NaN,NaN,NaN,NaN,NaN,NaN,NaN,NaN,NaN,NaN,NaN,NaN,NaN,NaN,NaN,NaN,0.104,0.11,0.111,0.114,0.117,0.121
15-Sep-2010,0.32,0.265,NaN,NaN,NaN,NaN,NaN,NaN,NaN,NaN,NaN,NaN,NaN,NaN,NaN,NaN,NaN,NaN,0.105,0.11,0.111,0.114,0.117,0.121
16-Sep-2010,0.32,0.265,NaN,NaN,NaN,NaN,NaN,NaN,NaN,NaN,NaN,NaN,NaN,NaN,NaN,NaN,NaN,NaN,0.105,0.115,0.112,0.115,0.117,0.121
17-Sep-2010,0.235,0.25,NaN,NaN,NaN,NaN,NaN,NaN,NaN,NaN,NaN,NaN,NaN,NaN,NaN,NaN,NaN,NaN,0.104,0.117,0.112,0.115,0.117,0.121
20-Sep-2010,0.25,0.24,NaN,NaN,NaN,NaN,NaN,NaN,NaN,NaN,NaN,NaN,NaN,NaN,NaN,NaN,NaN,NaN,0.104,0.117,0.112,0.115,0.117,0.121
21-Sep-2010,0.255,0.225,NaN,NaN,NaN,NaN,NaN,NaN,NaN,NaN,NaN,NaN,NaN,NaN,NaN,NaN,NaN,NaN,0.106,0.116,0.112,0.115,0.117,0.121
22-Sep-2010,0.24,0.245,NaN,NaN,NaN,NaN,NaN,NaN,NaN,NaN,NaN,NaN,NaN,NaN,NaN,NaN,NaN,NaN,0.106,0.116,0.112,0.115,0.117,0.121
23-Sep-2010,0.23,0.23,NaN,NaN,NaN,NaN,NaN,NaN,NaN,NaN,NaN,NaN,NaN,NaN,NaN,NaN,NaN,NaN,0.106,0.116,0.112,0.115,0.117,0.121
24-Sep-2010,0.22,0.22,NaN,NaN,NaN,NaN,NaN,NaN,NaN,NaN,NaN,NaN,NaN,NaN,NaN,NaN,NaN,NaN,0.109,0.118,0.113,0.115,0.117,0.121
27-Sep-2010,0.23,0.23,NaN,NaN,NaN,NaN,NaN,NaN,NaN,NaN,NaN,NaN,NaN,NaN,NaN,NaN,NaN,NaN,0.108,0.118,0.112,0.115,0.117,0.121
28-Sep-2010,0.25,0.24,NaN,NaN,NaN,NaN,NaN,NaN,NaN,NaN,NaN,NaN,NaN,NaN,NaN,NaN,NaN,NaN,0.106,0.117,0.112,0.115,0.117,0.121
29-Sep-2010,0.23,0.23,NaN,NaN,NaN,NaN,NaN,NaN,NaN,NaN,NaN,NaN,NaN,NaN,NaN,NaN,NaN,NaN,0.105,0.114,0.111,0.115,0.117,0.121
30-Sep-2010,0.27,0.26,NaN,NaN,NaN,NaN,NaN,NaN,NaN,NaN,NaN,NaN,NaN,NaN,NaN,NaN,NaN,NaN,0.216,0.113,0.111,0.115,0.117,0.121
01-Oct-2010,0.25,0.245,NaN,NaN,NaN,NaN,NaN,NaN,NaN,NaN,NaN,NaN,NaN,NaN,NaN,NaN,NaN,NaN,0.104,0.111,0.111,0.115,0.117,0.12
04-Oct-2010,0.23,0.215,NaN,NaN,NaN,NaN,NaN,NaN,NaN,NaN,NaN,NaN,NaN,NaN,NaN,NaN,NaN,NaN,0.104,0.111,0.111,0.115,0.117,0.12
05-Oct-2010,0.24,0.225,NaN,NaN,NaN,NaN,NaN,NaN,NaN,NaN,NaN,NaN,NaN,NaN,NaN,NaN,NaN,NaN,0.105,0.11,0.111,0.115,0.117,0.12
06-Oct-2010,0.225,0.215,NaN,NaN,NaN,NaN,NaN,NaN,NaN,NaN,NaN,NaN,NaN,NaN,NaN,NaN,NaN,NaN,0.104,0.106,0.108,0.11,0.113,0.116
07-Oct-2010,0.185,0.205,NaN,NaN,NaN,NaN,NaN,NaN,NaN,NaN,NaN,NaN,NaN,NaN,NaN,NaN,NaN,NaN,0.105,0.106,0.108,0.109,0.112,0.114
08-Oct-2010,0.195,0.2,NaN,NaN,NaN,NaN,NaN,NaN,NaN,NaN,NaN,NaN,NaN,NaN,NaN,NaN,NaN,NaN,0.105,0.108,0.109,0.11,0.111,0.114
11-Oct-2010,0.195,0.2,NaN,NaN,NaN,NaN,NaN,NaN,NaN,NaN,NaN,NaN,NaN,NaN,NaN,NaN,NaN,NaN,0.105,0.108,0.109,0.11,0.111,0.114
12-Oct-2010,0.205,0.2,NaN,NaN,NaN,NaN,NaN,NaN,NaN,NaN,NaN,NaN,NaN,NaN,NaN,NaN,NaN,NaN,0.103,0.106,0.108,0.109,0.111,0.114
13-Oct-2010,0.215,0.225,NaN,NaN,NaN,NaN,NaN,NaN,NaN,NaN,NaN,NaN,NaN,NaN,NaN,NaN,NaN,NaN,0.102,0.106,0.108,0.11,0.111,0.114
14-Oct-2010,0.25,0.25,NaN,NaN,NaN,NaN,NaN,NaN,NaN,NaN,NaN,NaN,NaN,NaN,NaN,NaN,NaN,NaN,0.104,0.11,0.109,0.11,0.111,0.114
15-Oct-2010,0.275,0.275,NaN,NaN,NaN,NaN,NaN,NaN,NaN,NaN,NaN,NaN,NaN,NaN,NaN,NaN,NaN,NaN,0.127,0.111,0.109,0.11,0.111,0.114
18-Oct-2010,0.265,0.265,NaN,NaN,NaN,NaN,NaN,NaN,NaN,NaN,NaN,NaN,NaN,NaN,NaN,NaN,NaN,NaN,0.12,0.112,0.109,0.11,0.111,0.114
19-Oct-2010,0.215,0.23,NaN,NaN,NaN,NaN,NaN,NaN,NaN,NaN,NaN,NaN,NaN,NaN,NaN,NaN,NaN,NaN,0.112,0.111,0.109,0.11,0.111,0.114
20-Oct-2010,0.205,0.21,NaN,NaN,NaN,NaN,NaN,NaN,NaN,NaN,NaN,NaN,NaN,NaN,NaN,NaN,NaN,NaN,0.112,0.113,0.11,0.11,0.111,0.115
21-Oct-2010,0.23,0.23,NaN,NaN,NaN,NaN,NaN,NaN,NaN,NaN,NaN,NaN,NaN,NaN,NaN,NaN,NaN,NaN,0.114,0.115,0.11,0.11,0.111,0.116
22-Oct-2010,0.24,0.24,NaN,NaN,NaN,NaN,NaN,NaN,NaN,NaN,NaN,NaN,NaN,NaN,NaN,NaN,NaN,NaN,0.111,0.116,0.111,0.111,0.111,0.115
25-Oct-2010,0.22,0.22,NaN,NaN,NaN,NaN,NaN,NaN,NaN,NaN,NaN,NaN,NaN,NaN,NaN,NaN,NaN,NaN,0.118,0.117,0.111,0.111,0.111,0.116
26-Oct-2010,0.21,0.215,NaN,NaN,NaN,NaN,NaN,NaN,NaN,NaN,NaN,NaN,NaN,NaN,NaN,NaN,NaN,NaN,0.106,0.115,0.111,0.111,0.111,0.116
27-Oct-2010,0.19,0.2,NaN,NaN,NaN,NaN,NaN,NaN,NaN,NaN,NaN,NaN,NaN,NaN,NaN,NaN,NaN,NaN,0.105,0.114,0.11,0.111,0.111,0.116
28-Oct-2010,0.225,0.225,NaN,NaN,NaN,NaN,NaN,NaN,NaN,NaN,NaN,NaN,NaN,NaN,NaN,NaN,NaN,NaN,0.106,0.115,0.11,0.111,0.111,0.116
29-Oct-2010,0.225,0.215,NaN,NaN,NaN,NaN,NaN,NaN,NaN,NaN,NaN,NaN,NaN,NaN,NaN,NaN,NaN,NaN,0.124,0.115,0.11,0.111,0.111,0.116
01-Nov-2010,0.275,0.28,NaN,NaN,NaN,NaN,NaN,NaN,NaN,NaN,NaN,NaN,NaN,NaN,NaN,NaN,NaN,NaN,0.105,0.112,0.11,0.11,0.111,0.115
02-Nov-2010,0.235,0.235,NaN,NaN,NaN,NaN,NaN,NaN,NaN,NaN,NaN,NaN,NaN,NaN,NaN,NaN,NaN,NaN,0.107,0.111,0.11,0.11,0.111,0.116
03-Nov-2010,0.22,0.22,NaN,NaN,NaN,NaN,NaN,NaN,NaN,NaN,NaN,NaN,NaN,NaN,NaN,NaN,NaN,NaN,0.107,0.111,0.11,0.11,0.111,0.116
04-Nov-2010,0.22,0.215,NaN,NaN,NaN,NaN,NaN,NaN,NaN,NaN,NaN,NaN,NaN,NaN,NaN,NaN,NaN,NaN,0.127,0.117,0.11,0.111,0.112,0.116
05-Nov-2010,0.21,0.205,NaN,NaN,NaN,NaN,NaN,NaN,NaN,NaN,NaN,NaN,NaN,NaN,NaN,NaN,NaN,NaN,0.114,0.119,0.11,0.111,0.112,0.116
08-Nov-2010,0.19,0.19,NaN,NaN,NaN,NaN,NaN,NaN,NaN,NaN,NaN,NaN,NaN,NaN,NaN,NaN,NaN,NaN,0.108,0.115,0.11,0.111,0.113,0.116
09-Nov-2010,0.195,0.195,NaN,NaN,NaN,NaN,NaN,NaN,NaN,NaN,NaN,NaN,NaN,NaN,NaN,NaN,NaN,NaN,0.105,0.111,0.11,0.11,0.113,0.116
10-Nov-2010,0.19,0.195,NaN,NaN,NaN,NaN,NaN,NaN,NaN,NaN,NaN,NaN,NaN,NaN,NaN,NaN,NaN,NaN,0.111,0.114,0.11,0.11,0.113,0.116
11-Nov-2010,0.19,0.195,NaN,NaN,NaN,NaN,NaN,NaN,NaN,NaN,NaN,NaN,NaN,NaN,NaN,NaN,NaN,NaN,0.105,0.115,0.111,0.11,0.113,0.116
12-Nov-2010,0.22,0.205,NaN,NaN,NaN,NaN,NaN,NaN,NaN,NaN,NaN,NaN,NaN,NaN,NaN,NaN,NaN,NaN,0.104,0.115,0.111,0.11,0.113,0.116
15-Nov-2010,0.29,0.275,NaN,NaN,NaN,NaN,NaN,NaN,NaN,NaN,NaN,NaN,NaN,NaN,NaN,NaN,NaN,NaN,0.103,0.111,0.11,0.111,0.113,0.116
16-Nov-2010,0.255,0.22,NaN,NaN,NaN,NaN,NaN,NaN,NaN,NaN,NaN,NaN,NaN,NaN,NaN,NaN,NaN,NaN,0.103,0.111,0.111,0.111,0.114,0.117
17-Nov-2010,0.24,0.22,NaN,NaN,NaN,NaN,NaN,NaN,NaN,NaN,NaN,NaN,NaN,NaN,NaN,NaN,NaN,NaN,0.105,0.112,0.112,0.112,0.115,0.117
18-Nov-2010,0.23,0.26,NaN,NaN,NaN,NaN,NaN,NaN,NaN,NaN,NaN,NaN,NaN,NaN,NaN,NaN,NaN,NaN,0.105,0.114,0.113,0.113,0.115,0.119
19-Nov-2010,0.22,0.235,NaN,NaN,NaN,NaN,NaN,NaN,NaN,NaN,NaN,NaN,NaN,NaN,NaN,NaN,NaN,NaN,0.104,0.114,0.113,0.113,0.116,0.119
22-Nov-2010,0.22,0.215,NaN,NaN,NaN,NaN,NaN,NaN,NaN,NaN,NaN,NaN,NaN,NaN,NaN,NaN,NaN,NaN,0.104,0.115,0.114,0.114,0.116,0.119
23-Nov-2010,0.2,0.205,NaN,NaN,NaN,NaN,NaN,NaN,NaN,NaN,NaN,NaN,NaN,NaN,NaN,NaN,NaN,NaN,0.104,0.115,0.114,0.114,0.116,0.119
24-Nov-2010,0.23,0.23,NaN,NaN,NaN,NaN,NaN,NaN,NaN,NaN,NaN,NaN,NaN,NaN,NaN,NaN,NaN,NaN,0.104,0.116,0.114,0.114,0.116,0.12
25-Nov-2010,0.23,0.23,NaN,NaN,NaN,NaN,NaN,NaN,NaN,NaN,NaN,NaN,NaN,NaN,NaN,NaN,NaN,NaN,0.108,0.119,0.116,0.116,0.117,0.121
26-Nov-2010,0.25,0.24,NaN,NaN,NaN,NaN,NaN,NaN,NaN,NaN,NaN,NaN,NaN,NaN,NaN,NaN,NaN,NaN,0.111,0.119,0.116,0.117,0.118,0.122
29-Nov-2010,0.215,0.235,NaN,NaN,NaN,NaN,NaN,NaN,NaN,NaN,NaN,NaN,NaN,NaN,NaN,NaN,NaN,NaN,0.106,0.115,0.116,0.117,0.119,0.122
30-Nov-2010,0.26,0.26,NaN,NaN,NaN,NaN,NaN,NaN,NaN,NaN,NaN,NaN,NaN,NaN,NaN,NaN,NaN,NaN,0.106,0.113,0.116,0.118,0.119,0.124
01-Dec-2010,0.24,0.25,NaN,NaN,NaN,NaN,NaN,NaN,NaN,NaN,NaN,NaN,NaN,NaN,NaN,NaN,NaN,NaN,0.104,0.111,0.116,0.118,0.119,0.124
02-Dec-2010,0.205,0.22,NaN,NaN,NaN,NaN,NaN,NaN,NaN,NaN,NaN,NaN,NaN,NaN,NaN,NaN,NaN,NaN,0.101,0.109,0.116,0.118,0.119,0.124
03-Dec-2010,0.19,0.2,NaN,NaN,NaN,NaN,NaN,NaN,NaN,NaN,NaN,NaN,NaN,NaN,NaN,NaN,NaN,NaN,0.101,0.109,0.116,0.118,0.119,0.124
06-Dec-2010,0.165,0.175,NaN,NaN,NaN,NaN,NaN,NaN,NaN,NaN,NaN,NaN,NaN,NaN,NaN,NaN,NaN,NaN,0.1,0.109,0.116,0.118,0.119,0.124
07-Dec-2010,0.16,0.16,NaN,NaN,NaN,NaN,NaN,NaN,NaN,NaN,NaN,NaN,NaN,NaN,NaN,NaN,NaN,NaN,0.101,0.109,0.116,0.118,0.12,0.124
08-Dec-2010,0.15,0.155,NaN,NaN,NaN,NaN,NaN,NaN,NaN,NaN,NaN,NaN,NaN,NaN,NaN,NaN,NaN,NaN,0.102,0.11,0.116,0.118,0.12,0.124
09-Dec-2010,0.16,0.155,NaN,NaN,NaN,NaN,NaN,NaN,NaN,NaN,NaN,NaN,NaN,NaN,NaN,NaN,NaN,NaN,0.103,0.111,0.116,0.118,0.121,0.126
10-Dec-2010,0.17,0.18,NaN,NaN,NaN,NaN,NaN,NaN,NaN,NaN,NaN,NaN,NaN,NaN,NaN,NaN,NaN,NaN,0.099,0.109,0.116,0.118,0.121,0.125
13-Dec-2010,0.18,0.17,NaN,NaN,NaN,NaN,NaN,NaN,NaN,NaN,NaN,NaN,NaN,NaN,NaN,NaN,NaN,NaN,0.1,0.109,0.116,0.118,0.121,0.125
14-Dec-2010,0.25,0.25,NaN,NaN,NaN,NaN,NaN,NaN,NaN,NaN,NaN,NaN,NaN,NaN,NaN,NaN,NaN,NaN,0.103,0.112,0.116,0.119,0.122,0.126
15-Dec-2010,0.265,0.27,NaN,NaN,NaN,NaN,NaN,NaN,NaN,NaN,NaN,NaN,NaN,NaN,NaN,NaN,NaN,NaN,0.101,0.111,0.117,0.121,0.126,0.134
16-Dec-2010,0.215,0.23,NaN,NaN,NaN,NaN,NaN,NaN,NaN,NaN,NaN,NaN,NaN,NaN,NaN,NaN,NaN,NaN,0.101,0.11,0.118,0.121,0.127,0.136
17-Dec-2010,0.215,0.23,NaN,NaN,NaN,NaN,NaN,NaN,NaN,NaN,NaN,NaN,NaN,NaN,NaN,NaN,NaN,NaN,0.101,0.109,0.116,0.119,0.126,0.136
20-Dec-2010,0.205,0.215,NaN,NaN,NaN,NaN,NaN,NaN,NaN,NaN,NaN,NaN,NaN,NaN,NaN,NaN,NaN,NaN,0.101,0.112,0.116,0.119,0.126,0.134
21-Dec-2010,0.215,0.225,NaN,NaN,NaN,NaN,NaN,NaN,NaN,NaN,NaN,NaN,NaN,NaN,NaN,NaN,NaN,NaN,0.1,0.112,0.116,0.119,0.126,0.134
22-Dec-2010,0.165,0.18,NaN,NaN,NaN,NaN,NaN,NaN,NaN,NaN,NaN,NaN,NaN,NaN,NaN,NaN,NaN,NaN,0.101,0.111,0.116,0.119,0.126,0.134
23-Dec-2010,0.22,0.22,NaN,NaN,NaN,NaN,NaN,NaN,NaN,NaN,NaN,NaN,NaN,NaN,NaN,NaN,NaN,NaN,0.101,0.111,0.116,0.119,0.126,0.134
24-Dec-2010,0.22,0.22,NaN,NaN,NaN,NaN,NaN,NaN,NaN,NaN,NaN,NaN,NaN,NaN,NaN,NaN,NaN,NaN,0.101,0.11,0.115,0.119,0.126,0.134
27-Dec-2010,0.22,0.22,NaN,NaN,NaN,NaN,NaN,NaN,NaN,NaN,NaN,NaN,NaN,NaN,NaN,NaN,NaN,NaN,0.101,0.11,0.115,0.119,0.126,0.134
28-Dec-2010,0.22,0.22,NaN,NaN,NaN,NaN,NaN,NaN,NaN,NaN,NaN,NaN,NaN,NaN,NaN,NaN,NaN,NaN,0.101,0.108,0.114,0.118,0.125,0.133
29-Dec-2010,0.145,0.155,NaN,NaN,NaN,NaN,NaN,NaN,NaN,NaN,NaN,NaN,NaN,NaN,NaN,NaN,NaN,NaN,0.1,0.107,0.113,0.118,0.124,0.133
30-Dec-2010,0.165,0.17,NaN,NaN,NaN,NaN,NaN,NaN,NaN,NaN,NaN,NaN,NaN,NaN,NaN,NaN,NaN,NaN,0.1,0.106,0.113,0.118,0.124,0.133
31-Dec-2010,0.27,0.255,NaN,NaN,NaN,NaN,NaN,NaN,NaN,NaN,NaN,NaN,NaN,NaN,NaN,NaN,NaN,NaN,0.1,0.106,0.113,0.118,0.124,0.133
03-Jan-2011,0.22,0.215,NaN,NaN,NaN,NaN,NaN,NaN,NaN,NaN,NaN,NaN,NaN,NaN,NaN,NaN,NaN,NaN,0.1,0.106,0.113,0.118,0.124,0.133
04-Jan-2011,0.185,0.185,NaN,NaN,NaN,NaN,NaN,NaN,NaN,NaN,NaN,NaN,NaN,NaN,NaN,NaN,NaN,NaN,0.1,0.106,0.113,0.117,0.124,0.133
05-Jan-2011,0.18,0.175,NaN,NaN,NaN,NaN,NaN,NaN,NaN,NaN,NaN,NaN,NaN,NaN,NaN,NaN,NaN,NaN,0.1,0.106,0.113,0.117,0.124,0.133
06-Jan-2011,0.17,0.165,NaN,NaN,NaN,NaN,NaN,NaN,NaN,NaN,NaN,NaN,NaN,NaN,NaN,NaN,NaN,NaN,0.1,0.106,0.112,0.116,0.123,0.131
07-Jan-2011,0.17,0.175,NaN,NaN,NaN,NaN,NaN,NaN,NaN,NaN,NaN,NaN,NaN,NaN,NaN,NaN,NaN,NaN,0.1,0.105,0.11,0.114,0.122,0.131
10-Jan-2011,0.17,0.185,NaN,NaN,NaN,NaN,NaN,NaN,NaN,NaN,NaN,NaN,NaN,NaN,NaN,NaN,NaN,NaN,0.1,0.105,0.11,0.114,0.122,0.131
11-Jan-2011,0.15,0.15,NaN,NaN,NaN,NaN,NaN,NaN,NaN,NaN,NaN,NaN,NaN,NaN,NaN,NaN,NaN,NaN,0.1,0.105,0.109,0.114,0.122,0.129
12-Jan-2011,0.135,0.135,NaN,NaN,NaN,NaN,NaN,NaN,NaN,NaN,NaN,NaN,NaN,NaN,NaN,NaN,NaN,NaN,0.1,0.105,0.109,0.112,0.12,0.129
13-Jan-2011,0.17,0.17,NaN,NaN,NaN,NaN,NaN,NaN,NaN,NaN,NaN,NaN,NaN,NaN,NaN,NaN,NaN,NaN,0.102,0.105,0.109,0.113,0.12,0.129
14-Jan-2011,0.165,0.165,NaN,NaN,NaN,NaN,NaN,NaN,NaN,NaN,NaN,NaN,NaN,NaN,NaN,NaN,NaN,NaN,0.1,0.105,0.108,0.113,0.12,0.129
17-Jan-2011,0.165,0.165,NaN,NaN,NaN,NaN,NaN,NaN,NaN,NaN,NaN,NaN,NaN,NaN,NaN,NaN,NaN,NaN,0.101,0.105,0.108,0.113,0.12,0.129
18-Jan-2011,0.22,0.22,NaN,NaN,NaN,NaN,NaN,NaN,NaN,NaN,NaN,NaN,NaN,NaN,NaN,NaN,NaN,NaN,0.1,0.105,0.108,0.113,0.12,0.129
19-Jan-2011,0.22,0.23,NaN,NaN,NaN,NaN,NaN,NaN,NaN,NaN,NaN,NaN,NaN,NaN,NaN,NaN,NaN,NaN,0.1,0.105,0.109,0.113,0.12,0.129
20-Jan-2011,0.22,0.22,NaN,NaN,NaN,NaN,NaN,NaN,NaN,NaN,NaN,NaN,NaN,NaN,NaN,NaN,NaN,NaN,0.1,0.105,0.109,0.113,0.12,0.129
21-Jan-2011,0.175,0.175,NaN,NaN,NaN,NaN,NaN,NaN,NaN,NaN,NaN,NaN,NaN,NaN,NaN,NaN,NaN,NaN,0.102,0.105,0.109,0.113,0.12,0.129
24-Jan-2011,0.16,0.165,NaN,NaN,NaN,NaN,NaN,NaN,NaN,NaN,NaN,NaN,NaN,NaN,NaN,NaN,NaN,NaN,0.104,0.105,0.109,0.113,0.12,0.129
25-Jan-2011,0.165,0.175,NaN,NaN,NaN,NaN,NaN,NaN,NaN,NaN,NaN,NaN,NaN,NaN,NaN,NaN,NaN,NaN,0.103,0.105,0.109,0.113,0.12,0.129
26-Jan-2011,0.16,0.16,NaN,NaN,NaN,NaN,NaN,NaN,NaN,NaN,NaN,NaN,NaN,NaN,NaN,NaN,NaN,NaN,0.101,0.105,0.109,0.113,0.12,0.129
27-Jan-2011,0.17,0.165,NaN,NaN,NaN,NaN,NaN,NaN,NaN,NaN,NaN,NaN,NaN,NaN,NaN,NaN,NaN,NaN,0.103,0.105,0.108,0.113,0.12,0.129
28-Jan-2011,0.185,0.185,NaN,NaN,NaN,NaN,NaN,NaN,NaN,NaN,NaN,NaN,NaN,NaN,NaN,NaN,NaN,NaN,0.104,0.105,0.108,0.113,0.12,0.129
31-Jan-2011,0.22,0.23,NaN,NaN,NaN,NaN,NaN,NaN,NaN,NaN,NaN,NaN,NaN,NaN,NaN,NaN,NaN,NaN,0.109,0.105,0.108,0.113,0.12,0.129
01-Feb-2011,0.23,0.21,NaN,NaN,NaN,NaN,NaN,NaN,NaN,NaN,NaN,NaN,NaN,NaN,NaN,NaN,NaN,NaN,0.102,0.105,0.108,0.113,0.12,0.129
02-Feb-2011,0.21,0.2,NaN,NaN,NaN,NaN,NaN,NaN,NaN,NaN,NaN,NaN,NaN,NaN,NaN,NaN,NaN,NaN,0.103,0.105,0.108,0.113,0.12,0.129
03-Feb-2011,0.19,0.18,NaN,NaN,NaN,NaN,NaN,NaN,NaN,NaN,NaN,NaN,NaN,NaN,NaN,NaN,NaN,NaN,0.102,0.105,0.108,0.113,0.12,0.129
04-Feb-2011,0.175,0.17,NaN,NaN,NaN,NaN,NaN,NaN,NaN,NaN,NaN,NaN,NaN,NaN,NaN,NaN,NaN,NaN,0.103,0.105,0.108,0.113,0.12,0.13
07-Feb-2011,0.15,0.16,NaN,NaN,NaN,NaN,NaN,NaN,NaN,NaN,NaN,NaN,NaN,NaN,NaN,NaN,NaN,NaN,0.104,0.105,0.108,0.113,0.121,0.13
08-Feb-2011,0.14,0.16,NaN,NaN,NaN,NaN,NaN,NaN,NaN,NaN,NaN,NaN,NaN,NaN,NaN,NaN,NaN,NaN,0.105,0.105,0.108,0.113,0.121,0.13
09-Feb-2011,0.14,0.155,NaN,NaN,NaN,NaN,NaN,NaN,NaN,NaN,NaN,NaN,NaN,NaN,NaN,NaN,NaN,NaN,0.105,0.105,0.108,0.114,0.121,0.131
10-Feb-2011,0.14,0.14,NaN,NaN,NaN,NaN,NaN,NaN,NaN,NaN,NaN,NaN,NaN,NaN,NaN,NaN,NaN,NaN,0.105,0.107,0.109,0.114,0.122,0.133
11-Feb-2011,0.14,0.15,NaN,NaN,NaN,NaN,NaN,NaN,NaN,NaN,NaN,NaN,NaN,NaN,NaN,NaN,NaN,NaN,0.105,0.107,0.109,0.114,0.122,0.133
14-Feb-2011,0.14,0.14,NaN,NaN,NaN,NaN,NaN,NaN,NaN,NaN,NaN,NaN,NaN,NaN,NaN,NaN,NaN,NaN,0.104,0.105,0.109,0.114,0.123,0.135
15-Feb-2011,0.17,0.17,NaN,NaN,NaN,NaN,NaN,NaN,NaN,NaN,NaN,NaN,NaN,NaN,NaN,NaN,NaN,NaN,0.102,0.105,0.109,0.114,0.123,0.136
16-Feb-2011,0.13,0.13,NaN,NaN,NaN,NaN,NaN,NaN,NaN,NaN,NaN,NaN,NaN,NaN,NaN,NaN,NaN,NaN,0.101,0.105,0.109,0.114,0.124,0.136
17-Feb-2011,0.145,0.145,NaN,NaN,NaN,NaN,NaN,NaN,NaN,NaN,NaN,NaN,NaN,NaN,NaN,NaN,NaN,NaN,0.101,0.105,0.109,0.114,0.124,0.136
18-Feb-2011,0.15,0.16,NaN,NaN,NaN,NaN,NaN,NaN,NaN,NaN,NaN,NaN,NaN,NaN,NaN,NaN,NaN,NaN,0.101,0.105,0.109,0.114,0.124,0.136
21-Feb-2011,0.15,0.16,NaN,NaN,NaN,NaN,NaN,NaN,NaN,NaN,NaN,NaN,NaN,NaN,NaN,NaN,NaN,NaN,0.1,0.105,0.109,0.114,0.124,0.136
22-Feb-2011,0.13,0.16,NaN,NaN,NaN,NaN,NaN,NaN,NaN,NaN,NaN,NaN,NaN,NaN,NaN,NaN,NaN,NaN,0.1,0.105,0.109,0.114,0.124,0.137
23-Feb-2011,0.135,0.135,NaN,NaN,NaN,NaN,NaN,NaN,NaN,NaN,NaN,NaN,NaN,NaN,NaN,NaN,NaN,NaN,0.1,0.105,0.109,0.114,0.124,0.137
24-Feb-2011,0.125,0.16,NaN,NaN,NaN,NaN,NaN,NaN,NaN,NaN,NaN,NaN,NaN,NaN,NaN,NaN,NaN,NaN,0.101,0.105,0.109,0.114,0.125,0.138
25-Feb-2011,0.16,0.16,NaN,NaN,NaN,NaN,NaN,NaN,NaN,NaN,NaN,NaN,NaN,NaN,NaN,NaN,NaN,NaN,0.105,0.105,0.109,0.114,0.125,0.139
28-Feb-2011,0.19,0.19,NaN,NaN,NaN,NaN,NaN,NaN,NaN,NaN,NaN,NaN,NaN,NaN,NaN,NaN,NaN,NaN,0.119,0.105,0.109,0.114,0.124,0.138
01-Mar-2011,0.17,0.18,NaN,NaN,NaN,NaN,NaN,NaN,NaN,NaN,NaN,NaN,NaN,NaN,NaN,NaN,NaN,NaN,0.105,0.105,0.109,0.115,0.125,0.14
02-Mar-2011,0.145,0.145,NaN,NaN,NaN,NaN,NaN,NaN,NaN,NaN,NaN,NaN,NaN,NaN,NaN,NaN,NaN,NaN,0.101,0.105,0.109,0.115,0.124,0.139
03-Mar-2011,0.145,0.165,NaN,NaN,NaN,NaN,NaN,NaN,NaN,NaN,NaN,NaN,NaN,NaN,NaN,NaN,NaN,NaN,0.1,0.105,0.109,0.115,0.124,0.139
04-Mar-2011,0.17,0.195,NaN,NaN,NaN,NaN,NaN,NaN,NaN,NaN,NaN,NaN,NaN,NaN,NaN,NaN,NaN,NaN,0.1,0.105,0.109,0.114,0.124,0.139
07-Mar-2011,0.13,0.15,NaN,NaN,NaN,NaN,NaN,NaN,NaN,NaN,NaN,NaN,NaN,NaN,NaN,NaN,NaN,NaN,0.1,0.105,0.109,0.114,0.124,0.139
08-Mar-2011,0.14,0.16,NaN,NaN,NaN,NaN,NaN,NaN,NaN,NaN,NaN,NaN,NaN,NaN,NaN,NaN,NaN,NaN,0.1,0.105,0.109,0.114,0.124,0.139
09-Mar-2011,0.13,0.15,NaN,NaN,NaN,NaN,NaN,NaN,NaN,NaN,NaN,NaN,NaN,NaN,NaN,NaN,NaN,NaN,0.1,0.105,0.109,0.114,0.124,0.139
10-Mar-2011,0.115,0.13,NaN,NaN,NaN,NaN,NaN,NaN,NaN,NaN,NaN,NaN,NaN,NaN,NaN,NaN,NaN,NaN,0.1,0.105,0.109,0.114,0.124,0.139
11-Mar-2011,0.13,0.14,NaN,NaN,NaN,NaN,NaN,NaN,NaN,NaN,NaN,NaN,NaN,NaN,NaN,NaN,NaN,NaN,0.1,0.105,0.109,0.114,0.124,0.139
14-Mar-2011,0.15,0.16,NaN,NaN,NaN,NaN,NaN,NaN,NaN,NaN,NaN,NaN,NaN,NaN,NaN,NaN,NaN,NaN,0.101,0.107,0.109,0.114,0.123,0.138
15-Mar-2011,0.165,0.15,NaN,NaN,NaN,NaN,NaN,NaN,NaN,NaN,NaN,NaN,NaN,NaN,NaN,NaN,NaN,NaN,0.102,0.109,0.11,0.114,0.124,0.139
16-Mar-2011,0.16,0.16,NaN,NaN,NaN,NaN,NaN,NaN,NaN,NaN,NaN,NaN,NaN,NaN,NaN,NaN,NaN,NaN,0.102,0.109,0.111,0.117,0.126,0.146
17-Mar-2011,0.19,0.19,NaN,NaN,NaN,NaN,NaN,NaN,NaN,NaN,NaN,NaN,NaN,NaN,NaN,NaN,NaN,NaN,0.101,0.11,0.112,0.119,0.13,0.152
18-Mar-2011,0.15,0.16,NaN,NaN,NaN,NaN,NaN,NaN,NaN,NaN,NaN,NaN,NaN,NaN,NaN,NaN,NaN,NaN,0.101,0.11,0.112,0.119,0.13,0.152
21-Mar-2011,0.155,0.17,NaN,NaN,NaN,NaN,NaN,NaN,NaN,NaN,NaN,NaN,NaN,NaN,NaN,NaN,NaN,NaN,0.101,0.11,0.112,0.119,0.13,0.152
22-Mar-2011,0.155,0.17,NaN,NaN,NaN,NaN,NaN,NaN,NaN,NaN,NaN,NaN,NaN,NaN,NaN,NaN,NaN,NaN,0.101,0.11,0.111,0.119,0.129,0.152
23-Mar-2011,0.12,0.14,NaN,NaN,NaN,NaN,NaN,NaN,NaN,NaN,NaN,NaN,NaN,NaN,NaN,NaN,NaN,NaN,0.098,0.108,0.111,0.119,0.129,0.15
24-Mar-2011,0.11,0.13,NaN,NaN,NaN,NaN,NaN,NaN,NaN,NaN,NaN,NaN,NaN,NaN,NaN,NaN,NaN,NaN,0.098,0.107,0.111,0.119,0.129,0.15
25-Mar-2011,0.11,0.15,NaN,NaN,NaN,NaN,NaN,NaN,NaN,NaN,NaN,NaN,NaN,NaN,NaN,NaN,NaN,NaN,0.099,0.106,0.11,0.118,0.128,0.147
28-Mar-2011,0.09,0.16,NaN,NaN,NaN,NaN,NaN,NaN,NaN,NaN,NaN,NaN,NaN,NaN,NaN,NaN,NaN,NaN,0.1,0.106,0.11,0.118,0.128,0.146
29-Mar-2011,0.095,0.15,NaN,NaN,NaN,NaN,NaN,NaN,NaN,NaN,NaN,NaN,NaN,NaN,NaN,NaN,NaN,NaN,0.1,0.105,0.109,0.116,0.126,0.144
30-Mar-2011,0.115,0.17,NaN,NaN,NaN,NaN,NaN,NaN,NaN,NaN,NaN,NaN,NaN,NaN,NaN,NaN,NaN,NaN,0.095,0.103,0.109,0.115,0.125,0.141
31-Mar-2011,0.16,0.2,NaN,NaN,NaN,NaN,NaN,NaN,NaN,NaN,NaN,NaN,NaN,NaN,NaN,NaN,NaN,NaN,0.074,0.1,0.109,0.113,0.123,0.138
01-Apr-2011,0.15,0.19,NaN,NaN,NaN,NaN,NaN,NaN,NaN,NaN,NaN,NaN,NaN,NaN,NaN,NaN,NaN,NaN,0.082,0.1,0.109,0.113,0.122,0.137
04-Apr-2011,0.09,0.11,NaN,NaN,NaN,NaN,NaN,NaN,NaN,NaN,NaN,NaN,NaN,NaN,NaN,NaN,NaN,NaN,0.085,0.1,0.109,0.113,0.122,0.137
05-Apr-2011,0.07,0.09,NaN,NaN,NaN,NaN,NaN,NaN,NaN,NaN,NaN,NaN,NaN,NaN,NaN,NaN,NaN,NaN,0.087,0.101,0.108,0.113,0.122,0.137
06-Apr-2011,0.065,0.13,NaN,NaN,NaN,NaN,NaN,NaN,NaN,NaN,NaN,NaN,NaN,NaN,NaN,NaN,NaN,NaN,0.085,0.1,0.108,0.113,0.122,0.136
07-Apr-2011,0.08,0.12,NaN,NaN,NaN,NaN,NaN,NaN,NaN,NaN,NaN,NaN,NaN,NaN,NaN,NaN,NaN,NaN,0.091,0.101,0.109,0.113,0.122,0.136
08-Apr-2011,0.06,0.1,NaN,NaN,NaN,NaN,NaN,NaN,NaN,NaN,NaN,NaN,NaN,NaN,NaN,NaN,NaN,NaN,0.095,0.103,0.109,0.113,0.123,0.136
11-Apr-2011,0.03,0.05,NaN,NaN,NaN,NaN,NaN,NaN,NaN,NaN,NaN,NaN,NaN,NaN,NaN,NaN,NaN,NaN,0.095,0.103,0.109,0.113,0.123,0.136
12-Apr-2011,0.02,0.04,NaN,NaN,NaN,NaN,NaN,NaN,NaN,NaN,NaN,NaN,NaN,NaN,NaN,NaN,NaN,NaN,0.083,0.101,0.109,0.113,0.123,0.136
13-Apr-2011,0.03,0.05,NaN,NaN,NaN,NaN,NaN,NaN,NaN,NaN,NaN,NaN,NaN,NaN,NaN,NaN,NaN,NaN,0.075,0.101,0.109,0.112,0.122,0.135
14-Apr-2011,0.02,0.04,NaN,NaN,NaN,NaN,NaN,NaN,NaN,NaN,NaN,NaN,NaN,NaN,NaN,NaN,NaN,NaN,0.087,0.102,0.109,0.112,0.122,0.135
15-Apr-2011,0.03,0.04,NaN,NaN,NaN,NaN,NaN,NaN,NaN,NaN,NaN,NaN,NaN,NaN,NaN,NaN,NaN,NaN,0.096,0.104,0.109,0.112,0.122,0.135
18-Apr-2011,0.11,0.075,NaN,NaN,NaN,NaN,NaN,NaN,NaN,NaN,NaN,NaN,NaN,NaN,NaN,NaN,NaN,NaN,0.097,0.104,0.109,0.112,0.122,0.135
19-Apr-2011,0.095,0.105,NaN,NaN,NaN,NaN,NaN,NaN,NaN,NaN,NaN,NaN,NaN,NaN,NaN,NaN,NaN,NaN,0.097,0.103,0.108,0.112,0.122,0.135
20-Apr-2011,0.08,0.0975,NaN,NaN,NaN,NaN,NaN,NaN,NaN,NaN,NaN,NaN,NaN,NaN,NaN,NaN,NaN,NaN,0.1,0.104,0.109,0.112,0.122,0.135
21-Apr-2011,0.115,0.105,NaN,NaN,NaN,NaN,NaN,NaN,NaN,NaN,NaN,NaN,NaN,NaN,NaN,NaN,NaN,NaN,0.1,0.104,0.109,0.112,0.122,0.135
22-Apr-2011,0.115,0.105,NaN,NaN,NaN,NaN,NaN,NaN,NaN,NaN,NaN,NaN,NaN,NaN,NaN,NaN,NaN,NaN,0.1,0.104,0.109,0.112,0.121,0.135
25-Apr-2011,0.095,0.095,NaN,NaN,NaN,NaN,NaN,NaN,NaN,NaN,NaN,NaN,NaN,NaN,NaN,NaN,NaN,NaN,0.1,0.105,0.109,0.112,0.121,0.135
26-Apr-2011,0.045,0.045,NaN,NaN,NaN,NaN,NaN,NaN,NaN,NaN,NaN,NaN,NaN,NaN,NaN,NaN,NaN,NaN,0.1,0.105,0.109,0.112,0.121,0.135
27-Apr-2011,0.04,0.035,NaN,NaN,NaN,NaN,NaN,NaN,NaN,NaN,NaN,NaN,NaN,NaN,NaN,NaN,NaN,NaN,0.1,0.105,0.109,0.111,0.121,0.135
28-Apr-2011,0.015,0.025,NaN,NaN,NaN,NaN,NaN,NaN,NaN,NaN,NaN,NaN,NaN,NaN,NaN,NaN,NaN,NaN,0.1,0.105,0.109,0.111,0.121,0.135
29-Apr-2011,0.04,0.04,NaN,NaN,NaN,NaN,NaN,NaN,NaN,NaN,NaN,NaN,NaN,NaN,NaN,NaN,NaN,NaN,0.1,0.105,0.109,0.111,0.121,0.135
02-May-2011,0.085,0.085,NaN,NaN,NaN,NaN,NaN,NaN,NaN,NaN,NaN,NaN,NaN,NaN,NaN,NaN,NaN,NaN,0.1,0.104,0.109,0.111,0.121,0.135
03-May-2011,0.015,0.065,NaN,NaN,NaN,NaN,NaN,NaN,NaN,NaN,NaN,NaN,NaN,NaN,NaN,NaN,NaN,NaN,0.1,0.104,0.109,0.111,0.121,0.135
04-May-2011,0.025,0.065,NaN,NaN,NaN,NaN,NaN,NaN,NaN,NaN,NaN,NaN,NaN,NaN,NaN,NaN,NaN,NaN,0.1,0.104,0.109,0.111,0.121,0.135
05-May-2011,0.015,0.045,NaN,NaN,NaN,NaN,NaN,NaN,NaN,NaN,NaN,NaN,NaN,NaN,NaN,NaN,NaN,NaN,0.1,0.104,0.109,0.111,0.121,0.135
06-May-2011,0.04,0.055,NaN,NaN,NaN,NaN,NaN,NaN,NaN,NaN,NaN,NaN,NaN,NaN,NaN,NaN,NaN,NaN,0.1,0.104,0.109,0.111,0.12,0.135
09-May-2011,0.025,0.04,NaN,NaN,NaN,NaN,NaN,NaN,NaN,NaN,NaN,NaN,NaN,NaN,NaN,NaN,NaN,NaN,0.1,0.104,0.108,0.111,0.12,0.135
10-May-2011,0.06,0.06,NaN,NaN,NaN,NaN,NaN,NaN,NaN,NaN,NaN,NaN,NaN,NaN,NaN,NaN,NaN,NaN,0.1,0.104,0.109,0.111,0.12,0.135
11-May-2011,0.03,0.03,NaN,NaN,NaN,NaN,NaN,NaN,NaN,NaN,NaN,NaN,NaN,NaN,NaN,NaN,NaN,NaN,0.1,0.104,0.109,0.111,0.119,0.134
12-May-2011,0.065,0.04,NaN,NaN,NaN,NaN,NaN,NaN,NaN,NaN,NaN,NaN,NaN,NaN,NaN,NaN,NaN,NaN,0.1,0.104,0.108,0.11,0.118,0.134
13-May-2011,0.095,0.06,NaN,NaN,NaN,NaN,NaN,NaN,NaN,NaN,NaN,NaN,NaN,NaN,NaN,NaN,NaN,NaN,0.1,0.104,0.108,0.11,0.118,0.134
16-May-2011,0.13,0.08,NaN,NaN,NaN,NaN,NaN,NaN,NaN,NaN,NaN,NaN,NaN,NaN,NaN,NaN,NaN,NaN,0.1,0.104,0.108,0.11,0.118,0.134
17-May-2011,0.1,0.07,NaN,NaN,NaN,NaN,NaN,NaN,NaN,NaN,NaN,NaN,NaN,NaN,NaN,NaN,NaN,NaN,0.1,0.104,0.108,0.11,0.118,0.134
18-May-2011,0.11,0.08,NaN,NaN,NaN,NaN,NaN,NaN,NaN,NaN,NaN,NaN,NaN,NaN,NaN,NaN,NaN,NaN,0.1,0.104,0.108,0.11,0.118,0.134
19-May-2011,0.08,0.08,NaN,NaN,NaN,NaN,NaN,NaN,NaN,NaN,NaN,NaN,NaN,NaN,NaN,NaN,NaN,NaN,0.1,0.104,0.108,0.11,0.118,0.134
20-May-2011,0.11,0.085,NaN,NaN,NaN,NaN,NaN,NaN,NaN,NaN,NaN,NaN,NaN,NaN,NaN,NaN,NaN,NaN,0.1,0.105,0.108,0.11,0.118,0.134
23-May-2011,0.11,0.085,NaN,NaN,NaN,NaN,NaN,NaN,NaN,NaN,NaN,NaN,NaN,NaN,NaN,NaN,NaN,NaN,0.101,0.105,0.108,0.11,0.118,0.134
24-May-2011,0.075,0.08,NaN,NaN,NaN,NaN,NaN,NaN,NaN,NaN,NaN,NaN,NaN,NaN,NaN,NaN,NaN,NaN,0.103,0.105,0.108,0.11,0.118,0.134
25-May-2011,0.08,0.08,NaN,NaN,NaN,NaN,NaN,NaN,NaN,NaN,NaN,NaN,NaN,NaN,NaN,NaN,NaN,NaN,0.104,0.105,0.108,0.11,0.118,0.134
26-May-2011,0.075,0.085,NaN,NaN,NaN,NaN,NaN,NaN,NaN,NaN,NaN,NaN,NaN,NaN,NaN,NaN,NaN,NaN,0.101,0.105,0.108,0.11,0.118,0.134
27-May-2011,0.085,0.085,NaN,NaN,NaN,NaN,NaN,NaN,NaN,NaN,NaN,NaN,NaN,NaN,NaN,NaN,NaN,NaN,0.1,0.105,0.108,0.11,0.118,0.133
30-May-2011,0.085,0.085,NaN,NaN,NaN,NaN,NaN,NaN,NaN,NaN,NaN,NaN,NaN,NaN,NaN,NaN,NaN,NaN,0.1,0.105,0.108,0.11,0.118,0.133
31-May-2011,0.11,0.085,NaN,NaN,NaN,NaN,NaN,NaN,NaN,NaN,NaN,NaN,NaN,NaN,NaN,NaN,NaN,NaN,0.1,0.105,0.108,0.11,0.118,0.134
01-Jun-2011,0.145,0.11,NaN,NaN,NaN,NaN,NaN,NaN,NaN,NaN,NaN,NaN,NaN,NaN,NaN,NaN,NaN,NaN,0.1,0.105,0.108,0.11,0.118,0.134
02-Jun-2011,0.11,0.11,NaN,NaN,NaN,NaN,NaN,NaN,NaN,NaN,NaN,NaN,NaN,NaN,NaN,NaN,NaN,NaN,0.1,0.105,0.108,0.11,0.118,0.134
03-Jun-2011,0.065,0.11,NaN,NaN,NaN,NaN,NaN,NaN,NaN,NaN,NaN,NaN,NaN,NaN,NaN,NaN,NaN,NaN,0.099,0.104,0.108,0.11,0.118,0.134
06-Jun-2011,0.075,0.11,NaN,NaN,NaN,NaN,NaN,NaN,NaN,NaN,NaN,NaN,NaN,NaN,NaN,NaN,NaN,NaN,0.099,0.104,0.108,0.11,0.118,0.134
07-Jun-2011,0.065,0.11,NaN,NaN,NaN,NaN,NaN,NaN,NaN,NaN,NaN,NaN,NaN,NaN,NaN,NaN,NaN,NaN,0.099,0.104,0.108,0.11,0.118,0.134
08-Jun-2011,0.05,0.11,NaN,NaN,NaN,NaN,NaN,NaN,NaN,NaN,NaN,NaN,NaN,NaN,NaN,NaN,NaN,NaN,0.099,0.104,0.107,0.11,0.118,0.134
09-Jun-2011,0.05,0.11,NaN,NaN,NaN,NaN,NaN,NaN,NaN,NaN,NaN,NaN,NaN,NaN,NaN,NaN,NaN,NaN,0.098,0.103,0.107,0.11,0.118,0.134
10-Jun-2011,0.08,0.11,NaN,NaN,NaN,NaN,NaN,NaN,NaN,NaN,NaN,NaN,NaN,NaN,NaN,NaN,NaN,NaN,0.099,0.104,0.107,0.11,0.118,0.134
13-Jun-2011,0.085,0.11,NaN,NaN,NaN,NaN,NaN,NaN,NaN,NaN,NaN,NaN,NaN,NaN,NaN,NaN,NaN,NaN,0.1,0.104,0.107,0.11,0.117,0.133
14-Jun-2011,0.08,0.11,NaN,NaN,NaN,NaN,NaN,NaN,NaN,NaN,NaN,NaN,NaN,NaN,NaN,NaN,NaN,NaN,0.1,0.104,0.107,0.11,0.117,0.133
15-Jun-2011,0.08,0.11,NaN,NaN,NaN,NaN,NaN,NaN,NaN,NaN,NaN,NaN,NaN,NaN,NaN,NaN,NaN,NaN,0.1,0.104,0.107,0.11,0.117,0.133
16-Jun-2011,0.08,0.085,NaN,NaN,NaN,NaN,NaN,NaN,NaN,NaN,NaN,NaN,NaN,NaN,NaN,NaN,NaN,NaN,0.1,0.104,0.107,0.11,0.116,0.132
17-Jun-2011,0.125,0.085,NaN,NaN,NaN,NaN,NaN,NaN,NaN,NaN,NaN,NaN,NaN,NaN,NaN,NaN,NaN,NaN,0.098,0.103,0.106,0.11,0.116,0.13
20-Jun-2011,0.075,0.085,NaN,NaN,NaN,NaN,NaN,NaN,NaN,NaN,NaN,NaN,NaN,NaN,NaN,NaN,NaN,NaN,0.097,0.102,0.106,0.109,0.115,0.129
21-Jun-2011,0.065,0.07,NaN,NaN,NaN,NaN,NaN,NaN,NaN,NaN,NaN,NaN,NaN,NaN,NaN,NaN,NaN,NaN,0.095,0.102,0.106,0.109,0.115,0.128
22-Jun-2011,0.035,0.08,NaN,NaN,NaN,NaN,NaN,NaN,NaN,NaN,NaN,NaN,NaN,NaN,NaN,NaN,NaN,NaN,0.093,0.101,0.105,0.109,0.114,0.127
23-Jun-2011,0.015,0.08,NaN,NaN,NaN,NaN,NaN,NaN,NaN,NaN,NaN,NaN,NaN,NaN,NaN,NaN,NaN,NaN,0.099,0.102,0.105,0.109,0.114,0.127
24-Jun-2011,0.015,0.08,NaN,NaN,NaN,NaN,NaN,NaN,NaN,NaN,NaN,NaN,NaN,NaN,NaN,NaN,NaN,NaN,0.1,0.102,0.105,0.108,0.113,0.126
27-Jun-2011,0.02,0.08,NaN,NaN,NaN,NaN,NaN,NaN,NaN,NaN,NaN,NaN,NaN,NaN,NaN,NaN,NaN,NaN,0.1,0.102,0.105,0.108,0.113,0.126
28-Jun-2011,0.025,0.08,NaN,NaN,NaN,NaN,NaN,NaN,NaN,NaN,NaN,NaN,NaN,NaN,NaN,NaN,NaN,NaN,0.1,0.102,0.105,0.108,0.113,0.125
29-Jun-2011,-0.005,0.08,NaN,NaN,NaN,NaN,NaN,NaN,NaN,NaN,NaN,NaN,NaN,NaN,NaN,NaN,NaN,NaN,0.1,0.102,0.105,0.108,0.113,0.125
30-Jun-2011,-0.005,0.075,NaN,NaN,NaN,NaN,NaN,NaN,NaN,NaN,NaN,NaN,NaN,NaN,NaN,NaN,NaN,NaN,0.099,0.102,0.105,0.108,0.113,0.124
01-Jul-2011,0.035,0.055,NaN,NaN,NaN,NaN,NaN,NaN,NaN,NaN,NaN,NaN,NaN,NaN,NaN,NaN,NaN,NaN,0.1,0.102,0.105,0.108,0.113,0.124
04-Jul-2011,0.035,0.055,NaN,NaN,NaN,NaN,NaN,NaN,NaN,NaN,NaN,NaN,NaN,NaN,NaN,NaN,NaN,NaN,0.1,0.102,0.105,0.108,0.113,0.124
05-Jul-2011,0.03,0.055,NaN,NaN,NaN,NaN,NaN,NaN,NaN,NaN,NaN,NaN,NaN,NaN,NaN,NaN,NaN,NaN,0.1,0.102,0.105,0.108,0.113,0.124
06-Jul-2011,-0.005,0.055,NaN,NaN,NaN,NaN,NaN,NaN,NaN,NaN,NaN,NaN,NaN,NaN,NaN,NaN,NaN,NaN,0.099,0.101,0.105,0.108,0.113,0.124
07-Jul-2011,0.02,0.055,NaN,NaN,NaN,NaN,NaN,NaN,NaN,NaN,NaN,NaN,NaN,NaN,NaN,NaN,NaN,NaN,0.098,0.101,0.105,0.108,0.113,0.124
08-Jul-2011,0.03,0.055,NaN,NaN,NaN,NaN,NaN,NaN,NaN,NaN,NaN,NaN,NaN,NaN,NaN,NaN,NaN,NaN,0.1,0.102,0.105,0.108,0.113,0.124
11-Jul-2011,0.015,0.055,NaN,NaN,NaN,NaN,NaN,NaN,NaN,NaN,NaN,NaN,NaN,NaN,NaN,NaN,NaN,NaN,0.1,0.102,0.105,0.108,0.113,0.124
12-Jul-2011,0.005,0.055,NaN,NaN,NaN,NaN,NaN,NaN,NaN,NaN,NaN,NaN,NaN,NaN,NaN,NaN,NaN,NaN,0.1,0.102,0.105,0.108,0.113,0.124
13-Jul-2011,0.005,0.055,NaN,NaN,NaN,NaN,NaN,NaN,NaN,NaN,NaN,NaN,NaN,NaN,NaN,NaN,NaN,NaN,0.1,0.102,0.105,0.108,0.113,0.124
14-Jul-2011,0.005,0.055,NaN,NaN,NaN,NaN,NaN,NaN,NaN,NaN,NaN,NaN,NaN,NaN,NaN,NaN,NaN,NaN,0.101,0.102,0.105,0.108,0.113,0.124
15-Jul-2011,0.005,0.055,NaN,NaN,NaN,NaN,NaN,NaN,NaN,NaN,NaN,NaN,NaN,NaN,NaN,NaN,NaN,NaN,0.1,0.103,0.105,0.108,0.113,0.124
18-Jul-2011,0.005,0.075,NaN,NaN,NaN,NaN,NaN,NaN,NaN,NaN,NaN,NaN,NaN,NaN,NaN,NaN,NaN,NaN,0.1,0.103,0.105,0.108,0.113,0.124
19-Jul-2011,0.01,0.075,NaN,NaN,NaN,NaN,NaN,NaN,NaN,NaN,NaN,NaN,NaN,NaN,NaN,NaN,NaN,NaN,0.1,0.102,0.105,0.108,0.113,0.124
20-Jul-2011,0.005,0.075,NaN,NaN,NaN,NaN,NaN,NaN,NaN,NaN,NaN,NaN,NaN,NaN,NaN,NaN,NaN,NaN,0.1,0.101,0.105,0.108,0.113,0.124
21-Jul-2011,0.025,0.075,NaN,NaN,NaN,NaN,NaN,NaN,NaN,NaN,NaN,NaN,NaN,NaN,NaN,NaN,NaN,NaN,0.1,0.102,0.105,0.108,0.113,0.123
22-Jul-2011,0.025,0.075,NaN,NaN,NaN,NaN,NaN,NaN,NaN,NaN,NaN,NaN,NaN,NaN,NaN,NaN,NaN,NaN,0.1,0.102,0.105,0.108,0.113,0.123
25-Jul-2011,0.015,0.075,NaN,NaN,NaN,NaN,NaN,NaN,NaN,NaN,NaN,NaN,NaN,NaN,NaN,NaN,NaN,NaN,0.1,0.102,0.105,0.108,0.113,0.123
26-Jul-2011,0.045,0.075,NaN,NaN,NaN,NaN,NaN,NaN,NaN,NaN,NaN,NaN,NaN,NaN,NaN,NaN,NaN,NaN,0.1,0.103,0.105,0.108,0.113,0.123
27-Jul-2011,0.055,0.075,NaN,NaN,NaN,NaN,NaN,NaN,NaN,NaN,NaN,NaN,NaN,NaN,NaN,NaN,NaN,NaN,0.1,0.104,0.105,0.108,0.113,0.123
28-Jul-2011,0.115,0.075,NaN,NaN,NaN,NaN,NaN,NaN,NaN,NaN,NaN,NaN,NaN,NaN,NaN,NaN,NaN,NaN,0.1,0.104,0.105,0.108,0.113,0.123
29-Jul-2011,0.255,0.075,NaN,NaN,NaN,NaN,NaN,NaN,NaN,NaN,NaN,NaN,NaN,NaN,NaN,NaN,NaN,NaN,0.1,0.104,0.105,0.108,0.113,0.123
01-Aug-2011,0.335,0.075,NaN,NaN,NaN,NaN,NaN,NaN,NaN,NaN,NaN,NaN,NaN,NaN,NaN,NaN,NaN,NaN,0.1,0.104,0.105,0.108,0.113,0.123
02-Aug-2011,0.225,0.075,NaN,NaN,NaN,NaN,NaN,NaN,NaN,NaN,NaN,NaN,NaN,NaN,NaN,NaN,NaN,NaN,0.1,0.104,0.105,0.108,0.113,0.123
03-Aug-2011,0.08,0.075,NaN,NaN,NaN,NaN,NaN,NaN,NaN,NaN,NaN,NaN,NaN,NaN,NaN,NaN,NaN,NaN,0.101,0.104,0.105,0.108,0.113,0.123
04-Aug-2011,0.08,0.075,NaN,NaN,NaN,NaN,NaN,NaN,NaN,NaN,NaN,NaN,NaN,NaN,NaN,NaN,NaN,NaN,0.1,0.104,0.105,0.107,0.112,0.123
05-Aug-2011,0.055,0.075,NaN,NaN,NaN,NaN,NaN,NaN,NaN,NaN,NaN,NaN,NaN,NaN,NaN,NaN,NaN,NaN,0.103,0.105,0.105,0.107,0.111,0.122
08-Aug-2011,0.08,0.075,NaN,NaN,NaN,NaN,NaN,NaN,NaN,NaN,NaN,NaN,NaN,NaN,NaN,NaN,NaN,NaN,0.101,0.105,0.105,0.107,0.111,0.122
09-Aug-2011,0.04,0.075,NaN,NaN,NaN,NaN,NaN,NaN,NaN,NaN,NaN,NaN,NaN,NaN,NaN,NaN,NaN,NaN,0.1,0.105,0.105,0.107,0.111,0.122
10-Aug-2011,0.035,0.075,NaN,NaN,NaN,NaN,NaN,NaN,NaN,NaN,NaN,NaN,NaN,NaN,NaN,NaN,NaN,NaN,0.099,0.103,0.105,0.107,0.111,0.121
11-Aug-2011,0.065,0.08,NaN,NaN,NaN,NaN,NaN,NaN,NaN,NaN,NaN,NaN,NaN,NaN,NaN,NaN,NaN,NaN,0.1,0.104,0.105,0.107,0.111,0.121
12-Aug-2011,0.125,0.08,NaN,NaN,NaN,NaN,NaN,NaN,NaN,NaN,NaN,NaN,NaN,NaN,NaN,NaN,NaN,NaN,0.1,0.104,0.105,0.107,0.111,0.121
15-Aug-2011,0.115,0.08,NaN,NaN,NaN,NaN,NaN,NaN,NaN,NaN,NaN,NaN,NaN,NaN,NaN,NaN,NaN,NaN,0.102,0.104,0.105,0.107,0.111,0.121
16-Aug-2011,0.05,0.1,NaN,NaN,NaN,NaN,NaN,NaN,NaN,NaN,NaN,NaN,NaN,NaN,NaN,NaN,NaN,NaN,0.101,0.104,0.105,0.107,0.111,0.121
17-Aug-2011,0.06,0.1,NaN,NaN,NaN,NaN,NaN,NaN,NaN,NaN,NaN,NaN,NaN,NaN,NaN,NaN,NaN,NaN,0.1,0.104,0.105,0.107,0.111,0.12
18-Aug-2011,0.055,0.1,NaN,NaN,NaN,NaN,NaN,NaN,NaN,NaN,NaN,NaN,NaN,NaN,NaN,NaN,NaN,NaN,0.1,0.105,0.105,0.107,0.111,0.12
19-Aug-2011,0.065,0.1,NaN,NaN,NaN,NaN,NaN,NaN,NaN,NaN,NaN,NaN,NaN,NaN,NaN,NaN,NaN,NaN,0.1,0.105,0.105,0.107,0.111,0.119
22-Aug-2011,0.04,0.1,NaN,NaN,NaN,NaN,NaN,NaN,NaN,NaN,NaN,NaN,NaN,NaN,NaN,NaN,NaN,NaN,0.1,0.105,0.105,0.107,0.111,0.119
23-Aug-2011,0.02,0.1,NaN,NaN,NaN,NaN,NaN,NaN,NaN,NaN,NaN,NaN,NaN,NaN,NaN,NaN,NaN,NaN,0.1,0.105,0.105,0.107,0.111,0.119
24-Aug-2011,0.03,0.07,NaN,NaN,NaN,NaN,NaN,NaN,NaN,NaN,NaN,NaN,NaN,NaN,NaN,NaN,NaN,NaN,0.1,0.105,0.105,0.107,0.111,0.119
25-Aug-2011,0.04,0.055,NaN,NaN,NaN,NaN,NaN,NaN,NaN,NaN,NaN,NaN,NaN,NaN,NaN,NaN,NaN,NaN,0.1,0.105,0.105,0.107,0.111,0.119
26-Aug-2011,0.08,0.085,NaN,NaN,NaN,NaN,NaN,NaN,NaN,NaN,NaN,NaN,NaN,NaN,NaN,NaN,NaN,NaN,0.1,0.104,0.105,0.107,0.111,0.119
29-Aug-2011,0.045,0.085,NaN,NaN,NaN,NaN,NaN,NaN,NaN,NaN,NaN,NaN,NaN,NaN,NaN,NaN,NaN,NaN,0.1,0.104,0.105,0.107,0.111,0.119
30-Aug-2011,0.035,0.085,NaN,NaN,NaN,NaN,0.53,0.53,0.54,0.5,0.43,0.39,0.77,0.75,0.71,0.68,0.62,0.6,0.1,0.105,0.105,0.107,0.111,0.119
31-Aug-2011,0.1,0.085,NaN,NaN,NaN,NaN,0.53,0.53,0.54,0.5,0.45,0.37,0.76,0.75,0.71,0.68,0.64,0.58,0.102,0.105,0.105,0.107,0.111,0.119
01-Sep-2011,0.115,0.085,NaN,NaN,NaN,NaN,0.54,0.53,0.54,0.49,0.43,0.34,0.76,0.76,0.73,0.68,0.63,0.56,0.108,0.105,0.105,0.107,0.111,0.118
02-Sep-2011,0.105,0.085,NaN,NaN,NaN,NaN,0.55,0.52,0.54,0.46,0.38,0.28,0.76,0.76,0.72,0.65,0.58,0.5,0.105,0.105,0.105,0.107,0.111,0.118
05-Sep-2011,0.105,0.085,NaN,NaN,NaN,NaN,0.53,0.53,0.55,0.44,0.35,0.25,0.75,0.74,0.7,0.6,0.52,0.45,0.102,0.105,0.105,0.107,0.111,0.118
06-Sep-2011,0.13,0.085,NaN,NaN,NaN,NaN,0.55,0.54,0.54,0.45,0.39,0.29,0.72,0.71,0.69,0.6,0.55,0.47,0.103,0.105,0.105,0.107,0.111,0.118
07-Sep-2011,0.09,0.095,NaN,NaN,NaN,NaN,0.55,0.54,0.54,0.45,0.39,0.29,0.72,0.71,0.69,0.6,0.55,0.47,0.103,0.105,0.105,0.107,0.111,0.118
08-Sep-2011,0.065,0.085,NaN,NaN,NaN,NaN,0.53,0.53,0.49,0.44,0.37,0.3,0.71,0.68,0.61,0.56,0.5,0.45,0.102,0.105,0.105,0.107,0.111,0.118
09-Sep-2011,0.075,0.085,NaN,NaN,NaN,NaN,0.54,0.54,0.55,0.39,0.29,0.21,0.73,0.72,0.68,0.53,0.44,0.38,0.102,0.105,0.105,0.107,0.111,0.118
12-Sep-2011,0.06,0.085,NaN,NaN,NaN,NaN,0.54,0.54,0.54,0.45,0.36,0.28,0.93,0.86,0.59,0.5,0.43,0.37,0.1,0.105,0.105,0.107,0.111,0.118
13-Sep-2011,0.08,0.085,NaN,NaN,NaN,NaN,0.54,0.54,0.54,0.45,0.36,0.28,0.93,0.86,0.59,0.5,0.43,0.37,0.1,0.105,0.105,0.107,0.111,0.118
14-Sep-2011,0.07,0.105,NaN,NaN,NaN,NaN,0.53,0.54,0.54,0.45,0.37,0.39,0.94,0.87,0.6,0.51,0.44,0.49,0.1,0.105,0.105,0.107,0.111,0.118
15-Sep-2011,0.155,0.105,NaN,NaN,NaN,NaN,0.53,0.54,0.54,0.45,0.4,0.41,0.62,0.62,0.63,0.54,0.5,0.54,0.1,0.105,0.105,0.107,0.111,0.118
16-Sep-2011,0.09,0.105,NaN,NaN,NaN,NaN,0.53,0.53,0.54,0.45,0.37,0.38,0.62,0.62,0.63,0.54,0.47,0.51,0.1,0.105,0.105,0.107,0.111,0.118
19-Sep-2011,0.12,0.095,NaN,NaN,NaN,NaN,0.52,0.53,0.54,0.38,0.32,0.3,0.73,0.71,0.64,0.48,0.43,0.44,0.1,0.105,0.105,0.107,0.111,0.118
20-Sep-2011,0.14,0.095,NaN,NaN,NaN,NaN,0.51,0.53,0.54,0.48,0.4,0.41,0.53,0.53,0.53,0.48,0.41,0.44,0.1,0.105,0.105,0.107,0.111,0.118
21-Sep-2011,0.09,0.095,NaN,NaN,NaN,NaN,0.25,0.29,0.37,0.46,0.36,0.36,0.27,0.29,0.36,0.46,0.37,0.39,0.1,0.105,0.105,0.107,0.111,0.118
22-Sep-2011,0.09,0.095,NaN,NaN,NaN,NaN,0.46,0.48,0.5,0.46,0.36,0.34,0.48,0.48,0.5,0.46,0.37,0.37,0.1,0.105,0.105,0.106,0.11,0.118
23-Sep-2011,0.09,0.095,NaN,NaN,NaN,NaN,0.5,0.5,0.51,0.47,0.38,0.33,0.68,0.64,0.49,0.46,0.37,0.35,0.1,0.105,0.105,0.106,0.11,0.118
26-Sep-2011,0.16,0.095,NaN,NaN,NaN,NaN,0.47,0.52,0.53,0.4,0.32,0.29,0.59,0.57,0.49,0.37,0.3,0.29,0.1,0.105,0.105,0.107,0.11,0.118
27-Sep-2011,0.095,0.095,NaN,NaN,NaN,NaN,0.49,0.54,0.59,0.47,0.45,0.42,0.6,0.58,0.54,0.42,0.41,0.4,0.1,0.105,0.105,0.107,0.111,0.118
28-Sep-2011,0.035,0.095,NaN,NaN,NaN,NaN,0.5,0.5,0.54,0.41,0.38,0.38,0.65,0.64,0.59,0.48,0.46,0.48,0.1,0.105,0.105,0.107,0.111,0.118
29-Sep-2011,0.025,0.095,NaN,NaN,NaN,NaN,0.5,0.5,0.54,0.41,0.38,0.38,0.65,0.64,0.59,0.48,0.46,0.48,0.1,0.105,0.105,0.107,0.111,0.118
30-Sep-2011,0.21,0.095,NaN,NaN,NaN,NaN,0.5,0.5,0.53,0.44,0.39,0.39,0.86,0.79,0.55,0.47,0.43,0.45,0.1,0.104,0.105,0.107,0.111,0.118
03-Oct-2011,0.14,0.095,NaN,NaN,NaN,NaN,0.53,0.51,0.54,0.53,0.47,0.45,0.64,0.6,0.48,0.47,0.42,0.43,0.1,0.104,0.105,0.107,0.11,0.118
04-Oct-2011,0.065,0.085,NaN,NaN,NaN,NaN,0.53,0.52,0.56,0.51,0.43,0.42,0.66,0.63,0.53,0.49,0.42,0.42,0.1,0.103,0.105,0.107,0.11,0.118
05-Oct-2011,0.07,0.085,NaN,NaN,NaN,NaN,0.53,0.52,0.56,0.51,0.43,0.42,0.66,0.63,0.53,0.49,0.42,0.42,0.099,0.103,0.105,0.106,0.11,0.118
06-Oct-2011,0.105,0.085,NaN,NaN,NaN,NaN,0.52,0.51,0.51,0.47,0.39,0.38,0.71,0.67,0.53,0.49,0.42,0.43,0.1,0.102,0.105,0.106,0.11,0.118
07-Oct-2011,0.08,0.085,NaN,NaN,NaN,NaN,0.52,0.51,0.51,0.47,0.39,0.38,0.71,0.67,0.53,0.49,0.42,0.43,0.1,0.103,0.105,0.106,0.11,0.118
10-Oct-2011,0.08,0.085,NaN,NaN,NaN,NaN,0.52,0.51,0.51,0.47,0.39,0.38,0.71,0.67,0.53,0.49,0.42,0.43,0.1,0.103,0.105,0.106,0.11,0.118
11-Oct-2011,0.08,0.085,NaN,NaN,NaN,NaN,0.52,0.52,0.51,0.4,0.33,0.29,0.88,0.84,0.7,0.6,0.54,0.52,0.1,0.103,0.105,0.106,0.11,0.118
12-Oct-2011,0.065,0.085,NaN,NaN,NaN,NaN,0.52,0.52,0.56,0.5,0.45,0.42,0.75,0.72,0.64,0.58,0.54,0.53,0.1,0.103,0.105,0.106,0.11,0.118
13-Oct-2011,0.08,0.085,NaN,NaN,NaN,NaN,0.52,0.52,0.56,0.5,0.45,0.42,0.75,0.72,0.64,0.58,0.54,0.53,0.1,0.104,0.105,0.106,0.11,0.118
14-Oct-2011,0.08,0.085,NaN,NaN,NaN,NaN,0.52,0.54,0.64,0.61,0.54,0.51,0.65,0.64,0.62,0.59,0.54,0.52,0.1,0.105,0.105,0.106,0.11,0.118
17-Oct-2011,0.19,0.085,NaN,NaN,NaN,NaN,0.52,0.52,0.53,0.48,0.44,0.42,0.64,0.63,0.59,0.55,0.52,0.52,0.1,0.104,0.105,0.106,0.11,0.118
18-Oct-2011,0.14,0.11,NaN,NaN,NaN,NaN,0.52,0.52,0.49,0.45,0.38,0.32,0.67,0.65,0.59,0.55,0.5,0.45,0.1,0.104,0.105,0.106,0.11,0.118
19-Oct-2011,0.07,0.09,NaN,NaN,NaN,NaN,0.53,0.53,0.54,0.49,0.41,0.37,0.65,0.64,0.61,0.57,0.5,0.48,0.1,0.104,0.105,0.106,0.11,0.118
20-Oct-2011,0.07,0.09,NaN,NaN,NaN,NaN,0.47,0.51,0.53,0.49,0.45,0.4,0.69,0.67,0.6,0.57,0.54,0.51,0.1,0.105,0.105,0.105,0.11,0.118
21-Oct-2011,0.05,0.09,NaN,NaN,NaN,NaN,0.46,0.48,0.53,0.57,0.43,0.34,0.63,0.62,0.59,0.64,0.51,0.44,0.1,0.105,0.105,0.105,0.11,0.118
24-Oct-2011,0.055,0.09,NaN,NaN,NaN,NaN,0.5,0.51,0.52,0.49,0.43,0.36,0.65,0.64,0.59,0.57,0.51,0.46,0.1,0.105,0.105,0.105,0.11,0.118
25-Oct-2011,0.105,0.09,NaN,NaN,NaN,NaN,0.5,0.51,0.52,0.48,0.41,0.35,0.69,0.67,0.6,0.57,0.51,0.47,0.1,0.105,0.105,0.105,0.11,0.118
26-Oct-2011,0.07,0.11,NaN,NaN,NaN,NaN,0.53,0.52,0.54,0.49,0.39,0.32,0.7,0.68,0.6,0.56,0.48,0.42,0.1,0.105,0.105,0.105,0.11,0.118
27-Oct-2011,0.09,0.11,NaN,NaN,NaN,NaN,0.54,0.53,0.54,0.45,0.36,0.31,0.69,0.68,0.64,0.56,0.48,0.45,0.1,0.105,0.105,0.105,0.11,0.118
28-Oct-2011,0.05,0.11,NaN,NaN,NaN,NaN,0.49,0.51,0.54,0.47,0.39,0.37,0.68,0.67,0.63,0.57,0.5,0.5,0.1,0.105,0.105,0.105,0.11,0.118
31-Oct-2011,0.14,0.11,NaN,NaN,NaN,NaN,0.49,0.51,0.54,0.47,0.39,0.37,0.68,0.67,0.63,0.57,0.5,0.5,0.101,0.105,0.105,0.105,0.11,0.118
01-Nov-2011,0.125,0.11,NaN,NaN,NaN,NaN,0.49,0.52,0.54,0.45,0.31,0.28,0.67,0.66,0.62,0.54,0.41,0.4,0.1,0.105,0.105,0.105,0.11,0.118
02-Nov-2011,0.16,0.11,NaN,NaN,NaN,NaN,0.48,0.5,0.53,0.36,0.3,0.28,0.65,0.64,0.6,0.44,0.39,0.39,0.099,0.104,0.105,0.105,0.11,0.118
03-Nov-2011,0.11,0.11,NaN,NaN,NaN,NaN,0.46,0.49,0.52,0.44,0.37,0.33,0.49,0.49,0.49,0.43,0.36,0.35,0.099,0.104,0.105,0.105,0.11,0.118
04-Nov-2011,0.035,0.11,NaN,NaN,NaN,NaN,0.46,0.48,0.52,0.46,0.42,0.39,0.42,0.41,0.38,0.32,0.29,0.29,0.09,0.101,0.105,0.105,0.11,0.118
07-Nov-2011,0.075,0.11,NaN,NaN,NaN,NaN,0.49,0.5,0.53,0.47,0.42,0.39,0.49,0.47,0.39,0.35,0.3,0.29,0.079,0.097,0.104,0.105,0.11,0.118
08-Nov-2011,0.075,0.11,NaN,NaN,NaN,NaN,0.49,0.5,0.53,0.51,0.47,0.43,0.45,0.43,0.35,0.34,0.3,0.29,0.085,0.098,0.104,0.105,0.11,0.117
09-Nov-2011,0.085,0.11,NaN,NaN,NaN,NaN,0.46,0.48,0.52,0.52,0.46,0.41,0.44,0.42,0.34,0.34,0.29,0.26,0.085,0.098,0.104,0.105,0.11,0.117
10-Nov-2011,0.11,0.11,NaN,NaN,NaN,NaN,0.49,0.5,0.53,0.43,0.41,0.39,0.43,0.41,0.34,0.25,0.24,0.24,0.09,0.1,0.104,0.105,0.11,0.117
11-Nov-2011,0.11,0.11,NaN,NaN,NaN,NaN,0.47,0.47,0.51,0.43,0.4,0.4,0.42,0.39,0.32,0.25,0.23,0.25,0.091,0.1,0.104,0.105,0.11,0.117
14-Nov-2011,0.13,0.11,NaN,NaN,NaN,NaN,0.5,0.49,0.53,0.43,0.36,0.36,0.44,0.41,0.34,0.25,0.19,0.21,0.1,0.1,0.104,0.105,0.11,0.116
15-Nov-2011,0.2,0.11,NaN,NaN,NaN,NaN,0.46,0.49,0.53,0.46,0.39,0.39,0.4,0.37,0.3,0.24,0.18,0.2,0.1,0.101,0.104,0.105,0.11,0.116
16-Nov-2011,0.13,0.11,NaN,NaN,NaN,NaN,0.47,0.49,0.52,0.42,0.37,0.37,0.41,0.39,0.31,0.22,0.18,0.2,0.1,0.101,0.104,0.105,0.11,0.116
17-Nov-2011,0.09,0.11,NaN,NaN,NaN,NaN,0.44,0.48,0.5,0.4,0.35,0.35,0.41,0.39,0.31,0.22,0.18,0.2,0.1,0.101,0.104,0.105,0.11,0.116
18-Nov-2011,0.1,0.11,NaN,NaN,NaN,NaN,0.42,0.46,0.49,0.39,0.37,0.35,0.4,0.37,0.3,0.21,0.2,0.2,0.1,0.101,0.104,0.105,0.11,0.116
21-Nov-2011,0.115,0.14,NaN,NaN,NaN,NaN,0.44,0.48,0.53,0.49,0.45,0.42,0.34,0.32,0.27,0.23,0.2,0.2,0.1,0.101,0.104,0.105,0.11,0.116
22-Nov-2011,0.155,0.14,NaN,NaN,NaN,NaN,0.41,0.46,0.48,0.33,0.4,0.39,0.34,0.32,0.27,0.13,0.2,0.22,0.1,0.101,0.104,0.105,0.11,0.116
23-Nov-2011,0.125,0.14,NaN,NaN,NaN,NaN,0.38,0.43,0.46,0.39,0.39,0.39,0.31,0.3,0.24,0.13,0.19,0.2,0.1,0.101,0.104,0.105,0.11,0.116
24-Nov-2011,0.125,0.14,NaN,NaN,NaN,NaN,0.37,0.39,0.46,0.37,0.42,0.42,0.29,0.27,0.22,0.14,0.19,0.2,0.1,0.101,0.103,0.105,0.11,0.116
25-Nov-2011,0.155,0.14,NaN,NaN,NaN,NaN,0.47,0.41,0.45,0.32,0.39,0.36,0.08,0.1,0.22,0.09,0.17,0.16,0.1,0.101,0.103,0.105,0.11,0.115
28-Nov-2011,0.125,0.14,NaN,NaN,NaN,NaN,0.48,0.48,0.49,0.42,0.48,0.46,0.13,0.13,0.16,0.09,0.17,0.16,0.1,0.101,0.103,0.105,0.11,0.115
29-Nov-2011,0.115,0.14,NaN,NaN,NaN,NaN,0.54,0.47,0.5,0.27,0.34,0.31,0.23,0.23,0.26,0.04,0.13,0.11,0.1,0.101,0.104,0.105,0.11,0.115
30-Nov-2011,0.115,0.14,NaN,NaN,NaN,NaN,0.47,0.46,0.45,0.42,0.49,0.46,0.22,0.2,0.12,0.05,0.17,0.11,0.1,0.1,0.104,0.105,0.11,0.115
01-Dec-2011,0.12,0.14,NaN,NaN,NaN,NaN,0.47,0.46,0.45,0.42,0.49,0.46,0.22,0.2,0.12,0.05,0.17,0.11,0.1,0.1,0.104,0.105,0.11,0.115
02-Dec-2011,0.1,0.14,NaN,NaN,NaN,NaN,0.49,0.41,0.45,0.48,0.46,0.43,0.25,0.21,0.1,0.08,0.07,0.07,0.1,0.1,0.104,0.105,0.11,0.115
05-Dec-2011,0.09,0.14,NaN,NaN,NaN,NaN,0.49,0.46,0.47,0.36,0.34,0.31,0.44,0.39,0.21,0.1,0.09,0.09,0.1,0.1,0.104,0.105,0.11,0.115
06-Dec-2011,0.085,0.14,NaN,NaN,NaN,NaN,0.49,0.47,0.51,0.39,0.4,0.41,0.4,0.36,0.18,0.07,0.07,0.12,0.1,0.1,0.104,0.105,0.11,0.115
07-Dec-2011,0.065,0.085,NaN,NaN,NaN,NaN,0.5,0.49,0.52,0.41,0.41,0.42,0.25,0.21,0.1,0.08,0.07,0.07,0.1,0.1,0.104,0.105,0.11,0.115
08-Dec-2011,0.075,0.09,NaN,NaN,NaN,NaN,0.52,0.5,0.52,0.44,0.42,0.43,0.39,0.35,0.17,0.09,0.07,0.07,0.1,0.1,0.104,0.105,0.11,0.116
09-Dec-2011,0.095,0.08,NaN,NaN,NaN,NaN,0.49,0.47,0.5,0.39,0.37,0.38,0.43,0.38,0.2,0.08,0.07,0.07,0.1,0.1,0.104,0.105,0.11,0.115
12-Dec-2011,0.105,0.085,NaN,NaN,NaN,NaN,0.48,0.48,0.5,0.41,0.39,0.4,0.78,0.65,0.18,0.09,0.09,0.12,0.1,0.1,0.104,0.105,0.11,0.115
13-Dec-2011,0.105,0.085,NaN,NaN,NaN,NaN,0.45,0.47,0.5,0.39,0.38,0.39,0.37,0.33,0.19,0.08,0.09,0.12,0.1,0.1,0.104,0.105,0.11,0.115
14-Dec-2011,0.08,0.085,NaN,NaN,NaN,NaN,0.49,0.46,0.49,0.38,0.39,0.4,0.33,0.29,0.16,0.07,0.09,0.12,0.1,0.1,0.104,0.105,0.11,0.115
15-Dec-2011,0.105,0.085,NaN,NaN,NaN,NaN,0.49,0.48,0.48,0.42,0.43,0.44,0.13,0.12,0.12,0.07,0.09,0.12,0.1,0.1,0.104,0.105,0.11,0.115
16-Dec-2011,0.105,0.085,NaN,NaN,NaN,NaN,0.48,0.5,0.51,0.44,0.45,0.46,0.43,0.38,0.2,0.06,0.09,0.12,0.1,0.1,0.104,0.105,0.11,0.115
19-Dec-2011,0.105,0.075,NaN,NaN,NaN,NaN,0.48,0.5,0.51,0.44,0.45,0.46,0.43,0.38,0.2,0.06,0.09,0.12,0.1,0.1,0.104,0.105,0.11,0.114
20-Dec-2011,0.105,0.075,NaN,NaN,NaN,NaN,0.44,0.47,0.5,0.56,0.61,0.62,-0.04,-0.05,-0.05,0.03,0.09,0.12,0.1,0.101,0.104,0.105,0.11,0.114
21-Dec-2011,0.035,0.075,NaN,NaN,NaN,NaN,0.45,0.44,0.47,0.51,0.56,0.57,-0.02,-0.02,-0.02,0.03,0.09,0.12,0.1,0.101,0.104,0.105,0.11,0.114
22-Dec-2011,0.035,0.06,NaN,NaN,NaN,NaN,0.43,0.43,0.48,0.52,0.57,0.58,0.43,0.38,0.2,0.03,0.09,0.12,0.1,0.101,0.104,0.105,0.11,0.114
23-Dec-2011,0.09,0.085,NaN,NaN,NaN,NaN,0.44,0.42,0.46,0.5,0.55,0.56,0.43,0.38,0.2,0.03,0.09,0.12,0.1,0.101,0.104,0.105,0.11,0.114
26-Dec-2011,0.09,0.085,NaN,NaN,NaN,NaN,0.44,0.42,0.46,0.5,0.55,0.56,0.43,0.38,0.2,0.03,0.09,0.12,0.1,0.101,0.104,0.105,0.11,0.114
27-Dec-2011,0.09,0.085,NaN,NaN,NaN,NaN,0.44,0.42,0.46,0.5,0.55,0.56,0.43,0.38,0.2,0.03,0.09,0.12,0.1,0.101,0.104,0.105,0.11,0.114
28-Dec-2011,0.04,0.085,NaN,NaN,NaN,NaN,0.44,0.42,0.46,0.5,0.55,0.56,-0.02,-0.02,-0.02,0.03,0.09,0.12,0.1,0.101,0.104,0.105,0.11,0.114
29-Dec-2011,0.08,0.085,NaN,NaN,NaN,NaN,0.35,0.33,0.37,0.41,0.46,0.47,-0.02,-0.02,-0.02,0.03,0.09,0.12,0.096,0.1,0.104,0.105,0.11,0.114
30-Dec-2011,0.06,0.085,NaN,NaN,NaN,NaN,0.35,0.33,0.37,0.41,0.46,0.47,-0.02,-0.02,-0.02,0.03,0.09,0.12,0.092,0.1,0.104,0.105,0.109,0.114
02-Jan-2012,0.06,0.085,NaN,NaN,NaN,NaN,0.35,0.33,0.37,0.41,0.46,0.47,-0.02,-0.02,-0.02,0.03,0.09,0.12,0.092,0.1,0.104,0.105,0.109,0.114
03-Jan-2012,0.14,0.085,NaN,NaN,NaN,NaN,0.41,0.45,0.43,0.45,0.46,0.45,0.02,0.02,0.02,0.04,0.06,0.08,0.092,0.1,0.104,0.105,0.109,0.114
04-Jan-2012,0.075,0.085,NaN,NaN,NaN,NaN,0.4,0.44,0.46,0.45,0.49,0.48,0.09,0.07,0.01,0.01,0.06,0.08,0.099,0.1,0.104,0.105,0.109,0.114
05-Jan-2012,0.08,0.085,NaN,NaN,NaN,NaN,0.49,0.47,0.47,0.46,0.5,0.49,0.09,0.07,0.01,0.02,0.06,0.08,0.1,0.1,0.104,0.105,0.109,0.114
06-Jan-2012,0.06,0.085,NaN,NaN,NaN,NaN,0.44,0.47,0.47,0.45,0.49,0.49,0.12,0.1,0.02,0.01,0.06,0.08,0.1,0.1,0.104,0.105,0.109,0.114
09-Jan-2012,0.095,0.085,NaN,NaN,NaN,NaN,0.5,0.48,0.48,0.48,0.5,0.5,0.12,0.1,0.02,0.03,0.06,0.08,0.1,0.1,0.104,0.105,0.109,0.114
10-Jan-2012,0.08,0.1,NaN,NaN,NaN,NaN,0.5,0.48,0.48,0.44,0.48,0.48,0.16,0.13,0.04,0.01,0.06,0.08,0.1,0.101,0.104,0.105,0.109,0.114
11-Jan-2012,0.1,0.08,NaN,NaN,NaN,NaN,0.49,0.49,0.49,0.44,0.48,0.45,0.15,0.13,0.05,0.02,0.06,0.06,0.1,0.101,0.104,0.105,0.109,0.114
12-Jan-2012,0.1,0.08,NaN,NaN,NaN,NaN,0.48,0.49,0.49,0.43,0.47,0.44,0.16,0.14,0.06,0.02,0.06,0.06,0.1,0.101,0.104,0.105,0.109,0.114
13-Jan-2012,0.17,0.08,NaN,NaN,NaN,NaN,0.48,0.49,0.49,0.43,0.47,0.44,0.16,0.14,0.06,0.02,0.06,0.06,0.101,0.102,0.104,0.105,0.109,0.114
16-Jan-2012,0.17,0.08,NaN,NaN,NaN,NaN,0.48,0.49,0.49,0.43,0.47,0.44,0.16,0.14,0.06,0.02,0.06,0.06,0.101,0.103,0.104,0.105,0.109,0.114
17-Jan-2012,0.24,0.08,NaN,NaN,NaN,NaN,0.47,0.47,0.49,0.44,0.4,0.4,0.16,0.14,0.07,0.04,0.01,0.03,0.1,0.103,0.104,0.105,0.109,0.114
18-Jan-2012,0.18,0.08,NaN,NaN,NaN,NaN,0.45,0.45,0.46,0.42,0.38,0.37,0.16,0.14,0.07,0.04,0.01,0.03,0.1,0.103,0.104,0.105,0.109,0.114
19-Jan-2012,0.21,0.08,NaN,NaN,NaN,NaN,0.49,0.48,0.46,0.41,0.38,0.39,0.17,0.15,0.08,0.04,0.02,0.05,0.1,0.103,0.104,0.105,0.109,0.114
20-Jan-2012,0.2,0.16,NaN,NaN,NaN,NaN,0.5,0.49,0.47,0.41,0.38,0.38,0.18,0.16,0.09,0.04,0.02,0.04,0.102,0.103,0.104,0.105,0.109,0.114
23-Jan-2012,0.15,0.15,NaN,NaN,NaN,NaN,0.5,0.49,0.47,0.41,0.38,0.38,0.18,0.16,0.09,0.04,0.02,0.04,0.101,0.103,0.104,0.105,0.109,0.114
24-Jan-2012,0.12,0.09,NaN,NaN,NaN,NaN,0.5,0.49,0.47,0.41,0.38,0.38,0.18,0.16,0.09,0.04,0.02,0.04,0.101,0.103,0.104,0.105,0.109,0.114
25-Jan-2012,0.12,0.09,NaN,NaN,NaN,NaN,0.44,0.46,0.46,0.39,0.35,0.34,0.21,0.19,0.13,0.07,0.04,0.05,0.101,0.103,0.104,0.105,0.109,0.114
26-Jan-2012,0.115,0.155,NaN,NaN,NaN,NaN,0.49,0.45,0.46,0.42,0.34,0.33,0.25,0.23,0.17,0.13,0.06,0.07,0.1,0.103,0.105,0.105,0.109,0.114
27-Jan-2012,0.115,0.155,NaN,NaN,NaN,NaN,0.49,0.45,0.46,0.42,0.34,0.33,0.25,0.23,0.17,0.13,0.06,0.07,0.101,0.103,0.105,0.105,0.109,0.114
30-Jan-2012,0.125,0.14,NaN,NaN,NaN,NaN,0.48,0.48,0.48,0.39,0.36,0.34,0.21,0.2,0.17,0.1,0.08,0.08,0.101,0.103,0.105,0.105,0.109,0.114
31-Jan-2012,0.245,0.14,NaN,NaN,NaN,NaN,0.46,0.46,0.46,0.36,0.37,0.34,0.19,0.18,0.15,0.06,0.08,0.07,0.1,0.103,0.105,0.105,0.109,0.114
01-Feb-2012,0.235,0.14,NaN,NaN,NaN,NaN,0.43,0.43,0.45,0.4,0.38,0.34,0.17,0.16,0.13,0.08,0.08,0.06,0.1,0.102,0.105,0.105,0.109,0.114
02-Feb-2012,0.185,0.14,NaN,NaN,NaN,NaN,0.42,0.43,0.45,0.38,0.38,0.34,0.17,0.16,0.13,0.07,0.08,0.06,0.1,0.102,0.105,0.105,0.109,0.114
03-Feb-2012,0.17,0.14,NaN,NaN,NaN,NaN,0.45,0.46,0.45,0.4,0.4,0.37,0.16,0.15,0.12,0.07,0.08,0.08,0.1,0.102,0.105,0.105,0.109,0.114
06-Feb-2012,0.125,0.14,NaN,NaN,NaN,NaN,0.5,0.47,0.46,0.4,0.4,0.37,0.19,0.17,0.12,0.07,0.08,0.07,0.103,0.103,0.105,0.105,0.109,0.114
07-Feb-2012,0.115,0.14,NaN,NaN,NaN,NaN,0.51,0.48,0.46,0.41,0.4,0.37,0.19,0.17,0.12,0.08,0.08,0.07,0.104,0.103,0.105,0.105,0.109,0.114
08-Feb-2012,0.13,0.14,NaN,NaN,NaN,NaN,0.51,0.48,0.46,0.4,0.38,0.36,0.2,0.19,0.14,0.09,0.08,0.08,0.1,0.103,0.105,0.105,0.109,0.114
09-Feb-2012,0.155,0.14,NaN,NaN,NaN,NaN,0.51,0.47,0.46,0.38,0.37,0.34,0.22,0.2,0.15,0.09,0.08,0.08,0.1,0.104,0.105,0.105,0.109,0.114
10-Feb-2012,0.19,0.21,NaN,NaN,NaN,NaN,0.52,0.49,0.46,0.4,0.38,0.36,0.21,0.2,0.16,0.1,0.1,0.09,0.1,0.104,0.105,0.105,0.109,0.114
13-Feb-2012,0.19,0.21,NaN,NaN,NaN,NaN,0.52,0.49,0.46,0.4,0.38,0.36,0.21,0.2,0.16,0.1,0.1,0.09,0.101,0.104,0.105,0.105,0.109,0.114
14-Feb-2012,0.14,0.175,NaN,NaN,NaN,NaN,0.48,0.48,0.46,0.38,0.37,0.36,0.23,0.22,0.18,0.11,0.11,0.11,0.102,0.104,0.105,0.105,0.109,0.114
15-Feb-2012,0.19,0.175,NaN,NaN,NaN,NaN,0.48,0.48,0.46,0.43,0.41,0.38,0.14,0.14,0.13,0.11,0.1,0.09,0.101,0.104,0.105,0.105,0.109,0.114
16-Feb-2012,0.14,0.165,NaN,NaN,NaN,NaN,0.48,0.46,0.45,0.42,0.4,0.38,0.14,0.13,0.13,0.11,0.1,0.09,0.1,0.104,0.105,0.105,0.109,0.114
17-Feb-2012,0.095,0.14,NaN,NaN,NaN,NaN,0.45,0.46,0.47,0.44,0.43,0.4,0.12,0.12,0.11,0.09,0.1,0.08,0.1,0.104,0.105,0.105,0.109,0.114
20-Feb-2012,0.095,0.14,NaN,NaN,NaN,NaN,0.47,0.47,0.45,0.43,0.42,0.39,0.12,0.12,0.11,0.1,0.1,0.09,0.102,0.104,0.105,0.105,0.109,0.114
21-Feb-2012,0.07,0.14,NaN,NaN,NaN,NaN,0.47,0.47,0.45,0.43,0.42,0.39,0.12,0.12,0.11,0.1,0.1,0.09,0.102,0.104,0.105,0.105,0.109,0.114
22-Feb-2012,0.075,0.18,NaN,NaN,NaN,NaN,0.46,0.46,0.45,0.44,0.41,0.4,0.12,0.12,0.11,0.11,0.1,0.1,0.102,0.105,0.105,0.105,0.109,0.114
23-Feb-2012,0.115,0.18,NaN,NaN,NaN,NaN,0.45,0.45,0.45,0.42,0.41,0.39,0.12,0.12,0.11,0.1,0.09,0.1,0.102,0.105,0.105,0.105,0.109,0.114
24-Feb-2012,0.135,0.18,NaN,NaN,NaN,NaN,0.47,0.48,0.46,0.43,0.42,0.41,0.12,0.12,0.11,0.09,0.09,0.1,0.1,0.104,0.105,0.105,0.109,0.114
27-Feb-2012,0.185,0.18,NaN,NaN,NaN,NaN,0.47,0.47,0.46,0.43,0.42,0.41,0.12,0.12,0.11,0.09,0.09,0.1,0.1,0.104,0.105,0.105,0.109,0.114
28-Feb-2012,0.13,0.18,NaN,NaN,NaN,NaN,0.5,0.49,0.49,0.48,0.48,0.46,0.1,0.09,0.09,0.09,0.1,0.1,0.1,0.104,0.105,0.105,0.109,0.114
29-Feb-2012,0.19,0.18,NaN,NaN,NaN,NaN,0.5,0.49,0.48,0.47,0.46,0.45,0.09,0.08,0.08,0.08,0.08,0.09,0.1,0.105,0.105,0.105,0.109,0.114
01-Mar-2012,0.215,0.18,NaN,NaN,NaN,NaN,0.44,0.44,0.48,0.47,0.48,0.47,0.07,0.07,0.06,0.07,0.09,0.09,0.1,0.105,0.105,0.105,0.109,0.114
02-Mar-2012,0.2,0.18,NaN,NaN,NaN,NaN,0.49,0.46,0.47,0.49,0.5,0.48,0.03,0.03,0.03,0.06,0.08,0.08,0.1,0.105,0.105,0.105,0.109,0.114
05-Mar-2012,0.195,0.18,NaN,NaN,NaN,NaN,0.49,0.49,0.48,0.49,0.51,0.48,0.03,0.03,0.03,0.05,0.08,0.08,0.101,0.105,0.105,0.105,0.109,0.114
06-Mar-2012,0.185,0.18,NaN,NaN,NaN,NaN,0.49,0.48,0.48,0.48,0.49,0.48,0.05,0.05,0.05,0.06,0.08,0.09,0.1,0.105,0.105,0.105,0.109,0.114
07-Mar-2012,0.185,0.18,NaN,NaN,NaN,NaN,0.53,0.49,0.48,0.48,0.48,0.48,0.06,0.06,0.06,0.07,0.08,0.1,0.1,0.105,0.105,0.105,0.109,0.114
08-Mar-2012,0.19,0.195,NaN,NaN,NaN,NaN,0.48,0.49,0.48,0.45,0.45,0.46,0.08,0.08,0.08,0.06,0.08,0.1,0.1,0.105,0.105,0.105,0.109,0.114
09-Mar-2012,0.195,0.195,NaN,NaN,NaN,NaN,0.48,0.5,0.48,0.45,0.44,0.43,0.1,0.1,0.1,0.08,0.08,0.1,0.101,0.105,0.105,0.105,0.109,0.114
12-Mar-2012,0.21,0.195,NaN,NaN,NaN,NaN,0.51,0.53,0.51,0.48,0.47,0.48,0.1,0.1,0.1,0.08,0.08,0.11,0.1,0.105,0.105,0.105,0.109,0.114
13-Mar-2012,0.195,0.205,NaN,NaN,NaN,NaN,0.52,0.5,0.48,0.46,0.45,0.46,0.1,0.1,0.1,0.08,0.08,0.11,0.1,0.105,0.105,0.105,0.109,0.114
14-Mar-2012,0.185,0.205,NaN,NaN,NaN,NaN,0.5,0.5,0.5,0.48,0.47,0.48,0.09,0.09,0.09,0.08,0.08,0.12,0.1,0.105,0.105,0.105,0.109,0.114
15-Mar-2012,0.26,0.205,NaN,NaN,NaN,NaN,0.5,0.5,0.5,0.47,0.47,0.48,0.12,0.11,0.1,0.08,0.09,0.12,0.101,0.105,0.105,0.105,0.109,0.114
16-Mar-2012,0.23,0.205,NaN,NaN,NaN,NaN,0.47,0.45,0.48,0.48,0.47,0.47,0.11,0.1,0.09,0.09,0.09,0.12,0.102,0.105,0.105,0.105,0.109,0.114
19-Mar-2012,0.215,0.13,NaN,NaN,NaN,NaN,0.47,0.48,0.48,0.47,0.46,0.48,0.12,0.11,0.09,0.09,0.09,0.13,0.104,0.105,0.105,0.105,0.109,0.114
20-Mar-2012,0.205,0.13,NaN,NaN,NaN,NaN,0.47,0.48,0.48,0.47,0.46,0.47,0.13,0.12,0.09,0.09,0.09,0.12,0.104,0.105,0.105,0.105,0.109,0.114
21-Mar-2012,0.17,0.13,NaN,NaN,NaN,NaN,0.45,0.46,0.48,0.48,0.47,0.47,0.12,0.11,0.09,0.1,0.1,0.12,0.1,0.105,0.105,0.105,0.109,0.114
22-Mar-2012,0.14,0.15,NaN,NaN,NaN,NaN,0.43,0.45,0.48,0.48,0.48,0.47,0.11,0.1,0.08,0.1,0.1,0.12,0.1,0.105,0.105,0.105,0.109,0.114
23-Mar-2012,0.19,0.15,NaN,NaN,NaN,NaN,0.42,0.46,0.47,0.46,0.46,0.46,0.12,0.11,0.09,0.1,0.1,0.12,0.101,0.105,0.105,0.105,0.109,0.114
26-Mar-2012,0.225,0.15,NaN,NaN,NaN,NaN,0.42,0.44,0.47,0.46,0.46,0.46,0.12,0.11,0.09,0.1,0.1,0.12,0.101,0.105,0.105,0.105,0.109,0.114
27-Mar-2012,0.225,0.15,NaN,NaN,NaN,NaN,0.44,0.46,0.47,0.48,0.48,0.48,0.1,0.09,0.08,0.1,0.1,0.12,0.099,0.104,0.105,0.105,0.109,0.114
28-Mar-2012,0.225,0.175,NaN,NaN,NaN,NaN,0.47,0.46,0.46,0.46,0.45,0.45,0.12,0.11,0.09,0.1,0.1,0.12,0.093,0.103,0.105,0.105,0.109,0.114
29-Mar-2012,0.13,0.165,NaN,NaN,NaN,NaN,0.47,0.46,0.46,0.46,0.45,0.45,0.12,0.11,0.09,0.1,0.1,0.12,0.099,0.104,0.105,0.105,0.109,0.114
30-Mar-2012,0.14,0.165,NaN,NaN,NaN,NaN,0.43,0.43,0.45,0.46,0.45,0.44,0.12,0.11,0.09,0.11,0.11,0.12,0.1,0.104,0.105,0.105,0.109,0.114
02-Apr-2012,0.14,0.165,NaN,NaN,NaN,NaN,0.48,0.46,0.48,0.48,0.48,0.47,0.12,0.11,0.09,0.11,0.11,0.13,0.099,0.103,0.105,0.105,0.109,0.114
03-Apr-2012,0.205,0.165,NaN,NaN,NaN,NaN,0.46,0.46,0.47,0.47,0.47,0.46,0.12,0.11,0.09,0.1,0.11,0.13,0.092,0.102,0.105,0.105,0.109,0.114
04-Apr-2012,0.23,0.165,NaN,NaN,NaN,NaN,0.46,0.46,0.47,0.47,0.47,0.46,0.12,0.11,0.09,0.1,0.11,0.13,0.091,0.101,0.105,0.105,0.109,0.114
05-Apr-2012,0.245,0.23,NaN,NaN,NaN,NaN,0.48,0.5,0.48,0.46,0.46,0.46,0.13,0.12,0.11,0.1,0.11,0.13,0.096,0.101,0.105,0.105,0.109,0.114
06-Apr-2012,0.245,0.23,NaN,NaN,NaN,NaN,0.48,0.5,0.48,0.46,0.46,0.46,0.13,0.12,0.11,0.1,0.11,0.13,0.099,0.101,0.105,0.105,0.109,0.114
09-Apr-2012,0.26,0.23,NaN,NaN,NaN,NaN,0.48,0.5,0.48,0.46,0.46,0.46,0.13,0.12,0.11,0.1,0.11,0.13,0.099,0.101,0.105,0.105,0.109,0.114
10-Apr-2012,0.22,0.21,NaN,NaN,NaN,NaN,0.5,0.48,0.48,0.48,0.48,0.47,0.15,0.14,0.09,0.1,0.11,0.13,0.1,0.101,0.105,0.105,0.109,0.114
11-Apr-2012,0.21,0.21,NaN,NaN,NaN,NaN,0.5,0.48,0.48,0.48,0.48,0.47,0.15,0.14,0.09,0.1,0.11,0.13,0.1,0.101,0.105,0.105,0.109,0.114
12-Apr-2012,0.225,0.21,NaN,NaN,NaN,NaN,0.48,0.49,0.49,0.49,0.49,0.45,0.15,0.14,0.09,0.1,0.11,0.09,0.1,0.101,0.105,0.105,0.109,0.114
13-Apr-2012,0.185,0.21,NaN,NaN,NaN,NaN,0.48,0.49,0.49,0.48,0.47,0.43,0.17,0.15,0.11,0.1,0.1,0.09,0.1,0.101,0.105,0.105,0.109,0.114
16-Apr-2012,0.245,0.21,NaN,NaN,NaN,NaN,0.47,0.48,0.49,0.48,0.47,0.43,0.16,0.15,0.1,0.1,0.1,0.09,0.1,0.101,0.105,0.105,0.109,0.114
17-Apr-2012,0.195,0.165,NaN,NaN,NaN,NaN,0.5,0.49,0.49,0.49,0.48,0.45,0.14,0.13,0.09,0.1,0.1,0.09,0.1,0.101,0.105,0.105,0.109,0.114
18-Apr-2012,0.18,0.155,NaN,NaN,NaN,NaN,0.49,0.48,0.49,0.49,0.48,0.45,0.14,0.13,0.09,0.1,0.1,0.09,0.1,0.101,0.105,0.105,0.109,0.114
19-Apr-2012,0.135,0.155,NaN,NaN,NaN,NaN,0.49,0.48,0.48,0.47,0.46,0.44,0.15,0.14,0.1,0.1,0.1,0.1,0.1,0.101,0.105,0.105,0.109,0.114
20-Apr-2012,0.115,0.125,NaN,NaN,NaN,NaN,0.48,0.46,0.47,0.45,0.44,0.41,0.16,0.15,0.11,0.1,0.1,0.1,0.1,0.102,0.105,0.105,0.109,0.114
23-Apr-2012,0.115,0.125,NaN,NaN,NaN,NaN,0.44,0.43,0.44,0.44,0.43,0.41,0.14,0.12,0.09,0.1,0.1,0.1,0.1,0.101,0.105,0.105,0.109,0.114
24-Apr-2012,0.135,0.125,NaN,NaN,NaN,NaN,0.46,0.46,0.46,0.47,0.46,0.43,0.08,0.08,0.09,0.1,0.1,0.1,0.1,0.101,0.105,0.105,0.109,0.114
25-Apr-2012,0.135,0.125,NaN,NaN,NaN,NaN,0.45,0.46,0.46,0.45,0.45,0.42,0.06,0.06,0.09,0.09,0.1,0.09,0.1,0.101,0.105,0.105,0.109,0.114
26-Apr-2012,0.135,0.125,NaN,NaN,NaN,NaN,0.43,0.44,0.45,0.44,0.44,0.42,0.05,0.06,0.08,0.08,0.09,0.09,0.1,0.101,0.105,0.105,0.109,0.114
27-Apr-2012,0.135,0.125,NaN,NaN,NaN,NaN,0.43,0.44,0.45,0.44,0.43,0.39,0.05,0.06,0.08,0.08,0.08,0.06,0.1,0.101,0.105,0.105,0.109,0.114
30-Apr-2012,0.135,0.125,NaN,NaN,NaN,NaN,0.39,0.43,0.46,0.43,0.42,0.4,0.1,0.09,0.08,0.06,0.06,0.06,0.1,0.101,0.105,0.105,0.109,0.114
01-May-2012,0.135,0.125,NaN,NaN,NaN,NaN,0.44,0.44,0.46,0.43,0.42,0.4,0.11,0.1,0.08,0.06,0.06,0.06,0.1,0.101,0.105,0.105,0.109,0.114
02-May-2012,0.135,0.125,NaN,NaN,NaN,NaN,0.42,0.43,0.45,0.42,0.41,0.39,0.11,0.1,0.09,0.06,0.07,0.06,0.1,0.101,0.105,0.105,0.109,0.114
03-May-2012,0.135,0.125,NaN,NaN,NaN,NaN,0.42,0.43,0.46,0.44,0.43,0.4,0.11,0.1,0.07,0.07,0.06,0.06,0.1,0.101,0.105,0.105,0.109,0.114
04-May-2012,0.135,0.125,NaN,NaN,NaN,NaN,0.42,0.43,0.46,0.44,0.43,0.4,0.11,0.1,0.07,0.07,0.06,0.06,0.1,0.101,0.105,0.105,0.109,0.114
07-May-2012,0.135,0.125,NaN,NaN,NaN,NaN,0.42,0.43,0.46,0.44,0.43,0.4,0.11,0.1,0.07,0.07,0.06,0.06,0.1,0.1,0.105,0.105,0.109,0.114
08-May-2012,0.135,0.125,NaN,NaN,NaN,NaN,0.41,0.43,0.46,0.43,0.43,0.4,0.1,0.09,0.08,0.07,0.07,0.07,0.1,0.1,0.105,0.105,0.109,0.114
09-May-2012,0.135,0.125,NaN,NaN,NaN,NaN,0.44,0.44,0.46,0.41,0.4,0.37,0.14,0.13,0.11,0.07,0.08,0.07,0.1,0.1,0.105,0.105,0.109,0.114
10-May-2012,0.135,0.125,NaN,NaN,NaN,NaN,0.43,0.44,0.46,0.43,0.43,0.38,0.11,0.1,0.09,0.07,0.08,0.05,0.1,0.1,0.105,0.105,0.109,0.114
11-May-2012,0.135,0.125,NaN,NaN,NaN,NaN,0.46,0.46,0.47,0.44,0.43,0.4,0.11,0.1,0.09,0.07,0.07,0.06,0.1,0.1,0.105,0.105,0.109,0.114
14-May-2012,0.135,0.125,NaN,NaN,NaN,NaN,0.45,0.46,0.47,0.46,0.45,0.41,0.12,0.11,0.08,0.08,0.09,0.07,0.1,0.1,0.105,0.105,0.109,0.114
15-May-2012,0.135,0.125,NaN,NaN,NaN,NaN,0.46,0.45,0.47,0.43,0.44,0.39,0.13,0.12,0.09,0.07,0.08,0.05,0.1,0.1,0.105,0.105,0.109,0.114
16-May-2012,0.135,0.125,NaN,NaN,NaN,NaN,0.44,0.45,0.47,0.44,0.45,0.4,0.11,0.1,0.08,0.07,0.09,0.05,0.1,0.101,0.105,0.105,0.109,0.114
17-May-2012,0.135,0.125,NaN,NaN,NaN,NaN,0.45,0.45,0.47,0.46,0.46,0.41,0.09,0.08,0.07,0.07,0.09,0.05,0.1,0.101,0.105,0.105,0.109,0.114
18-May-2012,0.135,0.125,NaN,NaN,NaN,NaN,0.45,0.45,0.47,0.46,0.46,0.41,0.09,0.08,0.07,0.07,0.09,0.05,0.1,0.101,0.105,0.105,0.109,0.114
21-May-2012,0.135,0.125,NaN,NaN,NaN,NaN,0.45,0.45,0.47,0.46,0.46,0.41,0.09,0.08,0.07,0.07,0.09,0.05,0.1,0.101,0.105,0.105,0.109,0.114
22-May-2012,0.135,0.125,NaN,NaN,NaN,NaN,0.45,0.45,0.47,0.46,0.46,0.41,0.09,0.08,0.07,0.07,0.09,0.05,0.1,0.101,0.105,0.105,0.109,0.114
23-May-2012,0.135,0.125,NaN,NaN,NaN,NaN,0.45,0.45,0.47,0.46,0.46,0.41,0.09,0.08,0.07,0.07,0.09,0.05,0.1,0.101,0.105,0.105,0.109,0.114
24-May-2012,0.135,0.125,NaN,NaN,NaN,NaN,0.47,0.46,0.46,0.45,0.42,0.39,0.05,0.06,0.08,0.08,0.06,0.05,0.1,0.101,0.105,0.105,0.109,0.114
25-May-2012,0.135,0.125,NaN,NaN,NaN,NaN,0.47,0.46,0.46,0.45,0.42,0.39,0.05,0.06,0.08,0.08,0.06,0.05,0.1,0.102,0.105,0.105,0.109,0.114
28-May-2012,0.135,0.125,NaN,NaN,NaN,NaN,0.47,0.46,0.46,0.45,0.42,0.39,0.05,0.06,0.08,0.08,0.06,0.05,0.103,0.104,0.105,0.105,0.109,0.114
29-May-2012,0.135,0.125,NaN,NaN,NaN,NaN,0.47,0.46,0.46,0.45,0.42,0.39,0.05,0.06,0.08,0.08,0.06,0.05,0.101,0.104,0.105,0.105,0.109,0.114
30-May-2012,0.135,0.125,NaN,NaN,NaN,NaN,0.47,0.46,0.46,0.45,0.42,0.39,0.05,0.06,0.08,0.08,0.06,0.05,0.1,0.104,0.105,0.105,0.109,0.114
31-May-2012,0.135,0.125,NaN,NaN,NaN,NaN,0.47,0.46,0.46,0.45,0.42,0.39,0.05,0.06,0.08,0.08,0.06,0.05,0.104,0.105,0.105,0.105,0.109,0.114
01-Jun-2012,0.135,0.125,NaN,NaN,NaN,NaN,0.47,0.46,0.46,0.45,0.42,0.39,0.05,0.06,0.08,0.08,0.06,0.05,0.104,0.105,0.105,0.105,0.109,0.114
04-Jun-2012,0.135,0.125,NaN,NaN,NaN,NaN,0.47,0.46,0.46,0.45,0.42,0.39,0.05,0.06,0.08,0.08,0.06,0.05,0.101,0.104,0.105,0.105,0.109,0.114
05-Jun-2012,0.135,0.125,NaN,NaN,NaN,NaN,0.47,0.46,0.46,0.45,0.42,0.39,0.05,0.06,0.08,0.08,0.06,0.05,0.1,0.103,0.105,0.105,0.109,0.114
06-Jun-2012,0.135,0.125,NaN,NaN,NaN,NaN,0.47,0.46,0.46,0.45,0.42,0.39,0.05,0.06,0.08,0.08,0.06,0.05,0.1,0.103,0.105,0.105,0.109,0.114
07-Jun-2012,0.135,0.125,NaN,NaN,NaN,NaN,0.47,0.46,0.46,0.45,0.42,0.39,0.05,0.06,0.08,0.08,0.06,0.05,0.1,0.103,0.105,0.105,0.109,0.114
08-Jun-2012,0.135,0.125,NaN,NaN,NaN,NaN,0.47,0.46,0.46,0.45,0.42,0.39,0.05,0.06,0.08,0.08,0.06,0.05,0.1,0.103,0.105,0.105,0.109,0.114
11-Jun-2012,0.135,0.125,NaN,NaN,NaN,NaN,0.44,0.45,0.47,0.45,0.43,0.4,0.05,0.06,0.08,0.06,0.06,0.05,0.1,0.102,0.105,0.105,0.109,0.114
12-Jun-2012,0.135,0.125,NaN,NaN,NaN,NaN,0.48,0.48,0.43,0.39,0.39,0.36,0.14,0.13,0.09,0.05,0.06,0.05,0.1,0.102,0.105,0.105,0.109,0.114
13-Jun-2012,0.135,0.125,NaN,NaN,NaN,NaN,0.48,0.47,0.4,0.35,0.35,0.33,0.18,0.16,0.1,0.05,0.06,0.06,0.1,0.102,0.105,0.105,0.109,0.114
14-Jun-2012,0.135,0.125,NaN,NaN,NaN,NaN,0.48,0.47,0.4,0.35,0.35,0.33,0.18,0.16,0.1,0.05,0.06,0.06,0.1,0.102,0.105,0.105,0.109,0.114
15-Jun-2012,0.135,0.125,NaN,NaN,NaN,NaN,0.48,0.47,0.4,0.35,0.35,0.33,0.18,0.16,0.1,0.05,0.06,0.06,0.1,0.102,0.105,0.105,0.109,0.114
18-Jun-2012,0.135,0.125,NaN,NaN,NaN,NaN,0.48,0.47,0.4,0.35,0.35,0.33,0.18,0.16,0.1,0.05,0.06,0.06,0.101,0.102,0.105,0.105,0.109,0.114
19-Jun-2012,0.135,0.125,NaN,NaN,NaN,NaN,0.48,0.47,0.4,0.35,0.35,0.33,0.18,0.16,0.1,0.05,0.06,0.06,0.1,0.102,0.105,0.105,0.109,0.114
20-Jun-2012,0.135,0.125,NaN,NaN,NaN,NaN,0.48,0.47,0.4,0.35,0.35,0.33,0.18,0.16,0.1,0.05,0.06,0.06,0.1,0.102,0.105,0.105,0.109,0.114
21-Jun-2012,0.135,0.125,NaN,NaN,NaN,NaN,0.48,0.47,0.4,0.35,0.35,0.33,0.18,0.16,0.1,0.05,0.06,0.06,0.1,0.102,0.105,0.105,0.109,0.114
22-Jun-2012,0.135,0.125,NaN,NaN,NaN,NaN,0.48,0.47,0.4,0.35,0.35,0.33,0.18,0.16,0.1,0.05,0.06,0.06,0.1,0.102,0.105,0.105,0.109,0.114
25-Jun-2012,0.135,0.125,NaN,NaN,NaN,NaN,0.48,0.47,0.4,0.35,0.35,0.33,0.18,0.16,0.1,0.05,0.06,0.06,0.1,0.102,0.105,0.105,0.109,0.114
26-Jun-2012,0.135,0.125,NaN,NaN,NaN,NaN,0.44,0.45,0.42,0.36,0.37,0.34,0.11,0.1,0.09,0.03,0.04,0.03,0.1,0.102,0.105,0.105,0.109,0.114
27-Jun-2012,0.135,0.125,NaN,NaN,NaN,NaN,0.44,0.45,0.42,0.36,0.37,0.34,0.11,0.1,0.09,0.03,0.04,0.03,0.1,0.102,0.105,0.105,0.109,0.114
28-Jun-2012,0.135,0.125,NaN,NaN,NaN,NaN,0.47,0.48,0.43,0.4,0.39,0.36,0.12,0.11,0.07,0.04,0.04,0.03,0.1,0.102,0.105,0.105,0.109,0.114
29-Jun-2012,0.135,0.125,NaN,NaN,NaN,NaN,0.49,0.5,0.47,0.44,0.42,0.39,0.1,0.09,0.07,0.04,0.03,0.02,0.1,0.102,0.105,0.105,0.109,0.114
02-Jul-2012,0.135,0.125,NaN,NaN,NaN,NaN,0.49,0.49,0.41,0.38,0.37,0.33,0.16,0.14,0.07,0.04,0.04,0.03,0.1,0.102,0.105,0.105,0.109,0.114
03-Jul-2012,0.135,0.125,NaN,NaN,NaN,NaN,0.51,0.51,0.43,0.4,0.39,0.35,0.16,0.14,0.07,0.04,0.04,0.03,0.1,0.102,0.105,0.105,0.109,0.114
04-Jul-2012,0.135,0.125,NaN,NaN,NaN,NaN,0.51,0.5,0.42,0.39,0.37,0.35,0.16,0.14,0.06,0.03,0.02,0.02,0.1,0.101,0.105,0.105,0.109,0.114
05-Jul-2012,0.135,0.125,NaN,NaN,NaN,NaN,0.52,0.51,0.42,0.39,0.37,0.34,0.16,0.14,0.06,0.03,0.02,0.01,0.1,0.101,0.105,0.105,0.109,0.114
06-Jul-2012,0.135,0.125,NaN,NaN,NaN,NaN,0.5,0.5,0.41,0.4,0.4,0.36,0.08,0.05,-0.03,-0.04,-0.03,-0.05,0.1,0.102,0.105,0.105,0.109,0.114
09-Jul-2012,0.135,0.125,NaN,NaN,NaN,NaN,0.52,0.52,0.41,0.39,0.38,0.36,0.09,0.06,-0.04,-0.06,-0.06,-0.06,0.1,0.102,0.105,0.105,0.109,0.114
10-Jul-2012,0.135,0.125,NaN,NaN,NaN,NaN,0.5,0.5,0.39,0.38,0.38,0.35,0.09,0.06,-0.04,-0.06,-0.04,-0.05,0.1,0.102,0.105,0.105,0.109,0.114
11-Jul-2012,0.135,0.125,NaN,NaN,NaN,NaN,0.5,0.5,0.39,0.38,0.37,0.36,0.09,0.06,-0.04,-0.05,-0.05,-0.04,0.1,0.102,0.105,0.105,0.109,0.114
12-Jul-2012,0.135,0.125,NaN,NaN,NaN,NaN,0.5,0.52,0.48,0.46,0.46,0.45,0.01,0,-0.04,-0.06,-0.06,-0.06,0.1,0.102,0.105,0.105,0.109,0.114
13-Jul-2012,0.135,0.125,NaN,NaN,NaN,NaN,0.5,0.49,0.45,0.42,0.42,0.41,0.02,0.01,-0.03,-0.07,-0.07,-0.07,0.1,0.102,0.104,0.105,0.109,0.113
16-Jul-2012,0.135,0.125,NaN,NaN,NaN,NaN,0.5,0.25,0.2,0.19,0.19,0.18,0,-0.01,-0.05,-0.07,-0.07,-0.07,0.1,0.102,0.104,0.105,0.109,0.113
17-Jul-2012,0.135,0.125,NaN,NaN,NaN,NaN,0.5,0.49,0.47,0.45,0.45,0.44,-0.02,-0.02,-0.04,-0.07,-0.07,-0.07,0.1,0.102,0.104,0.105,0.109,0.113
18-Jul-2012,0.135,0.125,NaN,NaN,NaN,NaN,0.51,0.5,0.48,0.47,0.45,0.45,-0.02,-0.02,-0.04,-0.06,-0.07,-0.07,0.1,0.102,0.104,0.105,0.108,0.112
19-Jul-2012,0.135,0.125,NaN,NaN,NaN,NaN,0.5,0.49,0.47,0.43,0.42,0.42,0.01,0,-0.02,-0.06,-0.07,-0.07,0.1,0.101,0.104,0.105,0.108,0.112
20-Jul-2012,0.135,0.125,NaN,NaN,NaN,NaN,0.47,0.47,0.47,0.46,0.45,0.44,-0.05,-0.05,-0.04,-0.06,-0.07,-0.08,0.101,0.101,0.104,0.105,0.108,0.112
23-Jul-2012,0.135,0.125,NaN,NaN,NaN,NaN,0.45,0.45,0.46,0.43,0.41,0.39,-0.04,-0.04,-0.03,-0.06,-0.08,-0.09,0.1,0.102,0.104,0.105,0.108,0.111
24-Jul-2012,0.135,0.125,NaN,NaN,NaN,NaN,0.45,0.43,0.37,0.35,0.35,0.34,0.03,0.02,-0.04,-0.07,-0.07,-0.08,0.101,0.103,0.105,0.105,0.108,0.111
25-Jul-2012,0.135,0.125,NaN,NaN,NaN,NaN,0.47,0.47,0.45,0.4,0.38,0.34,-0.02,-0.02,-0.03,-0.07,-0.07,-0.08,0.101,0.103,0.105,0.105,0.108,0.111
26-Jul-2012,0.135,0.125,NaN,NaN,NaN,NaN,0.5,0.5,0.47,0.44,0.42,0.37,-0.03,-0.03,-0.04,-0.07,-0.07,-0.08,0.1,0.102,0.105,0.105,0.108,0.111
27-Jul-2012,0.135,0.125,NaN,NaN,NaN,NaN,0.5,0.5,0.51,0.42,0.4,0.34,-0.01,0,0.02,-0.07,-0.07,-0.09,0.1,0.103,0.105,0.105,0.108,0.111
30-Jul-2012,0.135,0.125,NaN,NaN,NaN,NaN,0.48,0.46,0.41,0.41,0.38,0.3,-0.03,-0.04,-0.08,-0.08,-0.09,-0.13,0.1,0.103,0.105,0.105,0.109,0.111
31-Jul-2012,0.135,0.125,NaN,NaN,NaN,NaN,0.48,0.46,0.4,0.39,0.35,0.28,-0.01,-0.02,-0.07,-0.08,-0.1,-0.13,0.1,0.103,0.105,0.105,0.109,0.111
01-Aug-2012,0.135,0.125,NaN,NaN,NaN,NaN,0.41,0.39,0.33,0.32,0.28,0.21,-0.01,-0.02,-0.07,-0.08,-0.1,-0.13,0.101,0.103,0.105,0.105,0.108,0.111
02-Aug-2012,0.135,0.125,NaN,NaN,NaN,NaN,0.48,0.46,0.41,0.39,0.35,0.3,-0.02,-0.03,-0.07,-0.08,-0.1,-0.11,0.1,0.102,0.105,0.105,0.108,0.111
03-Aug-2012,0.135,0.125,NaN,NaN,NaN,NaN,0.51,0.49,0.43,0.41,0.37,0.3,0.01,0,-0.04,-0.06,-0.09,-0.11,0.1,0.102,0.105,0.105,0.109,0.111
06-Aug-2012,0.135,0.125,NaN,NaN,NaN,NaN,0.51,0.49,0.43,0.41,0.37,0.3,0.01,0,-0.04,-0.06,-0.09,-0.11,0.1,0.102,0.105,0.105,0.109,0.111
07-Aug-2012,0.135,0.125,NaN,NaN,NaN,NaN,0.42,0.44,0.45,0.41,0.37,0.34,0,-0.01,-0.04,-0.07,-0.08,-0.08,0.1,0.102,0.105,0.105,0.109,0.111
08-Aug-2012,0.135,0.125,NaN,NaN,NaN,NaN,0.42,0.45,0.48,0.42,0.39,0.34,-0.02,-0.02,-0.02,-0.07,-0.08,-0.09,0.1,0.102,0.105,0.105,0.109,0.111
09-Aug-2012,0.135,0.125,NaN,NaN,NaN,NaN,0.44,0.46,0.46,0.41,0.38,0.31,0.01,0,-0.03,-0.07,-0.08,-0.12,0.1,0.102,0.105,0.105,0.109,0.111
10-Aug-2012,0.135,0.125,NaN,NaN,NaN,NaN,0.42,0.43,0.43,0.4,0.36,0.3,0.01,0,-0.03,-0.06,-0.07,-0.1,0.1,0.102,0.105,0.105,0.109,0.111
13-Aug-2012,0.135,0.125,NaN,NaN,NaN,NaN,0.42,0.43,0.45,0.42,0.39,0.32,-0.02,-0.02,-0.04,-0.06,-0.07,-0.1,0.1,0.102,0.105,0.105,0.109,0.111
14-Aug-2012,0.135,0.125,NaN,NaN,NaN,NaN,0.39,0.39,0.42,0.37,0.33,0.26,-0.02,-0.02,-0.02,-0.06,-0.08,-0.11,0.1,0.102,0.105,0.105,0.108,0.111
15-Aug-2012,0.135,0.125,NaN,NaN,NaN,NaN,0.39,0.38,0.41,0.36,0.33,0.27,-0.02,-0.02,-0.03,-0.07,-0.08,-0.11,0.1,0.102,0.105,0.105,0.109,0.111
16-Aug-2012,0.135,0.125,NaN,NaN,NaN,NaN,0.39,0.39,0.42,0.39,0.36,0.29,-0.02,-0.02,-0.04,-0.07,-0.07,-0.11,0.1,0.102,0.105,0.105,0.109,0.111
17-Aug-2012,0.135,0.125,NaN,NaN,NaN,NaN,0.39,0.39,0.46,0.42,0.4,0.33,-0.05,-0.05,-0.04,-0.07,-0.07,-0.11,0.1,0.102,0.105,0.105,0.109,0.111
20-Aug-2012,0.135,0.125,NaN,NaN,NaN,NaN,0.43,0.43,0.44,0.4,0.38,0.29,-0.01,-0.01,-0.04,-0.07,-0.07,-0.12,0.1,0.102,0.105,0.105,0.109,0.111
21-Aug-2012,0.135,0.125,NaN,NaN,NaN,NaN,0.45,0.45,0.5,0.45,0.43,0.36,-0.03,-0.03,-0.03,-0.07,-0.07,-0.1,0.1,0.102,0.105,0.105,0.109,0.111
22-Aug-2012,0.135,0.125,NaN,NaN,NaN,NaN,0.43,0.43,0.46,0.42,0.39,0.33,0.02,0.01,-0.03,-0.07,-0.07,-0.1,0.1,0.102,0.105,0.105,0.109,0.111
23-Aug-2012,0.135,0.125,NaN,NaN,NaN,NaN,0.4,0.42,0.45,0.41,0.38,0.29,0.01,0,-0.03,-0.06,-0.07,-0.12,0.1,0.102,0.105,0.105,0.108,0.111
24-Aug-2012,0.135,0.125,NaN,NaN,NaN,NaN,0.4,0.42,0.43,0.4,0.37,0.32,0.01,0,-0.04,-0.06,-0.07,-0.08,0.1,0.102,0.105,0.105,0.108,0.111
27-Aug-2012,0.135,0.125,NaN,NaN,NaN,NaN,0.4,0.42,0.43,0.4,0.37,0.32,0.01,0,-0.04,-0.06,-0.07,-0.08,0.1,0.102,0.105,0.105,0.108,0.111
28-Aug-2012,0.135,0.125,NaN,NaN,NaN,NaN,0.4,0.42,0.43,0.4,0.37,0.32,0.01,0,-0.04,-0.06,-0.07,-0.08,0.1,0.101,0.105,0.105,0.108,0.111
29-Aug-2012,0.135,0.125,NaN,NaN,NaN,NaN,0.4,0.42,0.43,0.4,0.37,0.32,0.01,0,-0.04,-0.06,-0.07,-0.08,0.1,0.101,0.105,0.105,0.108,0.111
30-Aug-2012,0.135,0.125,NaN,NaN,NaN,NaN,0.4,0.42,0.43,0.4,0.37,0.32,0.01,0,-0.04,-0.06,-0.07,-0.08,0.1,0.101,0.105,0.105,0.108,0.111
31-Aug-2012,0.135,0.125,NaN,NaN,NaN,NaN,0.4,0.42,0.43,0.4,0.37,0.32,0.01,0,-0.04,-0.06,-0.07,-0.08,0.101,0.102,0.105,0.105,0.108,0.111
03-Sep-2012,0.135,0.125,NaN,NaN,NaN,NaN,0.4,0.42,0.43,0.4,0.37,0.32,0.01,0,-0.04,-0.06,-0.07,-0.08,0.1,0.102,0.105,0.105,0.108,0.111
04-Sep-2012,0.135,0.125,NaN,NaN,NaN,NaN,0.4,0.42,0.43,0.4,0.37,0.32,0.01,0,-0.04,-0.06,-0.07,-0.08,0.1,0.102,0.105,0.105,0.108,0.111
05-Sep-2012,0.135,0.125,NaN,NaN,NaN,NaN,0.4,0.42,0.43,0.4,0.37,0.32,0.01,0,-0.04,-0.06,-0.07,-0.08,0.1,0.102,0.105,0.105,0.108,0.111
06-Sep-2012,0.135,0.125,NaN,NaN,NaN,NaN,0.4,0.42,0.43,0.39,0.37,0.3,0.01,0,-0.04,-0.07,-0.08,-0.11,0.1,0.102,0.105,0.105,0.108,0.111
07-Sep-2012,0.135,0.125,NaN,NaN,NaN,NaN,0.4,0.42,0.44,0.4,0.37,0.32,0.02,0.01,-0.03,-0.07,-0.07,-0.08,0.1,0.101,0.105,0.105,0.108,0.111
10-Sep-2012,0.135,0.125,NaN,NaN,NaN,NaN,0.47,0.48,0.5,0.46,0.43,0.38,0.01,0,-0.03,-0.07,-0.07,-0.08,0.1,0.101,0.105,0.105,0.108,0.111
11-Sep-2012,0.135,0.125,NaN,NaN,NaN,NaN,0.48,0.23,0.5,0.46,0.43,0.38,-0.01,-0.01,-0.03,-0.06,-0.07,-0.08,0.1,0.101,0.105,0.105,0.108,0.111
12-Sep-2012,0.135,0.125,NaN,NaN,NaN,NaN,0.48,0.23,0.5,0.53,0.44,0.39,-0.01,-0.01,-0.02,0.02,-0.06,-0.07,0.099,0.101,0.105,0.105,0.108,0.111
13-Sep-2012,0.135,0.125,NaN,NaN,NaN,NaN,0.48,0.48,0.75,0.72,0.69,0.64,0,0,-0.02,-0.04,-0.06,-0.07,0.1,0.101,0.105,0.105,0.108,0.111
14-Sep-2012,0.135,0.125,NaN,NaN,NaN,NaN,0.5,0.48,0.75,0.72,0.69,0.64,0.01,0,-0.02,-0.05,-0.05,-0.06,0.1,0.101,0.105,0.105,0.108,0.111
17-Sep-2012,0.135,0.125,NaN,NaN,NaN,NaN,0.47,0.47,0.49,0.45,0.43,0.38,0.01,0,-0.02,-0.05,-0.05,-0.06,0.1,0.101,0.105,0.105,0.108,0.111
18-Sep-2012,0.135,0.125,NaN,NaN,NaN,NaN,0.47,0.47,0.48,0.45,0.43,0.38,0.01,0,-0.02,-0.05,-0.05,-0.06,0.1,0.101,0.105,0.105,0.108,0.111
19-Sep-2012,0.135,0.125,NaN,NaN,NaN,NaN,0.47,0.43,0.7,0.65,0.64,0.59,0.01,0,-0.02,-0.06,-0.06,-0.07,0.1,0.101,0.105,0.105,0.108,0.111
20-Sep-2012,0.135,0.125,NaN,NaN,NaN,NaN,0.48,0.44,0.71,0.67,0.65,0.6,0,0,-0.02,-0.06,-0.06,-0.07,0.1,0.101,0.105,0.105,0.108,0.111
21-Sep-2012,0.135,0.125,NaN,NaN,NaN,NaN,0.44,0.42,0.68,0.64,0.62,0.56,0.01,0,-0.02,-0.06,-0.06,-0.08,0.1,0.101,0.105,0.105,0.108,0.111
24-Sep-2012,0.135,0.125,NaN,NaN,NaN,NaN,0.44,0.42,0.67,0.63,0.61,0.55,0.02,0.01,-0.02,-0.06,-0.06,-0.08,0.1,0.101,0.105,0.105,0.108,0.111
25-Sep-2012,0.135,0.125,NaN,NaN,NaN,NaN,0.45,0.45,0.7,0.66,0.64,0.58,0.02,0.01,-0.02,-0.06,-0.06,-0.08,0.1,0.101,0.105,0.105,0.108,0.111
26-Sep-2012,0.135,0.125,NaN,NaN,NaN,NaN,0.24,0.24,0.49,0.45,0.43,0.38,0.02,0.01,-0.02,-0.06,-0.06,-0.07,0.1,0.101,0.105,0.105,0.108,0.11
27-Sep-2012,0.135,0.125,NaN,NaN,NaN,NaN,0.45,0.25,0.51,0.47,0.45,0.39,0.01,0,-0.02,-0.06,-0.06,-0.07,0.1,0.101,0.105,0.105,0.108,0.111
28-Sep-2012,0.135,0.125,NaN,NaN,NaN,NaN,0.44,0.5,0.75,0.72,0.69,0.64,0.02,0.01,-0.02,-0.05,-0.06,-0.07,0.101,0.101,0.105,0.105,0.108,0.111
01-Oct-2012,0.135,0.125,NaN,NaN,NaN,NaN,0.46,0.47,0.73,0.69,0.67,0.62,0.02,0.01,-0.02,-0.05,-0.06,-0.07,0.1,0.101,0.105,0.105,0.108,0.111
02-Oct-2012,0.135,0.125,NaN,NaN,NaN,NaN,0.46,0.48,0.74,0.69,0.67,0.61,0.02,0.01,-0.01,-0.05,-0.06,-0.07,0.1,0.101,0.105,0.105,0.108,0.111
03-Oct-2012,0.135,0.125,NaN,NaN,NaN,NaN,0.44,0.44,0.47,0.41,0.39,0.34,0.05,0.04,-0.01,-0.05,-0.06,-0.07,0.1,0.101,0.105,0.105,0.108,0.111
04-Oct-2012,0.135,0.125,NaN,NaN,NaN,NaN,0.47,0.46,0.48,0.45,0.43,0.36,0.04,0.02,-0.02,-0.05,-0.05,-0.07,0.1,0.101,0.105,0.105,0.108,0.11
05-Oct-2012,0.135,0.125,NaN,NaN,NaN,NaN,0.45,0.46,0.5,0.46,0.44,0.38,0.02,0.01,-0.02,-0.05,-0.05,-0.07,0.1,0.101,0.105,0.105,0.108,0.111
08-Oct-2012,0.135,0.125,NaN,NaN,NaN,NaN,0.47,0.46,0.43,0.39,0.36,0.31,0.02,0.01,-0.01,-0.04,-0.05,-0.07,0.1,0.101,0.105,0.105,0.108,0.111
09-Oct-2012,0.135,0.125,NaN,NaN,NaN,NaN,0.45,0.45,0.43,0.38,0.35,0.31,0.02,0.01,0,-0.04,-0.05,-0.06,0.101,0.101,0.105,0.105,0.108,0.11
10-Oct-2012,0.135,0.125,NaN,NaN,NaN,NaN,0.45,0.45,0.43,0.4,0.37,0.32,0.02,0.01,-0.01,-0.04,-0.05,-0.06,0.1,0.101,0.105,0.105,0.108,0.11
11-Oct-2012,0.135,0.125,NaN,NaN,NaN,NaN,0.45,0.45,0.43,0.4,0.37,0.32,0.02,0.01,-0.01,-0.04,-0.05,-0.06,0.1,0.101,0.105,0.105,0.108,0.11
12-Oct-2012,0.135,0.125,NaN,NaN,NaN,NaN,0.23,0.45,0.44,0.43,0.35,0.33,0.02,0.01,-0.01,-0.01,-0.08,-0.06,0.1,0.101,0.105,0.105,0.108,0.111
15-Oct-2012,0.135,0.125,NaN,NaN,NaN,NaN,0.42,0.45,0.45,0.41,0.38,0.33,0.01,0,-0.01,-0.04,-0.05,-0.06,0.1,0.101,0.105,0.105,0.108,0.11
16-Oct-2012,0.135,0.125,NaN,NaN,NaN,NaN,0.42,0.45,0.45,0.41,0.38,0.34,0,0,-0.01,-0.04,-0.05,-0.06,0.1,0.101,0.105,0.105,0.108,0.11
17-Oct-2012,0.135,0.125,NaN,NaN,NaN,NaN,0.43,0.44,0.44,0.41,0.38,0.34,-0.01,-0.01,-0.02,-0.04,-0.05,-0.05,0.1,0.101,0.105,0.105,0.108,0.11
18-Oct-2012,0.135,0.125,NaN,NaN,NaN,NaN,0.44,0.44,0.44,0.41,0.37,0.34,0.01,0,-0.01,-0.03,-0.05,-0.05,0.1,0.101,0.105,0.105,0.108,0.11
19-Oct-2012,0.135,0.125,NaN,NaN,NaN,NaN,0.44,0.44,0.43,0.42,0.39,0.34,0.01,0,-0.01,-0.02,-0.03,-0.04,0.1,0.101,0.105,0.105,0.108,0.11
22-Oct-2012,0.135,0.125,NaN,NaN,NaN,NaN,0.42,0.43,0.69,0.67,0.63,0.59,0.03,0.02,-0.01,-0.02,-0.04,-0.04,0.1,0.101,0.105,0.105,0.108,0.11
23-Oct-2012,0.135,0.125,NaN,NaN,NaN,NaN,0.22,0.43,0.71,0.69,0.65,0.61,0,0,-0.01,-0.02,-0.04,-0.04,0.1,0.101,0.105,0.105,0.108,0.11
24-Oct-2012,0.135,0.125,NaN,NaN,NaN,NaN,0.22,0.43,0.71,0.69,0.65,0.61,0,0,-0.01,-0.02,-0.04,-0.04,0.1,0.101,0.105,0.105,0.108,0.11
25-Oct-2012,0.135,0.125,NaN,NaN,NaN,NaN,0.22,0.43,0.71,0.69,0.65,0.61,0,0,-0.01,-0.02,-0.04,-0.04,0.1,0.101,0.105,0.105,0.108,0.11
26-Oct-2012,0.135,0.125,NaN,NaN,NaN,NaN,0.22,0.22,0.2,0.19,0.15,0.1,0.03,0.02,-0.01,-0.02,-0.04,-0.04,0.1,0.101,0.105,0.105,0.108,0.11
29-Oct-2012,0.135,0.125,NaN,NaN,NaN,NaN,0.33,0.32,0.29,0.27,0.23,0.19,0.05,0.04,0,-0.02,-0.04,-0.04,0.1,0.101,0.104,0.105,0.108,0.11
30-Oct-2012,0.135,0.125,NaN,NaN,NaN,NaN,0.34,0.34,0.31,0.29,0.26,0.21,0.04,0.03,-0.01,-0.03,-0.04,-0.04,0.1,0.101,0.104,0.105,0.108,0.11
31-Oct-2012,0.135,0.125,NaN,NaN,NaN,NaN,0.36,0.35,0.32,0.29,0.26,0.22,0.05,0.04,0.01,-0.03,-0.04,-0.04,0.1,0.101,0.104,0.105,0.108,0.11
01-Nov-2012,0.135,0.125,NaN,NaN,NaN,NaN,0.36,0.35,0.32,0.29,0.26,0.22,0.05,0.04,0.01,-0.03,-0.04,-0.04,0.1,0.101,0.104,0.105,0.108,0.11
02-Nov-2012,0.135,0.125,NaN,NaN,NaN,NaN,0.22,0.43,0.71,0.69,0.65,0.61,0,0,-0.01,-0.02,-0.04,-0.04,0.1,0.101,0.104,0.105,0.108,0.11
05-Nov-2012,0.135,0.125,NaN,NaN,NaN,NaN,0.22,0.43,0.71,0.69,0.65,0.61,0,0,-0.01,-0.02,-0.04,-0.04,0.1,0.101,0.104,0.105,0.108,0.11
06-Nov-2012,0.135,0.125,NaN,NaN,NaN,NaN,0.22,0.43,0.71,0.69,0.65,0.61,0,0,-0.01,-0.02,-0.04,-0.04,0.1,0.101,0.104,0.105,0.108,0.11
07-Nov-2012,0.135,0.125,NaN,NaN,NaN,NaN,0.22,0.43,0.71,0.69,0.65,0.61,0,0,-0.01,-0.02,-0.04,-0.04,0.1,0.101,0.104,0.105,0.108,0.11
08-Nov-2012,0.135,0.125,NaN,NaN,NaN,NaN,0.22,0.43,0.71,0.69,0.65,0.61,0,0,-0.01,-0.02,-0.04,-0.04,0.1,0.101,0.104,0.105,0.108,0.11
09-Nov-2012,0.135,0.125,NaN,NaN,NaN,NaN,0.45,0.43,0.43,0.4,0.36,0.3,0.01,0,-0.01,-0.03,-0.06,-0.08,0.1,0.101,0.104,0.105,0.108,0.11
12-Nov-2012,0.135,0.125,NaN,NaN,NaN,NaN,0.45,0.44,0.43,0.4,0.36,0.3,0.02,0.01,-0.01,-0.03,-0.06,-0.08,0.1,0.101,0.104,0.105,0.108,0.11
13-Nov-2012,0.135,0.125,NaN,NaN,NaN,NaN,0.46,0.45,0.44,0.41,0.37,0.32,0.01,0,-0.01,-0.03,-0.06,-0.07,0.1,0.101,0.104,0.105,0.108,0.111
14-Nov-2012,0.135,0.125,NaN,NaN,NaN,NaN,0.44,0.44,0.43,0.39,0.35,0.29,0.01,0.01,-0.01,-0.03,-0.06,-0.08,0.1,0.101,0.104,0.105,0.108,0.111
15-Nov-2012,0.135,0.125,NaN,NaN,NaN,NaN,0.41,0.43,0.45,0.43,0.38,0.34,0.01,0.01,-0.02,-0.03,-0.06,-0.07,0.1,0.101,0.104,0.105,0.108,0.11
16-Nov-2012,0.135,0.125,NaN,NaN,NaN,NaN,0.42,0.41,0.43,0.41,0.37,0.32,0.02,0.01,-0.02,-0.03,-0.05,-0.07,0.1,0.101,0.104,0.105,0.108,0.11
19-Nov-2012,0.135,0.125,NaN,NaN,NaN,NaN,0.41,0.42,0.44,0.42,0.38,0.32,0.02,0.01,-0.02,-0.04,-0.06,-0.07,0.1,0.101,0.104,0.105,0.108,0.11
20-Nov-2012,0.135,0.125,NaN,NaN,NaN,NaN,0.44,0.42,0.46,0.42,0.38,0.33,0.01,0,-0.01,-0.04,-0.06,-0.07,0.1,0.101,0.104,0.105,0.108,0.11
21-Nov-2012,0.135,0.125,NaN,NaN,NaN,NaN,0.44,0.42,0.46,0.42,0.38,0.33,0.01,0,-0.01,-0.04,-0.06,-0.07,0.1,0.101,0.104,0.105,0.108,0.11
22-Nov-2012,0.135,0.125,NaN,NaN,NaN,NaN,0.42,0.41,0.43,0.39,0.35,0.3,0.03,0.02,0,-0.04,-0.06,-0.07,0.1,0.101,0.104,0.105,0.108,0.11
23-Nov-2012,0.135,0.125,NaN,NaN,NaN,NaN,0.42,0.42,0.45,0.41,0.38,0.32,0.02,0.01,0,-0.04,-0.05,-0.07,0.1,0.101,0.104,0.105,0.108,0.11
26-Nov-2012,0.135,0.125,NaN,NaN,NaN,NaN,0.42,0.42,0.45,0.41,0.38,0.32,0.02,0.01,0,-0.04,-0.05,-0.07,0.1,0.101,0.104,0.105,0.108,0.11
27-Nov-2012,0.135,0.125,NaN,NaN,NaN,NaN,0.42,0.42,0.45,0.41,0.38,0.32,0.02,0.01,0,-0.04,-0.05,-0.07,0.1,0.101,0.104,0.105,0.108,0.11
28-Nov-2012,0.135,0.125,NaN,NaN,NaN,NaN,0.42,0.42,0.45,0.41,0.38,0.32,0.02,0.01,0,-0.04,-0.05,-0.07,0.1,0.101,0.104,0.105,0.108,0.11
29-Nov-2012,0.135,0.125,NaN,NaN,NaN,NaN,0.42,0.42,0.45,0.41,0.38,0.32,0.02,0.01,0,-0.04,-0.05,-0.07,0.1,0.101,0.104,0.105,0.108,0.11
30-Nov-2012,0.135,0.125,NaN,NaN,NaN,NaN,0.42,0.42,0.45,0.41,0.38,0.32,0.02,0.01,0,-0.04,-0.05,-0.07,0.1,0.101,0.104,0.105,0.108,0.11
03-Dec-2012,0.135,0.125,NaN,NaN,NaN,NaN,0.42,0.42,0.45,0.41,0.38,0.32,0.02,0.01,0,-0.04,-0.05,-0.07,0.1,0.101,0.104,0.105,0.108,0.11
04-Dec-2012,0.135,0.125,NaN,NaN,NaN,NaN,0.42,0.42,0.45,0.41,0.38,0.32,0.02,0.01,0,-0.04,-0.05,-0.07,0.1,0.101,0.104,0.105,0.108,0.11
05-Dec-2012,0.135,0.125,NaN,NaN,NaN,NaN,0.42,0.42,0.45,0.41,0.38,0.32,0.02,0.01,0,-0.04,-0.05,-0.07,0.1,0.101,0.104,0.105,0.108,0.11
06-Dec-2012,0.135,0.125,NaN,NaN,NaN,NaN,0.42,0.42,0.45,0.41,0.38,0.32,0.02,0.01,0,-0.04,-0.05,-0.07,0.1,0.101,0.104,0.105,0.108,0.11
07-Dec-2012,0.135,0.125,NaN,NaN,NaN,NaN,0.49,0.45,0.45,0.44,0.41,0.36,0.02,0.01,-0.02,-0.04,-0.05,-0.07,0.099,0.101,0.104,0.105,0.108,0.11
10-Dec-2012,0.135,0.125,NaN,NaN,NaN,NaN,0.48,0.46,0.45,0.44,0.4,0.34,0.04,0.02,-0.04,-0.06,-0.08,-0.11,0.1,0.101,0.104,0.105,0.108,0.11
11-Dec-2012,0.135,0.125,NaN,NaN,NaN,NaN,0.49,0.48,0.49,0.47,0.43,0.42,0.05,0.03,-0.03,-0.05,-0.07,-0.05,0.1,0.101,0.104,0.105,0.108,0.11
12-Dec-2012,0.135,0.125,NaN,NaN,NaN,NaN,0.48,0.47,0.48,0.46,0.41,0.37,0.04,0.03,-0.02,-0.05,-0.08,-0.08,0.1,0.101,0.104,0.105,0.108,0.11
13-Dec-2012,0.135,0.125,NaN,NaN,NaN,NaN,0.48,0.47,0.47,0.46,0.41,0.35,0.04,0.03,-0.03,-0.05,-0.08,-0.1,0.1,0.101,0.104,0.105,0.108,0.11
14-Dec-2012,0.135,0.125,NaN,NaN,NaN,NaN,0.5,0.5,0.53,0.52,0.48,0.42,-0.01,-0.01,-0.03,-0.05,-0.07,-0.1,0.1,0.101,0.104,0.105,0.108,0.11
17-Dec-2012,0.135,0.125,NaN,NaN,NaN,NaN,0.48,0.48,0.52,0.5,0.46,0.39,0,-0.01,-0.03,-0.05,-0.07,-0.1,0.1,0.101,0.104,0.105,0.108,0.11
18-Dec-2012,0.135,0.125,NaN,NaN,NaN,NaN,0.48,0.48,0.52,0.51,0.48,0.42,-0.02,-0.02,-0.04,-0.05,-0.06,-0.09,0.1,0.101,0.104,0.105,0.108,0.11
19-Dec-2012,0.135,0.125,NaN,NaN,NaN,NaN,0.5,0.5,0.53,0.51,0.47,0.42,0,-0.01,-0.03,-0.06,-0.08,-0.09,0.1,0.101,0.104,0.105,0.107,0.109
20-Dec-2012,0.135,0.125,NaN,NaN,NaN,NaN,0.5,0.5,0.53,0.51,0.47,0.42,0.01,0,-0.02,-0.06,-0.07,-0.08,0.1,0.101,0.104,0.105,0.107,0.109
21-Dec-2012,0.135,0.125,NaN,NaN,NaN,NaN,0.48,0.48,0.51,0.49,0.45,0.41,0,-0.01,-0.03,-0.06,-0.07,-0.08,0.1,0.101,0.104,0.105,0.107,0.109
24-Dec-2012,0.135,0.125,NaN,NaN,NaN,NaN,0.48,0.48,0.51,0.49,0.45,0.41,0,-0.01,-0.03,-0.06,-0.07,-0.08,0.1,0.101,0.104,0.105,0.107,0.109
25-Dec-2012,0.135,0.125,NaN,NaN,NaN,NaN,0.48,0.48,0.51,0.49,0.45,0.41,0,-0.01,-0.03,-0.06,-0.07,-0.08,0.1,0.101,0.104,0.105,0.107,0.109
26-Dec-2012,0.135,0.125,NaN,NaN,NaN,NaN,0.48,0.48,0.51,0.49,0.45,0.41,0,-0.01,-0.03,-0.06,-0.07,-0.08,0.1,0.101,0.104,0.105,0.107,0.109
27-Dec-2012,0.135,0.125,NaN,NaN,NaN,NaN,0.47,0.48,0.52,0.51,0.5,0.46,-0.02,-0.02,-0.03,-0.05,-0.04,-0.04,0.1,0.101,0.104,0.105,0.107,0.109
28-Dec-2012,0.135,0.125,NaN,NaN,NaN,NaN,0.47,0.48,0.52,0.51,0.5,0.46,-0.02,-0.02,-0.03,-0.05,-0.04,-0.04,0.1,0.101,0.104,0.105,0.107,0.109
31-Dec-2012,0.135,0.125,NaN,NaN,NaN,NaN,0.47,0.48,0.52,0.51,0.5,0.46,-0.02,-0.02,-0.03,-0.05,-0.04,-0.04,0.1,0.101,0.104,0.105,0.107,0.109
01-Jan-2013,0.135,0.125,NaN,NaN,NaN,NaN,0.47,0.48,0.52,0.51,0.5,0.46,-0.02,-0.02,-0.03,-0.05,-0.04,-0.04,0.1,0.101,0.104,0.105,0.107,0.109
02-Jan-2013,0.135,0.125,NaN,NaN,NaN,NaN,0.46,0.45,0.49,0.47,0.44,0.37,-0.02,-0.02,-0.03,-0.05,-0.07,-0.1,0.1,0.101,0.104,0.105,0.107,0.109
03-Jan-2013,0.135,0.125,NaN,NaN,NaN,NaN,0.46,0.45,0.47,0.46,0.43,0.37,0.01,0,-0.01,-0.05,-0.06,-0.08,0.1,0.101,0.104,0.105,0.107,0.109
04-Jan-2013,0.135,0.125,NaN,NaN,NaN,NaN,0.46,0.45,0.46,0.47,0.44,0.38,0.02,0.01,-0.02,-0.05,-0.06,-0.08,0.1,0.101,0.104,0.105,0.107,0.109
07-Jan-2013,0.135,0.125,NaN,NaN,NaN,NaN,0.46,0.45,0.66,0.61,0.59,0.53,0.01,0,-0.01,-0.05,-0.06,-0.08,0.1,0.101,0.104,0.105,0.107,0.109
08-Jan-2013,0.135,0.125,NaN,NaN,NaN,NaN,0.46,0.45,0.66,0.61,0.59,0.53,0.01,0,-0.01,-0.05,-0.06,-0.08,0.1,0.101,0.104,0.105,0.107,0.109
09-Jan-2013,0.135,0.125,NaN,NaN,NaN,NaN,0.46,0.46,0.46,0.46,0.43,0.38,-0.01,-0.01,-0.02,-0.04,-0.05,-0.06,0.1,0.101,0.104,0.105,0.107,0.109
10-Jan-2013,0.135,0.125,NaN,NaN,NaN,NaN,0.46,0.46,0.46,0.46,0.44,0.39,-0.01,-0.01,-0.02,-0.04,-0.05,-0.05,0.1,0.101,0.104,0.105,0.107,0.108
11-Jan-2013,0.135,0.125,NaN,NaN,NaN,NaN,0.45,0.44,0.44,0.46,0.44,0.4,0.01,0,-0.01,-0.01,-0.01,-0.01,0.1,0.101,0.104,0.105,0.107,0.108
14-Jan-2013,0.135,0.125,NaN,NaN,NaN,NaN,0.44,0.45,0.45,0.48,0.46,0.43,0,0,-0.01,-0.01,0,0,0.1,0.101,0.104,0.105,0.107,0.108
15-Jan-2013,0.135,0.125,NaN,NaN,NaN,NaN,0.44,0.45,0.45,0.48,0.46,0.43,0,0,-0.01,-0.01,0,0,0.1,0.101,0.104,0.105,0.107,0.108
16-Jan-2013,0.135,0.125,NaN,NaN,NaN,NaN,0.44,0.45,0.45,0.48,0.46,0.43,0,0,-0.01,-0.01,0,0,0.1,0.101,0.104,0.105,0.106,0.108
17-Jan-2013,0.135,0.125,NaN,NaN,NaN,NaN,0.45,0.44,0.44,0.48,0.46,0.43,-0.01,-0.01,-0.01,0.01,0.01,0.01,0.1,0.101,0.104,0.105,0.106,0.108
18-Jan-2013,0.135,0.125,NaN,NaN,NaN,NaN,0.46,0.45,0.45,0.49,0.5,0.5,-0.01,-0.01,-0.01,0.01,0.04,0.08,0.1,0.101,0.104,0.105,0.106,0.107
21-Jan-2013,0.135,0.125,NaN,NaN,NaN,NaN,0.47,0.46,0.46,0.49,0.51,0.49,-0.01,-0.01,-0.01,0.01,0.04,0.06,0.1,0.101,0.103,0.104,0.105,0.107
22-Jan-2013,0.135,0.125,NaN,NaN,NaN,NaN,0.45,0.46,0.44,0.48,0.48,0.46,0.01,0,-0.01,0.01,0.03,0.04,0.1,0.101,0.103,0.104,0.105,0.107
23-Jan-2013,0.135,0.125,NaN,NaN,NaN,NaN,0.46,0.47,0.44,0.49,0.48,0.47,-0.01,-0.01,-0.02,0.01,0.02,0.04,0.1,0.101,0.103,0.105,0.105,0.107
24-Jan-2013,0.135,0.125,NaN,NaN,NaN,NaN,0.46,0.47,0.44,0.49,0.48,0.47,-0.01,-0.01,-0.02,0.01,0.02,0.04,0.1,0.101,0.103,0.105,0.105,0.107
25-Jan-2013,0.135,0.125,NaN,NaN,NaN,NaN,0.46,0.44,0.45,0.48,0.5,0.48,0,0,-0.01,-0.01,0.04,0.06,0.1,0.101,0.103,0.105,0.105,0.107
28-Jan-2013,0.135,0.125,NaN,NaN,NaN,NaN,0.44,0.45,0.45,0.48,0.5,0.48,0.02,0.02,0.01,0.01,0.06,0.07,0.1,0.101,0.103,0.105,0.105,0.107
29-Jan-2013,0.135,0.125,NaN,NaN,NaN,NaN,0.46,0.45,0.46,0.49,0.52,0.49,0.02,0.02,0.02,0.03,0.07,0.09,0.1,0.101,0.103,0.105,0.106,0.107
30-Jan-2013,0.135,0.125,NaN,NaN,NaN,NaN,0.44,0.45,0.45,0.5,0.53,0.5,0.01,0.01,-0.01,0.04,0.08,0.1,0.1,0.101,0.103,0.105,0.105,0.107
31-Jan-2013,0.135,0.125,NaN,NaN,NaN,NaN,0.44,0.45,0.45,0.5,0.53,0.5,0.01,0.01,-0.01,0.04,0.08,0.1,0.1,0.101,0.103,0.105,0.105,0.107
01-Feb-2013,0.135,0.125,NaN,NaN,NaN,NaN,0.33,0.32,0.33,0.37,0.39,0.37,0.03,0.02,-0.01,-0.01,0.04,0.06,0.1,0.101,0.103,0.105,0.105,0.107
04-Feb-2013,0.135,0.125,NaN,NaN,NaN,NaN,0.43,0.42,0.47,0.5,0.51,0.52,0.02,0.02,0.02,0.03,0.06,0.1,0.1,0.101,0.103,0.105,0.105,0.107
05-Feb-2013,0.135,0.125,NaN,NaN,NaN,NaN,0.44,0.43,0.48,0.53,0.52,0.53,0.01,0.01,0.01,0.03,0.05,0.09,0.1,0.101,0.103,0.105,0.105,0.107
06-Feb-2013,0.135,0.125,NaN,NaN,NaN,NaN,0.44,0.43,0.48,0.51,0.51,0.52,0.02,0.02,0.02,0.02,0.05,0.1,0.1,0.1,0.103,0.105,0.105,0.106
07-Feb-2013,0.135,0.125,NaN,NaN,NaN,NaN,0.41,0.4,0.45,0.48,0.48,0.49,0.02,0.02,0.02,0.03,0.05,0.09,0.1,0.1,0.103,0.104,0.105,0.106
08-Feb-2013,0.135,0.125,NaN,NaN,NaN,NaN,0.41,0.4,0.45,0.49,0.48,0.48,0.01,0.01,0.01,0.03,0.04,0.07,0.1,0.1,0.103,0.104,0.105,0.106
11-Feb-2013,0.135,0.125,NaN,NaN,NaN,NaN,0.41,0.4,0.45,0.49,0.48,0.47,0,0.01,0.01,0.02,0.03,0.07,0.1,0.1,0.103,0.104,0.105,0.106
12-Feb-2013,0.135,0.125,NaN,NaN,NaN,NaN,0.45,0.44,0.49,0.53,0.52,0.51,0.01,0.01,0.01,0.02,0.03,0.06,0.1,0.1,0.103,0.104,0.105,0.106
13-Feb-2013,0.135,0.125,NaN,NaN,NaN,NaN,0.45,0.44,0.49,0.53,0.52,0.51,0.01,0.01,0.01,0.02,0.04,0.06,0.1,0.1,0.103,0.104,0.105,0.105
14-Feb-2013,0.135,0.125,NaN,NaN,NaN,NaN,0.45,0.44,0.49,0.53,0.51,0.49,0.01,0.01,0.01,0.02,0.03,0.04,0.1,0.1,0.103,0.104,0.105,0.105
15-Feb-2013,0.135,0.125,NaN,NaN,NaN,NaN,0.43,0.42,0.47,0.51,0.49,0.47,0.01,0.01,0,0.02,0.02,0.04,0.1,0.1,0.103,0.104,0.105,0.105
18-Feb-2013,0.135,0.125,NaN,NaN,NaN,NaN,0.45,0.44,0.49,0.52,0.51,0.48,0.01,0.01,0,0.02,0.02,0.04,0.1,0.1,0.103,0.104,0.105,0.105
19-Feb-2013,0.135,0.125,NaN,NaN,NaN,NaN,0.47,0.46,0.5,0.54,0.54,0.51,0.01,0.01,0.01,0.02,0.04,0.05,0.099,0.1,0.102,0.104,0.105,0.105
20-Feb-2013,0.135,0.125,NaN,NaN,NaN,NaN,0.46,0.46,0.47,0.51,0.51,0.48,0.01,0.01,0,0.02,0.04,0.05,0.099,0.1,0.102,0.104,0.105,0.105
21-Feb-2013,0.135,0.125,NaN,NaN,NaN,NaN,0.44,0.45,0.47,0.51,0.51,0.48,0.01,0.01,0,0.02,0.04,0.05,0.1,0.1,0.102,0.104,0.104,0.105
22-Feb-2013,0.135,0.125,NaN,NaN,NaN,NaN,0.43,0.46,0.47,0.5,0.49,0.46,0.01,0.01,0,0.01,0.01,0.03,0.1,0.1,0.102,0.103,0.104,0.105
25-Feb-2013,0.135,0.125,NaN,NaN,NaN,NaN,0.43,0.45,0.47,0.5,0.47,0.46,0.01,0.01,0,0.01,-0.01,0.03,0.1,0.1,0.102,0.103,0.104,0.105
26-Feb-2013,0.135,0.125,NaN,NaN,NaN,NaN,0.45,0.47,0.49,0.53,0.5,0.48,0,0.01,-0.01,0.01,-0.01,0.02,0.099,0.1,0.102,0.103,0.104,0.105
27-Feb-2013,0.135,0.125,NaN,NaN,NaN,NaN,0.41,0.43,0.46,0.49,0.45,0.42,0,0.01,0.01,0.01,-0.01,0.01,0.1,0.1,0.101,0.103,0.104,0.104
28-Feb-2013,0.135,0.125,NaN,NaN,NaN,NaN,0.42,0.44,0.46,0.49,0.45,0.42,0.01,0.02,0.01,0.01,-0.01,0,0.1,0.1,0.101,0.103,0.104,0.104
01-Mar-2013,0.135,0.125,NaN,NaN,NaN,NaN,0.44,0.46,0.47,0.49,0.46,0.42,0.01,0.02,0,-0.01,-0.02,-0.02,0.1,0.1,0.101,0.102,0.104,0.104
04-Mar-2013,0.135,0.125,NaN,NaN,NaN,NaN,0.46,0.48,0.49,0.51,0.47,0.44,0.01,0.02,0,-0.01,-0.02,-0.02,0.1,0.1,0.101,0.102,0.104,0.104
05-Mar-2013,0.135,0.125,NaN,NaN,NaN,NaN,0.46,0.48,0.49,0.51,0.47,0.44,0.01,0.02,0,-0.01,-0.02,-0.02,0.088,0.098,0.1,0.101,0.103,0.103
06-Mar-2013,0.135,0.125,NaN,NaN,NaN,NaN,0.44,0.44,0.42,0.45,0.42,0.38,-0.01,0,-0.01,0,-0.02,-0.02,0.09,0.098,0.099,0.101,0.102,0.102
07-Mar-2013,0.135,0.125,NaN,NaN,NaN,NaN,0.45,0.46,0.47,0.49,0.46,0.43,-0.01,0,-0.01,-0.01,-0.02,-0.02,0.093,0.098,0.099,0.1,0.102,0.102
08-Mar-2013,0.135,0.125,NaN,NaN,NaN,NaN,0.48,0.48,0.49,0.52,0.49,0.46,0.01,0,-0.01,0,-0.02,0,0.097,0.099,0.099,0.1,0.102,0.102
11-Mar-2013,0.135,0.125,NaN,NaN,NaN,NaN,0.47,0.47,0.46,0.48,0.45,0.41,0.01,0,0.01,0,-0.01,0,0.098,0.099,0.099,0.1,0.101,0.102
12-Mar-2013,0.135,0.125,NaN,NaN,NaN,NaN,0.48,0.49,0.47,0.49,0.45,0.43,0.01,0.01,0.01,0,-0.02,0,0.096,0.098,0.099,0.1,0.101,0.101
13-Mar-2013,0.135,0.125,NaN,NaN,NaN,NaN,0.49,0.49,0.47,0.49,0.46,0.43,0.01,0.01,0.01,0,-0.02,0,0.087,0.096,0.099,0.1,0.101,0.101
14-Mar-2013,0.135,0.125,NaN,NaN,NaN,NaN,0.47,0.47,0.45,0.47,0.44,0.42,0.01,0.01,0,0,-0.01,0.01,0.086,0.096,0.099,0.1,0.101,0.101
15-Mar-2013,0.135,0.125,NaN,NaN,NaN,NaN,0.47,0.47,0.45,0.47,0.44,0.41,0.02,0.01,0,0,-0.01,-0.01,0.096,0.098,0.099,0.1,0.101,0.101
18-Mar-2013,0.135,0.125,NaN,NaN,NaN,NaN,0.47,0.47,0.44,0.47,0.43,0.39,0.02,0.01,-0.01,0,-0.02,-0.02,0.099,0.098,0.099,0.1,0.101,0.101
19-Mar-2013,0.135,0.125,NaN,NaN,NaN,NaN,0.46,0.48,0.45,0.48,0.45,0.41,-0.01,0.01,-0.01,0,-0.01,-0.01,0.095,0.098,0.099,0.1,0.101,0.101
20-Mar-2013,0.135,0.125,NaN,NaN,NaN,NaN,0.48,0.5,0.47,0.51,0.47,0.45,-0.01,0.01,0,0.01,-0.01,0.01,0.095,0.098,0.099,0.1,0.101,0.101
21-Mar-2013,0.135,0.125,NaN,NaN,NaN,NaN,0.44,0.46,0.43,0.47,0.43,0.41,-0.01,0.01,-0.01,0.01,-0.01,0.02,0.095,0.098,0.099,0.1,0.101,0.101
22-Mar-2013,0.135,0.125,NaN,NaN,NaN,NaN,0.44,0.48,0.44,0.48,0.46,0.43,-0.02,0.02,-0.01,0.01,0.01,0.02,0.09,0.098,0.099,0.1,0.1,0.1
25-Mar-2013,0.135,0.125,NaN,NaN,NaN,NaN,0.45,0.47,0.44,0.48,0.45,0.43,-0.01,0.01,-0.01,0.01,0,0.02,0.09,0.097,0.099,0.1,0.1,0.1
26-Mar-2013,0.135,0.125,NaN,NaN,NaN,NaN,0.47,0.45,0.42,0.45,0.43,0.39,-0.02,0.01,0,0.01,0.01,0.01,0.062,0.093,0.099,0.1,0.1,0.1
27-Mar-2013,0.135,0.125,NaN,NaN,NaN,NaN,0.46,0.46,0.42,0.45,0.42,0.38,0,0.02,0.01,0.01,-0.01,-0.01,0.052,0.091,0.099,0.1,0.1,0.1
28-Mar-2013,0.135,0.125,NaN,NaN,NaN,NaN,0.46,0.45,0.41,0.43,0.4,0.37,0.01,0.02,0.01,0,-0.02,-0.01,0.061,0.091,0.099,0.1,0.1,0.1
29-Mar-2013,0.135,0.125,NaN,NaN,NaN,NaN,0.46,0.45,0.41,0.43,0.4,0.37,0.01,0.02,0.01,0,-0.02,-0.01,0.072,0.092,0.099,0.1,0.1,0.1
01-Apr-2013,0.135,0.125,NaN,NaN,NaN,NaN,0.46,0.45,0.41,0.43,0.4,0.37,0.01,0.02,0.01,0,-0.02,-0.01,0.07,0.092,0.099,0.1,0.1,0.1
02-Apr-2013,0.135,0.125,NaN,NaN,NaN,NaN,0.49,0.47,0.44,0.47,0.43,0.4,0.01,0.01,0,0,-0.02,-0.01,0.084,0.092,0.099,0.1,0.1,0.1
03-Apr-2013,0.135,0.125,NaN,NaN,NaN,NaN,0.49,0.47,0.44,0.47,0.44,0.4,0.01,0.01,0,0,-0.02,-0.01,0.094,0.095,0.099,0.1,0.1,0.1
04-Apr-2013,0.135,0.125,NaN,NaN,NaN,NaN,0.5,0.46,0.43,0.46,0.42,0.39,0.03,0.01,0,0,-0.02,-0.01,0.1,0.096,0.099,0.1,0.1,0.1
05-Apr-2013,0.135,0.125,NaN,NaN,NaN,NaN,0.5,0.46,0.42,0.45,0.42,0.38,0.04,0.02,0,0,-0.01,-0.01,0.1,0.098,0.099,0.1,0.1,0.1
08-Apr-2013,0.135,0.125,NaN,NaN,NaN,NaN,0.5,0.48,0.44,0.47,0.44,0.41,0.04,0.02,0,0,-0.02,-0.01,0.101,0.099,0.099,0.1,0.1,0.1
09-Apr-2013,0.135,0.125,NaN,NaN,NaN,NaN,0.49,0.48,0.44,0.47,0.44,0.4,0.03,0.02,0,-0.01,-0.01,-0.01,0.1,0.099,0.1,0.1,0.1,0.1
10-Apr-2013,0.135,0.125,NaN,NaN,NaN,NaN,0.49,0.5,0.45,0.49,0.45,0.42,0.02,0.03,0,0.01,-0.01,0,0.1,0.099,0.1,0.1,0.1,0.1
11-Apr-2013,0.135,0.125,NaN,NaN,NaN,NaN,0.48,0.47,0.47,0.51,0.48,0.44,0.02,0.02,0,0.01,-0.01,0,0.1,0.099,0.1,0.1,0.1,0.1
12-Apr-2013,0.135,0.125,NaN,NaN,NaN,NaN,0.46,0.46,0.45,0.49,0.47,0.43,0.01,0.02,0,0.01,0.01,0.01,0.1,0.099,0.1,0.1,0.1,0.1
15-Apr-2013,0.135,0.125,NaN,NaN,NaN,NaN,0.47,0.49,0.48,0.51,0.5,0.46,0.01,0.02,0,0.01,0.01,0.01,0.098,0.099,0.1,0.1,0.1,0.1
16-Apr-2013,0.135,0.125,NaN,NaN,NaN,NaN,0.47,0.46,0.45,0.48,0.45,0.42,0.01,0.01,0,0,-0.01,-0.01,0.097,0.099,0.1,0.1,0.1,0.1
17-Apr-2013,0.135,0.125,NaN,NaN,NaN,NaN,0.47,0.46,0.45,0.48,0.46,0.43,0.01,0.01,0,0,-0.01,0.01,0.097,0.099,0.1,0.1,0.1,0.1
18-Apr-2013,0.135,0.125,NaN,NaN,NaN,NaN,0.47,0.46,0.45,0.48,0.45,0.41,0.01,0.01,0,0,-0.01,-0.01,0.095,0.099,0.1,0.1,0.1,0.1
19-Apr-2013,0.135,0.125,NaN,NaN,NaN,NaN,0.47,0.46,0.46,0.49,0.47,0.42,0.01,0.01,0,0,-0.01,-0.01,0.098,0.099,0.1,0.1,0.1,0.1
22-Apr-2013,0.135,0.125,NaN,NaN,NaN,NaN,0.47,0.46,0.45,0.48,0.45,0.41,0,0.01,0,0,-0.01,-0.01,0.1,0.1,0.1,0.1,0.1,0.1
23-Apr-2013,0.135,0.125,NaN,NaN,NaN,NaN,0.46,0.46,0.45,0.48,0.45,0.4,0.01,0.01,0,0,-0.01,-0.02,0.1,0.1,0.1,0.1,0.1,0.1
24-Apr-2013,0.135,0.125,NaN,NaN,NaN,NaN,0.45,0.45,0.45,0.47,0.44,0.4,0,0.01,0,0,-0.02,-0.02,0.1,0.1,0.1,0.1,0.1,0.1
25-Apr-2013,0.135,0.125,NaN,NaN,NaN,NaN,0.44,0.42,0.42,0.44,0.41,0.37,0.03,0.01,0,-0.01,-0.02,-0.02,0.1,0.1,0.1,0.1,0.1,0.1
26-Apr-2013,0.135,0.125,NaN,NaN,NaN,NaN,0.44,0.42,0.42,0.44,0.41,0.37,0.02,0.01,0,-0.01,-0.02,-0.02,0.1,0.1,0.1,0.1,0.1,0.1
29-Apr-2013,0.135,0.125,NaN,NaN,NaN,NaN,0.42,0.41,0.42,0.45,0.43,0.39,0,0,0,0,0,0,0.1,0.1,0.1,0.1,0.1,0.1
30-Apr-2013,0.135,0.125,NaN,NaN,NaN,NaN,0.42,0.42,0.42,0.43,0.41,0.37,0,0.01,0,-0.02,-0.02,-0.02,0.1,0.1,0.1,0.1,0.1,0.1
01-May-2013,0.135,0.125,NaN,NaN,NaN,NaN,0.42,0.41,0.42,0.44,0.43,0.39,0,0,0,0,0,0,0.1,0.1,0.1,0.1,0.1,0.1
02-May-2013,0.135,0.125,NaN,NaN,NaN,NaN,0.44,0.45,0.45,0.46,0.44,0.4,0.02,0.01,-0.01,-0.02,-0.03,-0.03,0.097,0.1,0.1,0.1,0.1,0.1
03-May-2013,0.135,0.125,NaN,NaN,NaN,NaN,0.44,0.45,0.45,0.46,0.42,0.38,0.02,0.01,0,-0.02,-0.04,-0.04,0.097,0.1,0.1,0.1,0.1,0.1
06-May-2013,0.135,0.125,NaN,NaN,NaN,NaN,0.44,0.45,0.45,0.46,0.42,0.38,0.02,0.01,0,-0.02,-0.04,-0.04,0.097,0.1,0.1,0.1,0.1,0.1
07-May-2013,0.135,0.125,NaN,NaN,NaN,NaN,0.44,0.44,0.45,0.46,0.43,0.38,0.01,0.01,0,-0.02,-0.04,-0.04,0.1,0.1,0.1,0.1,0.1,0.1
08-May-2013,0.135,0.125,NaN,NaN,NaN,NaN,0.45,0.45,0.45,0.46,0.43,0.37,0.02,0.01,0,-0.02,-0.03,-0.05,0.1,0.1,0.1,0.1,0.1,0.1
09-May-2013,0.135,0.125,NaN,NaN,NaN,NaN,0.45,0.45,0.45,0.45,0.43,0.38,0.02,0.02,0.01,-0.02,-0.03,-0.04,0.1,0.1,0.1,0.1,0.1,0.1
10-May-2013,0.135,0.125,NaN,NaN,NaN,NaN,0.45,0.45,0.45,0.46,0.43,0.39,0.02,0.01,0,-0.02,-0.03,-0.03,0.1,0.1,0.1,0.1,0.1,0.1
13-May-2013,0.135,0.125,NaN,NaN,NaN,NaN,0.46,0.45,0.45,0.46,0.43,0.38,0.01,0.01,0,-0.02,-0.03,-0.04,0.1,0.1,0.1,0.1,0.1,0.1
14-May-2013,0.135,0.125,NaN,NaN,NaN,NaN,0.45,0.45,0.45,0.46,0.43,0.39,0.01,0.01,0.01,-0.02,-0.03,-0.03,0.096,0.1,0.1,0.1,0.1,0.1
15-May-2013,0.135,0.125,NaN,NaN,NaN,NaN,0.45,0.45,0.45,0.45,0.42,0.38,0.01,0.01,0.01,-0.02,-0.03,-0.03,0.094,0.1,0.1,0.1,0.1,0.1
16-May-2013,0.135,0.125,NaN,NaN,NaN,NaN,0.45,0.45,0.45,0.46,0.43,0.38,0.01,0.01,0,-0.02,-0.03,-0.04,0.088,0.1,0.1,0.1,0.1,0.1
17-May-2013,0.135,0.125,NaN,NaN,NaN,NaN,0.45,0.45,0.45,0.46,0.41,0.35,0.01,0.01,0,-0.02,-0.05,-0.07,0.094,0.1,0.1,0.1,0.1,0.1
20-May-2013,0.135,0.125,NaN,NaN,NaN,NaN,0.45,0.45,0.45,0.46,0.41,0.35,0.01,0.01,0,-0.02,-0.05,-0.07,0.1,0.1,0.1,0.1,0.1,0.1
21-May-2013,0.135,0.125,NaN,NaN,NaN,NaN,0.45,0.45,0.45,0.46,0.41,0.36,0.01,0.01,0,-0.02,-0.05,-0.06,0.1,0.1,0.1,0.1,0.1,0.1
22-May-2013,0.135,0.125,NaN,NaN,NaN,NaN,0.45,0.45,0.45,0.45,0.41,0.36,0.02,0.01,0.01,-0.02,-0.04,-0.06,0.097,0.1,0.1,0.1,0.1,0.1
23-May-2013,0.135,0.125,NaN,NaN,NaN,NaN,0.43,0.44,0.44,0.45,0.41,0.36,0.02,0.01,0,-0.02,-0.05,-0.06,0.096,0.1,0.1,0.1,0.1,0.1
24-May-2013,0.135,0.125,NaN,NaN,NaN,NaN,0.45,0.43,0.45,0.46,0.43,0.37,0.02,0.01,0,-0.02,-0.03,-0.05,0.099,0.1,0.1,0.1,0.1,0.1
27-May-2013,0.135,0.125,NaN,NaN,NaN,NaN,0.45,0.43,0.45,0.46,0.43,0.37,0.02,0.01,0,-0.02,-0.03,-0.05,0.096,0.099,0.1,0.1,0.1,0.1
28-May-2013,0.135,0.125,NaN,NaN,NaN,NaN,0.45,0.45,0.45,0.45,0.42,0.36,0.02,0.02,0.01,-0.02,-0.04,-0.05,0.09,0.099,0.1,0.1,0.1,0.1
29-May-2013,0.135,0.125,NaN,NaN,NaN,NaN,0.45,0.45,0.45,0.46,0.43,0.38,0.02,0.02,0.01,-0.01,-0.02,-0.03,0.084,0.098,0.1,0.1,0.1,0.1
30-May-2013,0.135,0.125,NaN,NaN,NaN,NaN,0.45,0.45,0.45,0.46,0.42,0.38,0.02,0.02,0.01,-0.01,-0.03,-0.03,0.078,0.098,0.1,0.1,0.1,0.1
31-May-2013,0.135,0.125,NaN,NaN,NaN,NaN,0.45,0.44,0.45,0.46,0.43,0.39,0.03,0.03,0.02,-0.01,-0.02,-0.02,0.087,0.099,0.1,0.1,0.1,0.1
03-Jun-2013,0.135,0.125,NaN,NaN,NaN,NaN,0.45,0.45,0.45,0.46,0.42,0.38,0.03,0.03,0.02,-0.01,-0.02,-0.02,0.095,0.099,0.1,0.1,0.1,0.1
04-Jun-2013,0.135,0.125,NaN,NaN,NaN,NaN,0.45,0.45,0.45,0.46,0.42,0.38,0.03,0.03,0.01,-0.01,-0.03,-0.03,0.093,0.099,0.1,0.1,0.1,0.1
05-Jun-2013,0.135,0.125,NaN,NaN,NaN,NaN,0.47,0.45,0.45,0.46,0.42,0.38,0.03,0.02,0.01,-0.01,-0.02,-0.02,0.085,0.099,0.1,0.1,0.1,0.1
06-Jun-2013,0.135,0.125,0.145,0.157,0.17,0.198,0.45,0.45,0.45,0.46,0.42,0.39,0.03,0.02,0.01,-0.01,-0.02,-0.01,0.084,0.098,0.1,0.1,0.1,0.1
07-Jun-2013,0.1,0.125,0.144,0.155,0.171,0.2,0.49,0.48,0.48,0.49,0.47,0.46,0.03,0.03,0.02,0,0,0.03,0.085,0.1,0.1,0.1,0.1,0.1
10-Jun-2013,0.079,0.125,0.141,0.153,0.169,0.196,0.46,0.46,0.46,0.47,0.48,0.45,0.03,0.03,0.02,-0.01,0.02,0.04,0.098,0.1,0.1,0.1,0.1,0.1
11-Jun-2013,0.07,0.125,0.145,0.156,0.169,0.196,0.47,0.47,0.46,0.47,0.46,0.46,0.04,0.03,0.03,0.02,0.03,0.07,0.097,0.1,0.1,0.1,0.1,0.1
12-Jun-2013,0.073,0.125,0.141,0.156,0.171,0.198,0.46,0.46,0.46,0.47,0.46,0.45,0.04,0.04,0.03,0.02,0.04,0.06,0.097,0.1,0.1,0.1,0.1,0.1
13-Jun-2013,0.067,0.125,0.137,0.146,0.159,0.191,0.46,0.46,0.45,0.46,0.45,0.44,0.04,0.04,0.03,0.01,0.02,0.05,0.096,0.1,0.1,0.1,0.1,0.1
14-Jun-2013,0.084,0.125,0.14,0.147,0.159,0.188,0.46,0.45,0.45,0.46,0.45,0.44,0.04,0.04,0.03,0.02,0.03,0.06,0.099,0.1,0.1,0.1,0.1,0.1
17-Jun-2013,0.137,0.125,0.158,0.168,0.176,0.2,0.46,0.46,0.45,0.46,0.44,0.44,0.03,0.02,0.03,0.02,0.02,0.06,0.1,0.1,0.1,0.1,0.1,0.1
18-Jun-2013,0.129,0.125,0.157,0.164,0.173,0.197,0.45,0.45,0.45,0.46,0.45,0.43,0.02,0.01,0.02,0.02,0.03,0.05,0.1,0.1,0.1,0.1,0.1,0.1
19-Jun-2013,0.089,0.125,0.163,0.167,0.177,0.206,0.46,0.47,0.45,0.46,0.46,0.44,0.01,0.02,0.01,0.02,0.03,0.05,0.1,0.1,0.1,0.1,0.1,0.1
20-Jun-2013,0.07,0.125,0.165,0.173,0.181,0.214,0.45,0.46,0.44,0.45,0.44,0.45,0.02,0.03,0.02,0.02,0.03,0.08,0.1,0.1,0.1,0.1,0.1,0.1
21-Jun-2013,0.07,0.125,0.169,0.176,0.188,0.23,0.44,0.45,0.43,0.44,0.43,0.45,0.02,0.03,0.02,0.02,0.03,0.09,0.1,0.1,0.1,0.1,0.1,0.1
24-Jun-2013,0.108,0.125,0.17,0.181,0.201,0.251,0.44,0.45,0.43,0.44,0.45,0.46,0.03,0.04,0.03,0.03,0.06,0.11,0.1,0.1,0.1,0.1,0.1,0.1
25-Jun-2013,0.06,0.125,0.168,0.178,0.198,0.251,0.46,0.47,0.45,0.46,0.46,0.48,0.04,0.05,0.04,0.05,0.07,0.13,0.1,0.1,0.1,0.1,0.1,0.1
26-Jun-2013,0.05,0.125,0.164,0.174,0.192,0.233,0.45,0.44,0.45,0.46,0.44,0.45,0.04,0.05,0.04,0.05,0.05,0.1,0.1,0.1,0.1,0.1,0.1,0.1
27-Jun-2013,0.054,0.125,0.163,0.171,0.187,0.222,0.43,0.43,0.45,0.46,0.45,0.45,0.02,0.03,0.02,0.04,0.05,0.09,0.1,0.1,0.1,0.1,0.1,0.1
28-Jun-2013,0.149,0.125,0.158,0.169,0.186,0.224,0.44,0.45,0.45,0.46,0.45,0.44,0.03,0.04,0.03,0.04,0.05,0.08,0.1,0.1,0.1,0.1,0.1,0.1
01-Jul-2013,0.16,0.125,0.154,0.164,0.182,0.22,0.46,0.46,0.45,0.46,0.45,0.47,0.03,0.04,0.03,0.05,0.06,0.12,0.1,0.1,0.1,0.1,0.1,0.1
02-Jul-2013,0.107,0.125,0.151,0.163,0.178,0.218,0.46,0.45,0.45,0.46,0.45,0.45,0.03,0.04,0.03,0.04,0.05,0.09,0.1,0.1,0.1,0.1,0.1,0.1
03-Jul-2013,0.107,0.125,0.155,0.166,0.183,0.226,0.46,0.46,0.45,0.46,0.45,0.45,0.04,0.04,0.02,0.03,0.05,0.09,0.1,0.1,0.1,0.1,0.1,0.1
04-Jul-2013,0.107,0.125,0.153,0.165,0.18,0.219,0.47,0.47,0.46,0.47,0.47,0.46,0.03,0.03,0.02,0.03,0.05,0.08,0.1,0.1,0.1,0.1,0.1,0.1
05-Jul-2013,0.132,0.125,0.154,0.167,0.186,0.234,0.46,0.46,0.45,0.46,0.44,0.43,0.03,0.03,0.02,0.03,0.04,0.06,0.1,0.1,0.1,0.1,0.1,0.1
08-Jul-2013,0.083,0.125,0.146,0.156,0.176,0.218,0.45,0.45,0.45,0.46,0.43,0.42,0.03,0.03,0.02,0.03,0.03,0.05,0.099,0.1,0.1,0.1,0.1,0.1
09-Jul-2013,0.05,0.125,0.145,0.158,0.177,0.218,0.45,0.45,0.45,0.46,0.43,0.41,0.03,0.03,0.02,0.03,0.03,0.05,0.1,0.1,0.1,0.1,0.1,0.1
10-Jul-2013,0.032,0.125,0.135,0.151,0.168,0.209,0.45,0.45,0.45,0.46,0.43,0.4,0.08,0.07,0.05,0.03,0.03,0.04,0.1,0.1,0.1,0.1,0.1,0.1
11-Jul-2013,0.05,0.125,0.13,0.145,0.164,0.2,0.45,0.45,0.46,0.46,0.43,0.42,0.06,0.06,0.03,0.04,0.03,0.06,0.097,0.1,0.1,0.1,0.1,0.1
12-Jul-2013,0.048,0.125,0.129,0.144,0.164,0.202,0.45,0.45,0.46,0.46,0.43,0.42,0.06,0.06,0.03,0.04,0.03,0.06,0.096,0.1,0.1,0.1,0.1,0.1
15-Jul-2013,0.12,0.125,0.128,0.144,0.165,0.2,0.45,0.45,0.45,0.46,0.42,0.42,0.06,0.06,0.03,0.04,0.03,0.06,0.096,0.1,0.1,0.1,0.1,0.1
16-Jul-2013,0.04,0.125,0.13,0.144,0.162,0.194,0.45,0.46,0.46,0.45,0.42,0.42,0.06,0.06,0.03,0.04,0.03,0.06,0.1,0.1,0.1,0.1,0.1,0.1
17-Jul-2013,0.034,0.125,0.131,0.142,0.16,0.19,0.45,0.45,0.45,0.46,0.43,0.43,0.04,0.03,0.03,0.04,0.03,0.07,0.099,0.1,0.1,0.1,0.1,0.1
18-Jul-2013,0.04,0.125,0.128,0.142,0.161,0.191,0.45,0.45,0.45,0.46,0.43,0.41,0.04,0.03,0.03,0.03,0.03,0.04,0.096,0.1,0.1,0.1,0.1,0.1
19-Jul-2013,0.04,0.125,0.128,0.141,0.158,0.188,0.46,0.45,0.45,0.46,0.43,0.41,0.04,0.03,0.03,0.03,0.03,0.04,0.099,0.1,0.1,0.1,0.1,0.1
22-Jul-2013,0.04,0.125,0.122,0.139,0.157,0.19,0.46,0.45,0.45,0.46,0.43,0.41,0.04,0.03,0.03,0.03,0.02,0.04,0.097,0.1,0.1,0.1,0.1,0.1
23-Jul-2013,0.03,0.125,0.124,0.137,0.16,0.195,0.45,0.44,0.44,0.45,0.42,0.4,0.06,0.06,0.05,0.05,0.04,0.05,0.088,0.1,0.1,0.1,0.1,0.1
24-Jul-2013,0.05,0.125,0.125,0.14,0.159,0.195,0.45,0.45,0.44,0.46,0.43,0.4,0.06,0.06,0.04,0.05,0.04,0.05,0.095,0.1,0.1,0.1,0.1,0.1
25-Jul-2013,0.064,0.125,0.125,0.14,0.158,0.191,0.45,0.45,0.44,0.46,0.43,0.41,0.06,0.06,0.04,0.05,0.04,0.05,0.097,0.1,0.1,0.1,0.1,0.1
26-Jul-2013,0.04,0.125,0.125,0.139,0.157,0.19,0.42,0.45,0.43,0.46,0.43,0.41,0.04,0.05,0.03,0.05,0.04,0.05,0.099,0.1,0.1,0.1,0.1,0.1
29-Jul-2013,0.05,0.125,0.135,0.138,0.154,0.209,0.46,0.45,0.44,0.47,0.44,0.42,0.04,0.05,0.03,0.05,0.04,0.05,0.097,0.1,0.1,0.1,0.1,0.1
30-Jul-2013,0.05,0.125,0.128,0.138,0.159,0.192,0.46,0.45,0.45,0.48,0.46,0.43,0.03,0.05,0.03,0.05,0.04,0.06,0.095,0.1,0.1,0.1,0.1,0.1
31-Jul-2013,0.13,0.125,0.134,0.147,0.162,0.19,0.42,0.45,0.43,0.45,0.43,0.4,0.03,0.05,0.03,0.05,0.04,0.06,0.095,0.1,0.1,0.1,0.1,0.1
01-Aug-2013,0.072,0.125,0.126,0.139,0.155,0.187,0.46,0.45,0.46,0.48,0.45,0.43,0.03,0.05,0.03,0.05,0.04,0.05,0.096,0.1,0.1,0.1,0.1,0.1
02-Aug-2013,0.09,0.125,0.12,0.133,0.15,0.179,0.44,0.45,0.45,0.47,0.45,0.42,0.03,0.05,0.03,0.05,0.04,0.05,0.095,0.1,0.1,0.1,0.1,0.1
05-Aug-2013,0.095,0.125,0.123,0.135,0.148,0.177,0.46,0.45,0.45,0.47,0.44,0.42,0.03,0.05,0.03,0.05,0.04,0.05,0.094,0.1,0.1,0.1,0.1,0.1
06-Aug-2013,0.094,0.125,0.122,0.132,0.145,0.172,0.48,0.45,0.46,0.48,0.45,0.43,0.03,0.05,0.03,0.05,0.04,0.05,0.086,0.099,0.1,0.1,0.1,0.1
07-Aug-2013,0.094,0.125,0.119,0.129,0.143,0.169,0.46,0.43,0.46,0.49,0.46,0.43,0.03,0.05,0.03,0.05,0.04,0.05,0.082,0.099,0.1,0.1,0.1,0.1
08-Aug-2013,0.07,0.125,0.117,0.127,0.14,0.168,0.46,0.43,0.42,0.44,0.41,0.38,0.03,0.05,0.03,0.03,0.02,0.04,0.085,0.099,0.1,0.1,0.1,0.1
09-Aug-2013,0.065,0.125,0.117,0.126,0.141,0.169,0.4,0.37,0.36,0.38,0.35,0.32,0.03,0.05,0.03,0.03,0.02,0.04,0.091,0.1,0.1,0.1,0.1,0.1
12-Aug-2013,0.065,0.125,0.116,0.126,0.14,0.168,0.43,0.42,0.42,0.44,0.41,0.39,0.03,0.04,0.02,0.03,0.02,0.03,0.093,0.1,0.1,0.1,0.1,0.1
13-Aug-2013,0.06,0.125,0.11,0.121,0.133,0.165,0.43,0.42,0.42,0.44,0.41,0.39,0.06,0.08,0.06,0.06,0.06,0.07,0.086,0.099,0.1,0.1,0.1,0.1
14-Aug-2013,0.03,0.125,0.104,0.12,0.134,0.166,0.42,0.43,0.43,0.44,0.44,0.47,0.06,0.05,0.04,0.03,0.05,0.12,0.092,0.099,0.1,0.1,0.1,0.1
15-Aug-2013,0.1,0.125,0.128,0.136,0.152,0.188,0.42,0.43,0.43,0.44,0.44,0.47,0.06,0.05,0.04,0.03,0.05,0.12,0.098,0.1,0.1,0.1,0.1,0.1
16-Aug-2013,0.06,0.125,0.122,0.136,0.151,0.183,0.42,0.43,0.43,0.44,0.44,0.45,0.06,0.05,0.04,0.03,0.05,0.1,0.1,0.1,0.1,0.1,0.1,0.1
19-Aug-2013,0.049,0.125,0.105,0.136,0.148,0.187,0.45,0.44,0.43,0.43,0.43,0.44,0.06,0.05,0.04,0.03,0.05,0.1,0.1,0.1,0.1,0.1,0.1,0.1
20-Aug-2013,0.05,0.125,0.088,0.123,0.147,0.183,0.45,0.44,0.46,0.47,0.46,0.47,0.06,0.05,0.04,0.03,0.05,0.1,0.1,0.1,0.1,0.1,0.1,0.1
21-Aug-2013,0.05,0.125,0.084,0.116,0.142,0.197,0.45,0.44,0.46,0.47,0.46,0.47,0.06,0.05,0.04,0.03,0.05,0.1,0.1,0.1,0.1,0.1,0.1,0.1
22-Aug-2013,0.03,0.125,0.095,0.117,0.135,0.183,0.45,0.44,0.45,0.47,0.46,0.45,0.06,0.05,0.03,0.03,0.05,0.08,0.1,0.1,0.1,0.1,0.1,0.1
23-Aug-2013,0.06,0.125,0.092,0.109,0.13,0.173,0.45,0.44,0.45,0.47,0.46,0.45,0.06,0.05,0.03,0.03,0.05,0.08,0.1,0.1,0.1,0.1,0.1,0.1
26-Aug-2013,0.05,0.125,0.089,0.107,0.125,0.164,0.45,0.44,0.45,0.47,0.46,0.45,0.06,0.05,0.03,0.03,0.05,0.08,0.099,0.1,0.1,0.1,0.1,0.1
27-Aug-2013,0.05,0.125,0.088,0.104,0.122,0.162,0.45,0.44,0.46,0.47,0.46,0.46,0.06,0.05,0.03,0.03,0.05,0.08,0.097,0.1,0.1,0.1,0.1,0.1
28-Aug-2013,0.032,0.125,0.088,0.106,0.124,0.167,0.45,0.44,0.46,0.47,0.46,0.46,0.06,0.05,0.03,0.03,0.05,0.08,0.096,0.1,0.1,0.1,0.1,0.1
29-Aug-2013,0.034,0.125,0.079,0.095,0.117,0.162,0.45,0.44,0.46,0.47,0.46,0.46,0.06,0.05,0.03,0.03,0.05,0.08,0.095,0.1,0.1,0.1,0.1,0.1
30-Aug-2013,0.034,0.125,0.081,0.099,0.115,0.159,0.45,0.44,0.46,0.47,0.47,0.47,0.06,0.05,0.03,0.03,0.05,0.1,0.095,0.1,0.1,0.1,0.1,0.1
02-Sep-2013,0.034,0.125,0.082,0.099,0.115,0.161,0.45,0.44,0.46,0.47,0.47,0.47,0.06,0.05,0.03,0.03,0.05,0.1,0.093,0.1,0.1,0.1,0.1,0.1
03-Sep-2013,0.034,0.125,0.084,0.097,0.114,0.159,0.45,0.44,0.46,0.47,0.47,0.47,0.06,0.05,0.03,0.03,0.05,0.09,0.087,0.1,0.1,0.1,0.1,0.1
04-Sep-2013,0.09,0.125,0.088,0.098,0.115,0.167,0.44,0.43,0.45,0.47,0.46,0.48,0.05,0.04,0.03,0.04,0.05,0.1,0.083,0.1,0.1,0.1,0.1,0.1
05-Sep-2013,0.08,0.125,0.083,0.096,0.115,0.175,0.44,0.43,0.45,0.47,0.46,0.48,0.05,0.04,0.03,0.04,0.05,0.1,0.078,0.099,0.1,0.1,0.1,0.1
06-Sep-2013,0.08,0.125,0.08,0.093,0.108,0.156,0.44,0.43,0.45,0.47,0.46,0.47,0.05,0.04,0.03,0.04,0.05,0.09,0.083,0.1,0.1,0.1,0.1,0.1
09-Sep-2013,0.06,0.125,0.08,0.091,0.108,0.153,0.43,0.44,0.45,0.47,0.46,0.48,0.04,0.05,0.03,0.04,0.05,0.1,0.084,0.099,0.1,0.1,0.1,0.1
10-Sep-2013,0.05,0.125,0.081,0.091,0.107,0.158,0.45,0.44,0.46,0.47,0.47,0.47,0.06,0.04,0.03,0.03,0.05,0.11,0.078,0.098,0.1,0.1,0.1,0.1
11-Sep-2013,0.062,0.125,0.082,0.092,0.106,0.152,0.44,0.44,0.45,0.47,0.46,0.49,0.05,0.05,0.03,0.04,0.05,0.12,0.059,0.095,0.1,0.1,0.1,0.1
12-Sep-2013,0.08,0.125,0.084,0.091,0.104,0.15,0.44,0.44,0.45,0.47,0.46,0.48,0.05,0.05,0.03,0.04,0.05,0.1,0.067,0.096,0.099,0.1,0.1,0.1
13-Sep-2013,0.07,0.125,0.079,0.09,0.104,0.148,0.43,0.44,0.45,0.47,0.46,0.48,0.04,0.04,0.03,0.04,0.05,0.1,0.078,0.096,0.099,0.1,0.1,0.1
16-Sep-2013,0.07,0.125,0.078,0.089,0.102,0.139,0.45,0.44,0.46,0.47,0.47,0.47,0.06,0.05,0.03,0.03,0.05,0.1,0.078,0.096,0.099,0.1,0.1,0.1
17-Sep-2013,0.07,0.125,0.077,0.087,0.102,0.135,0.45,0.44,0.46,0.47,0.47,0.47,0.06,0.05,0.03,0.03,0.05,0.1,0.08,0.096,0.099,0.1,0.1,0.1
18-Sep-2013,0.05,0.125,0.076,0.087,0.1,0.126,0.45,0.44,0.46,0.47,0.47,0.47,0.06,0.05,0.03,0.03,0.05,0.1,0.07,0.097,0.099,0.1,0.1,0.1
19-Sep-2013,0.05,0.125,0.076,0.086,0.099,0.126,0.45,0.44,0.46,0.47,0.47,0.47,0.06,0.05,0.03,0.03,0.05,0.1,0.071,0.096,0.098,0.1,0.1,0.1
20-Sep-2013,0.06,0.125,0.079,0.092,0.105,0.13,0.45,0.44,0.46,0.47,0.47,0.47,0.06,0.05,0.03,0.03,0.05,0.1,0.078,0.097,0.098,0.1,0.1,0.1
23-Sep-2013,0.06,0.125,0.08,0.089,0.103,0.128,0.47,0.47,0.46,0.48,0.47,0.48,0.04,0.05,0.03,0.04,0.05,0.09,0.078,0.097,0.098,0.1,0.1,0.1
24-Sep-2013,0.07,0.125,0.082,0.092,0.105,0.131,0.47,0.48,0.47,0.48,0.47,0.48,0.04,0.06,0.04,0.04,0.05,0.1,0.087,0.097,0.098,0.1,0.1,0.1
25-Sep-2013,0.074,0.125,0.081,0.089,0.102,0.128,0.4,0.41,0.41,0.42,0.4,0.42,0.06,0.05,0.03,0.03,0.05,0.1,0.078,0.096,0.098,0.1,0.1,0.1
26-Sep-2013,0.07,0.125,0.087,0.091,0.105,0.128,0.45,0.44,0.46,0.47,0.47,0.47,0.06,0.05,0.03,0.03,0.05,0.1,0.077,0.095,0.097,0.098,0.1,0.1
27-Sep-2013,0.056,0.125,0.088,0.094,0.105,0.13,0.45,0.44,0.46,0.47,0.47,0.47,0.06,0.05,0.03,0.03,0.05,0.1,0.076,0.094,0.097,0.098,0.1,0.1
30-Sep-2013,0.11,0.125,0.115,0.122,0.132,0.155,0.36,0.41,0.41,0.42,0.41,0.42,0.04,0.05,0.04,0.04,0.05,0.1,0.067,0.094,0.097,0.098,0.1,0.1
01-Oct-2013,0.11,0.125,0.099,0.105,0.115,0.139,0.35,0.4,0.4,0.43,0.41,0.41,0.03,0.04,0.04,0.05,0.05,0.09,0.066,0.093,0.096,0.098,0.1,0.1
02-Oct-2013,0.07,0.125,0.1,0.104,0.115,0.139,0.4,0.42,0.42,0.44,0.43,0.43,0.06,0.04,0.03,0.04,0.05,0.09,0.073,0.094,0.096,0.098,0.1,0.1
03-Oct-2013,0.085,0.125,0.103,0.107,0.115,0.138,0.41,0.44,0.43,0.45,0.44,0.44,0.06,0.04,0.03,0.04,0.05,0.09,0.075,0.093,0.095,0.097,0.099,0.1
04-Oct-2013,0.09,0.125,0.11,0.115,0.124,0.142,0.42,0.44,0.44,0.45,0.44,0.45,0.06,0.05,0.04,0.04,0.05,0.09,0.075,0.094,0.095,0.097,0.099,0.1
07-Oct-2013,0.084,0.125,0.114,0.118,0.124,0.143,0.42,0.44,0.44,0.45,0.44,0.44,0.07,0.05,0.04,0.04,0.05,0.09,0.078,0.094,0.095,0.097,0.099,0.099
08-Oct-2013,0.09,0.125,0.124,0.125,0.128,0.15,0.43,0.45,0.44,0.45,0.44,0.45,0.08,0.06,0.04,0.04,0.05,0.1,0.075,0.094,0.095,0.097,0.099,0.099
09-Oct-2013,0.143,0.125,0.14,0.14,0.144,0.164,0.44,0.45,0.44,0.47,0.46,0.46,0.09,0.07,0.05,0.06,0.08,0.11,0.074,0.094,0.095,0.097,0.099,0.099
10-Oct-2013,0.143,0.125,0.123,0.131,0.139,0.164,0.43,0.44,0.43,0.45,0.44,0.44,0.08,0.06,0.05,0.06,0.07,0.1,0.072,0.094,0.095,0.097,0.099,0.099
11-Oct-2013,0.17,0.125,0.128,0.135,0.142,0.164,0.42,0.44,0.43,0.44,0.44,0.44,0.08,0.06,0.05,0.05,0.06,0.1,0.075,0.095,0.096,0.097,0.099,0.099
14-Oct-2013,0.17,0.125,0.128,0.133,0.14,0.164,0.42,0.44,0.43,0.46,0.45,0.45,0.07,0.05,0.04,0.05,0.06,0.1,0.075,0.095,0.096,0.097,0.099,0.099
15-Oct-2013,0.22,0.125,0.234,0.235,0.245,0.271,0.43,0.44,0.43,0.46,0.45,0.45,0.07,0.05,0.04,0.06,0.06,0.1,0.09,0.095,0.096,0.097,0.099,0.099
16-Oct-2013,0.25,0.125,0.228,0.23,0.241,0.268,0.44,0.45,0.44,0.47,0.46,0.46,0.07,0.05,0.04,0.06,0.07,0.11,0.088,0.095,0.096,0.097,0.099,0.099
17-Oct-2013,0.25,0.125,0.186,0.193,0.206,0.234,0.43,0.45,0.43,0.46,0.45,0.46,0.09,0.07,0.04,0.06,0.06,0.12,0.085,0.095,0.096,0.097,0.099,0.099
18-Oct-2013,0.25,0.125,0.182,0.187,0.203,0.234,0.43,0.45,0.43,0.46,0.45,0.46,0.09,0.07,0.04,0.06,0.06,0.12,0.091,0.095,0.096,0.097,0.099,0.099
21-Oct-2013,0.25,0.125,0.119,0.131,0.145,0.171,0.42,0.44,0.43,0.46,0.45,0.46,0.07,0.05,0.04,0.06,0.06,0.12,0.09,0.095,0.096,0.097,0.099,0.099
22-Oct-2013,0.25,0.125,0.123,0.13,0.142,0.166,0.41,0.43,0.44,0.46,0.45,0.45,0.07,0.05,0.05,0.06,0.07,0.1,0.09,0.095,0.096,0.097,0.099,0.099
23-Oct-2013,0.25,0.125,0.108,0.114,0.124,0.148,0.4,0.43,0.44,0.46,0.45,0.45,0.06,0.05,0.05,0.06,0.07,0.11,0.091,0.095,0.096,0.097,0.099,0.099
24-Oct-2013,0.086,0.125,0.111,0.116,0.125,0.15,0.39,0.43,0.43,0.46,0.45,0.45,0.06,0.05,0.05,0.06,0.08,0.12,0.094,0.095,0.095,0.097,0.099,0.099
25-Oct-2013,0.09,0.125,0.112,0.118,0.128,0.151,0.39,0.4,0.41,0.43,0.43,0.43,0.08,0.06,0.05,0.06,0.08,0.12,0.092,0.095,0.096,0.097,0.099,0.099
28-Oct-2013,0.09,0.125,0.111,0.118,0.128,0.153,0.38,0.4,0.4,0.43,0.43,0.44,0.07,0.05,0.05,0.06,0.08,0.13,0.092,0.094,0.096,0.097,0.099,0.099
29-Oct-2013,0.09,0.125,0.111,0.118,0.128,0.153,0.41,0.43,0.42,0.44,0.44,0.45,0.09,0.07,0.05,0.06,0.08,0.13,0.089,0.094,0.096,0.097,0.099,0.099
30-Oct-2013,0.09,0.125,0.106,0.112,0.123,0.149,0.4,0.42,0.4,0.43,0.42,0.43,0.09,0.07,0.05,0.07,0.08,0.13,0.088,0.094,0.096,0.097,0.099,0.099
31-Oct-2013,0.09,0.125,0.107,0.112,0.122,0.149,0.41,0.43,0.41,0.43,0.42,0.39,0.1,0.08,0.06,0.07,0.08,0.09,0.085,0.094,0.096,0.097,0.099,0.099
01-Nov-2013,0.11,0.125,0.11,0.118,0.127,0.149,0.42,0.44,0.42,0.43,0.41,0.38,0.11,0.09,0.07,0.06,0.06,0.07,0.091,0.095,0.096,0.097,0.099,0.099
04-Nov-2013,0.09,0.125,0.104,0.114,0.125,0.148,0.42,0.44,0.42,0.43,0.41,0.38,0.11,0.09,0.07,0.06,0.06,0.07,0.091,0.095,0.096,0.097,0.099,0.099
05-Nov-2013,0.09,0.125,0.107,0.126,0.145,0.177,0.41,0.43,0.41,0.43,0.42,0.4,0.11,0.09,0.07,0.07,0.08,0.1,0.091,0.095,0.096,0.097,0.099,0.099
06-Nov-2013,0.09,0.125,0.104,0.119,0.133,0.161,0.43,0.43,0.43,0.44,0.43,0.41,0.06,0.08,0.07,0.07,0.08,0.1,0.085,0.094,0.096,0.097,0.099,0.099
07-Nov-2013,0.1,0.125,0.102,0.119,0.134,0.159,0.43,0.43,0.42,0.44,0.42,0.4,0.06,0.08,0.07,0.07,0.07,0.09,0.083,0.094,0.095,0.097,0.099,0.099
08-Nov-2013,0.11,0.125,0.1,0.116,0.132,0.162,0.41,0.41,0.4,0.42,0.39,0.37,0.05,0.06,0.06,0.06,0.05,0.07,0.08,0.093,0.095,0.097,0.099,0.099
11-Nov-2013,0.11,0.125,0.098,0.117,0.133,0.164,0.44,0.44,0.43,0.45,0.42,0.4,0.05,0.06,0.06,0.06,0.05,0.07,0.074,0.093,0.095,0.097,0.099,0.099
12-Nov-2013,0.11,0.125,0.108,0.123,0.138,0.166,0.42,0.42,0.42,0.43,0.41,0.38,0.05,0.06,0.06,0.06,0.05,0.07,0.069,0.091,0.094,0.097,0.099,0.099
13-Nov-2013,0.11,0.125,0.104,0.119,0.135,0.163,0.44,0.44,0.44,0.45,0.42,0.4,0.05,0.07,0.07,0.06,0.05,0.07,0.063,0.09,0.093,0.097,0.099,0.099
14-Nov-2013,0.11,0.125,0.103,0.111,0.12,0.153,0.44,0.44,0.43,0.44,0.42,0.39,0.06,0.08,0.07,0.06,0.06,0.07,0.072,0.092,0.094,0.097,0.099,0.099
15-Nov-2013,0.11,0.125,0.101,0.11,0.118,0.148,0.44,0.43,0.43,0.44,0.42,0.39,0.05,0.07,0.06,0.06,0.06,0.07,0.09,0.092,0.094,0.097,0.099,0.099
18-Nov-2013,0.11,0.125,0.125,0.143,0.159,0.182,0.44,0.43,0.43,0.44,0.42,0.39,0.05,0.07,0.06,0.06,0.06,0.07,0.091,0.094,0.094,0.097,0.099,0.099
19-Nov-2013,0.11,0.125,0.126,0.147,0.162,0.186,0.48,0.44,0.44,0.46,0.44,0.41,0.08,0.06,0.06,0.06,0.06,0.07,0.092,0.095,0.094,0.097,0.099,0.099
20-Nov-2013,0.11,0.125,0.121,0.14,0.155,0.176,0.43,0.44,0.44,0.45,0.43,0.39,0.08,0.07,0.07,0.06,0.06,0.06,0.09,0.095,0.094,0.097,0.099,0.099
21-Nov-2013,0.11,0.125,0.121,0.138,0.153,0.174,0.44,0.44,0.45,0.45,0.43,0.39,0.09,0.07,0.07,0.06,0.06,0.06,0.09,0.095,0.094,0.097,0.099,0.099
22-Nov-2013,0.1,0.125,0.119,0.14,0.153,0.175,0.43,0.44,0.43,0.43,0.41,0.38,0.11,0.09,0.07,0.06,0.06,0.07,0.093,0.095,0.094,0.097,0.099,0.099
25-Nov-2013,0.11,0.125,0.128,0.144,0.157,0.179,0.41,0.43,0.42,0.41,0.39,0.37,0.13,0.11,0.09,0.07,0.07,0.09,0.092,0.094,0.094,0.097,0.099,0.099
26-Nov-2013,0.12,0.125,0.128,0.133,0.14,0.161,0.38,0.45,0.42,0.41,0.39,0.37,0.1,0.14,0.09,0.07,0.07,0.09,0.088,0.093,0.094,0.097,0.099,0.099
27-Nov-2013,0.11,0.125,0.12,0.133,0.139,0.159,0.46,0.43,0.42,0.4,0.38,0.34,0.11,0.14,0.11,0.08,0.08,0.08,0.086,0.093,0.093,0.097,0.099,0.099
28-Nov-2013,0.11,0.125,0.12,0.133,0.138,0.158,0.42,0.39,0.43,0.41,0.39,0.35,0.06,0.09,0.11,0.08,0.08,0.08,0.088,0.094,0.094,0.097,0.099,0.099
29-Nov-2013,0.11,0.125,0.116,0.13,0.137,0.157,0.42,0.39,0.43,0.41,0.39,0.35,0.06,0.09,0.11,0.08,0.08,0.08,0.093,0.094,0.094,0.097,0.098,0.099
02-Dec-2013,0.11,0.125,0.126,0.131,0.139,0.162,0.41,0.38,0.44,0.41,0.39,0.35,0.05,0.08,0.12,0.08,0.08,0.08,0.096,0.094,0.094,0.098,0.099,0.099
03-Dec-2013,0.11,0.125,0.129,0.136,0.143,0.164,0.4,0.42,0.47,0.44,0.43,0.38,0.05,0.08,0.12,0.08,0.08,0.07,0.093,0.093,0.094,0.098,0.099,0.099
04-Dec-2013,0.09,0.125,0.124,0.13,0.136,0.157,0.4,0.42,0.48,0.45,0.43,0.38,0.04,0.08,0.12,0.08,0.08,0.07,0.085,0.093,0.094,0.098,0.099,0.099
05-Dec-2013,0.09,0.125,0.122,0.125,0.136,0.154,0.4,0.42,0.48,0.44,0.42,0.38,0.05,0.09,0.13,0.07,0.08,0.07,0.084,0.093,0.094,0.098,0.099,0.099
06-Dec-2013,0.09,0.125,0.121,0.128,0.138,0.154,0.44,0.41,0.44,0.38,0.35,0.32,0.13,0.16,0.18,0.1,0.09,0.1,0.088,0.094,0.094,0.098,0.099,0.099
09-Dec-2013,0.08,0.125,0.116,0.121,0.13,0.147,0.43,0.42,0.46,0.41,0.36,0.32,0.14,0.17,0.19,0.12,0.09,0.1,0.092,0.094,0.094,0.098,0.099,0.099
10-Dec-2013,0.08,0.125,0.115,0.118,0.127,0.147,0.42,0.42,0.45,0.39,0.37,0.31,0.15,0.18,0.2,0.12,0.12,0.1,0.09,0.094,0.094,0.098,0.099,0.099
11-Dec-2013,0.06,0.125,0.102,0.107,0.116,0.135,0.44,0.43,0.48,0.39,0.37,0.31,0.16,0.19,0.22,0.12,0.12,0.1,0.092,0.094,0.094,0.098,0.099,0.099
12-Dec-2013,0.05,0.088,0.097,0.107,0.117,0.141,0.44,0.43,0.48,0.4,0.39,0.34,0.19,0.22,0.26,0.17,0.17,0.16,0.095,0.095,0.094,0.098,0.099,0.099
13-Dec-2013,0.05,0.085,0.096,0.108,0.12,0.144,0.44,0.43,0.48,0.4,0.39,0.34,0.19,0.22,0.26,0.17,0.17,0.16,0.096,0.095,0.094,0.098,0.099,0.099
16-Dec-2013,0.12,0.104,0.107,0.114,0.125,0.147,0.43,0.42,0.47,0.42,0.38,0.33,0.19,0.22,0.26,0.19,0.17,0.16,0.096,0.095,0.094,0.098,0.099,0.099
17-Dec-2013,0.08,0.106,0.112,0.116,0.124,0.143,0.44,0.43,0.48,0.42,0.39,0.33,0.19,0.22,0.26,0.19,0.17,0.15,0.097,0.095,0.094,0.098,0.099,0.099
18-Dec-2013,0.08,0.112,0.116,0.12,0.131,0.15,0.44,0.43,0.48,0.42,0.39,0.31,0.19,0.22,0.26,0.19,0.17,0.13,0.096,0.095,0.094,0.098,0.099,0.099
19-Dec-2013,0.08,0.113,0.117,0.126,0.137,0.162,0.44,0.43,0.48,0.42,0.38,0.35,0.19,0.22,0.26,0.19,0.17,0.17,0.098,0.095,0.095,0.098,0.099,0.099
20-Dec-2013,0.07,0.099,0.111,0.12,0.135,0.161,0.34,0.33,0.38,0.42,0.39,0.32,0.09,0.12,0.16,0.19,0.17,0.14,0.098,0.095,0.095,0.098,0.099,0.099
23-Dec-2013,0.05,0.089,0.111,0.123,0.136,0.162,0.37,0.35,0.38,0.42,0.39,0.33,0.12,0.15,0.16,0.19,0.17,0.15,0.098,0.095,0.095,0.098,0.099,0.099
24-Dec-2013,0.05,0.089,0.111,0.121,0.136,0.162,0.37,0.35,0.38,0.42,0.39,0.33,0.12,0.15,0.16,0.19,0.17,0.15,0.099,0.096,0.095,0.098,0.099,0.099
25-Dec-2013,0.05,0.089,0.111,0.121,0.136,0.162,0.37,0.35,0.38,0.42,0.39,0.33,0.12,0.15,0.16,0.19,0.17,0.15,0.099,0.095,0.095,0.098,0.099,0.099
26-Dec-2013,0.05,0.082,0.109,0.125,0.14,0.167,0.37,0.35,0.38,0.42,0.39,0.33,0.12,0.15,0.16,0.19,0.17,0.15,0.098,0.095,0.094,0.098,0.099,0.099
27-Dec-2013,0.04,0.08,0.109,0.12,0.133,0.161,0.37,0.35,0.38,0.42,0.39,0.33,0.12,0.15,0.16,0.19,0.17,0.15,0.09,0.092,0.094,0.098,0.099,0.099
30-Dec-2013,0.04,0.1,0.111,0.119,0.131,0.157,0.37,0.35,0.38,0.42,0.39,0.33,0.12,0.15,0.16,0.19,0.17,0.15,0.069,0.091,0.093,0.098,0.099,0.099
31-Dec-2013,0.04,0.094,0.106,0.116,0.129,0.158,0.37,0.35,0.38,0.42,0.39,0.33,0.12,0.15,0.16,0.19,0.17,0.15,0.069,0.091,0.093,0.098,0.099,0.099
01-Jan-2014,0.04,0.094,0.106,0.116,0.129,0.165,0.37,0.35,0.38,0.42,0.39,0.33,0.12,0.15,0.16,0.19,0.17,0.15,0.069,0.091,0.093,0.098,0.099,0.099
02-Jan-2014,0.04,0.083,0.109,0.117,0.131,0.159,0.31,0.29,0.32,0.37,0.33,0.27,0.07,0.09,0.1,0.13,0.12,0.1,0.069,0.091,0.093,0.098,0.099,0.099
03-Jan-2014,0.08,0.083,0.109,0.117,0.131,0.164,0.31,0.29,0.32,0.37,0.33,0.27,0.06,0.09,0.1,0.13,0.12,0.1,0.069,0.091,0.093,0.098,0.099,0.099
06-Jan-2014,0.05,0.082,0.103,0.116,0.131,0.163,0.43,0.41,0.45,0.49,0.46,0.4,0.05,0.08,0.1,0.13,0.12,0.1,0.06,0.091,0.093,0.097,0.099,0.099
07-Jan-2014,0.04,0.084,0.105,0.117,0.13,0.162,0.38,0.36,0.4,0.43,0.4,0.37,0.05,0.08,0.1,0.12,0.11,0.12,0.06,0.091,0.092,0.097,0.099,0.099
08-Jan-2014,0.05,0.078,0.098,0.116,0.133,0.174,0.44,0.42,0.46,0.48,0.45,0.42,0.06,0.09,0.11,0.12,0.11,0.12,0.066,0.092,0.092,0.097,0.099,0.099
09-Jan-2014,0.04,0.07,0.095,0.112,0.132,0.173,0.44,0.42,0.46,0.48,0.47,0.44,0.07,0.1,0.12,0.12,0.13,0.14,0.096,0.093,0.093,0.097,0.099,0.099
10-Jan-2014,0.04,0.084,0.102,0.113,0.126,0.159,0.45,0.43,0.47,0.49,0.48,0.45,0.07,0.1,0.12,0.12,0.13,0.14,0.097,0.094,0.093,0.097,0.099,0.099
13-Jan-2014,0.04,0.075,0.099,0.112,0.126,0.155,0.45,0.43,0.47,0.49,0.48,0.44,0.07,0.1,0.12,0.12,0.13,0.14,0.097,0.094,0.093,0.097,0.099,0.099
14-Jan-2014,0.04,0.077,0.1,0.112,0.126,0.157,0.49,0.47,0.48,0.49,0.48,0.44,0.11,0.14,0.13,0.13,0.13,0.14,0.098,0.094,0.093,0.097,0.099,0.099
15-Jan-2014,0.04,0.072,0.095,0.111,0.126,0.159,0.41,0.39,0.4,0.41,0.39,0.36,0.14,0.17,0.16,0.15,0.15,0.16,0.098,0.094,0.093,0.097,0.099,0.099
16-Jan-2014,0.04,0.075,0.098,0.108,0.123,0.156,0.47,0.45,0.46,0.46,0.44,0.4,0.16,0.19,0.18,0.16,0.16,0.17,0.09,0.093,0.093,0.097,0.099,0.099
17-Jan-2014,0.04,0.069,0.095,0.106,0.119,0.153,0.45,0.43,0.44,0.46,0.42,0.38,0.16,0.19,0.18,0.18,0.16,0.16,0.086,0.093,0.093,0.097,0.099,0.099
20-Jan-2014,0.04,0.058,0.093,0.105,0.118,0.152,0.46,0.44,0.45,0.46,0.43,0.39,0.15,0.18,0.17,0.17,0.16,0.15,0.086,0.091,0.092,0.097,0.099,0.099
21-Jan-2014,0.04,0.078,0.097,0.106,0.119,0.152,0.46,0.44,0.45,0.46,0.43,0.39,0.15,0.18,0.17,0.16,0.14,0.15,0.075,0.091,0.092,0.097,0.099,0.099
22-Jan-2014,0.03,0.076,0.095,0.104,0.12,0.151,0.44,0.45,0.44,0.44,0.41,0.37,0.15,0.18,0.17,0.16,0.15,0.15,0.081,0.091,0.092,0.097,0.099,0.099
23-Jan-2014,0.03,0.064,0.092,0.105,0.119,0.144,0.44,0.45,0.44,0.43,0.4,0.36,0.15,0.18,0.17,0.16,0.15,0.15,0.088,0.091,0.092,0.097,0.099,0.099
24-Jan-2014,0.03,0.065,0.097,0.108,0.122,0.146,0.44,0.45,0.44,0.44,0.41,0.36,0.15,0.18,0.17,0.16,0.15,0.13,0.092,0.091,0.092,0.097,0.099,0.099
27-Jan-2014,0.03,0.071,0.097,0.107,0.121,0.151,0.44,0.45,0.44,0.45,0.42,0.36,0.14,0.17,0.16,0.16,0.15,0.13,0.088,0.091,0.091,0.097,0.099,0.099
28-Jan-2014,0.03,0.069,0.091,0.105,0.12,0.15,0.43,0.44,0.45,0.45,0.42,0.37,0.15,0.18,0.17,0.16,0.15,0.14,0.072,0.089,0.091,0.097,0.099,0.099
29-Jan-2014,0.025,0.071,0.093,0.102,0.116,0.142,0.45,0.45,0.46,0.46,0.42,0.38,0.15,0.18,0.17,0.15,0.14,0.13,0.068,0.088,0.091,0.097,0.099,0.099
30-Jan-2014,0.04,0.072,0.092,0.102,0.115,0.139,0.43,0.44,0.45,0.47,0.43,0.38,0.12,0.15,0.14,0.15,0.13,0.12,0.065,0.087,0.09,0.097,0.099,0.099
31-Jan-2014,0.054,0.071,0.091,0.1,0.112,0.134,0.41,0.42,0.43,0.44,0.41,0.35,0.12,0.15,0.14,0.14,0.13,0.11,0.06,0.084,0.09,0.097,0.099,0.099
03-Feb-2014,0.04,0.073,0.092,0.099,0.111,0.136,0.41,0.42,0.43,0.42,0.37,0.32,0.11,0.14,0.13,0.11,0.08,0.07,0.061,0.083,0.089,0.096,0.099,0.099
04-Feb-2014,0.04,0.073,0.091,0.101,0.113,0.137,0.41,0.42,0.43,0.42,0.37,0.33,0.11,0.14,0.13,0.11,0.08,0.08,0.057,0.082,0.089,0.096,0.099,0.099
05-Feb-2014,0.04,0.071,0.089,0.1,0.111,0.134,0.41,0.42,0.43,0.42,0.37,0.32,0.11,0.14,0.13,0.11,0.08,0.08,0.055,0.082,0.089,0.096,0.099,0.099
06-Feb-2014,0.04,0.072,0.09,0.1,0.111,0.135,0.45,0.42,0.42,0.41,0.36,0.31,0.11,0.14,0.13,0.11,0.08,0.08,0.056,0.083,0.089,0.096,0.099,0.099
07-Feb-2014,0.04,0.072,0.09,0.101,0.111,0.133,0.4,0.37,0.38,0.37,0.32,0.29,0.11,0.14,0.14,0.13,0.1,0.1,0.059,0.083,0.089,0.096,0.099,0.099
10-Feb-2014,0.04,0.067,0.086,0.099,0.108,0.129,0.43,0.4,0.41,0.4,0.35,0.31,0.11,0.14,0.15,0.13,0.1,0.1,0.068,0.082,0.089,0.096,0.098,0.099
11-Feb-2014,0.04,0.068,0.087,0.097,0.109,0.134,0.43,0.43,0.43,0.43,0.38,0.34,0.12,0.15,0.14,0.13,0.1,0.1,0.068,0.082,0.089,0.096,0.098,0.099
12-Feb-2014,0.04,0.065,0.084,0.093,0.105,0.129,0.43,0.43,0.43,0.42,0.38,0.32,0.12,0.15,0.15,0.13,0.11,0.09,0.052,0.08,0.089,0.096,0.098,0.099
13-Feb-2014,0.04,0.066,0.085,0.092,0.102,0.122,0.43,0.43,0.44,0.43,0.38,0.32,0.09,0.12,0.13,0.11,0.08,0.06,0.048,0.079,0.088,0.096,0.098,0.098
14-Feb-2014,0.033,0.058,0.077,0.091,0.103,0.126,0.43,0.43,0.43,0.42,0.37,0.32,0.11,0.14,0.13,0.11,0.08,0.07,0.052,0.08,0.088,0.096,0.098,0.098
17-Feb-2014,0.033,0.057,0.076,0.091,0.102,0.126,0.43,0.43,0.41,0.41,0.36,0.34,0.11,0.13,0.12,0.11,0.08,0.08,0.059,0.08,0.087,0.096,0.098,0.098
18-Feb-2014,0.05,0.053,0.074,0.089,0.102,0.125,0.42,0.46,0.41,0.41,0.36,0.33,0.12,0.17,0.13,0.13,0.09,0.09,0.058,0.08,0.087,0.096,0.098,0.098
19-Feb-2014,0.05,0.062,0.072,0.089,0.101,0.123,0.42,0.46,0.41,0.37,0.32,0.3,0.15,0.2,0.16,0.11,0.08,0.09,0.062,0.082,0.087,0.095,0.098,0.098
20-Feb-2014,0.05,0.067,0.081,0.094,0.101,0.125,0.43,0.46,0.43,0.4,0.37,0.33,0.12,0.17,0.14,0.1,0.09,0.08,0.083,0.083,0.088,0.095,0.098,0.098
21-Feb-2014,0.05,0.062,0.081,0.095,0.103,0.126,0.43,0.46,0.41,0.36,0.33,0.3,0.16,0.2,0.16,0.1,0.1,0.09,0.081,0.082,0.088,0.095,0.098,0.098
24-Feb-2014,0.05,0.061,0.082,0.092,0.102,0.125,0.43,0.46,0.41,0.4,0.36,0.33,0.11,0.16,0.13,0.11,0.09,0.08,0.084,0.081,0.088,0.095,0.098,0.098
25-Feb-2014,0.05,0.063,0.086,0.095,0.105,0.128,0.43,0.46,0.41,0.39,0.35,0.33,0.12,0.17,0.13,0.11,0.09,0.09,0.08,0.081,0.088,0.095,0.098,0.098
26-Feb-2014,0.05,0.065,0.084,0.094,0.104,0.125,0.43,0.46,0.41,0.39,0.35,0.33,0.12,0.17,0.13,0.11,0.09,0.09,0.074,0.081,0.088,0.095,0.098,0.098
27-Feb-2014,0.05,0.081,0.092,0.098,0.107,0.129,0.42,0.45,0.4,0.39,0.35,0.31,0.12,0.17,0.13,0.11,0.09,0.08,0.073,0.081,0.088,0.095,0.098,0.098
28-Feb-2014,0.05,0.09,0.088,0.094,0.106,0.13,0.42,0.45,0.4,0.38,0.35,0.32,0.12,0.17,0.13,0.1,0.09,0.08,0.071,0.08,0.087,0.094,0.097,0.098
03-Mar-2014,0.05,0.09,0.091,0.097,0.11,0.151,0.42,0.45,0.4,0.38,0.35,0.32,0.12,0.17,0.13,0.11,0.09,0.09,0.065,0.08,0.087,0.094,0.097,0.098
04-Mar-2014,0.05,0.096,0.095,0.108,0.127,0.158,0.43,0.46,0.41,0.39,0.36,0.33,0.12,0.17,0.13,0.1,0.09,0.09,0.061,0.078,0.086,0.094,0.097,0.098
05-Mar-2014,0.1,0.098,0.094,0.107,0.131,0.164,0.44,0.42,0.43,0.42,0.38,0.35,0.12,0.17,0.13,0.1,0.09,0.08,0.057,0.077,0.086,0.094,0.097,0.098
06-Mar-2014,0.1,0.098,0.095,0.109,0.132,0.167,0.44,0.42,0.43,0.42,0.38,0.36,0.11,0.16,0.12,0.1,0.08,0.09,0.054,0.076,0.085,0.094,0.097,0.097
07-Mar-2014,0.1,0.098,0.098,0.105,0.119,0.158,0.52,0.5,0.51,0.49,0.48,0.44,0.15,0.19,0.15,0.13,0.13,0.12,0.054,0.075,0.085,0.094,0.097,0.097
10-Mar-2014,0.1,0.098,0.099,0.107,0.12,0.147,0.52,0.5,0.51,0.5,0.47,0.45,0.17,0.21,0.17,0.15,0.15,0.15,0.055,0.075,0.084,0.094,0.096,0.097
11-Mar-2014,0.1,0.1,0.102,0.104,0.133,0.163,0.51,0.49,0.49,0.49,0.46,0.43,0.16,0.2,0.16,0.14,0.14,0.13,0.052,0.073,0.081,0.092,0.095,0.095
12-Mar-2014,0.1,0.095,0.103,0.108,0.12,0.152,0.52,0.5,0.49,0.49,0.46,0.43,0.17,0.21,0.15,0.14,0.14,0.13,0.052,0.071,0.081,0.092,0.095,0.095
13-Mar-2014,0.1,0.095,0.104,0.109,0.119,0.149,0.49,0.47,0.48,0.47,0.45,0.42,0.14,0.19,0.15,0.12,0.13,0.12,0.044,0.071,0.08,0.091,0.094,0.095
14-Mar-2014,0.1,0.094,0.102,0.109,0.122,0.152,0.45,0.43,0.47,0.46,0.45,0.41,0.11,0.15,0.14,0.12,0.13,0.11,0.045,0.071,0.08,0.091,0.094,0.095
17-Mar-2014,0.1,0.103,0.107,0.114,0.123,0.156,0.45,0.42,0.47,0.45,0.43,0.41,0.13,0.16,0.16,0.13,0.13,0.13,0.053,0.07,0.079,0.09,0.094,0.095
18-Mar-2014,0.1,0.102,0.106,0.115,0.126,0.154,0.45,0.42,0.47,0.45,0.43,0.41,0.14,0.17,0.17,0.14,0.14,0.14,0.047,0.071,0.079,0.09,0.094,0.095
19-Mar-2014,0.1,0.098,0.103,0.113,0.127,0.164,0.45,0.42,0.47,0.46,0.43,0.4,0.14,0.17,0.17,0.15,0.14,0.14,0.056,0.073,0.079,0.09,0.094,0.095
20-Mar-2014,0.08,0.097,0.104,0.114,0.129,0.168,0.47,0.45,0.44,0.43,0.4,0.37,0.13,0.16,0.16,0.15,0.14,0.14,0.075,0.073,0.079,0.09,0.094,0.095
21-Mar-2014,0.08,0.096,0.106,0.117,0.131,0.169,0.47,0.45,0.44,0.44,0.4,0.39,0.13,0.16,0.16,0.15,0.14,0.15,0.075,0.073,0.079,0.09,0.094,0.095
24-Mar-2014,0.11,0.098,0.103,0.114,0.13,0.17,0.44,0.42,0.39,0.38,0.36,0.34,0.15,0.19,0.18,0.16,0.16,0.16,0.076,0.071,0.079,0.09,0.094,0.095
25-Mar-2014,0.11,0.1,0.106,0.115,0.127,0.163,0.44,0.42,0.38,0.38,0.36,0.33,0.15,0.19,0.17,0.16,0.16,0.15,0.049,0.07,0.078,0.089,0.094,0.094
26-Mar-2014,0.1,0.105,0.108,0.116,0.128,0.16,0.44,0.42,0.38,0.41,0.39,0.34,0.12,0.15,0.13,0.15,0.15,0.13,0.039,0.067,0.077,0.089,0.093,0.094
27-Mar-2014,0.1,0.093,0.101,0.113,0.126,0.161,0.44,0.43,0.42,0.43,0.4,0.37,0.08,0.12,0.13,0.13,0.12,0.12,0.04,0.066,0.077,0.089,0.093,0.094
28-Mar-2014,0.1,0.098,0.101,0.112,0.125,0.16,0.46,0.45,0.45,0.47,0.44,0.4,0.07,0.11,0.13,0.13,0.12,0.11,0.022,0.063,0.075,0.087,0.093,0.094
31-Mar-2014,0.1,0.091,0.095,0.106,0.12,0.155,0.46,0.45,0.45,0.47,0.44,0.4,0.07,0.11,0.13,0.13,0.12,0.11,0.004,0.058,0.074,0.086,0.093,0.093
01-Apr-2014,0.1,0.092,0.097,0.107,0.121,0.157,0.48,0.47,0.47,0.47,0.44,0.41,0.09,0.13,0.14,0.13,0.12,0.12,0.005,0.058,0.073,0.085,0.092,0.093
02-Apr-2014,0.1,0.094,0.099,0.11,0.122,0.159,0.51,0.5,0.49,0.49,0.46,0.43,0.12,0.16,0.16,0.15,0.14,0.14,0.033,0.064,0.073,0.085,0.092,0.093
03-Apr-2014,0.1,0.096,0.102,0.113,0.125,0.163,0.5,0.49,0.49,0.49,0.45,0.43,0.11,0.15,0.17,0.15,0.14,0.14,0.058,0.066,0.074,0.085,0.092,0.093
04-Apr-2014,0.1,0.1,0.105,0.111,0.124,0.155,0.54,0.53,0.52,0.51,0.47,0.43,0.15,0.19,0.2,0.17,0.16,0.14,0.063,0.065,0.074,0.085,0.092,0.093
07-Apr-2014,0.1,0.094,0.102,0.11,0.123,0.154,0.54,0.53,0.52,0.51,0.45,0.42,0.15,0.19,0.19,0.17,0.14,0.13,0.058,0.065,0.073,0.085,0.092,0.093
08-Apr-2014,0.08,0.096,0.101,0.109,0.125,0.156,0.46,0.45,0.45,0.43,0.38,0.35,0.14,0.18,0.19,0.17,0.13,0.13,0.057,0.066,0.074,0.085,0.092,0.093
09-Apr-2014,0.1,0.095,0.101,0.108,0.123,0.15,0.46,0.45,0.42,0.41,0.35,0.32,0.16,0.21,0.19,0.17,0.13,0.12,0.058,0.065,0.074,0.085,0.092,0.093
10-Apr-2014,0.1,0.094,0.098,0.106,0.117,0.146,0.43,0.44,0.44,0.42,0.37,0.33,0.17,0.22,0.19,0.17,0.13,0.12,0.056,0.065,0.074,0.085,0.092,0.093
11-Apr-2014,0.1,0.094,0.098,0.106,0.117,0.146,0.43,0.44,0.44,0.42,0.37,0.33,0.17,0.22,0.19,0.17,0.13,0.12,0.057,0.065,0.074,0.085,0.091,0.092
14-Apr-2014,0.08,0.094,0.098,0.107,0.118,0.148,0.45,0.46,0.46,0.45,0.39,0.36,0.17,0.21,0.19,0.17,0.13,0.12,0.069,0.07,0.074,0.085,0.091,0.092
15-Apr-2014,0.08,0.096,0.1,0.109,0.119,0.149,0.43,0.43,0.42,0.41,0.36,0.31,0.18,0.23,0.19,0.17,0.14,0.11,0.091,0.073,0.074,0.085,0.091,0.092
16-Apr-2014,0.09,0.098,0.103,0.109,0.12,0.15,0.41,0.42,0.41,0.41,0.36,0.32,0.16,0.2,0.17,0.16,0.13,0.11,0.085,0.074,0.075,0.085,0.091,0.092
17-Apr-2014,0.09,0.097,0.102,0.109,0.12,0.153,0.41,0.42,0.41,0.41,0.37,0.33,0.16,0.2,0.17,0.16,0.14,0.12,0.086,0.074,0.075,0.085,0.091,0.092
18-Apr-2014,0.09,0.097,0.102,0.109,0.12,0.151,0.41,0.42,0.41,0.41,0.37,0.33,0.16,0.2,0.17,0.16,0.14,0.12,0.088,0.074,0.076,0.085,0.091,0.092
21-Apr-2014,0.09,0.097,0.102,0.108,0.117,0.149,0.41,0.42,0.41,0.41,0.37,0.33,0.16,0.2,0.17,0.16,0.14,0.12,0.093,0.074,0.078,0.085,0.091,0.092
22-Apr-2014,0.09,0.088,0.101,0.11,0.12,0.152,0.43,0.43,0.43,0.42,0.38,0.34,0.16,0.2,0.17,0.16,0.13,0.12,0.093,0.077,0.078,0.085,0.091,0.092
23-Apr-2014,0.06,0.099,0.105,0.114,0.125,0.157,0.43,0.43,0.44,0.44,0.39,0.36,0.16,0.2,0.19,0.18,0.14,0.14,0.094,0.078,0.078,0.085,0.091,0.092
24-Apr-2014,0.06,0.104,0.108,0.117,0.13,0.161,0.43,0.43,0.44,0.43,0.38,0.35,0.17,0.22,0.2,0.18,0.15,0.15,0.093,0.078,0.079,0.085,0.091,0.092
25-Apr-2014,0.06,0.105,0.11,0.117,0.129,0.16,0.35,0.35,0.41,0.37,0.33,0.3,0.2,0.25,0.23,0.18,0.16,0.16,0.092,0.079,0.079,0.085,0.091,0.092
28-Apr-2014,0.06,0.108,0.112,0.117,0.129,0.159,0.45,0.43,0.42,0.37,0.33,0.3,0.23,0.28,0.23,0.18,0.16,0.15,0.094,0.078,0.079,0.085,0.091,0.092
29-Apr-2014,0.06,0.106,0.111,0.117,0.129,0.164,0.45,0.43,0.43,0.41,0.38,0.34,0.19,0.24,0.2,0.18,0.16,0.15,0.094,0.078,0.079,0.085,0.091,0.092
30-Apr-2014,0.089,0.106,0.11,0.117,0.127,0.157,0.37,0.35,0.33,0.32,0.28,0.24,0.17,0.21,0.18,0.16,0.14,0.13,0.09,0.078,0.079,0.084,0.091,0.092
01-May-2014,0.089,0.103,0.107,0.116,0.127,0.159,0.29,0.27,0.29,0.28,0.24,0.2,0.12,0.17,0.18,0.16,0.14,0.12,0.09,0.078,0.079,0.085,0.091,0.092
02-May-2014,0.089,0.1,0.104,0.116,0.128,0.163,0.48,0.46,0.48,0.47,0.43,0.4,0.12,0.16,0.18,0.16,0.14,0.13,0.079,0.077,0.079,0.085,0.091,0.092
05-May-2014,0.089,0.102,0.106,0.116,0.128,0.164,0.48,0.46,0.48,0.47,0.43,0.4,0.12,0.16,0.18,0.16,0.14,0.13,0.079,0.077,0.079,0.085,0.091,0.092
06-May-2014,0.089,0.097,0.1,0.111,0.12,0.156,0.42,0.4,0.43,0.42,0.37,0.34,0.12,0.16,0.18,0.16,0.13,0.12,0.079,0.077,0.079,0.085,0.091,0.092
07-May-2014,0.089,0.102,0.106,0.113,0.124,0.157,0.42,0.4,0.39,0.37,0.32,0.3,0.17,0.22,0.2,0.16,0.14,0.14,0.082,0.075,0.079,0.085,0.091,0.092
08-May-2014,0.07,0.1,0.104,0.112,0.123,0.155,0.43,0.41,0.37,0.36,0.32,0.29,0.18,0.23,0.18,0.16,0.14,0.14,0.066,0.075,0.078,0.085,0.091,0.092
09-May-2014,0.07,0.099,0.103,0.114,0.123,0.153,0.43,0.41,0.4,0.35,0.3,0.26,0.18,0.23,0.21,0.15,0.12,0.11,0.062,0.075,0.078,0.085,0.091,0.092
12-May-2014,0.07,0.1,0.103,0.111,0.121,0.155,0.43,0.41,0.4,0.35,0.3,0.26,0.18,0.23,0.21,0.15,0.12,0.11,0.073,0.074,0.077,0.085,0.091,0.092
13-May-2014,0.06,0.096,0.098,0.108,0.122,0.154,0.44,0.38,0.38,0.33,0.28,0.24,0.21,0.21,0.2,0.14,0.11,0.1,0.06,0.071,0.076,0.085,0.091,0.092
14-May-2014,0.06,0.1,0.104,0.109,0.121,0.151,0.43,0.37,0.39,0.34,0.29,0.25,0.17,0.18,0.18,0.13,0.1,0.08,0.059,0.071,0.076,0.085,0.091,0.092
15-May-2014,0.08,0.101,0.104,0.108,0.118,0.148,0.43,0.37,0.39,0.34,0.29,0.25,0.17,0.18,0.18,0.13,0.1,0.08,0.061,0.072,0.076,0.084,0.091,0.092
16-May-2014,0.08,0.102,0.104,0.108,0.118,0.148,0.43,0.37,0.42,0.38,0.33,0.3,0.12,0.12,0.16,0.11,0.08,0.07,0.062,0.073,0.076,0.084,0.091,0.092
19-May-2014,0.08,0.104,0.105,0.111,0.119,0.147,0.44,0.38,0.38,0.34,0.29,0.25,0.17,0.18,0.16,0.11,0.09,0.07,0.085,0.072,0.076,0.084,0.091,0.092
20-May-2014,0.08,0.104,0.107,0.112,0.121,0.152,0.44,0.38,0.32,0.28,0.23,0.19,0.23,0.24,0.16,0.11,0.09,0.07,0.083,0.071,0.076,0.084,0.091,0.092
21-May-2014,0.08,0.102,0.106,0.113,0.124,0.154,0.47,0.45,0.44,0.37,0.33,0.29,0.25,0.25,0.19,0.11,0.09,0.07,0.067,0.071,0.076,0.084,0.091,0.092
22-May-2014,0.08,0.088,0.102,0.112,0.125,0.156,0.47,0.45,0.44,0.37,0.32,0.28,0.25,0.25,0.19,0.11,0.08,0.07,0.072,0.072,0.076,0.084,0.091,0.092
23-May-2014,0.08,0.102,0.099,0.106,0.119,0.152,0.47,0.45,0.44,0.39,0.34,0.3,0.23,0.23,0.17,0.11,0.08,0.07,0.07,0.072,0.076,0.084,0.091,0.092
26-May-2014,0.08,0.102,0.099,0.106,0.119,0.152,0.47,0.45,0.44,0.39,0.34,0.3,0.23,0.23,0.17,0.11,0.08,0.07,0.078,0.071,0.076,0.084,0.091,0.092
27-May-2014,0.08,0.101,0.11,0.114,0.123,0.154,0.44,0.42,0.42,0.38,0.33,0.29,0.2,0.21,0.15,0.1,0.07,0.05,0.068,0.073,0.076,0.084,0.091,0.092
28-May-2014,0.08,0.109,0.111,0.115,0.123,0.152,0.43,0.41,0.4,0.38,0.33,0.29,0.19,0.19,0.13,0.1,0.07,0.05,0.069,0.073,0.076,0.084,0.091,0.092
29-May-2014,0.12,0.108,0.111,0.119,0.129,0.159,0.47,0.45,0.44,0.43,0.39,0.34,0.17,0.18,0.12,0.1,0.07,0.05,0.069,0.073,0.077,0.084,0.091,0.092
30-May-2014,0.15,0.116,0.113,0.124,0.134,0.162,0.5,0.48,0.46,0.43,0.39,0.35,0.21,0.21,0.13,0.1,0.07,0.06,0.076,0.074,0.077,0.084,0.091,0.092
02-Jun-2014,0.12,0.117,0.119,0.127,0.135,0.163,0.5,0.48,0.46,0.43,0.38,0.34,0.21,0.21,0.13,0.1,0.06,0.05,0.087,0.074,0.077,0.084,0.091,0.092
03-Jun-2014,0.12,0.122,0.129,0.135,0.145,0.177,0.48,0.46,0.47,0.42,0.37,0.35,0.22,0.22,0.14,0.08,0.05,0.05,0.084,0.074,0.077,0.084,0.091,0.092
04-Jun-2014,0.12,0.128,0.131,0.136,0.148,0.181,0.48,0.46,0.47,0.42,0.37,0.35,0.22,0.22,0.14,0.08,0.05,0.05,0.065,0.073,0.077,0.084,0.091,0.092
05-Jun-2014,0.13,0.131,0.134,0.138,0.146,0.175,0.49,0.46,0.47,0.44,0.4,0.37,0.18,0.19,0.11,0.07,0.04,0.04,0.062,0.073,0.077,0.084,0.091,0.092
06-Jun-2014,0.13,0.131,0.134,0.137,0.147,0.181,0.37,0.39,0.42,0.42,0.4,0.37,0.07,0.11,0.06,0.05,0.04,0.04,0.066,0.072,0.076,0.084,0.091,0.092
09-Jun-2014,0.13,0.13,0.135,0.141,0.151,0.188,0.48,0.5,0.53,0.54,0.5,0.46,0.09,0.13,0.08,0.07,0.05,0.04,0.062,0.071,0.076,0.084,0.091,0.092
10-Jun-2014,0.133,0.131,0.137,0.139,0.151,0.191,0.49,0.5,0.54,0.53,0.5,0.46,0.09,0.14,0.08,0.06,0.05,0.04,0.06,0.071,0.075,0.084,0.091,0.092
11-Jun-2014,0.13,0.129,0.134,0.141,0.153,0.192,0.49,0.46,0.51,0.52,0.48,0.45,0.1,0.1,0.06,0.06,0.04,0.04,0.058,0.071,0.075,0.084,0.091,0.092
12-Jun-2014,0.14,0.136,0.139,0.142,0.154,0.195,0.49,0.49,0.56,0.59,0.53,0.51,0.02,0.04,0.03,0.05,0,0.01,0.058,0.073,0.075,0.084,0.091,0.092
13-Jun-2014,0.13,0.137,0.142,0.149,0.159,0.207,0.49,0.49,0.58,0.6,0.57,0.52,-0.01,0.02,0.02,0.03,0.02,-0.01,0.07,0.073,0.075,0.084,0.091,0.092
16-Jun-2014,0.13,0.139,0.143,0.152,0.161,0.21,0.48,0.47,0.57,0.57,0.55,0.53,-0.03,-0.01,0,-0.01,0,-0.01,0.065,0.072,0.075,0.084,0.091,0.092
17-Jun-2014,0.13,0.133,0.144,0.153,0.162,0.215,0.43,0.42,0.51,0.52,0.51,0.48,-0.04,-0.01,-0.01,-0.01,-0.01,-0.01,0.058,0.071,0.075,0.084,0.091,0.092
18-Jun-2014,0.13,0.13,0.142,0.153,0.166,0.212,0.44,0.44,0.53,0.54,0.53,0.5,-0.02,0.01,0.01,0.01,0.02,0.02,0.05,0.07,0.075,0.084,0.091,0.092
19-Jun-2014,0.13,0.124,0.138,0.148,0.161,0.208,0.45,0.44,0.52,0.54,0.51,0.49,-0.01,0.01,-0.01,0.01,0,0.01,0.052,0.07,0.075,0.084,0.091,0.092
20-Jun-2014,0.13,0.118,0.138,0.148,0.159,0.209,0.46,0.45,0.53,0.54,0.52,0.5,0,0.02,0.01,0.01,0.01,0.02,0.052,0.059,0.074,0.084,0.09,0.091
23-Jun-2014,0.1,0.127,0.138,0.147,0.162,0.209,0.46,0.45,0.53,0.54,0.52,0.49,0,0.02,0.01,0.01,0.01,0.01,0.05,0.058,0.073,0.084,0.09,0.091
24-Jun-2014,0.14,0.134,0.139,0.148,0.162,0.211,0.46,0.45,0.52,0.54,0.52,0.49,0,0.02,0,0.01,0.01,0.01,0.048,0.054,0.072,0.083,0.09,0.09
25-Jun-2014,0.14,0.135,0.139,0.146,0.158,0.208,0.48,0.46,0.54,0.54,0.52,0.49,0.02,0.03,0.02,0.01,0.01,0,0.046,0.053,0.072,0.083,0.09,0.09
26-Jun-2014,0.14,0.14,0.143,0.153,0.165,0.212,0.48,0.47,0.54,0.55,0.53,0.49,0.02,0.04,0.02,0.02,0.02,0.01,0.044,0.055,0.073,0.083,0.09,0.09
27-Jun-2014,0.14,0.142,0.144,0.153,0.165,0.212,0.43,0.47,0.46,0.46,0.44,0.41,0.02,0.04,0.02,0.02,0.02,0.01,0.049,0.061,0.073,0.083,0.09,0.09
30-Jun-2014,0.14,0.14,0.143,0.152,0.163,0.21,0.43,0.45,0.46,0.48,0.46,0.44,0,0.02,0,0.02,0.01,0.02,0.053,0.067,0.073,0.083,0.09,0.09
01-Jul-2014,0.14,0.145,0.148,0.154,0.166,0.216,0.43,0.45,0.46,0.48,0.46,0.43,0,0.02,0,0.02,0.01,0.01,0.053,0.068,0.073,0.083,0.09,0.09
02-Jul-2014,0.14,0.13,0.14,0.149,0.161,0.215,0.44,0.44,0.46,0.48,0.46,0.41,0.01,0.02,0,0.02,0.01,-0.01,0.053,0.068,0.073,0.083,0.09,0.09
03-Jul-2014,0.14,0.126,0.137,0.148,0.161,0.22,0.43,0.43,0.46,0.48,0.45,0.42,0,0.01,0,0.01,0.01,0,0.057,0.07,0.074,0.083,0.09,0.09
04-Jul-2014,0.14,0.126,0.137,0.148,0.161,0.22,0.5,0.51,0.52,0.54,0.51,0.48,0.01,0.02,0,0.01,0.01,0,0.075,0.069,0.074,0.083,0.09,0.09
07-Jul-2014,0.14,0.121,0.132,0.144,0.16,0.226,0.46,0.47,0.48,0.49,0.47,0.45,0.01,0.02,0,0.01,0.01,0.01,0.05,0.066,0.073,0.082,0.09,0.09
08-Jul-2014,0.14,0.107,0.117,0.123,0.138,0.202,0.48,0.48,0.49,0.51,0.49,0.46,0.01,0.02,0,0.01,0.01,0.01,0.046,0.065,0.072,0.082,0.089,0.09
09-Jul-2014,0.14,0.098,0.11,0.119,0.131,0.187,0.48,0.49,0.5,0.52,0.5,0.46,0.01,0.02,0.01,0.01,0.02,0,0.047,0.065,0.072,0.082,0.089,0.09
10-Jul-2014,0.14,0.109,0.112,0.121,0.134,0.181,0.48,0.49,0.5,0.52,0.51,0.47,0.01,0.02,0.01,0.02,0.02,0.01,0.052,0.065,0.071,0.081,0.088,0.089
11-Jul-2014,0.14,0.109,0.113,0.121,0.132,0.18,0.48,0.49,0.5,0.52,0.51,0.47,0.01,0.02,0.01,0.02,0.02,0.01,0.065,0.063,0.07,0.081,0.088,0.089
14-Jul-2014,0.14,0.106,0.113,0.12,0.133,0.184,0.48,0.49,0.5,0.52,0.5,0.47,0.01,0.02,0.01,0.02,0.02,0.01,0.058,0.062,0.067,0.08,0.088,0.088
15-Jul-2014,0.13,0.105,0.112,0.121,0.135,0.19,0.52,0.5,0.5,0.52,0.5,0.47,0.01,0.02,0.01,0.02,0.02,0.01,0.05,0.059,0.065,0.078,0.087,0.088
16-Jul-2014,0.13,0.105,0.11,0.121,0.136,0.193,0.5,0.48,0.49,0.51,0.48,0.45,0.01,0.02,0.01,0.02,0.02,0.01,0.045,0.058,0.065,0.078,0.087,0.088
17-Jul-2014,0.13,0.106,0.11,0.12,0.133,0.186,0.51,0.49,0.5,0.52,0.5,0.47,-0.01,0.01,0.01,0.01,0.02,0.01,0.049,0.061,0.065,0.078,0.087,0.088
18-Jul-2014,0.13,0.105,0.11,0.12,0.133,0.193,0.51,0.49,0.51,0.51,0.5,0.47,-0.01,0.01,0.01,0.01,0.02,0.01,0.066,0.06,0.065,0.078,0.087,0.088
21-Jul-2014,0.09,0.103,0.11,0.12,0.135,0.197,0.49,0.47,0.48,0.5,0.48,0.45,-0.01,0.01,0.01,0.02,0.02,0.01,0.066,0.06,0.065,0.078,0.087,0.088
22-Jul-2014,0.09,0.097,0.114,0.12,0.133,0.195,0.51,0.49,0.49,0.51,0.48,0.45,0.02,0.02,0.02,0.02,0.02,0.01,0.084,0.067,0.065,0.078,0.087,0.088
23-Jul-2014,0.09,0.093,0.114,0.118,0.133,0.195,0.45,0.42,0.43,0.45,0.43,0.4,0.01,0.02,0.02,0.02,0.03,0.02,0.088,0.068,0.066,0.078,0.087,0.088
24-Jul-2014,0.09,0.093,0.108,0.117,0.132,0.2,0.47,0.44,0.46,0.48,0.46,0.43,0,0.01,0.02,0.02,0.03,0.02,0.088,0.068,0.066,0.078,0.087,0.088
25-Jul-2014,0.09,0.1,0.106,0.116,0.131,0.201,0.46,0.47,0.47,0.49,0.47,0.44,0,0.01,0.02,0.02,0.03,0.02,0.09,0.068,0.066,0.078,0.085,0.086
28-Jul-2014,0.09,0.1,0.105,0.116,0.134,0.207,0.47,0.48,0.47,0.49,0.47,0.44,0.01,0.02,0.02,0.02,0.03,0.02,0.086,0.068,0.066,0.078,0.085,0.086
29-Jul-2014,0.09,0.109,0.112,0.117,0.134,0.208,0.48,0.49,0.47,0.49,0.47,0.44,0.02,0.03,0.02,0.02,0.02,0.02,0.073,0.066,0.067,0.077,0.085,0.086
30-Jul-2014,0.09,0.11,0.113,0.119,0.136,0.217,0.46,0.44,0.47,0.48,0.46,0.43,-0.01,0,0.02,0.02,0.02,0.02,0.055,0.063,0.066,0.077,0.085,0.085
31-Jul-2014,0.09,0.112,0.116,0.123,0.136,0.218,0.46,0.44,0.46,0.48,0.46,0.43,-0.01,0,0.01,0.02,0.02,0.02,0.059,0.065,0.066,0.077,0.085,0.085
01-Aug-2014,0.09,0.109,0.112,0.123,0.136,0.205,0.46,0.44,0.46,0.48,0.46,0.43,-0.01,0,0.01,0.02,0.02,0.02,0.073,0.064,0.065,0.077,0.085,0.085
04-Aug-2014,0.12,0.109,0.113,0.122,0.138,0.206,0.45,0.45,0.45,0.46,0.45,0.42,-0.01,0,0.02,0.02,0.02,0.02,0.07,0.064,0.065,0.076,0.085,0.085
05-Aug-2014,0.09,0.109,0.113,0.121,0.135,0.205,0.46,0.45,0.42,0.42,0.41,0.38,-0.01,0,0.02,0.01,0.02,0.02,0.065,0.063,0.065,0.076,0.085,0.085
06-Aug-2014,0.09,0.109,0.113,0.121,0.134,0.207,0.46,0.45,0.47,0.47,0.47,0.44,-0.01,0,0.01,0.01,0.02,0.02,0.051,0.063,0.065,0.076,0.085,0.085
07-Aug-2014,0.09,0.11,0.114,0.121,0.133,0.202,0.47,0.45,0.47,0.47,0.47,0.44,-0.01,0,0.01,0.01,0.02,0.02,0.056,0.065,0.065,0.076,0.085,0.085
08-Aug-2014,0.09,0.105,0.109,0.12,0.132,0.2,0.45,0.45,0.47,0.47,0.47,0.44,-0.02,-0.02,0,-0.01,0.01,0.01,0.071,0.065,0.065,0.076,0.085,0.085
11-Aug-2014,0.09,0.111,0.117,0.127,0.14,0.209,0.46,0.45,0.47,0.47,0.47,0.44,-0.02,-0.02,-0.01,-0.01,0.01,0.01,0.074,0.065,0.066,0.076,0.085,0.085
12-Aug-2014,0.09,0.109,0.115,0.126,0.148,0.212,0.45,0.44,0.44,0.46,0.45,0.41,-0.01,-0.01,-0.01,-0.01,0.01,-0.01,0.065,0.062,0.066,0.076,0.085,0.085
13-Aug-2014,0.09,0.106,0.111,0.128,0.16,0.224,0.45,0.49,0.48,0.5,0.48,0.46,-0.06,-0.01,-0.02,-0.01,-0.01,-0.01,0.049,0.063,0.066,0.076,0.085,0.085
14-Aug-2014,0.09,0.099,0.106,0.128,0.163,0.222,0.44,0.45,0.47,0.47,0.46,0.44,-0.06,-0.01,-0.02,-0.02,-0.01,-0.01,0.055,0.065,0.065,0.075,0.084,0.085
15-Aug-2014,0.13,0.107,0.111,0.128,0.16,0.221,0.44,0.45,0.47,0.47,0.46,0.44,-0.06,-0.01,-0.02,-0.02,-0.01,-0.01,0.056,0.063,0.065,0.075,0.084,0.085
18-Aug-2014,0.12,0.108,0.113,0.126,0.152,0.22,0.47,0.48,0.5,0.51,0.49,0.47,-0.07,-0.02,-0.02,-0.02,-0.01,-0.01,0.055,0.063,0.065,0.074,0.083,0.085
19-Aug-2014,0.09,0.106,0.11,0.124,0.149,0.213,0.45,0.46,0.49,0.5,0.48,0.46,-0.07,-0.02,-0.01,-0.02,-0.01,-0.01,0.056,0.064,0.065,0.074,0.083,0.085
20-Aug-2014,0.09,0.106,0.11,0.124,0.149,0.213,0.45,0.46,0.49,0.5,0.48,0.46,-0.07,-0.02,-0.01,-0.02,-0.01,-0.01,0.069,0.065,0.066,0.074,0.084,0.085
21-Aug-2014,0.074,0.105,0.106,0.115,0.139,0.209,0.45,0.46,0.46,0.48,0.46,0.44,-0.05,0.01,-0.02,-0.02,-0.01,-0.01,0.072,0.065,0.066,0.074,0.084,0.085
22-Aug-2014,0.093,0.093,0.102,0.115,0.141,0.215,0.45,0.46,0.47,0.48,0.46,0.42,-0.06,0,-0.01,-0.02,-0.02,-0.03,0.073,0.065,0.066,0.074,0.084,0.085
25-Aug-2014,0.087,0.084,0.096,0.109,0.134,0.215,0.45,0.46,0.47,0.48,0.46,0.42,-0.06,0,-0.01,-0.02,-0.02,-0.03,0.076,0.066,0.065,0.074,0.084,0.084
26-Aug-2014,0.069,0.088,0.097,0.11,0.131,0.216,0.42,0.43,0.44,0.46,0.42,0.39,-0.07,-0.02,-0.03,-0.02,-0.04,-0.05,0.076,0.066,0.065,0.075,0.084,0.084
27-Aug-2014,0.062,0.098,0.097,0.108,0.129,0.215,0.43,0.45,0.42,0.43,0.4,0.37,-0.04,0.03,-0.03,-0.03,-0.04,-0.05,0.068,0.065,0.065,0.075,0.084,0.084
28-Aug-2014,0.062,0.099,0.102,0.111,0.128,0.218,0.46,0.37,0.46,0.46,0.43,0.4,-0.09,-0.02,-0.03,-0.04,-0.04,-0.05,0.068,0.066,0.065,0.075,0.083,0.084
29-Aug-2014,0.085,0.098,0.104,0.111,0.129,0.214,0.46,0.37,0.46,0.46,0.43,0.4,-0.09,-0.02,-0.03,-0.04,-0.04,-0.05,0.072,0.066,0.065,0.075,0.083,0.084
01-Sep-2014,0.085,0.098,0.104,0.111,0.129,0.214,0.46,0.42,0.47,0.47,0.44,0.41,-0.09,-0.02,-0.03,-0.04,-0.05,-0.05,0.071,0.066,0.065,0.074,0.083,0.084
02-Sep-2014,0.094,0.1,0.104,0.111,0.129,0.219,0.46,0.42,0.47,0.47,0.44,0.42,-0.1,-0.03,-0.04,-0.04,-0.05,-0.05,0.054,0.064,0.064,0.074,0.083,0.084
03-Sep-2014,0.094,0.1,0.102,0.11,0.126,0.22,0.46,0.42,0.47,0.47,0.45,0.42,-0.1,-0.03,-0.04,-0.05,-0.05,-0.05,0.054,0.064,0.064,0.074,0.083,0.084
04-Sep-2014,0.107,0.101,0.104,0.111,0.126,0.227,0.46,0.42,0.47,0.47,0.45,0.42,-0.1,-0.03,-0.04,-0.05,-0.05,-0.05,0.057,0.065,0.064,0.074,0.083,0.084
05-Sep-2014,0.099,0.101,0.104,0.113,0.125,0.215,0.48,0.45,0.47,0.46,0.44,0.41,-0.16,-0.1,-0.1,-0.11,-0.12,-0.13,0.056,0.061,0.063,0.074,0.083,0.084
08-Sep-2014,0.085,0.095,0.101,0.107,0.122,0.228,0.5,0.48,0.49,0.49,0.47,0.44,-0.18,-0.11,-0.12,-0.13,-0.13,-0.14,0.049,0.061,0.063,0.074,0.083,0.084
09-Sep-2014,0.072,0.094,0.1,0.106,0.122,0.234,0.5,0.48,0.49,0.49,0.47,0.44,-0.18,-0.11,-0.12,-0.13,-0.13,-0.14,0.052,0.061,0.062,0.073,0.083,0.083
10-Sep-2014,0.065,0.094,0.1,0.108,0.127,0.238,0.53,0.5,0.5,0.48,0.45,0.41,-0.11,-0.04,-0.07,-0.11,-0.12,-0.13,0.05,0.059,0.06,0.072,0.082,0.083
11-Sep-2014,0.07,0.094,0.1,0.109,0.126,0.238,0.48,0.5,0.5,0.49,0.45,0.42,-0.03,0.03,-0.07,-0.09,-0.11,-0.11,0.048,0.057,0.055,0.069,0.079,0.08
12-Sep-2014,0.074,0.094,0.098,0.108,0.125,0.239,0.48,0.5,0.5,0.5,0.45,0.42,-0.03,0.03,-0.07,-0.08,-0.11,-0.11,0.053,0.056,0.055,0.067,0.079,0.08
15-Sep-2014,0.114,0.094,0.099,0.106,0.122,0.228,0.5,0.53,0.53,0.51,0.47,0.45,-0.03,0.03,-0.07,-0.1,-0.11,-0.11,0.053,0.056,0.055,0.067,0.079,0.08
16-Sep-2014,0.081,0.096,0.097,0.106,0.122,0.228,0.5,0.53,0.6,0.58,0.57,0.54,-0.1,-0.05,-0.07,-0.1,-0.09,-0.1,0.043,0.053,0.055,0.065,0.077,0.08
17-Sep-2014,0.07,0.093,0.095,0.106,0.124,0.239,0.52,0.55,0.62,0.6,0.59,0.55,-0.1,-0.05,-0.06,-0.1,-0.09,-0.1,0.039,0.051,0.055,0.065,0.077,0.08
18-Sep-2014,0.059,0.094,0.096,0.105,0.124,0.237,0.5,0.53,0.6,0.58,0.56,0.53,-0.09,-0.04,-0.06,-0.09,-0.09,-0.1,0.043,0.05,0.054,0.065,0.078,0.08
19-Sep-2014,0.063,0.099,0.099,0.106,0.122,0.235,0.47,0.52,0.5,0.48,0.47,0.43,-0.09,-0.04,-0.06,-0.1,-0.09,-0.1,0.044,0.043,0.051,0.063,0.075,0.08
22-Sep-2014,0.053,0.093,0.097,0.106,0.123,0.229,0.48,0.47,0.47,0.46,0.44,0.41,-0.1,-0.05,-0.07,-0.09,-0.09,-0.1,0.043,0.041,0.05,0.062,0.073,0.079
23-Sep-2014,0.048,0.098,0.1,0.105,0.121,0.228,0.48,0.48,0.48,0.47,0.45,0.41,-0.1,-0.05,-0.07,-0.08,-0.08,-0.1,0.043,0.041,0.05,0.062,0.073,0.079
24-Sep-2014,0.056,0.099,0.102,0.106,0.121,0.232,0.45,0.49,0.49,0.48,0.46,0.42,-0.07,-0.02,-0.06,-0.08,-0.08,-0.09,0.036,0.029,0.049,0.061,0.073,0.078
25-Sep-2014,0.056,0.091,0.098,0.103,0.117,0.219,0.49,0.53,0.53,0.52,0.5,0.46,-0.07,-0.02,-0.06,-0.08,-0.08,-0.09,0.028,0.019,0.043,0.06,0.071,0.078
26-Sep-2014,0.067,0.097,0.099,0.103,0.117,0.228,0.47,0.51,0.51,0.5,0.48,0.44,-0.07,-0.02,-0.06,-0.08,-0.08,-0.09,0.032,0.015,0.043,0.059,0.071,0.078
29-Sep-2014,0.057,0.099,0.097,0.103,0.119,0.232,0.49,0.5,0.38,0.38,0.36,0.32,0.06,0.08,-0.07,-0.08,-0.08,-0.09,0.031,0.025,0.045,0.058,0.071,0.078
30-Sep-2014,0.001,0.099,0.101,0.101,0.112,0.222,0.49,0.5,0.38,0.38,0.36,0.32,0.06,0.08,-0.07,-0.08,-0.08,-0.09,0.008,0.028,0.046,0.056,0.069,0.075
01-Oct-2014,0.067,0.056,0.075,0.084,0.126,0.238,0.46,0.47,0.45,0.45,0.42,0.39,-0.04,-0.02,-0.07,-0.08,-0.09,-0.09,0.012,0.031,0.046,0.055,0.069,0.075
02-Oct-2014,0.077,0.077,0.084,0.096,0.112,0.219,0.46,0.47,0.45,0.45,0.42,0.39,-0.04,-0.02,-0.07,-0.08,-0.09,-0.09,0.008,0.031,0.046,0.056,0.068,0.074
03-Oct-2014,0.077,0.078,0.085,0.097,0.115,0.229,0.46,0.47,0.45,0.46,0.42,0.39,-0.04,-0.02,-0.07,-0.07,-0.09,-0.1,0.014,0.031,0.046,0.056,0.068,0.074
06-Oct-2014,0.08,0.083,0.089,0.098,0.114,0.22,0.49,0.48,0.46,0.52,0.42,0.4,-0.04,-0.02,-0.07,-0.02,-0.1,-0.1,0.032,0.033,0.046,0.056,0.069,0.074
07-Oct-2014,0.086,0.087,0.092,0.1,0.112,0.208,0.48,0.48,0.47,0.47,0.42,0.4,-0.05,-0.02,-0.06,-0.07,-0.1,-0.1,0.019,0.032,0.045,0.054,0.067,0.073
08-Oct-2014,0.072,0.088,0.09,0.097,0.107,0.187,0.52,0.52,0.51,0.52,0.47,0.44,-0.05,-0.02,-0.06,-0.06,-0.09,-0.1,0.008,0.032,0.045,0.053,0.067,0.073
09-Oct-2014,0.097,0.088,0.089,0.095,0.106,0.183,0.51,0.5,0.53,0.53,0.5,0.45,-0.08,-0.06,-0.06,-0.07,-0.09,-0.11,0.01,0.033,0.045,0.052,0.066,0.073
10-Oct-2014,0.103,0.089,0.089,0.097,0.108,0.18,0.51,0.5,0.53,0.53,0.5,0.45,-0.08,-0.06,-0.06,-0.07,-0.09,-0.11,0.036,0.038,0.045,0.052,0.066,0.073
13-Oct-2014,0.103,0.089,0.089,0.095,0.106,0.163,0.54,0.53,0.56,0.57,0.53,0.48,-0.08,-0.06,-0.06,-0.06,-0.09,-0.11,0.036,0.038,0.045,0.052,0.066,0.073
14-Oct-2014,0.105,0.089,0.087,0.094,0.104,0.163,0.48,0.5,0.5,0.52,0.48,0.42,-0.08,-0.06,-0.06,-0.05,-0.07,-0.11,0.054,0.041,0.045,0.051,0.066,0.073
15-Oct-2014,0.149,0.09,0.089,0.096,0.105,0.155,0.51,0.54,0.54,0.56,0.52,0.48,-0.08,-0.06,-0.06,-0.05,-0.07,-0.08,0.064,0.04,0.044,0.051,0.066,0.073
16-Oct-2014,0.159,0.089,0.096,0.102,0.11,0.169,0.5,0.53,0.49,0.51,0.47,0.44,-0.05,-0.03,-0.06,-0.05,-0.07,-0.08,0.043,0.043,0.045,0.05,0.065,0.073
17-Oct-2014,0.188,0.102,0.108,0.111,0.136,0.191,0.52,0.54,0.51,0.52,0.47,0.44,-0.04,-0.01,-0.05,-0.04,-0.07,-0.08,0.065,0.042,0.045,0.05,0.065,0.073
20-Oct-2014,0.125,0.115,0.109,0.109,0.117,0.17,0.49,0.51,0.52,0.53,0.49,0.45,-0.08,-0.06,-0.05,-0.05,-0.07,-0.09,0.066,0.04,0.044,0.05,0.065,0.073
21-Oct-2014,0.125,0.103,0.106,0.111,0.119,0.175,0.49,0.5,0.5,0.51,0.47,0.44,-0.07,-0.06,-0.05,-0.05,-0.07,-0.08,0.057,0.039,0.043,0.05,0.065,0.073
22-Oct-2014,0.116,0.114,0.111,0.112,0.119,0.171,0.49,0.5,0.5,0.51,0.48,0.43,-0.05,-0.03,-0.04,-0.04,-0.06,-0.08,0.043,0.041,0.044,0.05,0.065,0.073
23-Oct-2014,0.12,0.108,0.111,0.112,0.12,0.177,0.5,0.51,0.51,0.52,0.49,0.46,-0.05,-0.03,-0.04,-0.04,-0.06,-0.06,0.056,0.043,0.045,0.05,0.065,0.073
24-Oct-2014,0.139,0.11,0.114,0.115,0.121,0.173,0.5,0.51,0.51,0.53,0.49,0.46,-0.06,-0.04,-0.05,-0.04,-0.06,-0.06,0.069,0.044,0.045,0.05,0.065,0.072
27-Oct-2014,0.147,0.11,0.114,0.115,0.12,0.176,0.5,0.51,0.51,0.53,0.5,0.46,-0.05,-0.03,-0.04,-0.03,-0.05,-0.06,0.074,0.044,0.045,0.05,0.065,0.072
28-Oct-2014,0.103,0.11,0.114,0.115,0.119,0.176,0.49,0.48,0.5,0.51,0.48,0.44,-0.05,-0.03,-0.04,-0.04,-0.05,-0.06,0.063,0.043,0.045,0.05,0.065,0.072
29-Oct-2014,0.113,0.11,0.114,0.122,0.129,0.2,0.5,0.5,0.5,0.51,0.48,0.44,0,0.03,-0.04,-0.04,-0.05,-0.06,0.044,0.043,0.045,0.05,0.065,0.071
30-Oct-2014,0.144,0.121,0.121,0.127,0.134,0.206,0.5,0.51,0.56,0.57,0.55,0.5,-0.05,-0.03,-0.04,-0.04,-0.04,-0.06,0.05,0.043,0.045,0.05,0.065,0.071
31-Oct-2014,0.188,0.122,0.124,0.126,0.132,0.21,0.46,0.47,0.52,0.53,0.5,0.44,-0.05,-0.03,-0.04,-0.04,-0.05,-0.08,0.065,0.045,0.046,0.05,0.065,0.071
03-Nov-2014,0.153,0.119,0.122,0.128,0.135,0.216,0.49,0.49,0.55,0.55,0.53,0.48,-0.06,-0.04,-0.05,-0.05,-0.06,-0.08,0.065,0.045,0.046,0.05,0.065,0.071
04-Nov-2014,0.113,0.113,0.126,0.127,0.134,0.216,0.45,0.5,0.49,0.51,0.48,0.43,-0.07,-0.05,-0.06,-0.05,-0.06,-0.08,0.076,0.045,0.046,0.05,0.065,0.071
05-Nov-2014,0.115,0.12,0.129,0.131,0.138,0.227,0.46,0.48,0.46,0.47,0.45,0.4,-0.07,-0.05,-0.06,-0.06,-0.06,-0.08,0.069,0.043,0.045,0.05,0.065,0.071
06-Nov-2014,0.115,0.117,0.124,0.131,0.142,0.238,0.46,0.47,0.47,0.48,0.47,0.42,-0.08,-0.06,-0.06,-0.07,-0.06,-0.08,0.053,0.045,0.045,0.05,0.065,0.071
07-Nov-2014,0.108,0.114,0.124,0.129,0.139,0.223,0.48,0.5,0.53,0.54,0.51,0.47,-0.12,-0.09,-0.07,-0.07,-0.07,-0.09,0.062,0.044,0.045,0.049,0.065,0.071
10-Nov-2014,0.117,0.121,0.13,0.133,0.142,0.234,0.46,0.48,0.51,0.52,0.49,0.45,-0.12,-0.09,-0.07,-0.07,-0.07,-0.09,0.049,0.042,0.044,0.049,0.065,0.071
11-Nov-2014,0.117,0.121,0.13,0.133,0.142,0.234,0.46,0.48,0.51,0.52,0.49,0.45,-0.12,-0.09,-0.07,-0.07,-0.07,-0.09,0.035,0.038,0.042,0.049,0.065,0.071
12-Nov-2014,0.128,0.128,0.132,0.133,0.146,0.242,0.46,0.48,0.51,0.52,0.49,0.45,-0.12,-0.09,-0.07,-0.07,-0.07,-0.09,0.026,0.036,0.041,0.048,0.065,0.071
13-Nov-2014,0.147,0.132,0.128,0.136,0.148,0.237,0.47,0.49,0.5,0.5,0.48,0.43,-0.1,-0.07,-0.06,-0.07,-0.07,-0.09,0.025,0.035,0.042,0.048,0.063,0.07
14-Nov-2014,0.152,0.142,0.14,0.146,0.159,0.247,0.48,0.48,0.49,0.49,0.47,0.42,-0.1,-0.07,-0.06,-0.07,-0.07,-0.09,0.032,0.035,0.042,0.048,0.063,0.068
17-Nov-2014,0.177,0.146,0.143,0.148,0.16,0.243,0.48,0.48,0.49,0.51,0.48,0.44,-0.11,-0.08,-0.07,-0.07,-0.07,-0.09,0.045,0.035,0.04,0.048,0.062,0.068
18-Nov-2014,0.136,0.14,0.145,0.151,0.161,0.246,0.46,0.48,0.49,0.5,0.48,0.43,-0.11,-0.08,-0.07,-0.07,-0.07,-0.09,0.038,0.035,0.042,0.05,0.064,0.07
19-Nov-2014,0.116,0.146,0.152,0.154,0.166,0.257,0.46,0.48,0.49,0.5,0.48,0.43,-0.1,-0.07,-0.06,-0.07,-0.07,-0.09,0.035,0.035,0.04,0.047,0.062,0.068
20-Nov-2014,0.13,0.146,0.148,0.153,0.164,0.251,0.46,0.48,0.49,0.5,0.48,0.43,-0.1,-0.07,-0.06,-0.07,-0.07,-0.09,0.04,0.036,0.04,0.046,0.062,0.068
21-Nov-2014,0.117,0.134,0.145,0.151,0.162,0.251,0.46,0.48,0.49,0.5,0.48,0.43,-0.1,-0.07,-0.06,-0.07,-0.07,-0.09,0.044,0.036,0.04,0.046,0.062,0.068
24-Nov-2014,0.137,0.137,0.148,0.154,0.163,0.251,0.47,0.46,0.45,0.45,0.42,0.37,-0.06,-0.03,-0.05,-0.06,-0.07,-0.1,0.044,0.036,0.04,0.046,0.062,0.068
25-Nov-2014,0.128,0.129,0.145,0.152,0.162,0.249,0.46,0.44,0.44,0.43,0.4,0.35,-0.06,-0.03,-0.05,-0.06,-0.07,-0.1,0.053,0.035,0.04,0.046,0.062,0.068
26-Nov-2014,0.14,0.14,0.145,0.155,0.164,0.25,0.46,0.44,0.38,0.39,0.35,0.29,0,0.03,-0.04,-0.05,-0.06,-0.1,0.042,0.035,0.04,0.046,0.062,0.068
27-Nov-2014,0.14,0.14,0.145,0.155,0.164,0.25,0.47,0.46,0.4,0.39,0.36,0.3,0.01,0.04,-0.03,-0.05,-0.06,-0.1,0.033,0.035,0.038,0.046,0.062,0.068
28-Nov-2014,0.2,0.14,0.15,0.161,0.175,0.256,0.47,0.45,0.39,0.38,0.34,0.28,0.02,0.05,-0.02,-0.05,-0.06,-0.1,0.035,0.035,0.033,0.046,0.062,0.068
01-Dec-2014,0.206,0.174,0.187,0.199,0.221,0.298,0.48,0.46,0.4,0.4,0.36,0.3,0.01,0.04,-0.03,-0.05,-0.06,-0.1,0.031,0.034,0.028,0.042,0.059,0.067
02-Dec-2014,0.21,0.174,0.184,0.195,0.224,0.313,0.47,0.45,0.39,0.39,0.35,0.29,0.01,0.04,-0.03,-0.05,-0.06,-0.1,0.028,0.033,0.025,0.039,0.058,0.066
03-Dec-2014,0.171,0.174,0.183,0.197,0.227,0.321,0.49,0.47,0.41,0.39,0.36,0.3,0.03,0.06,-0.02,-0.05,-0.06,-0.1,0.024,0.031,0.015,0.034,0.055,0.064
04-Dec-2014,0.195,0.177,0.183,0.195,0.225,0.319,0.48,0.46,0.4,0.38,0.35,0.29,0.03,0.06,-0.02,-0.05,-0.06,-0.1,0.024,0.031,0.01,0.034,0.054,0.062
05-Dec-2014,0.2,0.178,0.185,0.195,0.216,0.354,0.48,0.46,0.4,0.38,0.35,0.3,0.03,0.06,-0.02,-0.05,-0.06,-0.09,0.03,0.032,0.008,0.034,0.054,0.062
08-Dec-2014,0.18,0.179,0.186,0.194,0.212,0.35,0.47,0.46,0.51,0.49,0.46,0.41,-0.09,-0.06,-0.02,-0.05,-0.06,-0.09,0.041,0.032,0.007,0.034,0.054,0.062
09-Dec-2014,0.16,0.177,0.18,0.189,0.215,0.35,0.48,0.47,0.52,0.52,0.48,0.43,-0.1,-0.08,-0.04,-0.05,-0.06,-0.09,0.035,0.03,0.003,0.03,0.05,0.059
10-Dec-2014,0.156,0.171,0.177,0.186,0.21,0.334,0.47,0.46,0.51,0.5,0.46,0.42,-0.1,-0.07,-0.03,-0.05,-0.07,-0.09,0.038,0.033,0.003,0.032,0.05,0.059
11-Dec-2014,0.183,0.179,0.189,0.201,0.224,0.357,0.46,0.44,0.49,0.49,0.45,0.4,-0.1,-0.07,-0.03,-0.05,-0.07,-0.09,0.042,0.035,0.003,0.032,0.05,0.059
12-Dec-2014,0.184,0.182,0.188,0.199,0.219,0.331,0.47,0.46,0.51,0.51,0.47,0.43,-0.11,-0.08,-0.04,-0.05,-0.07,-0.09,0.045,0.036,0.001,0.029,0.048,0.058
15-Dec-2014,0.192,0.179,0.187,0.199,0.219,0.343,0.46,0.45,0.5,0.5,0.46,0.42,-0.11,-0.08,-0.04,-0.05,-0.07,-0.09,0.048,0.031,-0.005,0.029,0.047,0.058
16-Dec-2014,0.19,0.19,0.193,0.206,0.223,0.336,0.5,0.48,0.53,0.54,0.5,0.45,-0.11,-0.08,-0.04,-0.05,-0.07,-0.09,0.031,0.03,-0.005,0.029,0.047,0.058
17-Dec-2014,0.183,0.193,0.194,0.203,0.224,0.351,0.45,0.44,0.49,0.49,0.45,0.41,-0.11,-0.08,-0.04,-0.05,-0.07,-0.09,0.034,0.028,-0.005,0.027,0.044,0.055
18-Dec-2014,0.21,0.203,0.198,0.21,0.233,0.366,0.48,0.46,0.51,0.52,0.48,0.43,-0.11,-0.08,-0.04,-0.05,-0.07,-0.09,0.036,0.03,-0.004,0.027,0.044,0.055
19-Dec-2014,0.201,0.166,0.165,0.171,0.192,0.329,0.48,0.47,0.52,0.52,0.48,0.44,-0.11,-0.08,-0.04,-0.05,-0.07,-0.09,0.045,-0.003,0.003,0.027,0.043,0.055
22-Dec-2014,0.171,0.17,0.17,0.173,0.194,0.339,0.46,0.45,0.5,0.5,0.46,0.42,-0.11,-0.08,-0.04,-0.05,-0.07,-0.09,0.055,-0.007,0.006,0.027,0.043,0.056
23-Dec-2014,0.144,0.163,0.166,0.171,0.192,0.346,0.46,0.45,0.5,0.5,0.46,0.42,-0.11,-0.08,-0.04,-0.05,-0.07,-0.09,0.055,-0.007,0.006,0.027,0.043,0.056
24-Dec-2014,0.156,0.159,0.16,0.17,0.194,0.344,0.46,0.45,0.5,0.5,0.46,0.42,-0.11,-0.08,-0.04,-0.05,-0.07,-0.09,0.061,-0.001,0.013,0.028,0.044,0.056
25-Dec-2014,0.156,0.159,0.16,0.17,0.194,0.344,0.46,0.45,0.5,0.5,0.46,0.42,-0.11,-0.08,-0.04,-0.05,-0.07,-0.09,0.06,0.005,0.018,0.03,0.044,0.056
26-Dec-2014,0.14,0.176,0.187,0.196,0.223,0.378,0.46,0.45,0.5,0.5,0.46,0.42,-0.11,-0.08,-0.04,-0.05,-0.07,-0.09,0.06,0.017,0.027,0.032,0.044,0.057
29-Dec-2014,0.145,0.158,0.159,0.178,0.214,0.362,0.46,0.45,0.5,0.5,0.46,0.42,-0.11,-0.08,-0.04,-0.05,-0.07,-0.09,0.063,0.043,0.042,0.036,0.048,0.058
30-Dec-2014,0.15,0.147,0.157,0.179,0.208,0.354,0.46,0.45,0.5,0.5,0.46,0.42,-0.11,-0.08,-0.04,-0.05,-0.07,-0.09,0.069,0.046,0.045,0.036,0.048,0.058
31-Dec-2014,0.26,0.146,0.158,0.179,0.21,0.355,0.46,0.45,0.5,0.5,0.46,0.42,-0.11,-0.08,-0.04,-0.05,-0.07,-0.09,0.069,0.046,0.045,0.036,0.048,0.058
01-Jan-2015,0.26,0.146,0.158,0.179,0.21,0.355,0.46,0.45,0.5,0.5,0.46,0.42,-0.11,-0.08,-0.04,-0.05,-0.07,-0.09,0.069,0.046,0.045,0.036,0.048,0.058
02-Jan-2015,0.175,0.145,0.158,0.179,0.213,0.362,0.51,0.5,0.55,0.55,0.51,0.47,-0.11,-0.08,-0.04,-0.05,-0.07,-0.09,0.069,0.046,0.045,0.036,0.048,0.058
05-Jan-2015,0.139,0.143,0.156,0.175,0.205,0.359,0.51,0.5,0.55,0.55,0.51,0.47,-0.11,-0.08,-0.04,-0.05,-0.07,-0.09,0.064,0.05,0.046,0.036,0.048,0.058
06-Jan-2015,0.118,0.144,0.155,0.172,0.203,0.349,0.45,0.44,0.49,0.49,0.45,0.41,-0.17,-0.14,-0.1,-0.11,-0.13,-0.15,0.066,0.054,0.048,0.038,0.048,0.058
07-Jan-2015,0.12,0.143,0.158,0.176,0.202,0.345,0.45,0.44,0.49,0.49,0.45,0.41,-0.17,-0.14,-0.1,-0.11,-0.13,-0.15,0.072,0.058,0.052,0.039,0.049,0.058
08-Jan-2015,0.13,0.148,0.16,0.175,0.206,0.345,0.52,0.5,0.55,0.56,0.52,0.47,-0.18,-0.15,-0.11,-0.12,-0.14,-0.16,0.075,0.063,0.059,0.039,0.049,0.058
09-Jan-2015,0.142,0.146,0.157,0.175,0.2,0.32,0.52,0.51,0.56,0.57,0.54,0.5,-0.2,-0.17,-0.13,-0.13,-0.14,-0.16,0.082,0.064,0.059,0.038,0.05,0.058
12-Jan-2015,0.131,0.146,0.156,0.17,0.195,0.315,0.52,0.51,0.56,0.57,0.54,0.5,-0.2,-0.17,-0.13,-0.13,-0.14,-0.16,0.082,0.064,0.059,0.038,0.05,0.058
13-Jan-2015,0.14,0.151,0.157,0.169,0.193,0.308,0.52,0.51,0.56,0.57,0.54,0.5,-0.2,-0.17,-0.13,-0.13,-0.14,-0.16,0.074,0.06,0.056,0.037,0.048,0.058
14-Jan-2015,0.152,0.154,0.16,0.166,0.189,0.293,0.48,0.46,0.51,0.52,0.48,0.44,-0.18,-0.16,-0.12,-0.12,-0.14,-0.16,0.078,0.06,0.055,0.037,0.048,0.058
15-Jan-2015,0.178,0.155,0.167,0.17,0.184,0.262,0.47,0.45,0.5,0.51,0.46,0.42,-0.19,-0.17,-0.13,-0.13,-0.16,-0.18,0.079,0.061,0.055,0.036,0.048,0.058
16-Jan-2015,0.179,0.161,0.171,0.173,0.191,0.288,0.5,0.49,0.54,0.55,0.52,0.47,-0.24,-0.22,-0.18,-0.17,-0.19,-0.21,0.079,0.062,0.055,0.036,0.048,0.058
19-Jan-2015,0.179,0.173,0.173,0.17,0.188,0.283,0.53,0.52,0.57,0.58,0.54,0.5,-0.25,-0.22,-0.18,-0.18,-0.2,-0.22,0.078,0.063,0.055,0.038,0.048,0.058
20-Jan-2015,0.137,0.137,0.158,0.167,0.188,0.297,0.52,0.51,0.56,0.57,0.54,0.49,-0.25,-0.23,-0.19,-0.18,-0.2,-0.22,0.076,0.062,0.054,0.04,0.05,0.058
21-Jan-2015,0.108,0.135,0.153,0.161,0.178,0.29,0.47,0.46,0.51,0.52,0.49,0.44,-0.24,-0.21,-0.17,-0.17,-0.18,-0.2,0.075,0.062,0.054,0.04,0.05,0.058
22-Jan-2015,0.104,0.118,0.143,0.153,0.174,0.291,0.53,0.51,0.56,0.56,0.52,0.47,-0.21,-0.18,-0.14,-0.15,-0.18,-0.2,0.077,0.063,0.054,0.041,0.05,0.058
23-Jan-2015,0.126,0.13,0.146,0.152,0.173,0.284,0.52,0.5,0.55,0.54,0.48,0.44,-0.19,-0.17,-0.13,-0.14,-0.19,-0.21,0.079,0.063,0.055,0.042,0.05,0.058
26-Jan-2015,0.116,0.143,0.149,0.156,0.182,0.3,0.53,0.52,0.57,0.56,0.49,0.44,-0.19,-0.17,-0.13,-0.15,-0.2,-0.22,0.074,0.063,0.054,0.04,0.05,0.058
27-Jan-2015,0.107,0.143,0.149,0.154,0.18,0.292,0.54,0.52,0.57,0.56,0.49,0.45,-0.19,-0.16,-0.12,-0.14,-0.19,-0.21,0.07,0.064,0.054,0.04,0.049,0.058
28-Jan-2015,0.086,0.132,0.143,0.151,0.172,0.276,0.52,0.51,0.56,0.53,0.45,0.4,-0.16,-0.13,-0.09,-0.13,-0.19,-0.21,0.063,0.06,0.054,0.039,0.048,0.058
29-Jan-2015,0.089,0.133,0.142,0.15,0.177,0.292,0.48,0.47,0.52,0.5,0.42,0.38,-0.17,-0.15,-0.11,-0.13,-0.19,-0.21,0.064,0.062,0.054,0.04,0.048,0.058
30-Jan-2015,0.149,0.139,0.143,0.151,0.174,0.274,0.46,0.44,0.49,0.47,0.4,0.35,-0.17,-0.15,-0.11,-0.13,-0.19,-0.21,0.071,0.062,0.055,0.04,0.048,0.058
02-Feb-2015,0.149,0.137,0.139,0.145,0.168,0.263,0.46,0.44,0.49,0.47,0.4,0.35,-0.17,-0.15,-0.11,-0.13,-0.19,-0.21,0.069,0.058,0.053,0.04,0.048,0.058
03-Feb-2015,0.149,0.137,0.138,0.144,0.169,0.286,0.46,0.44,0.49,0.47,0.4,0.35,-0.17,-0.15,-0.11,-0.13,-0.19,-0.21,0.059,0.058,0.053,0.039,0.048,0.058
04-Feb-2015,0.138,0.138,0.141,0.146,0.172,0.281,0.46,0.45,0.5,0.48,0.4,0.36,-0.17,-0.15,-0.11,-0.13,-0.19,-0.21,0.055,0.052,0.045,0.036,0.048,0.058
05-Feb-2015,0.183,0.136,0.139,0.147,0.179,0.297,0.49,0.47,0.52,0.5,0.43,0.38,-0.17,-0.15,-0.11,-0.13,-0.19,-0.21,0.054,0.053,0.045,0.035,0.048,0.058
06-Feb-2015,0.171,0.141,0.145,0.15,0.194,0.355,0.46,0.45,0.5,0.48,0.4,0.36,-0.17,-0.15,-0.11,-0.13,-0.19,-0.21,0.065,0.054,0.045,0.035,0.048,0.058
09-Feb-2015,0.183,0.137,0.14,0.148,0.191,0.353,0.46,0.45,0.5,0.48,0.4,0.36,-0.17,-0.15,-0.11,-0.13,-0.19,-0.21,0.077,0.055,0.045,0.036,0.048,0.058
10-Feb-2015,0.165,0.14,0.142,0.147,0.191,0.355,0.47,0.46,0.51,0.49,0.41,0.37,-0.17,-0.15,-0.11,-0.13,-0.19,-0.21,0.074,0.056,0.045,0.038,0.048,0.058
11-Feb-2015,0.144,0.138,0.139,0.145,0.19,0.361,0.47,0.46,0.51,0.49,0.41,0.37,-0.17,-0.15,-0.11,-0.13,-0.19,-0.21,0.074,0.056,0.045,0.038,0.048,0.058
12-Feb-2015,0.178,0.138,0.139,0.148,0.191,0.348,0.51,0.49,0.54,0.52,0.45,0.4,-0.17,-0.15,-0.11,-0.13,-0.19,-0.21,0.064,0.055,0.045,0.037,0.048,0.058
13-Feb-2015,0.147,0.135,0.136,0.147,0.19,0.343,0.51,0.49,0.54,0.52,0.45,0.4,-0.17,-0.15,-0.11,-0.13,-0.19,-0.21,0.06,0.053,0.045,0.037,0.048,0.058
16-Feb-2015,0.147,0.135,0.136,0.147,0.19,0.343,0.51,0.49,0.54,0.52,0.45,0.4,-0.17,-0.15,-0.11,-0.13,-0.19,-0.21,0.061,0.053,0.045,0.037,0.048,0.058
17-Feb-2015,0.146,0.147,0.154,0.162,0.211,0.379,0.51,0.49,0.54,0.52,0.45,0.4,-0.17,-0.15,-0.11,-0.13,-0.19,-0.21,0.062,0.053,0.045,0.038,0.048,0.058
18-Feb-2015,0.129,0.129,0.14,0.153,0.193,0.343,0.5,0.48,0.53,0.51,0.44,0.39,-0.17,-0.15,-0.11,-0.13,-0.19,-0.21,0.056,0.053,0.045,0.036,0.048,0.058
19-Feb-2015,0.11,0.127,0.146,0.167,0.212,0.366,0.52,0.51,0.56,0.54,0.46,0.42,-0.17,-0.15,-0.11,-0.13,-0.19,-0.21,0.061,0.053,0.045,0.036,0.048,0.058
20-Feb-2015,0.085,0.124,0.149,0.17,0.213,0.373,0.46,0.45,0.5,0.48,0.4,0.36,-0.17,-0.15,-0.11,-0.13,-0.19,-0.21,0.064,0.055,0.045,0.037,0.048,0.058
23-Feb-2015,0.072,0.129,0.145,0.155,0.197,0.35,0.5,0.49,0.54,0.52,0.44,0.4,-0.17,-0.15,-0.11,-0.13,-0.19,-0.21,0.067,0.054,0.045,0.037,0.048,0.058
24-Feb-2015,0.055,0.117,0.135,0.148,0.182,0.322,0.5,0.48,0.48,0.41,0.35,0.27,-0.09,-0.08,-0.09,-0.17,-0.21,-0.26,0.06,0.054,0.045,0.037,0.048,0.058
25-Feb-2015,0.07,0.135,0.139,0.148,0.187,0.331,0.47,0.45,0.45,0.39,0.33,0.23,-0.11,-0.09,-0.1,-0.17,-0.21,-0.28,0.055,0.053,0.045,0.037,0.048,0.058
26-Feb-2015,0.07,0.133,0.14,0.147,0.193,0.35,0.47,0.45,0.45,0.39,0.33,0.23,-0.11,-0.09,-0.1,-0.17,-0.21,-0.28,0.059,0.054,0.036,0.037,0.048,0.058
27-Feb-2015,0.154,0.137,0.14,0.147,0.192,0.343,0.47,0.45,0.45,0.39,0.33,0.23,-0.11,-0.09,-0.1,-0.17,-0.21,-0.28,0.072,0.054,0.036,0.037,0.048,0.058
02-Mar-2015,0.153,0.141,0.139,0.146,0.193,0.357,0.51,0.49,0.49,0.43,0.38,0.28,-0.13,-0.12,-0.13,-0.2,-0.23,-0.3,0.059,0.052,0.034,0.037,0.048,0.057
03-Mar-2015,0.139,0.141,0.144,0.147,0.195,0.358,0.49,0.47,0.47,0.42,0.38,0.27,-0.16,-0.14,-0.15,-0.21,-0.23,-0.32,0.05,0.048,0.027,0.036,0.047,0.056
04-Mar-2015,0.16,0.141,0.142,0.148,0.192,0.348,0.5,0.48,0.48,0.43,0.38,0.27,-0.16,-0.14,-0.15,-0.21,-0.24,-0.32,0.038,0.043,0.024,0.035,0.047,0.056
05-Mar-2015,0.174,0.152,0.145,0.152,0.201,0.362,0.51,0.48,0.48,0.42,0.38,0.28,-0.16,-0.14,-0.15,-0.23,-0.25,-0.32,0.018,0.033,0.017,0.034,0.046,0.055
06-Mar-2015,0.169,0.152,0.147,0.154,0.219,0.408,0.5,0.48,0.48,0.42,0.37,0.27,-0.16,-0.14,-0.15,-0.22,-0.25,-0.32,0.013,0.018,0.008,0.031,0.043,0.054
09-Mar-2015,0.163,0.154,0.149,0.157,0.216,0.392,0.49,0.47,0.47,0.45,0.37,0.27,-0.17,-0.15,-0.16,-0.19,-0.25,-0.32,0.02,0.018,0.007,0.03,0.042,0.054
10-Mar-2015,0.163,0.153,0.15,0.157,0.215,0.391,0.52,0.49,0.49,0.43,0.37,0.27,-0.14,-0.13,-0.14,-0.21,-0.25,-0.32,0.038,0.015,0.003,0.028,0.042,0.053
11-Mar-2015,0.145,0.152,0.156,0.161,0.218,0.392,0.51,0.48,0.48,0.44,0.36,0.28,-0.14,-0.13,-0.14,-0.19,-0.25,-0.3,0.024,0.015,0.002,0.028,0.042,0.053
12-Mar-2015,0.169,0.158,0.16,0.165,0.22,0.386,0.49,0.46,0.46,0.43,0.35,0.29,-0.16,-0.15,-0.16,-0.2,-0.26,-0.3,0.024,0.015,0,0.028,0.042,0.053
13-Mar-2015,0.164,0.158,0.157,0.163,0.22,0.387,0.49,0.46,0.46,0.43,0.35,0.3,-0.16,-0.15,-0.16,-0.2,-0.26,-0.29,0.024,0.015,-0.001,0.027,0.041,0.053
16-Mar-2015,0.222,0.162,0.168,0.176,0.227,0.391,0.48,0.45,0.45,0.43,0.35,0.3,-0.17,-0.16,-0.17,-0.2,-0.26,-0.29,0.024,0.015,0,0.027,0.041,0.053
17-Mar-2015,0.235,0.16,0.169,0.18,0.24,0.409,0.5,0.48,0.48,0.46,0.39,0.33,-0.18,-0.17,-0.18,-0.2,-0.26,-0.29,0.018,0.015,0,0.026,0.041,0.052
18-Mar-2015,0.235,0.166,0.16,0.167,0.205,0.343,0.55,0.5,0.48,0.45,0.39,0.34,-0.13,-0.15,-0.17,-0.21,-0.26,-0.28,0.015,0.015,0.001,0.026,0.041,0.052
19-Mar-2015,0.148,0.154,0.163,0.173,0.221,0.375,0.51,0.45,0.41,0.4,0.32,0.28,-0.12,-0.14,-0.19,-0.21,-0.27,-0.29,0.017,0.018,0.003,0.028,0.041,0.052
20-Mar-2015,0.146,0.154,0.163,0.172,0.215,0.365,0.49,0.43,0.4,0.38,0.32,0.27,-0.14,-0.15,-0.2,-0.22,-0.26,-0.29,0.049,0.019,0.005,0.028,0.041,0.052
23-Mar-2015,0.122,0.139,0.155,0.169,0.213,0.359,0.48,0.42,0.39,0.35,0.28,0.24,-0.11,-0.12,-0.17,-0.22,-0.27,-0.28,0.056,-0.001,0.008,0.03,0.041,0.052
24-Mar-2015,0.174,0.146,0.159,0.169,0.211,0.352,0.49,0.43,0.4,0.38,0.31,0.28,-0.13,-0.15,-0.19,-0.22,-0.27,-0.28,0.048,0.002,0.012,0.031,0.042,0.052
25-Mar-2015,0.225,0.154,0.162,0.171,0.211,0.355,0.51,0.45,0.42,0.38,0.31,0.28,-0.11,-0.13,-0.17,-0.22,-0.27,-0.28,0.04,0.003,0.015,0.031,0.043,0.054
26-Mar-2015,0.213,0.154,0.162,0.172,0.214,0.357,0.5,0.44,0.41,0.38,0.32,0.27,-0.14,-0.15,-0.2,-0.23,-0.27,-0.3,0.054,0.015,0.02,0.031,0.043,0.054
27-Mar-2015,0.21,0.159,0.164,0.171,0.211,0.351,0.5,0.44,0.41,0.37,0.32,0.27,-0.14,-0.15,-0.2,-0.25,-0.28,-0.3,0.058,0.013,0.022,0.033,0.044,0.054
30-Mar-2015,0.23,0.159,0.162,0.169,0.209,0.346,0.49,0.43,0.4,0.36,0.31,0.26,-0.15,-0.16,-0.21,-0.26,-0.29,-0.31,0.043,0.025,0.029,0.033,0.044,0.054
31-Mar-2015,0.413,0.159,0.164,0.175,0.212,0.334,0.49,0.43,0.4,0.37,0.31,0.26,-0.15,-0.16,-0.21,-0.25,-0.28,-0.31,-0.003,0.032,0.032,0.032,0.044,0.054
01-Apr-2015,0.251,0.161,0.165,0.173,0.213,0.33,0.53,0.47,0.44,0.41,0.36,0.3,-0.15,-0.17,-0.21,-0.25,-0.28,-0.31,0.021,0.031,0.033,0.032,0.043,0.052
02-Apr-2015,0.243,0.161,0.164,0.174,0.213,0.332,0.53,0.47,0.44,0.41,0.36,0.3,-0.15,-0.17,-0.21,-0.25,-0.28,-0.31,0.023,0.033,0.034,0.033,0.043,0.052
03-Apr-2015,0.243,0.161,0.164,0.174,0.201,0.305,0.53,0.47,0.44,0.41,0.36,0.3,-0.15,-0.17,-0.21,-0.25,-0.28,-0.31,0.026,0.032,0.035,0.034,0.043,0.053
06-Apr-2015,0.213,0.161,0.164,0.173,0.206,0.313,0.53,0.47,0.44,0.41,0.36,0.3,-0.15,-0.17,-0.21,-0.25,-0.28,-0.31,0.036,0.032,0.034,0.033,0.043,0.053
07-Apr-2015,0.213,0.161,0.164,0.173,0.206,0.32,0.52,0.46,0.44,0.4,0.35,0.29,-0.15,-0.16,-0.2,-0.25,-0.28,-0.31,0.028,0.033,0.036,0.034,0.043,0.053
08-Apr-2015,0.208,0.163,0.172,0.189,0.234,0.361,0.52,0.46,0.43,0.4,0.33,0.28,-0.14,-0.15,-0.19,-0.24,-0.28,-0.31,0.02,0.034,0.036,0.034,0.043,0.053
09-Apr-2015,0.224,0.165,0.172,0.186,0.229,0.364,0.52,0.46,0.43,0.4,0.33,0.26,-0.14,-0.15,-0.19,-0.24,-0.28,-0.33,0.021,0.035,0.037,0.034,0.043,0.053
10-Apr-2015,0.219,0.169,0.174,0.187,0.23,0.367,0.52,0.46,0.43,0.4,0.33,0.26,-0.14,-0.15,-0.19,-0.24,-0.28,-0.33,0.031,0.035,0.036,0.034,0.042,0.053
13-Apr-2015,0.222,0.164,0.173,0.187,0.228,0.356,0.52,0.46,0.44,0.4,0.34,0.27,-0.14,-0.16,-0.2,-0.24,-0.28,-0.33,0.019,0.034,0.036,0.033,0.042,0.053
14-Apr-2015,0.223,0.164,0.172,0.185,0.222,0.346,0.52,0.46,0.43,0.41,0.34,0.3,-0.16,-0.18,-0.22,-0.25,-0.3,-0.31,0.022,0.037,0.037,0.033,0.042,0.053
15-Apr-2015,0.256,0.172,0.177,0.187,0.222,0.34,0.55,0.49,0.46,0.44,0.38,0.34,-0.17,-0.19,-0.23,-0.26,-0.3,-0.31,0.028,0.039,0.038,0.033,0.041,0.053
16-Apr-2015,0.245,0.173,0.176,0.186,0.22,0.335,0.55,0.49,0.49,0.47,0.39,0.35,-0.2,-0.21,-0.23,-0.26,-0.31,-0.33,0.044,0.039,0.038,0.034,0.042,0.054
17-Apr-2015,0.227,0.173,0.176,0.187,0.224,0.348,0.55,0.49,0.49,0.47,0.4,0.35,-0.2,-0.21,-0.23,-0.26,-0.31,-0.33,0.049,0.042,0.038,0.035,0.043,0.054
20-Apr-2015,0.163,0.171,0.176,0.186,0.225,0.353,0.55,0.49,0.49,0.45,0.4,0.35,-0.19,-0.2,-0.22,-0.27,-0.3,-0.33,0.053,0.044,0.038,0.035,0.043,0.053
21-Apr-2015,0.128,0.159,0.172,0.183,0.219,0.348,0.52,0.47,0.45,0.42,0.35,0.3,-0.17,-0.18,-0.21,-0.25,-0.3,-0.33,0.055,0.049,0.038,0.034,0.043,0.053
22-Apr-2015,0.106,0.152,0.162,0.174,0.215,0.351,0.54,0.49,0.47,0.46,0.38,0.33,-0.18,-0.19,-0.22,-0.24,-0.3,-0.33,0.05,0.048,0.036,0.034,0.043,0.053
23-Apr-2015,0.106,0.152,0.159,0.174,0.212,0.341,0.51,0.47,0.44,0.41,0.33,0.28,-0.17,-0.16,-0.21,-0.24,-0.31,-0.33,0.05,0.04,0.035,0.033,0.042,0.053
24-Apr-2015,0.15,0.152,0.159,0.17,0.206,0.327,0.51,0.48,0.45,0.42,0.34,0.29,-0.17,-0.16,-0.2,-0.24,-0.3,-0.33,0.048,0.04,0.035,0.033,0.042,0.053
27-Apr-2015,0.17,0.159,0.16,0.171,0.207,0.33,0.51,0.48,0.45,0.42,0.35,0.3,-0.17,-0.16,-0.2,-0.24,-0.29,-0.32,0.052,0.042,0.036,0.033,0.042,0.053
28-Apr-2015,0.133,0.151,0.158,0.171,0.207,0.332,0.55,0.53,0.53,0.52,0.46,0.41,-0.23,-0.22,-0.22,-0.25,-0.29,-0.31,0.054,0.036,0.035,0.033,0.042,0.053
29-Apr-2015,0.134,0.157,0.159,0.17,0.208,0.33,0.52,0.49,0.5,0.48,0.42,0.38,-0.23,-0.22,-0.22,-0.25,-0.29,-0.3,0.054,0.036,0.035,0.033,0.042,0.053
30-Apr-2015,0.264,0.186,0.191,0.207,0.247,0.375,0.52,0.5,0.5,0.48,0.43,0.39,-0.22,-0.21,-0.22,-0.25,-0.28,-0.29,0.043,0.04,0.038,0.033,0.041,0.053
01-May-2015,0.22,0.18,0.185,0.208,0.253,0.39,0.51,0.48,0.48,0.47,0.42,0.38,-0.22,-0.21,-0.22,-0.25,-0.28,-0.29,0.053,0.039,0.037,0.033,0.041,0.053
04-May-2015,0.15,0.17,0.175,0.191,0.237,0.377,0.51,0.48,0.48,0.47,0.42,0.38,-0.22,-0.21,-0.22,-0.25,-0.28,-0.29,0.053,0.039,0.037,0.033,0.041,0.053
05-May-2015,0.158,0.17,0.174,0.19,0.238,0.384,0.51,0.49,0.49,0.48,0.43,0.4,-0.23,-0.22,-0.23,-0.25,-0.28,-0.28,0.053,0.039,0.037,0.033,0.041,0.053
06-May-2015,0.133,0.167,0.173,0.189,0.232,0.375,0.52,0.49,0.48,0.48,0.43,0.4,-0.22,-0.21,-0.23,-0.25,-0.28,-0.28,0.053,0.039,0.037,0.033,0.041,0.053
07-May-2015,0.124,0.161,0.171,0.19,0.234,0.375,0.53,0.5,0.49,0.5,0.45,0.42,-0.23,-0.22,-0.24,-0.25,-0.28,-0.28,0.051,0.041,0.037,0.033,0.041,0.053
08-May-2015,0.144,0.162,0.17,0.188,0.224,0.35,0.53,0.51,0.5,0.5,0.45,0.42,-0.23,-0.22,-0.24,-0.25,-0.28,-0.28,0.05,0.041,0.037,0.033,0.041,0.053
11-May-2015,0.155,0.166,0.174,0.189,0.229,0.368,0.53,0.51,0.5,0.5,0.45,0.42,-0.23,-0.22,-0.24,-0.25,-0.28,-0.28,0.043,0.04,0.037,0.033,0.041,0.053
12-May-2015,0.174,0.166,0.174,0.187,0.229,0.361,0.53,0.5,0.49,0.5,0.45,0.42,-0.23,-0.22,-0.24,-0.25,-0.28,-0.28,0.032,0.038,0.036,0.033,0.041,0.053
13-May-2015,0.199,0.168,0.17,0.185,0.228,0.349,0.51,0.49,0.48,0.48,0.43,0.4,-0.23,-0.22,-0.24,-0.25,-0.28,-0.28,0.019,0.038,0.036,0.033,0.041,0.053
14-May-2015,0.17,0.166,0.169,0.183,0.223,0.336,0.52,0.5,0.49,0.5,0.45,0.42,-0.24,-0.23,-0.25,-0.25,-0.28,-0.28,0.027,0.038,0.036,0.033,0.041,0.053
15-May-2015,0.167,0.172,0.184,0.212,0.249,0.37,0.51,0.49,0.48,0.48,0.43,0.4,-0.23,-0.22,-0.24,-0.25,-0.28,-0.28,0.035,0.038,0.035,0.033,0.041,0.053
18-May-2015,0.112,0.164,0.19,0.221,0.263,0.387,0.51,0.48,0.45,0.47,0.42,0.39,-0.22,-0.21,-0.25,-0.25,-0.28,-0.28,0.04,0.039,0.035,0.032,0.041,0.053
19-May-2015,0.093,0.168,0.194,0.212,0.266,0.406,0.5,0.48,0.45,0.46,0.41,0.38,-0.22,-0.21,-0.25,-0.25,-0.28,-0.28,0.037,0.04,0.035,0.032,0.041,0.053
20-May-2015,0.081,0.154,0.176,0.204,0.255,0.389,0.52,0.49,0.46,0.45,0.4,0.36,-0.21,-0.2,-0.24,-0.26,-0.29,-0.3,0.042,0.045,0.038,0.032,0.041,0.053
21-May-2015,0.118,0.153,0.172,0.199,0.248,0.378,0.52,0.5,0.47,0.45,0.4,0.37,-0.2,-0.19,-0.23,-0.26,-0.29,-0.29,0.044,0.047,0.038,0.032,0.041,0.053
22-May-2015,0.148,0.147,0.163,0.201,0.253,0.4,0.51,0.49,0.46,0.44,0.39,0.37,-0.21,-0.2,-0.24,-0.26,-0.29,-0.29,0.045,0.048,0.038,0.032,0.041,0.053
25-May-2015,0.148,0.147,0.163,0.201,0.253,0.4,0.51,0.49,0.46,0.41,0.39,0.37,-0.21,-0.2,-0.24,-0.29,-0.29,-0.29,0.05,0.047,0.038,0.033,0.041,0.053
26-May-2015,0.148,0.163,0.164,0.2,0.253,0.398,0.53,0.51,0.48,0.47,0.42,0.39,-0.21,-0.2,-0.24,-0.26,-0.29,-0.29,0.049,0.046,0.038,0.033,0.041,0.053
27-May-2015,0.113,0.161,0.169,0.201,0.255,0.402,0.51,0.48,0.45,0.41,0.39,0.37,-0.21,-0.2,-0.24,-0.29,-0.29,-0.29,0.047,0.047,0.038,0.033,0.041,0.053
28-May-2015,0.127,0.16,0.176,0.202,0.253,0.397,0.51,0.49,0.46,0.45,0.4,0.37,-0.21,-0.2,-0.24,-0.26,-0.29,-0.29,0.052,0.049,0.037,0.033,0.041,0.053
29-May-2015,0.215,0.165,0.176,0.199,0.248,0.386,0.54,0.51,0.46,0.45,0.4,0.37,-0.19,-0.18,-0.24,-0.26,-0.29,-0.29,0.059,0.05,0.036,0.033,0.041,0.053
01-Jun-2015,0.19,0.171,0.174,0.201,0.252,0.397,0.51,0.48,0.45,0.44,0.39,0.36,-0.2,-0.2,-0.24,-0.26,-0.29,-0.29,0.052,0.051,0.037,0.034,0.041,0.054
02-Jun-2015,0.178,0.172,0.178,0.201,0.253,0.396,0.52,0.49,0.47,0.46,0.39,0.38,-0.22,-0.21,-0.24,-0.26,-0.29,-0.29,0.052,0.051,0.037,0.035,0.041,0.054
03-Jun-2015,0.216,0.172,0.206,0.247,0.258,0.404,0.52,0.49,0.47,0.47,0.42,0.38,-0.23,-0.22,-0.25,-0.26,-0.29,-0.31,0.051,0.05,0.038,0.035,0.041,0.054
04-Jun-2015,0.205,0.181,0.191,0.227,0.265,0.395,0.52,0.49,0.47,0.46,0.41,0.38,-0.22,-0.21,-0.24,-0.26,-0.29,-0.3,0.053,0.05,0.037,0.035,0.041,0.054
05-Jun-2015,0.195,0.184,0.196,0.233,0.283,0.437,0.51,0.49,0.48,0.46,0.42,0.38,-0.24,-0.22,-0.24,-0.29,-0.29,-0.3,0.054,0.051,0.037,0.034,0.041,0.054
08-Jun-2015,0.179,0.183,0.203,0.243,0.285,0.428,0.51,0.49,0.48,0.46,0.42,0.38,-0.24,-0.23,-0.24,-0.25,-0.29,-0.29,0.054,0.051,0.036,0.035,0.041,0.054
09-Jun-2015,0.17,0.176,0.195,0.24,0.299,0.441,0.51,0.49,0.48,0.46,0.42,0.38,-0.2,-0.21,-0.24,-0.25,-0.29,-0.3,0.052,0.051,0.037,0.035,0.041,0.054
10-Jun-2015,0.172,0.175,0.195,0.238,0.303,0.447,0.54,0.49,0.48,0.48,0.41,0.38,-0.2,-0.21,-0.23,-0.25,-0.29,-0.3,0.05,0.048,0.037,0.035,0.041,0.054
11-Jun-2015,0.199,0.194,0.206,0.243,0.286,0.431,0.55,0.48,0.46,0.46,0.39,0.36,-0.17,-0.21,-0.23,-0.25,-0.29,-0.3,0.053,0.053,0.038,0.035,0.041,0.054
12-Jun-2015,0.204,0.198,0.204,0.24,0.284,0.434,0.55,0.48,0.46,0.45,0.39,0.35,-0.17,-0.2,-0.23,-0.25,-0.29,-0.3,0.062,0.053,0.038,0.035,0.042,0.054
15-Jun-2015,0.204,0.205,0.209,0.239,0.277,0.42,0.53,0.45,0.43,0.43,0.36,0.33,-0.17,-0.2,-0.23,-0.25,-0.29,-0.3,0.06,0.054,0.038,0.035,0.043,0.054
16-Jun-2015,0.21,0.197,0.207,0.237,0.273,0.412,0.53,0.45,0.42,0.42,0.35,0.32,-0.16,-0.19,-0.23,-0.25,-0.29,-0.3,0.051,0.052,0.038,0.036,0.043,0.054
17-Jun-2015,0.18,0.193,0.205,0.229,0.263,0.384,0.52,0.45,0.42,0.41,0.35,0.31,-0.16,-0.19,-0.23,-0.25,-0.29,-0.3,0.051,0.051,0.037,0.036,0.043,0.054
18-Jun-2015,0.147,0.2,0.207,0.229,0.261,0.382,0.52,0.44,0.42,0.4,0.35,0.31,-0.16,-0.2,-0.23,-0.26,-0.29,-0.31,0.049,0.053,0.039,0.036,0.043,0.054
19-Jun-2015,0.114,0.197,0.208,0.229,0.257,0.37,0.51,0.44,0.41,0.4,0.35,0.32,-0.16,-0.2,-0.23,-0.26,-0.29,-0.29,0.053,0.053,0.04,0.037,0.043,0.054
22-Jun-2015,0.097,0.184,0.204,0.23,0.264,0.381,0.51,0.44,0.41,0.4,0.35,0.31,-0.16,-0.2,-0.23,-0.26,-0.29,-0.3,0.059,0.048,0.04,0.037,0.043,0.054
23-Jun-2015,0.077,0.185,0.198,0.224,0.27,0.383,0.51,0.43,0.41,0.4,0.35,0.31,-0.17,-0.2,-0.24,-0.26,-0.29,-0.3,0.053,0.045,0.04,0.037,0.043,0.054
24-Jun-2015,0.162,0.182,0.197,0.224,0.264,0.371,0.5,0.42,0.4,0.39,0.34,0.3,-0.17,-0.2,-0.24,-0.26,-0.29,-0.3,0.044,0.041,0.04,0.038,0.043,0.054
25-Jun-2015,0.199,0.183,0.194,0.224,0.269,0.381,0.49,0.42,0.39,0.39,0.34,0.3,-0.17,-0.21,-0.24,-0.25,-0.29,-0.3,0.043,0.036,0.04,0.038,0.043,0.054
26-Jun-2015,0.201,0.186,0.203,0.227,0.294,0.449,0.51,0.44,0.41,0.41,0.35,0.31,-0.17,-0.2,-0.24,-0.25,-0.29,-0.3,0.043,0.029,0.038,0.038,0.043,0.054
29-Jun-2015,0.182,0.195,0.203,0.227,0.284,0.417,0.55,0.47,0.44,0.41,0.38,0.34,-0.17,-0.21,-0.25,-0.29,-0.3,-0.31,0.039,0.038,0.04,0.036,0.042,0.053
30-Jun-2015,0.453,0.211,0.218,0.233,0.287,0.436,0.54,0.47,0.44,0.44,0.39,0.35,-0.18,-0.21,-0.24,-0.26,-0.29,-0.31,-0.109,0.037,0.038,0.036,0.042,0.053
01-Jul-2015,0.188,0.166,0.174,0.211,0.276,0.457,0.5,0.43,0.4,0.39,0.34,0.3,-0.17,-0.21,-0.24,-0.26,-0.29,-0.31,0.016,0.041,0.04,0.036,0.042,0.053
02-Jul-2015,0.182,0.184,0.196,0.215,0.266,0.429,0.49,0.41,0.4,0.39,0.34,0.3,-0.19,-0.22,-0.24,-0.26,-0.29,-0.31,0.031,0.046,0.041,0.036,0.041,0.053
03-Jul-2015,0.182,0.184,0.196,0.216,0.263,0.418,0.52,0.46,0.45,0.44,0.39,0.35,-0.21,-0.22,-0.24,-0.26,-0.29,-0.31,0.033,0.042,0.04,0.036,0.041,0.053
06-Jul-2015,0.17,0.181,0.208,0.217,0.276,0.411,0.52,0.46,0.45,0.44,0.39,0.35,-0.21,-0.22,-0.24,-0.26,-0.3,-0.31,0.02,0.036,0.038,0.036,0.041,0.051
07-Jul-2015,0.192,0.188,0.195,0.211,0.269,0.396,0.5,0.45,0.42,0.41,0.38,0.31,-0.19,-0.2,-0.24,-0.26,-0.27,-0.31,0.011,0.033,0.035,0.035,0.04,0.05
08-Jul-2015,0.193,0.189,0.199,0.217,0.266,0.38,0.51,0.46,0.45,0.42,0.39,0.33,-0.19,-0.2,-0.22,-0.26,-0.27,-0.31,0.01,0.034,0.036,0.035,0.04,0.05
09-Jul-2015,0.2,0.188,0.197,0.218,0.267,0.396,0.51,0.45,0.45,0.42,0.38,0.32,-0.19,-0.2,-0.21,-0.26,-0.28,-0.31,0.015,0.039,0.036,0.035,0.04,0.05
10-Jul-2015,0.216,0.186,0.197,0.22,0.273,0.414,0.49,0.44,0.44,0.41,0.37,0.31,-0.19,-0.21,-0.22,-0.26,-0.28,-0.31,0.038,0.038,0.037,0.035,0.04,0.05
13-Jul-2015,0.208,0.193,0.201,0.23,0.291,0.442,0.5,0.44,0.43,0.41,0.37,0.32,-0.19,-0.2,-0.22,-0.26,-0.28,-0.3,0.028,0.04,0.038,0.035,0.04,0.05
14-Jul-2015,0.208,0.196,0.202,0.226,0.286,0.416,0.5,0.44,0.43,0.41,0.37,0.32,-0.22,-0.23,-0.22,-0.26,-0.28,-0.3,0.035,0.046,0.041,0.035,0.04,0.05
15-Jul-2015,0.254,0.194,0.201,0.231,0.305,0.444,0.5,0.45,0.47,0.44,0.4,0.35,-0.22,-0.23,-0.22,-0.26,-0.28,-0.3,0.042,0.045,0.04,0.035,0.041,0.051
16-Jul-2015,0.209,0.201,0.209,0.238,0.304,0.454,0.48,0.45,0.45,0.44,0.4,0.35,-0.24,-0.23,-0.24,-0.26,-0.28,-0.3,0.034,0.044,0.039,0.035,0.041,0.051
17-Jul-2015,0.178,0.181,0.193,0.234,0.301,0.457,0.48,0.45,0.45,0.44,0.4,0.35,-0.24,-0.23,-0.24,-0.26,-0.28,-0.3,0.041,0.044,0.04,0.035,0.041,0.051
20-Jul-2015,0.149,0.164,0.186,0.227,0.294,0.459,0.47,0.44,0.45,0.44,0.4,0.35,-0.25,-0.24,-0.24,-0.26,-0.28,-0.3,0.041,0.044,0.04,0.035,0.041,0.051
21-Jul-2015,0.121,0.144,0.178,0.226,0.293,0.45,0.47,0.44,0.45,0.44,0.4,0.35,-0.25,-0.24,-0.24,-0.26,-0.28,-0.3,0.057,0.045,0.04,0.035,0.041,0.051
22-Jul-2015,0.099,0.139,0.176,0.23,0.301,0.469,0.49,0.46,0.46,0.46,0.41,0.37,-0.24,-0.23,-0.24,-0.26,-0.29,-0.3,0.048,0.045,0.04,0.035,0.041,0.051
23-Jul-2015,0.157,0.164,0.181,0.242,0.313,0.476,0.49,0.46,0.46,0.45,0.41,0.36,-0.24,-0.23,-0.24,-0.26,-0.28,-0.3,0.047,0.045,0.039,0.035,0.041,0.051
24-Jul-2015,0.229,0.205,0.213,0.255,0.323,0.478,0.49,0.46,0.44,0.43,0.39,0.34,-0.22,-0.21,-0.24,-0.26,-0.28,-0.3,0.049,0.045,0.039,0.036,0.041,0.051
27-Jul-2015,0.237,0.198,0.209,0.247,0.313,0.457,0.49,0.46,0.45,0.44,0.4,0.35,-0.23,-0.22,-0.24,-0.26,-0.28,-0.3,0.046,0.045,0.04,0.036,0.041,0.051
28-Jul-2015,0.222,0.208,0.219,0.257,0.323,0.472,0.49,0.46,0.45,0.44,0.4,0.35,-0.23,-0.22,-0.24,-0.26,-0.28,-0.3,0.052,0.045,0.04,0.036,0.041,0.051
29-Jul-2015,0.238,0.218,0.224,0.273,0.341,0.495,0.49,0.46,0.45,0.44,0.41,0.35,-0.23,-0.22,-0.24,-0.26,-0.27,-0.3,0.045,0.044,0.04,0.036,0.041,0.051
30-Jul-2015,0.272,0.212,0.216,0.276,0.349,0.512,0.49,0.43,0.45,0.42,0.38,0.33,-0.23,-0.22,-0.24,-0.26,-0.28,-0.3,0.035,0.042,0.039,0.035,0.04,0.05
31-Jul-2015,0.316,0.215,0.225,0.278,0.342,0.487,0.46,0.42,0.42,0.42,0.38,0.33,-0.24,-0.24,-0.24,-0.26,-0.28,-0.3,0,0.042,0.039,0.035,0.04,0.05
03-Aug-2015,0.257,0.203,0.207,0.28,0.339,0.473,0.44,0.42,0.42,0.42,0.36,0.33,-0.25,-0.24,-0.24,-0.26,-0.29,-0.3,0.042,0.044,0.039,0.035,0.04,0.05
04-Aug-2015,0.249,0.212,0.215,0.308,0.382,0.541,0.43,0.41,0.42,0.42,0.38,0.33,-0.26,-0.25,-0.25,-0.26,-0.28,-0.3,0.052,0.047,0.039,0.035,0.04,0.05
05-Aug-2015,0.257,0.212,0.232,0.316,0.386,0.544,0.42,0.41,0.41,0.42,0.38,0.32,-0.27,-0.25,-0.26,-0.26,-0.28,-0.31,0.059,0.05,0.039,0.035,0.04,0.05
06-Aug-2015,0.26,0.217,0.227,0.331,0.401,0.555,0.42,0.4,0.4,0.41,0.38,0.32,-0.28,-0.25,-0.27,-0.26,-0.28,-0.31,0.06,0.05,0.04,0.035,0.04,0.05
07-Aug-2015,0.281,0.219,0.221,0.316,0.389,0.547,0.41,0.39,0.39,0.41,0.38,0.32,-0.29,-0.26,-0.28,-0.26,-0.28,-0.31,0.064,0.051,0.04,0.035,0.04,0.05
10-Aug-2015,0.258,0.221,0.234,0.313,0.397,0.495,0.4,0.38,0.39,0.4,0.37,0.32,-0.3,-0.27,-0.27,-0.28,-0.28,-0.31,0.058,0.051,0.04,0.035,0.04,0.05
11-Aug-2015,0.267,0.221,0.254,0.302,0.381,0.467,0.42,0.41,0.4,0.4,0.37,0.33,-0.27,-0.25,-0.27,-0.28,-0.28,-0.3,0.055,0.05,0.04,0.035,0.04,0.05
12-Aug-2015,0.279,0.221,0.273,0.302,0.393,0.463,0.43,0.42,0.4,0.4,0.37,0.33,-0.26,-0.24,-0.27,-0.28,-0.28,-0.3,0.057,0.054,0.041,0.034,0.04,0.05
13-Aug-2015,0.273,0.243,0.247,0.356,0.427,0.581,0.44,0.43,0.41,0.4,0.37,0.33,-0.25,-0.23,-0.26,-0.28,-0.28,-0.3,0.07,0.056,0.042,0.034,0.04,0.05
14-Aug-2015,0.257,0.249,0.258,0.361,0.433,0.587,0.43,0.42,0.4,0.4,0.37,0.33,-0.26,-0.24,-0.27,-0.28,-0.29,-0.3,0.074,0.057,0.041,0.034,0.04,0.05
17-Aug-2015,0.272,0.261,0.283,0.366,0.435,0.585,0.43,0.41,0.4,0.4,0.37,0.33,-0.27,-0.24,-0.27,-0.28,-0.29,-0.3,0.065,0.057,0.042,0.036,0.04,0.05
18-Aug-2015,0.25,0.248,0.271,0.373,0.444,0.593,0.43,0.41,0.4,0.4,0.37,0.33,-0.27,-0.24,-0.27,-0.28,-0.29,-0.3,0.064,0.058,0.044,0.036,0.04,0.05
19-Aug-2015,0.23,0.219,0.237,0.355,0.424,0.562,0.47,0.41,0.4,0.4,0.37,0.33,-0.23,-0.24,-0.27,-0.28,-0.29,-0.3,0.064,0.06,0.044,0.036,0.04,0.05
20-Aug-2015,0.204,0.238,0.262,0.364,0.426,0.563,0.47,0.41,0.4,0.4,0.37,0.33,-0.23,-0.24,-0.27,-0.28,-0.29,-0.3,0.066,0.063,0.045,0.036,0.041,0.05
21-Aug-2015,0.172,0.232,0.253,0.362,0.413,0.537,0.47,0.41,0.4,0.4,0.37,0.33,-0.23,-0.24,-0.27,-0.28,-0.29,-0.3,0.072,0.058,0.045,0.036,0.041,0.05
24-Aug-2015,0.246,0.24,0.262,0.337,0.375,0.479,0.49,0.44,0.42,0.42,0.39,0.36,-0.23,-0.24,-0.27,-0.28,-0.29,-0.3,0.071,0.06,0.045,0.036,0.041,0.049
25-Aug-2015,0.224,0.236,0.263,0.358,0.396,0.502,0.5,0.46,0.44,0.42,0.39,0.36,-0.22,-0.22,-0.25,-0.28,-0.29,-0.3,0.063,0.06,0.045,0.036,0.041,0.049
26-Aug-2015,0.196,0.208,0.247,0.357,0.402,0.507,0.51,0.46,0.44,0.42,0.4,0.36,-0.22,-0.22,-0.25,-0.28,-0.29,-0.3,0.063,0.06,0.045,0.036,0.041,0.049
27-Aug-2015,0.177,0.208,0.252,0.368,0.414,0.523,0.51,0.46,0.44,0.42,0.4,0.36,-0.22,-0.22,-0.25,-0.28,-0.29,-0.3,0.064,0.058,0.045,0.036,0.041,0.049
28-Aug-2015,0.19,0.215,0.268,0.358,0.409,0.523,0.51,0.46,0.44,0.42,0.4,0.36,-0.22,-0.22,-0.25,-0.28,-0.29,-0.3,0.055,0.059,0.038,0.037,0.041,0.049
31-Aug-2015,0.295,0.223,0.275,0.328,0.393,0.514,0.51,0.46,0.44,0.42,0.4,0.36,-0.22,-0.22,-0.25,-0.28,-0.29,-0.3,0.039,0.059,0.036,0.036,0.041,0.049
01-Sep-2015,0.278,0.239,0.275,0.356,0.413,0.528,0.51,0.46,0.44,0.42,0.4,0.38,-0.22,-0.22,-0.25,-0.28,-0.29,-0.28,0.048,0.058,0.034,0.036,0.041,0.049
02-Sep-2015,0.235,0.23,0.269,0.376,0.427,0.538,0.5,0.46,0.45,0.44,0.4,0.38,-0.22,-0.23,-0.25,-0.27,-0.29,-0.28,0.042,0.056,0.034,0.036,0.041,0.049
03-Sep-2015,0.188,0.217,0.264,0.371,0.426,0.54,0.5,0.46,0.45,0.44,0.4,0.38,-0.22,-0.23,-0.24,-0.27,-0.29,-0.28,0.04,0.056,0.031,0.035,0.041,0.049
04-Sep-2015,0.163,0.199,0.248,0.342,0.397,0.511,0.5,0.45,0.45,0.44,0.4,0.37,-0.23,-0.23,-0.25,-0.26,-0.29,-0.29,0.05,0.055,0.028,0.035,0.041,0.049
07-Sep-2015,0.163,0.199,0.248,0.342,0.397,0.511,0.5,0.45,0.45,0.45,0.4,0.37,-0.23,-0.23,-0.24,-0.25,-0.29,-0.29,0.055,0.055,0.021,0.035,0.041,0.049
08-Sep-2015,0.147,0.198,0.269,0.345,0.418,0.543,0.51,0.46,0.46,0.45,0.4,0.37,-0.22,-0.22,-0.23,-0.25,-0.29,-0.29,0.053,0.055,0.018,0.035,0.041,0.049
09-Sep-2015,0.138,0.206,0.294,0.369,0.429,0.554,0.51,0.46,0.47,0.45,0.4,0.37,-0.22,-0.22,-0.23,-0.26,-0.29,-0.29,0.053,0.054,0.016,0.035,0.042,0.049
10-Sep-2015,0.216,0.23,0.276,0.341,0.404,0.532,0.5,0.46,0.46,0.45,0.4,0.37,-0.22,-0.23,-0.24,-0.26,-0.29,-0.29,0.047,0.051,0.014,0.035,0.041,0.049
11-Sep-2015,0.198,0.25,0.28,0.345,0.407,0.528,0.5,0.46,0.46,0.45,0.4,0.37,-0.22,-0.23,-0.24,-0.26,-0.29,-0.29,0.04,0.044,0.01,0.035,0.041,0.049
14-Sep-2015,0.182,0.249,0.28,0.337,0.395,0.521,0.5,0.46,0.46,0.45,0.4,0.37,-0.22,-0.23,-0.24,-0.26,-0.29,-0.29,0.033,0.039,0.002,0.034,0.041,0.049
15-Sep-2015,0.214,0.274,0.305,0.344,0.414,0.556,0.5,0.46,0.46,0.45,0.41,0.38,-0.22,-0.23,-0.24,-0.26,-0.28,-0.28,0.027,0.036,-0.009,0.034,0.04,0.049
16-Sep-2015,0.173,0.24,0.327,0.383,0.454,0.591,0.5,0.46,0.47,0.45,0.41,0.38,-0.22,-0.23,-0.23,-0.26,-0.27,-0.28,0.024,0.036,-0.012,0.034,0.04,0.049
17-Sep-2015,0.175,0.186,0.284,0.321,0.379,0.497,0.52,0.47,0.47,0.45,0.41,0.38,-0.21,-0.21,-0.23,-0.26,-0.27,-0.28,0.022,-0.068,-0.008,0.034,0.04,0.049
18-Sep-2015,0.132,0.19,0.284,0.313,0.371,0.489,0.52,0.48,0.47,0.45,0.41,0.38,-0.2,-0.21,-0.22,-0.25,-0.27,-0.28,0.031,-0.106,-0.021,0.034,0.04,0.049
21-Sep-2015,0.148,0.181,0.258,0.316,0.38,0.504,0.52,0.47,0.47,0.45,0.41,0.38,-0.21,-0.21,-0.23,-0.25,-0.27,-0.28,0.031,-0.106,-0.021,0.034,0.04,0.049
22-Sep-2015,0.163,0.214,0.256,0.294,0.351,0.463,0.52,0.47,0.47,0.45,0.41,0.38,-0.21,-0.22,-0.22,-0.25,-0.27,-0.28,0.031,-0.106,-0.021,0.034,0.04,0.049
23-Sep-2015,0.123,0.214,0.253,0.291,0.351,0.465,0.51,0.46,0.46,0.45,0.4,0.37,-0.22,-0.23,-0.23,-0.25,-0.28,-0.29,0.031,-0.106,-0.021,0.034,0.04,0.049
24-Sep-2015,0.187,0.29,0.289,0.298,0.349,0.458,0.49,0.44,0.45,0.45,0.4,0.37,-0.23,-0.24,-0.25,-0.25,-0.28,-0.29,0.045,-0.115,-0.019,0.032,0.04,0.049
25-Sep-2015,0.153,0.246,0.266,0.286,0.343,0.453,0.5,0.45,0.45,0.45,0.4,0.37,-0.23,-0.24,-0.24,-0.25,-0.28,-0.29,0.046,-0.201,-0.026,0.03,0.039,0.048
28-Sep-2015,0.159,0.24,0.267,0.287,0.334,0.437,0.49,0.44,0.45,0.45,0.4,0.37,-0.23,-0.24,-0.25,-0.25,-0.28,-0.29,0.037,-0.22,-0.026,0.03,0.039,0.048
29-Sep-2015,0.137,0.221,0.233,0.27,0.319,0.421,0.48,0.43,0.44,0.44,0.4,0.37,-0.24,-0.25,-0.26,-0.26,-0.28,-0.29,0.033,0.039,0.035,0.027,0.036,0.047
30-Sep-2015,0.352,0.203,0.238,0.272,0.323,0.422,0.49,0.44,0.44,0.44,0.4,0.37,-0.24,-0.25,-0.26,-0.26,-0.28,-0.29,0,0.043,0.036,0.028,0.037,0.047
01-Oct-2015,0.176,0.174,0.2,0.266,0.326,0.445,0.49,0.44,0.44,0.44,0.4,0.37,-0.24,-0.25,-0.26,-0.27,-0.28,-0.29,0.03,0.051,0.04,0.025,0.037,0.047
02-Oct-2015,0.182,0.173,0.181,0.259,0.309,0.4,0.49,0.44,0.44,0.44,0.4,0.37,-0.23,-0.24,-0.26,-0.26,-0.28,-0.29,0.045,0.056,0.041,0.02,0.036,0.047
05-Oct-2015,0.148,0.173,0.183,0.25,0.301,0.401,0.49,0.44,0.44,0.44,0.4,0.37,-0.23,-0.24,-0.26,-0.26,-0.28,-0.29,0.048,0.055,0.04,0.017,0.037,0.047
06-Oct-2015,0.164,0.161,0.18,0.243,0.291,0.386,0.5,0.45,0.45,0.44,0.4,0.37,-0.23,-0.24,-0.25,-0.26,-0.29,-0.29,0.04,0.051,0.04,0.015,0.036,0.047
07-Oct-2015,0.164,0.167,0.183,0.249,0.307,0.409,0.51,0.46,0.45,0.44,0.4,0.37,-0.21,-0.22,-0.25,-0.26,-0.28,-0.29,0.038,0.049,0.04,0.014,0.035,0.046
08-Oct-2015,0.174,0.172,0.19,0.26,0.31,0.416,0.53,0.48,0.46,0.44,0.4,0.37,-0.2,-0.21,-0.23,-0.26,-0.28,-0.29,0.04,0.05,0.039,0.011,0.034,0.045
09-Oct-2015,0.195,0.165,0.188,0.262,0.314,0.42,0.49,0.44,0.46,0.45,0.4,0.37,-0.23,-0.24,-0.23,-0.26,-0.28,-0.29,0.038,0.055,0.04,0.011,0.034,0.045
12-Oct-2015,0.195,0.165,0.188,0.26,0.311,0.412,0.48,0.43,0.45,0.44,0.4,0.36,-0.25,-0.26,-0.25,-0.27,-0.29,-0.3,0.038,0.055,0.04,0.011,0.034,0.045
13-Oct-2015,0.179,0.18,0.2,0.247,0.304,0.41,0.51,0.46,0.46,0.45,0.4,0.36,-0.22,-0.23,-0.23,-0.26,-0.29,-0.3,0.048,0.055,0.041,0.01,0.034,0.045
14-Oct-2015,0.23,0.18,0.197,0.249,0.293,0.372,0.51,0.46,0.46,0.45,0.4,0.36,-0.22,-0.23,-0.23,-0.25,-0.29,-0.3,0.043,0.059,0.041,0.009,0.032,0.044
15-Oct-2015,0.242,0.212,0.23,0.275,0.325,0.417,0.51,0.46,0.46,0.46,0.4,0.36,-0.22,-0.23,-0.23,-0.25,-0.29,-0.3,0.043,0.061,0.04,0.008,0.031,0.044
16-Oct-2015,0.235,0.222,0.246,0.284,0.332,0.424,0.52,0.47,0.47,0.46,0.4,0.36,-0.2,-0.21,-0.22,-0.25,-0.29,-0.3,0.046,0.06,0.04,0.008,0.031,0.043
19-Oct-2015,0.19,0.187,0.215,0.258,0.303,0.387,0.51,0.46,0.46,0.46,0.4,0.36,-0.2,-0.22,-0.23,-0.25,-0.29,-0.3,0.047,0.061,0.04,0.008,0.031,0.043
20-Oct-2015,0.174,0.214,0.25,0.284,0.34,0.433,0.51,0.46,0.45,0.45,0.39,0.36,-0.21,-0.22,-0.25,-0.26,-0.29,-0.3,0.047,0.055,0.04,0.008,0.031,0.043
21-Oct-2015,0.124,0.192,0.252,0.294,0.346,0.441,0.52,0.47,0.45,0.45,0.41,0.37,-0.21,-0.22,-0.24,-0.25,-0.27,-0.29,0.046,0.057,0.04,0.008,0.031,0.043
22-Oct-2015,0.101,0.225,0.252,0.288,0.336,0.429,0.52,0.47,0.45,0.45,0.41,0.37,-0.21,-0.22,-0.24,-0.25,-0.27,-0.29,0.048,0.049,0.04,0.009,0.031,0.043
23-Oct-2015,0.178,0.225,0.252,0.299,0.351,0.453,0.52,0.47,0.45,0.43,0.4,0.34,-0.21,-0.22,-0.24,-0.27,-0.28,-0.32,0.055,0.048,0.04,0.009,0.031,0.043
26-Oct-2015,0.162,0.198,0.225,0.288,0.341,0.439,0.53,0.48,0.46,0.44,0.41,0.35,-0.2,-0.21,-0.23,-0.27,-0.28,-0.31,0.056,0.044,0.04,0.008,0.03,0.043
27-Oct-2015,0.109,0.194,0.218,0.284,0.338,0.437,0.52,0.47,0.47,0.44,0.41,0.35,-0.2,-0.21,-0.23,-0.26,-0.28,-0.31,0.047,0.043,0.039,0.008,0.031,0.043
28-Oct-2015,0.103,0.191,0.224,0.303,0.372,0.494,0.52,0.47,0.47,0.44,0.4,0.34,-0.2,-0.21,-0.23,-0.26,-0.29,-0.32,0.045,0.039,0.039,0.008,0.031,0.042
29-Oct-2015,0.127,0.188,0.228,0.303,0.372,0.499,0.5,0.45,0.47,0.44,0.41,0.34,-0.23,-0.23,-0.23,-0.27,-0.28,-0.32,0.035,0.044,0.038,0.01,0.031,0.042
30-Oct-2015,0.163,0.193,0.206,0.296,0.363,0.489,0.49,0.45,0.47,0.44,0.41,0.32,-0.23,-0.23,-0.23,-0.27,-0.28,-0.34,0.036,0.049,0.038,0.011,0.03,0.042
02-Nov-2015,0.11,0.171,0.191,0.295,0.366,0.499,0.49,0.44,0.46,0.43,0.41,0.32,-0.24,-0.24,-0.23,-0.28,-0.28,-0.34,0.042,0.048,0.038,0.011,0.031,0.042
03-Nov-2015,0.165,0.201,0.216,0.297,0.371,0.51,0.51,0.47,0.47,0.44,0.39,0.32,-0.21,-0.22,-0.23,-0.27,-0.29,-0.34,0.042,0.048,0.038,0.011,0.031,0.042
04-Nov-2015,0.145,0.197,0.22,0.312,0.387,0.533,0.5,0.46,0.47,0.44,0.39,0.31,-0.22,-0.22,-0.23,-0.27,-0.29,-0.35,0.036,0.045,0.038,0.011,0.031,0.042
05-Nov-2015,0.145,0.213,0.23,0.321,0.395,0.538,0.5,0.46,0.46,0.44,0.39,0.31,-0.22,-0.22,-0.23,-0.27,-0.29,-0.35,0.032,0.045,0.038,0.01,0.031,0.042
06-Nov-2015,0.155,0.173,0.21,0.309,0.414,0.58,0.5,0.46,0.46,0.44,0.39,0.31,-0.22,-0.23,-0.23,-0.27,-0.29,-0.35,0.034,0.046,0.039,0.01,0.031,0.042
09-Nov-2015,0.139,0.16,0.218,0.312,0.417,0.583,0.49,0.45,0.46,0.44,0.4,0.33,-0.23,-0.23,-0.24,-0.27,-0.28,-0.33,0.036,0.047,0.039,0.01,0.031,0.042
10-Nov-2015,0.122,0.159,0.232,0.336,0.469,0.636,0.49,0.45,0.46,0.41,0.37,0.28,-0.23,-0.23,-0.23,-0.3,-0.31,-0.38,0.037,0.045,0.039,0.011,0.031,0.043
11-Nov-2015,0.122,0.153,0.226,0.336,0.473,0.643,0.49,0.45,0.46,0.41,0.37,0.28,-0.23,-0.23,-0.24,-0.3,-0.31,-0.38,0.034,0.045,0.039,0.011,0.031,0.043
12-Nov-2015,0.171,0.197,0.235,0.405,0.517,0.705,0.49,0.45,0.46,0.41,0.37,0.27,-0.23,-0.23,-0.24,-0.3,-0.31,-0.39,0.034,0.045,0.039,0.011,0.031,0.043
13-Nov-2015,0.17,0.189,0.265,0.465,0.557,0.752,0.5,0.46,0.45,0.4,0.36,0.27,-0.22,-0.23,-0.24,-0.31,-0.32,-0.39,0.037,0.047,0.039,0.01,0.031,0.043
16-Nov-2015,0.174,0.192,0.242,0.358,0.558,0.75,0.5,0.46,0.46,0.41,0.37,0.27,-0.22,-0.23,-0.23,-0.3,-0.31,-0.39,0.036,0.045,0.039,0.01,0.031,0.043
17-Nov-2015,0.15,0.19,0.272,0.404,0.592,0.857,0.49,0.45,0.45,0.4,0.34,0.26,-0.23,-0.23,-0.25,-0.31,-0.34,-0.4,0.036,0.046,0.039,0.009,0.031,0.043
18-Nov-2015,0.107,0.185,0.258,0.389,0.468,0.613,0.49,0.45,0.44,0.39,0.33,0.27,-0.23,-0.23,-0.26,-0.32,-0.36,-0.39,0.035,0.046,0.039,0.008,0.03,0.042
19-Nov-2015,0.109,0.144,0.236,0.358,0.437,0.578,0.48,0.44,0.44,0.39,0.33,0.27,-0.24,-0.24,-0.25,-0.32,-0.36,-0.39,0.037,0.044,0.039,0.008,0.029,0.04
20-Nov-2015,0.099,0.149,0.265,0.363,0.46,0.612,0.47,0.43,0.44,0.39,0.32,0.27,-0.25,-0.25,-0.25,-0.32,-0.37,-0.39,0.037,0.042,0.037,0.008,0.028,0.04
23-Nov-2015,0.072,0.181,0.288,0.382,0.468,0.619,0.49,0.45,0.43,0.39,0.31,0.24,-0.23,-0.24,-0.27,-0.32,-0.37,-0.42,0.037,0.042,0.037,0.008,0.028,0.04
24-Nov-2015,0.072,0.163,0.267,0.425,0.506,0.65,0.5,0.46,0.42,0.35,0.3,0.24,-0.22,-0.23,-0.28,-0.36,-0.38,-0.42,0.042,0.046,0.039,0.007,0.027,0.039
25-Nov-2015,0.183,0.195,0.311,0.417,0.499,0.643,0.52,0.48,0.41,0.34,0.3,0.24,-0.2,-0.21,-0.29,-0.37,-0.38,-0.42,0.045,0.047,0.039,0.007,0.027,0.039
26-Nov-2015,0.183,0.195,0.311,0.417,0.499,0.643,0.51,0.47,0.4,0.32,0.28,0.23,-0.21,-0.21,-0.3,-0.39,-0.4,-0.43,0.049,0.047,0.039,0.007,0.027,0.038
27-Nov-2015,0.227,0.235,0.347,0.418,0.501,0.641,0.5,0.46,0.39,0.33,0.29,0.23,-0.22,-0.22,-0.31,-0.38,-0.39,-0.43,0.048,0.05,-0.02,0.009,0.027,0.038
30-Nov-2015,0.209,0.223,0.348,0.421,0.503,0.647,0.5,0.46,0.37,0.34,0.3,0.24,-0.22,-0.23,-0.33,-0.36,-0.39,-0.42,0.041,0.049,-0.03,0.008,0.027,0.038
01-Dec-2015,0.186,0.21,0.321,0.394,0.475,0.624,0.47,0.43,0.37,0.34,0.3,0.23,-0.25,-0.26,-0.33,-0.37,-0.39,-0.43,0.034,0.045,-0.04,0.008,0.027,0.038
02-Dec-2015,0.184,0.199,0.324,0.449,0.545,0.718,0.46,0.42,0.35,0.3,0.29,0.22,-0.26,-0.27,-0.35,-0.4,-0.4,-0.44,0.032,0.043,-0.05,0.007,0.027,0.038
03-Dec-2015,0.231,0.236,0.372,0.452,0.539,0.691,0.42,0.38,0.35,0.3,0.28,0.21,-0.3,-0.3,-0.35,-0.4,-0.41,-0.45,0.032,0.045,-0.059,0.007,0.026,0.037
04-Dec-2015,0.238,0.24,0.389,0.49,0.592,0.765,0.48,0.44,0.43,0.43,0.4,0.34,-0.29,-0.29,-0.31,-0.32,-0.33,-0.37,0.031,0.044,-0.058,0.007,0.026,0.037
07-Dec-2015,0.263,0.274,0.451,0.509,0.595,0.744,0.48,0.44,0.41,0.43,0.41,0.34,-0.29,-0.29,-0.33,-0.32,-0.32,-0.36,0.03,0.038,-0.053,0.007,0.025,0.037
08-Dec-2015,0.308,0.327,0.449,0.513,0.606,0.755,0.42,0.41,0.42,0.43,0.39,0.33,-0.35,-0.32,-0.32,-0.32,-0.34,-0.38,0.023,0.038,-0.051,0.008,0.025,0.037
09-Dec-2015,0.257,0.327,0.451,0.505,0.587,0.721,0.41,0.4,0.4,0.42,0.39,0.34,-0.36,-0.33,-0.34,-0.33,-0.34,-0.36,0.027,0.038,-0.05,0.008,0.025,0.037
10-Dec-2015,0.256,0.396,0.47,0.507,0.591,0.731,0.4,0.39,0.4,0.4,0.39,0.34,-0.37,-0.34,-0.34,-0.35,-0.34,-0.36,0.037,0.041,-0.042,0.008,0.026,0.038
11-Dec-2015,0.223,0.397,0.465,0.5,0.56,0.677,0.4,0.39,0.39,0.41,0.38,0.34,-0.37,-0.34,-0.35,-0.34,-0.35,-0.36,0.04,0.04,-0.035,0.008,0.026,0.038
14-Dec-2015,0.207,0.42,0.48,0.51,0.577,0.702,0.4,0.39,0.39,0.41,0.38,0.33,-0.37,-0.34,-0.35,-0.34,-0.35,-0.37,0.037,0.041,-0.03,0.008,0.026,0.038
15-Dec-2015,0.345,0.465,0.499,0.518,0.584,0.709,0.4,0.39,0.36,0.41,0.38,0.33,-0.37,-0.34,-0.38,-0.34,-0.35,-0.37,0.038,0.042,-0.024,0.009,0.027,0.038
16-Dec-2015,0.425,0.485,0.518,0.534,0.607,0.744,0.4,0.39,0.37,0.38,0.38,0.33,-0.37,-0.34,-0.37,-0.37,-0.35,-0.37,0.038,0.041,-0.02,0.012,0.027,0.038
17-Dec-2015,0.443,0.475,0.509,0.525,0.592,0.726,0.4,0.39,0.35,0.38,0.38,0.33,-0.37,-0.34,-0.39,-0.37,-0.35,-0.37,0.032,0.043,-0.02,0.013,0.027,0.038
18-Dec-2015,0.445,0.476,0.518,0.533,0.603,0.735,0.4,0.39,0.37,0.38,0.38,0.33,-0.37,-0.34,-0.37,-0.37,-0.35,-0.37,0.037,0.047,-0.01,0.013,0.028,0.038
21-Dec-2015,0.409,0.413,0.469,0.515,0.59,0.731,0.33,0.32,0.36,0.38,0.38,0.33,-0.43,-0.41,-0.38,-0.37,-0.35,-0.37,0.05,-0.037,-0.001,0.014,0.028,0.038
22-Dec-2015,0.351,0.352,0.405,0.455,0.534,0.678,0.33,0.32,0.35,0.37,0.38,0.33,-0.43,-0.41,-0.39,-0.38,-0.35,-0.37,0.047,-0.04,0.004,0.014,0.028,0.037
23-Dec-2015,0.402,0.425,0.527,0.563,0.64,0.776,0.33,0.32,0.35,0.37,0.38,0.33,-0.43,-0.41,-0.39,-0.38,-0.35,-0.37,0.047,-0.04,0.004,0.014,0.028,0.037
24-Dec-2015,0.547,0.465,0.53,0.574,0.654,0.8,0.33,0.32,0.35,0.37,0.38,0.33,-0.43,-0.41,-0.39,-0.38,-0.35,-0.37,0.047,-0.04,0.008,0.015,0.028,0.037
25-Dec-2015,0.547,0.465,0.53,0.574,0.654,0.8,0.33,0.32,0.35,0.37,0.38,0.33,-0.43,-0.41,-0.39,-0.38,-0.35,-0.37,0.058,-0.035,0.009,0.015,0.029,0.037
28-Dec-2015,0.591,0.486,0.535,0.577,0.659,0.807,0.33,0.32,0.35,0.37,0.38,0.33,-0.43,-0.41,-0.39,-0.38,-0.35,-0.37,0.049,0.011,0.023,0.016,0.029,0.037
29-Dec-2015,0.557,0.469,0.527,0.572,0.658,0.814,0.33,0.32,0.35,0.37,0.38,0.33,-0.43,-0.41,-0.39,-0.38,-0.35,-0.37,0.05,0.048,0.042,0.013,0.029,0.037
30-Dec-2015,0.494,0.458,0.468,0.518,0.605,0.761,0.33,0.32,0.35,0.37,0.38,0.33,-0.43,-0.41,-0.39,-0.38,-0.35,-0.37,0.025,0.056,0.045,0.011,0.029,0.037
31-Dec-2015,0.494,0.592,0.597,0.647,0.733,0.889,0.33,0.32,0.35,0.37,0.38,0.33,-0.43,-0.41,-0.39,-0.38,-0.35,-0.37,0.025,0.056,0.045,0.011,0.029,0.037
01-Jan-2016,0.494,0.592,0.597,0.647,0.733,0.889,0.33,0.32,0.35,0.37,0.38,0.33,-0.43,-0.41,-0.39,-0.38,-0.35,-0.37,0.025,0.056,0.045,0.011,0.029,0.037
04-Jan-2016,0.468,0.456,0.454,0.49,0.571,0.725,0.34,0.33,0.34,0.35,0.32,0.26,-0.43,-0.4,-0.4,-0.4,-0.41,-0.44,0.039,0.063,0.049,0.013,0.029,0.037
05-Jan-2016,0.482,0.472,0.471,0.505,0.581,0.729,0.35,0.34,0.34,0.33,0.32,0.26,-0.42,-0.39,-0.4,-0.42,-0.41,-0.44,0.041,0.066,0.051,0.013,0.029,0.037
06-Jan-2016,0.49,0.48,0.48,0.514,0.58,0.714,0.39,0.38,0.38,0.35,0.32,0.25,-0.38,-0.35,-0.36,-0.4,-0.41,-0.45,0.046,0.066,0.051,0.013,0.029,0.037
07-Jan-2016,0.466,0.455,0.461,0.516,0.578,0.69,0.39,0.38,0.38,0.36,0.32,0.25,-0.37,-0.35,-0.36,-0.39,-0.41,-0.45,0.05,0.066,0.054,0.014,0.029,0.037
08-Jan-2016,0.465,0.468,0.465,0.518,0.582,0.69,0.39,0.38,0.38,0.36,0.32,0.25,-0.38,-0.35,-0.36,-0.39,-0.41,-0.45,0.057,0.067,0.054,0.014,0.029,0.037
11-Jan-2016,0.45,0.443,0.459,0.497,0.567,0.704,0.43,0.4,0.38,0.36,0.32,0.25,-0.34,-0.33,-0.36,-0.39,-0.41,-0.45,0.057,0.067,0.054,0.014,0.029,0.037
12-Jan-2016,0.445,0.431,0.445,0.482,0.537,0.666,0.43,0.39,0.38,0.35,0.32,0.25,-0.34,-0.34,-0.36,-0.4,-0.41,-0.45,0.06,0.064,0.052,0.015,0.029,0.037
13-Jan-2016,0.429,0.426,0.439,0.508,0.598,0.698,0.43,0.4,0.38,0.36,0.32,0.25,-0.34,-0.33,-0.36,-0.39,-0.41,-0.45,0.051,0.057,0.049,0.013,0.029,0.037
14-Jan-2016,0.436,0.433,0.452,0.518,0.597,0.716,0.43,0.4,0.38,0.36,0.32,0.25,-0.34,-0.33,-0.36,-0.39,-0.41,-0.45,0.053,0.06,0.05,0.013,0.028,0.037
15-Jan-2016,0.446,0.433,0.455,0.511,0.589,0.667,0.43,0.4,0.38,0.36,0.32,0.28,-0.34,-0.33,-0.36,-0.39,-0.41,-0.43,0.049,0.054,0.047,0.013,0.028,0.037
18-Jan-2016,0.446,0.433,0.455,0.511,0.589,0.667,0.42,0.39,0.39,0.37,0.32,0.28,-0.35,-0.34,-0.35,-0.38,-0.41,-0.43,0.046,0.052,0.045,0.013,0.028,0.037
19-Jan-2016,0.434,0.431,0.444,0.524,0.58,0.664,0.44,0.4,0.39,0.37,0.32,0.28,-0.33,-0.33,-0.35,-0.38,-0.41,-0.43,0.047,0.053,0.044,0.013,0.028,0.037
20-Jan-2016,0.468,0.466,0.486,0.529,0.573,0.701,0.42,0.39,0.4,0.37,0.32,0.27,-0.35,-0.34,-0.34,-0.38,-0.41,-0.43,0.046,0.053,0.042,0.013,0.028,0.037
21-Jan-2016,0.492,0.472,0.492,0.532,0.574,0.687,0.43,0.39,0.39,0.36,0.31,0.27,-0.34,-0.34,-0.35,-0.39,-0.42,-0.43,0.048,0.042,0.04,0.013,0.028,0.037
22-Jan-2016,0.589,0.481,0.505,0.538,0.58,0.687,0.42,0.39,0.39,0.35,0.3,0.25,-0.35,-0.34,-0.35,-0.4,-0.43,-0.45,0.05,0.039,0.04,0.013,0.028,0.037
25-Jan-2016,0.529,0.467,0.491,0.521,0.574,0.682,0.44,0.4,0.38,0.34,0.3,0.24,-0.33,-0.33,-0.36,-0.41,-0.43,-0.46,0.058,0.036,0.039,0.013,0.028,0.037
26-Jan-2016,0.459,0.456,0.491,0.526,0.567,0.664,0.43,0.4,0.38,0.37,0.29,0.24,-0.34,-0.33,-0.36,-0.38,-0.44,-0.46,0.049,0.031,0.038,0.013,0.028,0.037
27-Jan-2016,0.471,0.453,0.488,0.519,0.561,0.637,0.46,0.42,0.38,0.35,0.29,0.24,-0.31,-0.31,-0.36,-0.4,-0.44,-0.46,0.048,0.017,0.034,0.012,0.028,0.037
28-Jan-2016,0.519,0.506,0.508,0.528,0.562,0.627,0.44,0.4,0.39,0.36,0.32,0.22,-0.33,-0.33,-0.35,-0.39,-0.41,-0.48,0.047,0.047,0.038,0.013,0.028,0.037
29-Jan-2016,0.517,0.491,0.497,0.522,0.551,0.6,0.44,0.41,0.39,0.36,0.29,0.22,-0.33,-0.32,-0.35,-0.39,-0.44,-0.48,0.042,0.043,0.036,0.013,0.028,0.036
01-Feb-2016,0.476,0.472,0.479,0.523,0.558,0.652,0.44,0.4,0.39,0.36,0.29,0.22,-0.33,-0.33,-0.35,-0.39,-0.44,-0.48,0.007,-0.014,-0.071,-0.095,-0.099,-0.1
02-Feb-2016,0.501,0.489,0.486,0.514,0.554,0.603,0.44,0.4,0.4,0.35,0.29,0.21,-0.33,-0.33,-0.34,-0.4,-0.44,-0.5,0,-0.01,-0.088,-0.105,-0.106,-0.106
03-Feb-2016,0.493,0.479,0.494,0.543,0.567,0.619,0.44,0.4,0.4,0.35,0.29,0.21,-0.33,-0.33,-0.34,-0.4,-0.44,-0.5,0,-0.007,-0.095,-0.102,-0.102,-0.102
04-Feb-2016,0.507,0.503,0.502,0.531,0.566,0.623,0.44,0.4,0.4,0.35,0.28,0.2,-0.33,-0.33,-0.34,-0.4,-0.45,-0.51,0.002,0,-0.097,-0.102,-0.102,-0.102
05-Feb-2016,0.51,0.498,0.501,0.53,0.568,0.634,0.44,0.39,0.41,0.35,0.28,0.2,-0.33,-0.34,-0.33,-0.4,-0.45,-0.51,0.005,-0.001,-0.108,-0.113,-0.118,-0.118
08-Feb-2016,0.485,0.488,0.502,0.533,0.549,0.59,0.45,0.4,0.41,0.35,0.28,0.2,-0.32,-0.33,-0.33,-0.4,-0.45,-0.51,0.004,-0.026,-0.11,-0.131,-0.132,-0.134
09-Feb-2016,0.489,0.495,0.512,0.526,0.549,0.588,0.45,0.41,0.41,0.34,0.27,0.19,-0.32,-0.32,-0.33,-0.41,-0.46,-0.52,0.009,-0.046,-0.115,-0.135,-0.138,-0.14
10-Feb-2016,0.5,0.505,0.512,0.543,0.557,0.588,0.44,0.4,0.4,0.33,0.27,0.19,-0.33,-0.33,-0.34,-0.42,-0.46,-0.52,0.026,-0.084,-0.127,-0.146,-0.147,-0.148
11-Feb-2016,0.515,0.513,0.523,0.552,0.561,0.571,0.44,0.39,0.4,0.33,0.27,0.19,-0.33,-0.34,-0.34,-0.42,-0.46,-0.52,0.026,-0.084,-0.127,-0.146,-0.147,-0.148
12-Feb-2016,0.469,0.489,0.511,0.554,0.574,0.608,0.43,0.39,0.4,0.33,0.26,0.18,-0.34,-0.34,-0.34,-0.42,-0.47,-0.53,0.022,-0.099,-0.125,-0.145,-0.149,-0.15
15-Feb-2016,0.469,0.489,0.511,0.554,0.574,0.608,0.44,0.39,0.4,0.33,0.27,0.19,-0.33,-0.34,-0.34,-0.42,-0.46,-0.51,0.014,-0.095,-0.124,-0.146,-0.148,-0.149
16-Feb-2016,0.52,0.521,0.531,0.549,0.561,0.59,0.43,0.39,0.39,0.31,0.26,0.18,-0.34,-0.34,-0.35,-0.44,-0.47,-0.52,0.001,-0.089,-0.115,-0.141,-0.146,-0.148
17-Feb-2016,0.489,0.493,0.514,0.551,0.569,0.606,0.43,0.39,0.38,0.33,0.28,0.2,-0.34,-0.34,-0.36,-0.42,-0.45,-0.51,0,-0.084,-0.112,-0.144,-0.148,-0.149
18-Feb-2016,0.492,0.493,0.514,0.555,0.565,0.591,0.43,0.39,0.38,0.32,0.26,0.18,-0.34,-0.34,-0.36,-0.43,-0.47,-0.53,-0.01,-0.085,-0.113,-0.15,-0.152,-0.153
19-Feb-2016,0.435,0.453,0.5,0.555,0.581,0.622,0.42,0.38,0.38,0.32,0.25,0.17,-0.35,-0.35,-0.36,-0.43,-0.48,-0.54,-0.012,-0.086,-0.115,-0.155,-0.157,-0.16
22-Feb-2016,0.437,0.468,0.498,0.556,0.581,0.663,0.42,0.38,0.38,0.32,0.25,0.17,-0.35,-0.35,-0.36,-0.43,-0.48,-0.54,-0.01,-0.085,-0.112,-0.156,-0.165,-0.17
23-Feb-2016,0.382,0.473,0.496,0.547,0.588,0.639,0.43,0.38,0.38,0.32,0.26,0.17,-0.34,-0.35,-0.36,-0.43,-0.47,-0.54,-0.011,-0.081,-0.107,-0.153,-0.165,-0.17
24-Feb-2016,0.467,0.478,0.523,0.561,0.591,0.64,0.44,0.38,0.37,0.33,0.26,0.18,-0.33,-0.35,-0.37,-0.42,-0.47,-0.53,-0.01,-0.075,-0.101,-0.15,-0.165,-0.17
25-Feb-2016,0.451,0.458,0.499,0.557,0.609,0.645,0.45,0.39,0.37,0.34,0.27,0.19,-0.32,-0.34,-0.37,-0.41,-0.46,-0.52,-0.01,-0.049,-0.084,-0.144,-0.165,-0.17
26-Feb-2016,0.395,0.455,0.508,0.561,0.603,0.678,0.45,0.39,0.35,0.34,0.27,0.19,-0.34,-0.35,-0.39,-0.41,-0.46,-0.52,-0.007,-0.028,-0.098,-0.134,-0.164,-0.169
29-Feb-2016,0.456,0.47,0.494,0.532,0.579,0.638,0.43,0.38,0.35,0.34,0.27,0.19,-0.34,-0.35,-0.39,-0.41,-0.46,-0.52,-0.01,-0.022,-0.097,-0.13,-0.159,-0.169
01-Mar-2016,0.411,0.443,0.491,0.546,0.604,0.667,0.43,0.37,0.33,0.31,0.24,0.16,-0.34,-0.36,-0.41,-0.44,-0.49,-0.54,-0.01,-0.02,-0.098,-0.125,-0.159,-0.169
02-Mar-2016,0.424,0.43,0.482,0.546,0.633,0.728,0.41,0.36,0.32,0.31,0.24,0.16,-0.36,-0.37,-0.42,-0.44,-0.49,-0.55,-0.01,-0.019,-0.1,-0.126,-0.159,-0.169
03-Mar-2016,0.444,0.438,0.512,0.553,0.598,0.683,0.39,0.34,0.3,0.3,0.24,0.17,-0.38,-0.39,-0.44,-0.45,-0.49,-0.53,-0.01,-0.02,-0.1,-0.13,-0.159,-0.169
04-Mar-2016,0.43,0.448,0.491,0.552,0.603,0.696,0.4,0.35,0.3,0.3,0.23,0.17,-0.37,-0.38,-0.44,-0.45,-0.5,-0.54,-0.01,-0.021,-0.103,-0.13,-0.159,-0.169
07-Mar-2016,0.419,0.458,0.52,0.562,0.616,0.696,0.4,0.34,0.3,0.29,0.23,0.18,-0.37,-0.39,-0.44,-0.46,-0.5,-0.52,-0.01,-0.037,-0.108,-0.129,-0.16,-0.17
08-Mar-2016,0.423,0.448,0.499,0.558,0.611,0.687,0.4,0.35,0.28,0.27,0.22,0.18,-0.37,-0.38,-0.46,-0.48,-0.51,-0.53,-0.016,-0.049,-0.11,-0.133,-0.161,-0.171
09-Mar-2016,0.421,0.432,0.475,0.552,0.618,0.706,0.4,0.34,0.28,0.29,0.24,0.2,-0.37,-0.39,-0.46,-0.46,-0.49,-0.51,-0.018,-0.063,-0.112,-0.133,-0.161,-0.171
10-Mar-2016,0.453,0.464,0.471,0.53,0.611,0.715,0.36,0.31,0.28,0.29,0.23,0.19,-0.41,-0.42,-0.46,-0.47,-0.5,-0.52,-0.024,-0.071,-0.119,-0.141,-0.162,-0.174
11-Mar-2016,0.455,0.471,0.472,0.519,0.595,0.7,0.4,0.31,0.27,0.32,0.27,0.19,-0.37,-0.44,-0.47,-0.43,-0.45,-0.52,-0.022,-0.076,-0.125,-0.14,-0.162,-0.174
14-Mar-2016,0.443,0.455,0.476,0.545,0.613,0.712,0.39,0.28,0.27,0.28,0.25,0.24,-0.38,-0.45,-0.47,-0.47,-0.48,-0.47,-0.02,-0.082,-0.13,-0.143,-0.163,-0.175
15-Mar-2016,0.476,0.485,0.504,0.549,0.622,0.726,0.39,0.28,0.27,0.28,0.25,0.24,-0.38,-0.45,-0.47,-0.47,-0.48,-0.47,-0.017,-0.085,-0.129,-0.143,-0.163,-0.175
16-Mar-2016,0.436,0.458,0.501,0.533,0.581,0.663,0.37,0.26,0.25,0.26,0.23,0.22,-0.4,-0.47,-0.49,-0.49,-0.5,-0.49,-0.029,-0.085,-0.125,-0.144,-0.163,-0.175
17-Mar-2016,0.445,0.474,0.511,0.532,0.587,0.671,0.35,0.23,0.25,0.26,0.25,0.25,-0.42,-0.5,-0.49,-0.49,-0.48,-0.46,-0.038,-0.084,-0.125,-0.144,-0.163,-0.176
18-Mar-2016,0.392,0.435,0.495,0.527,0.58,0.66,0.35,0.23,0.25,0.26,0.25,0.25,-0.42,-0.5,-0.49,-0.49,-0.48,-0.46,-0.039,-0.091,-0.135,-0.144,-0.163,-0.176
21-Mar-2016,0.362,0.429,0.494,0.534,0.593,0.688,0.29,0.23,0.23,0.26,0.25,0.2,-0.48,-0.5,-0.51,-0.49,-0.48,-0.5,-0.039,-0.091,-0.135,-0.144,-0.163,-0.176
22-Mar-2016,0.316,0.383,0.461,0.532,0.619,0.731,0.3,0.23,0.24,0.26,0.25,0.21,-0.47,-0.5,-0.5,-0.49,-0.48,-0.49,-0.035,-0.093,-0.136,-0.145,-0.163,-0.176
23-Mar-2016,0.405,0.434,0.496,0.544,0.599,0.71,0.32,0.24,0.24,0.26,0.23,0.2,-0.45,-0.49,-0.5,-0.49,-0.5,-0.51,-0.046,-0.155,-0.14,-0.145,-0.164,-0.176
24-Mar-2016,0.49,0.495,0.509,0.55,0.608,0.722,0.33,0.25,0.24,0.26,0.25,0.21,-0.44,-0.48,-0.5,-0.49,-0.48,-0.49,-0.047,-0.16,-0.14,-0.145,-0.164,-0.176
25-Mar-2016,0.49,0.495,0.509,0.55,0.608,0.722,0.33,0.25,0.24,0.26,0.25,0.21,-0.44,-0.48,-0.5,-0.49,-0.48,-0.49,-0.059,-0.159,-0.141,-0.146,-0.164,-0.176
28-Mar-2016,0.528,0.517,0.53,0.567,0.626,0.722,0.33,0.25,0.24,0.26,0.25,0.21,-0.44,-0.48,-0.5,-0.49,-0.48,-0.49,-0.075,-0.155,-0.139,-0.145,-0.163,-0.176
29-Mar-2016,0.488,0.479,0.518,0.558,0.603,0.679,0.34,0.26,0.24,0.26,0.25,0.21,-0.43,-0.47,-0.5,-0.49,-0.48,-0.49,-0.082,-0.142,-0.134,-0.145,-0.161,-0.175
30-Mar-2016,0.431,0.44,0.454,0.483,0.522,0.587,0.34,0.26,0.24,0.26,0.25,0.2,-0.43,-0.47,-0.5,-0.49,-0.48,-0.5,-0.088,-0.116,-0.122,-0.145,-0.161,-0.174
31-Mar-2016,0.64,0.514,0.474,0.511,0.565,0.665,0.32,0.24,0.24,0.26,0.23,0.2,-0.45,-0.49,-0.5,-0.49,-0.5,-0.51,-0.093,-0.106,-0.118,-0.14,-0.16,-0.172
01-Apr-2016,0.51,0.484,0.467,0.502,0.565,0.66,0.33,0.25,0.24,0.27,0.24,0.2,-0.44,-0.48,-0.5,-0.48,-0.49,-0.51,-0.102,-0.107,-0.12,-0.139,-0.16,-0.172
04-Apr-2016,0.473,0.461,0.469,0.51,0.559,0.645,0.34,0.25,0.24,0.26,0.24,0.2,-0.43,-0.48,-0.5,-0.49,-0.49,-0.51,-0.096,-0.105,-0.12,-0.139,-0.16,-0.172
05-Apr-2016,0.43,0.431,0.45,0.482,0.522,0.582,0.35,0.27,0.24,0.26,0.24,0.2,-0.42,-0.46,-0.5,-0.49,-0.49,-0.51,-0.093,-0.105,-0.122,-0.138,-0.16,-0.172
06-Apr-2016,0.429,0.428,0.449,0.475,0.524,0.587,0.34,0.26,0.25,0.26,0.24,0.2,-0.43,-0.47,-0.49,-0.49,-0.49,-0.51,-0.089,-0.105,-0.121,-0.14,-0.16,-0.172
07-Apr-2016,0.441,0.446,0.454,0.47,0.504,0.557,0.29,0.26,0.25,0.26,0.24,0.2,-0.48,-0.47,-0.49,-0.49,-0.49,-0.51,-0.094,-0.105,-0.123,-0.144,-0.162,-0.174
08-Apr-2016,0.44,0.444,0.452,0.473,0.511,0.569,0.29,0.26,0.25,0.26,0.24,0.2,-0.48,-0.47,-0.49,-0.49,-0.49,-0.51,-0.091,-0.108,-0.13,-0.149,-0.167,-0.178
11-Apr-2016,0.46,0.45,0.45,0.475,0.509,0.564,0.29,0.26,0.25,0.26,0.24,0.2,-0.48,-0.47,-0.49,-0.49,-0.49,-0.51,-0.087,-0.105,-0.134,-0.154,-0.17,-0.185
12-Apr-2016,0.445,0.46,0.474,0.497,0.562,0.636,0.28,0.25,0.25,0.26,0.24,0.2,-0.49,-0.48,-0.49,-0.49,-0.49,-0.51,-0.083,-0.108,-0.139,-0.154,-0.172,-0.186
13-Apr-2016,0.46,0.46,0.471,0.497,0.553,0.642,0.27,0.24,0.25,0.26,0.24,0.2,-0.49,-0.49,-0.49,-0.49,-0.49,-0.51,-0.084,-0.108,-0.143,-0.157,-0.179,-0.188
14-Apr-2016,0.444,0.458,0.472,0.501,0.547,0.61,0.28,0.25,0.25,0.26,0.24,0.2,-0.49,-0.48,-0.49,-0.49,-0.49,-0.51,-0.082,-0.108,-0.143,-0.159,-0.179,-0.188
15-Apr-2016,0.444,0.461,0.484,0.518,0.564,0.628,0.26,0.23,0.25,0.26,0.24,0.2,-0.5,-0.5,-0.49,-0.49,-0.49,-0.51,-0.082,-0.108,-0.143,-0.16,-0.179,-0.188
18-Apr-2016,0.431,0.428,0.444,0.487,0.547,0.643,0.26,0.23,0.25,0.26,0.24,0.2,-0.5,-0.5,-0.49,-0.49,-0.49,-0.51,-0.084,-0.11,-0.146,-0.161,-0.18,-0.19
19-Apr-2016,0.339,0.355,0.376,0.408,0.491,0.665,0.26,0.23,0.25,0.26,0.24,0.21,-0.5,-0.5,-0.49,-0.49,-0.49,-0.5,-0.091,-0.117,-0.155,-0.166,-0.183,-0.193
20-Apr-2016,0.342,0.399,0.451,0.491,0.563,0.687,0.27,0.24,0.25,0.26,0.24,0.2,-0.49,-0.49,-0.49,-0.49,-0.49,-0.51,-0.093,-0.124,-0.156,-0.17,-0.185,-0.194
21-Apr-2016,0.334,0.429,0.454,0.499,0.556,0.655,0.27,0.24,0.25,0.26,0.24,0.21,-0.49,-0.49,-0.49,-0.49,-0.49,-0.5,-0.089,-0.129,-0.173,-0.185,-0.196,-0.204
22-Apr-2016,0.465,0.42,0.457,0.507,0.575,0.692,0.27,0.24,0.25,0.26,0.24,0.21,-0.5,-0.49,-0.49,-0.49,-0.49,-0.5,-0.092,-0.135,-0.175,-0.191,-0.2,-0.208
25-Apr-2016,0.399,0.38,0.424,0.477,0.572,0.714,0.27,0.24,0.25,0.26,0.24,0.2,-0.5,-0.49,-0.49,-0.49,-0.49,-0.5,-0.091,-0.143,-0.18,-0.196,-0.207,-0.215
26-Apr-2016,0.388,0.357,0.413,0.474,0.577,0.688,0.27,0.24,0.25,0.26,0.24,0.2,-0.5,-0.49,-0.49,-0.49,-0.49,-0.5,-0.092,-0.146,-0.179,-0.196,-0.207,-0.214
27-Apr-2016,0.349,0.379,0.425,0.481,0.559,0.649,0.27,0.24,0.25,0.26,0.24,0.2,-0.5,-0.49,-0.49,-0.49,-0.49,-0.5,-0.092,-0.149,-0.178,-0.198,-0.209,-0.217
28-Apr-2016,0.368,0.418,0.425,0.464,0.516,0.6,0.27,0.24,0.25,0.26,0.24,0.2,-0.49,-0.49,-0.49,-0.49,-0.49,-0.5,-0.087,-0.149,-0.179,-0.198,-0.21,-0.217
29-Apr-2016,0.377,0.39,0.42,0.467,0.527,0.611,0.26,0.23,0.25,0.26,0.24,0.2,-0.51,-0.5,-0.49,-0.49,-0.49,-0.5,-0.087,-0.149,-0.179,-0.198,-0.21,-0.217
02-May-2016,0.41,0.404,0.409,0.461,0.515,0.598,0.26,0.23,0.25,0.26,0.24,0.2,-0.51,-0.5,-0.49,-0.49,-0.49,-0.5,-0.074,-0.109,-0.135,-0.193,-0.206,-0.213
03-May-2016,0.405,0.402,0.402,0.451,0.501,0.576,0.26,0.23,0.25,0.26,0.24,0.18,-0.5,-0.5,-0.49,-0.49,-0.49,-0.52,-0.074,-0.109,-0.135,-0.193,-0.206,-0.213
04-May-2016,0.424,0.418,0.414,0.476,0.554,0.627,0.24,0.23,0.25,0.26,0.24,0.18,-0.53,-0.5,-0.49,-0.49,-0.49,-0.52,-0.074,-0.109,-0.135,-0.193,-0.206,-0.213
05-May-2016,0.429,0.424,0.427,0.474,0.554,0.678,0.22,0.2,0.25,0.25,0.2,0.16,-0.55,-0.53,-0.49,-0.5,-0.53,-0.55,-0.074,-0.109,-0.135,-0.193,-0.206,-0.213
06-May-2016,0.429,0.427,0.427,0.473,0.559,0.681,0.2,0.19,0.23,0.23,0.2,0.16,-0.57,-0.54,-0.51,-0.52,-0.53,-0.55,-0.081,-0.102,-0.125,-0.191,-0.206,-0.214
09-May-2016,0.432,0.429,0.429,0.469,0.561,0.641,0.22,0.21,0.23,0.23,0.2,0.16,-0.55,-0.52,-0.51,-0.52,-0.53,-0.55,-0.087,-0.098,-0.123,-0.193,-0.208,-0.215
10-May-2016,0.435,0.429,0.432,0.474,0.531,0.602,0.24,0.22,0.22,0.23,0.2,0.16,-0.53,-0.51,-0.52,-0.52,-0.53,-0.55,-0.09,-0.096,-0.122,-0.191,-0.202,-0.215
11-May-2016,0.422,0.416,0.427,0.469,0.519,0.593,0.24,0.22,0.22,0.21,0.2,0.16,-0.53,-0.51,-0.52,-0.54,-0.53,-0.55,-0.085,-0.095,-0.117,-0.198,-0.204,-0.215
12-May-2016,0.493,0.425,0.433,0.474,0.526,0.608,0.24,0.22,0.22,0.21,0.2,0.16,-0.53,-0.51,-0.52,-0.54,-0.53,-0.55,-0.079,-0.094,-0.115,-0.199,-0.205,-0.217
13-May-2016,0.442,0.43,0.436,0.49,0.556,0.643,0.24,0.22,0.22,0.21,0.2,0.15,-0.53,-0.51,-0.52,-0.54,-0.53,-0.56,-0.076,-0.095,-0.115,-0.2,-0.203,-0.212
16-May-2016,0.452,0.44,0.452,0.492,0.565,0.663,0.24,0.22,0.22,0.21,0.18,0.16,-0.53,-0.51,-0.52,-0.54,-0.55,-0.55,-0.084,-0.093,-0.114,-0.199,-0.205,-0.216
17-May-2016,0.427,0.42,0.444,0.521,0.582,0.678,0.22,0.21,0.21,0.21,0.18,0.15,-0.55,-0.52,-0.53,-0.54,-0.55,-0.56,-0.081,-0.092,-0.112,-0.197,-0.208,-0.215
18-May-2016,0.382,0.377,0.413,0.528,0.624,0.772,0.22,0.21,0.21,0.21,0.18,0.15,-0.55,-0.52,-0.53,-0.54,-0.55,-0.56,-0.074,-0.09,-0.112,-0.197,-0.208,-0.215
19-May-2016,0.338,0.389,0.431,0.532,0.603,0.732,0.22,0.21,0.21,0.21,0.18,0.14,-0.55,-0.52,-0.53,-0.54,-0.55,-0.56,-0.069,-0.085,-0.109,-0.197,-0.208,-0.215
20-May-2016,0.329,0.408,0.432,0.5,0.56,0.655,0.22,0.2,0.21,0.21,0.18,0.13,-0.55,-0.53,-0.53,-0.54,-0.55,-0.57,-0.067,-0.085,-0.109,-0.197,-0.208,-0.215
23-May-2016,0.289,0.393,0.436,0.51,0.573,0.669,0.2,0.19,0.21,0.2,0.18,0.13,-0.57,-0.54,-0.53,-0.55,-0.55,-0.57,-0.075,-0.089,-0.112,-0.198,-0.209,-0.215
24-May-2016,0.396,0.388,0.435,0.536,0.629,0.747,0.24,0.22,0.2,0.21,0.18,0.13,-0.53,-0.51,-0.54,-0.54,-0.55,-0.57,-0.076,-0.09,-0.115,-0.198,-0.209,-0.215
25-May-2016,0.307,0.356,0.43,0.536,0.624,0.744,0.25,0.24,0.21,0.22,0.18,0.13,-0.52,-0.49,-0.53,-0.53,-0.55,-0.57,-0.083,-0.095,-0.117,-0.199,-0.209,-0.215
26-May-2016,0.314,0.362,0.449,0.534,0.646,0.749,0.25,0.23,0.22,0.22,0.18,0.13,-0.52,-0.5,-0.52,-0.53,-0.55,-0.57,-0.084,-0.097,-0.121,-0.2,-0.21,-0.217
27-May-2016,0.329,0.38,0.45,0.576,0.712,0.819,0.25,0.23,0.22,0.22,0.18,0.14,-0.52,-0.5,-0.52,-0.53,-0.55,-0.57,-0.077,-0.099,-0.12,-0.2,-0.21,-0.217
30-May-2016,0.329,0.38,0.45,0.576,0.712,0.819,0.25,0.23,0.22,0.22,0.18,0.14,-0.52,-0.5,-0.52,-0.53,-0.55,-0.57,-0.079,-0.1,-0.131,-0.2,-0.21,-0.217
31-May-2016,0.438,0.45,0.488,0.586,0.669,0.785,0.26,0.24,0.23,0.22,0.18,0.14,-0.51,-0.49,-0.51,-0.53,-0.55,-0.57,-0.088,-0.1,-0.144,-0.202,-0.215,-0.221
01-Jun-2016,0.43,0.414,0.448,0.557,0.66,0.766,0.26,0.24,0.23,0.22,0.18,0.15,-0.51,-0.49,-0.51,-0.53,-0.55,-0.56,-0.084,-0.099,-0.147,-0.202,-0.215,-0.221
02-Jun-2016,0.443,0.414,0.453,0.581,0.67,0.77,0.26,0.24,0.23,0.23,0.18,0.15,-0.51,-0.49,-0.51,-0.52,-0.55,-0.55,-0.082,-0.097,-0.15,-0.199,-0.215,-0.221
03-Jun-2016,0.438,0.422,0.437,0.505,0.576,0.668,0.26,0.24,0.23,0.22,0.18,0.15,-0.52,-0.49,-0.51,-0.53,-0.55,-0.55,-0.079,-0.097,-0.15,-0.197,-0.214,-0.22
06-Jun-2016,0.421,0.422,0.437,0.509,0.586,0.68,0.25,0.24,0.23,0.23,0.19,0.16,-0.52,-0.49,-0.51,-0.52,-0.54,-0.54,-0.079,-0.099,-0.15,-0.195,-0.214,-0.22
07-Jun-2016,0.45,0.43,0.437,0.509,0.576,0.697,0.28,0.26,0.23,0.22,0.19,0.15,-0.49,-0.47,-0.51,-0.53,-0.54,-0.55,-0.085,-0.099,-0.156,-0.19,-0.214,-0.22
08-Jun-2016,0.469,0.42,0.442,0.525,0.587,0.698,0.27,0.25,0.24,0.23,0.19,0.15,-0.5,-0.48,-0.5,-0.52,-0.54,-0.55,-0.086,-0.1,-0.161,-0.19,-0.218,-0.222
09-Jun-2016,0.469,0.45,0.462,0.523,0.578,0.655,0.31,0.28,0.24,0.23,0.19,0.15,-0.46,-0.45,-0.5,-0.52,-0.54,-0.55,-0.084,-0.102,-0.17,-0.19,-0.218,-0.222
10-Jun-2016,0.48,0.446,0.462,0.524,0.569,0.638,0.32,0.29,0.25,0.23,0.19,0.15,-0.45,-0.44,-0.49,-0.52,-0.54,-0.55,-0.084,-0.102,-0.172,-0.188,-0.219,-0.222
13-Jun-2016,0.493,0.46,0.471,0.537,0.584,0.654,0.29,0.26,0.24,0.23,0.19,0.15,-0.47,-0.47,-0.5,-0.52,-0.54,-0.55,-0.086,-0.108,-0.175,-0.188,-0.219,-0.222
14-Jun-2016,0.48,0.445,0.463,0.531,0.583,0.65,0.3,0.27,0.24,0.23,0.19,0.15,-0.47,-0.46,-0.5,-0.52,-0.54,-0.55,-0.085,-0.11,-0.175,-0.19,-0.219,-0.222
15-Jun-2016,0.536,0.488,0.503,0.515,0.546,0.605,0.29,0.25,0.24,0.23,0.19,0.14,-0.48,-0.48,-0.5,-0.52,-0.54,-0.56,-0.087,-0.11,-0.177,-0.193,-0.22,-0.223
16-Jun-2016,0.509,0.454,0.459,0.518,0.553,0.612,0.31,0.27,0.23,0.23,0.19,0.14,-0.46,-0.46,-0.51,-0.52,-0.54,-0.56,-0.087,-0.111,-0.175,-0.195,-0.22,-0.223
17-Jun-2016,0.489,0.468,0.468,0.502,0.548,0.626,0.29,0.26,0.23,0.23,0.19,0.14,-0.47,-0.47,-0.51,-0.52,-0.54,-0.56,-0.075,-0.091,-0.14,-0.188,-0.219,-0.221
20-Jun-2016,0.481,0.476,0.47,0.517,0.571,0.648,0.28,0.24,0.23,0.25,0.2,0.15,-0.49,-0.49,-0.51,-0.5,-0.53,-0.55,-0.064,-0.087,-0.133,-0.186,-0.219,-0.221
21-Jun-2016,0.49,0.503,0.492,0.516,0.566,0.654,0.25,0.22,0.2,0.22,0.18,0.13,-0.51,-0.51,-0.54,-0.53,-0.55,-0.57,-0.055,-0.083,-0.122,-0.18,-0.217,-0.22
22-Jun-2016,0.568,0.497,0.503,0.522,0.57,0.654,0.25,0.22,0.2,0.22,0.18,0.13,-0.51,-0.51,-0.54,-0.53,-0.55,-0.57,-0.05,-0.1,-0.117,-0.178,-0.218,-0.22
23-Jun-2016,0.637,0.569,0.56,0.565,0.592,0.66,0.25,0.22,0.2,0.22,0.18,0.13,-0.51,-0.51,-0.54,-0.53,-0.55,-0.57,-0.06,-0.099,-0.111,-0.173,-0.213,-0.216
24-Jun-2016,0.854,0.669,0.572,0.549,0.521,0.53,0.25,0.22,0.2,0.22,0.18,0.13,-0.51,-0.51,-0.54,-0.53,-0.55,-0.57,-0.069,-0.101,-0.114,-0.173,-0.214,-0.216
27-Jun-2016,0.763,0.596,0.585,0.552,0.5,0.474,0.31,0.28,0.26,0.18,0.14,0.09,-0.45,-0.45,-0.48,-0.57,-0.59,-0.62,-0.072,-0.11,-0.127,-0.179,-0.214,-0.216
28-Jun-2016,0.646,0.545,0.553,0.53,0.513,0.516,0.28,0.25,0.25,0.19,0.19,0.09,-0.48,-0.48,-0.49,-0.56,-0.54,-0.59,-0.079,-0.103,-0.126,-0.175,-0.214,-0.216
29-Jun-2016,0.552,0.533,0.526,0.517,0.508,0.532,0.26,0.22,0.23,0.19,0.14,0.08,-0.51,-0.51,-0.51,-0.56,-0.59,-0.62,-0.084,-0.101,-0.123,-0.184,-0.214,-0.216
30-Jun-2016,0.824,0.588,0.535,0.511,0.507,0.55,0.28,0.24,0.22,0.19,0.14,0.08,-0.49,-0.49,-0.52,-0.56,-0.59,-0.62,-0.089,-0.098,-0.118,-0.199,-0.217,-0.22
01-Jul-2016,0.644,0.611,0.55,0.516,0.519,0.539,0.28,0.24,0.22,0.19,0.14,0.1,-0.49,-0.49,-0.52,-0.56,-0.59,-0.6,-0.08,-0.098,-0.113,-0.204,-0.225,-0.23
04-Jul-2016,0.644,0.611,0.55,0.516,0.521,0.544,0.25,0.22,0.19,0.17,0.14,0.1,-0.51,-0.51,-0.55,-0.58,-0.59,-0.6,-0.081,-0.098,-0.115,-0.205,-0.227,-0.233
05-Jul-2016,0.496,0.493,0.48,0.494,0.509,0.53,0.22,0.16,0.15,0.15,0.14,0.1,-0.55,-0.57,-0.59,-0.6,-0.59,-0.6,-0.083,-0.096,-0.115,-0.209,-0.23,-0.231
06-Jul-2016,0.529,0.492,0.481,0.496,0.508,0.531,0.23,0.17,0.16,0.16,0.14,0.1,-0.54,-0.56,-0.58,-0.59,-0.59,-0.61,-0.085,-0.097,-0.12,-0.215,-0.231,-0.233
07-Jul-2016,0.513,0.499,0.491,0.502,0.52,0.553,0.26,0.2,0.2,0.16,0.14,0.09,-0.51,-0.53,-0.54,-0.59,-0.59,-0.61,-0.084,-0.096,-0.12,-0.217,-0.23,-0.235
08-Jul-2016,0.524,0.528,0.515,0.525,0.546,0.575,0.26,0.2,0.21,0.16,0.14,0.09,-0.51,-0.53,-0.53,-0.59,-0.59,-0.61,-0.076,-0.097,-0.121,-0.212,-0.231,-0.235
11-Jul-2016,0.534,0.531,0.518,0.529,0.556,0.601,0.25,0.2,0.2,0.17,0.14,0.09,-0.52,-0.53,-0.54,-0.58,-0.59,-0.61,-0.08,-0.098,-0.121,-0.211,-0.231,-0.235
12-Jul-2016,0.48,0.485,0.489,0.513,0.539,0.587,0.28,0.22,0.2,0.17,0.13,0.07,-0.49,-0.51,-0.54,-0.58,-0.6,-0.63,-0.081,-0.096,-0.122,-0.211,-0.23,-0.235
13-Jul-2016,0.473,0.491,0.487,0.514,0.538,0.577,0.28,0.23,0.2,0.18,0.13,0.09,-0.49,-0.5,-0.54,-0.57,-0.6,-0.62,-0.077,-0.093,-0.12,-0.207,-0.229,-0.235
14-Jul-2016,0.503,0.51,0.498,0.519,0.545,0.591,0.25,0.22,0.2,0.19,0.13,0.09,-0.52,-0.51,-0.54,-0.56,-0.6,-0.62,-0.078,-0.088,-0.121,-0.202,-0.229,-0.235
15-Jul-2016,0.517,0.502,0.5,0.523,0.549,0.6,0.25,0.22,0.2,0.19,0.14,0.1,-0.52,-0.51,-0.54,-0.56,-0.59,-0.61,-0.066,-0.087,-0.12,-0.204,-0.233,-0.235
18-Jul-2016,0.446,0.45,0.475,0.525,0.566,0.629,0.23,0.21,0.2,0.2,0.14,0.1,-0.54,-0.52,-0.54,-0.55,-0.59,-0.61,-0.066,-0.087,-0.12,-0.204,-0.233,-0.235
19-Jul-2016,0.39,0.441,0.47,0.513,0.555,0.616,0.22,0.2,0.19,0.19,0.14,0.09,-0.55,-0.53,-0.55,-0.56,-0.59,-0.62,-0.071,-0.088,-0.129,-0.203,-0.233,-0.235
20-Jul-2016,0.417,0.441,0.483,0.517,0.576,0.659,0.22,0.2,0.19,0.19,0.14,0.09,-0.55,-0.53,-0.55,-0.56,-0.59,-0.62,-0.068,-0.087,-0.132,-0.193,-0.233,-0.235
21-Jul-2016,0.457,0.461,0.496,0.53,0.575,0.646,0.22,0.2,0.19,0.18,0.14,0.09,-0.55,-0.53,-0.55,-0.57,-0.59,-0.62,-0.08,-0.093,-0.138,-0.192,-0.233,-0.235
22-Jul-2016,0.446,0.429,0.49,0.528,0.573,0.654,0.22,0.2,0.19,0.18,0.14,0.09,-0.55,-0.53,-0.55,-0.57,-0.59,-0.62,-0.079,-0.094,-0.142,-0.195,-0.233,-0.235
25-Jul-2016,0.456,0.429,0.493,0.533,0.568,0.639,0.22,0.2,0.19,0.17,0.14,0.09,-0.55,-0.53,-0.55,-0.57,-0.59,-0.62,-0.081,-0.101,-0.146,-0.2,-0.234,-0.235
26-Jul-2016,0.443,0.437,0.488,0.527,0.568,0.633,0.26,0.2,0.19,0.17,0.14,0.09,-0.51,-0.53,-0.55,-0.58,-0.59,-0.61,-0.084,-0.103,-0.149,-0.206,-0.234,-0.235
27-Jul-2016,0.451,0.428,0.477,0.518,0.566,0.646,0.27,0.2,0.19,0.17,0.14,0.09,-0.5,-0.53,-0.55,-0.58,-0.59,-0.61,-0.085,-0.108,-0.153,-0.206,-0.234,-0.235
28-Jul-2016,0.47,0.482,0.49,0.522,0.564,0.627,0.27,0.2,0.19,0.17,0.14,0.09,-0.5,-0.53,-0.55,-0.58,-0.59,-0.61,-0.088,-0.104,-0.156,-0.205,-0.234,-0.235
29-Jul-2016,0.54,0.524,0.522,0.544,0.569,0.609,0.27,0.2,0.19,0.17,0.14,0.09,-0.5,-0.53,-0.55,-0.58,-0.59,-0.61,-0.088,-0.108,-0.167,-0.215,-0.243,-0.249
01-Aug-2016,0.54,0.515,0.513,0.536,0.566,0.61,0.27,0.2,0.19,0.17,0.14,0.1,-0.5,-0.53,-0.55,-0.58,-0.59,-0.61,-0.084,-0.097,-0.11,-0.184,-0.23,-0.235
02-Aug-2016,0.536,0.523,0.53,0.552,0.575,0.612,0.25,0.19,0.19,0.17,0.14,0.1,-0.52,-0.54,-0.55,-0.58,-0.59,-0.61,-0.084,-0.095,-0.105,-0.179,-0.229,-0.229
03-Aug-2016,0.489,0.495,0.508,0.548,0.583,0.626,0.25,0.19,0.19,0.17,0.14,0.09,-0.52,-0.54,-0.55,-0.58,-0.59,-0.61,-0.084,-0.094,-0.105,-0.178,-0.229,-0.229
04-Aug-2016,0.529,0.53,0.529,0.548,0.573,0.621,0.22,0.18,0.19,0.17,0.14,0.09,-0.55,-0.55,-0.55,-0.58,-0.59,-0.61,-0.082,-0.087,-0.102,-0.174,-0.229,-0.23
05-Aug-2016,0.517,0.517,0.517,0.558,0.6,0.659,0.24,0.18,0.19,0.17,0.14,0.09,-0.53,-0.55,-0.55,-0.58,-0.59,-0.61,-0.08,-0.086,-0.1,-0.171,-0.229,-0.23
08-Aug-2016,0.489,0.49,0.494,0.528,0.568,0.64,0.24,0.19,0.19,0.17,0.14,0.09,-0.53,-0.54,-0.55,-0.58,-0.59,-0.61,-0.084,-0.086,-0.1,-0.169,-0.229,-0.23
09-Aug-2016,0.458,0.479,0.488,0.524,0.559,0.615,0.24,0.19,0.19,0.18,0.14,0.09,-0.53,-0.54,-0.55,-0.57,-0.59,-0.61,-0.081,-0.085,-0.1,-0.166,-0.229,-0.23
10-Aug-2016,0.46,0.489,0.514,0.546,0.583,0.635,0.24,0.19,0.19,0.18,0.14,0.09,-0.53,-0.54,-0.55,-0.57,-0.59,-0.61,-0.083,-0.085,-0.1,-0.163,-0.229,-0.23
11-Aug-2016,0.526,0.526,0.526,0.556,0.6,0.669,0.24,0.19,0.19,0.18,0.14,0.08,-0.53,-0.54,-0.55,-0.57,-0.59,-0.62,-0.083,-0.085,-0.1,-0.163,-0.229,-0.23
12-Aug-2016,0.53,0.528,0.526,0.545,0.582,0.643,0.24,0.19,0.19,0.18,0.14,0.08,-0.53,-0.54,-0.55,-0.57,-0.59,-0.62,-0.079,-0.086,-0.099,-0.163,-0.23,-0.23
15-Aug-2016,0.55,0.548,0.543,0.559,0.595,0.658,0.22,0.18,0.19,0.18,0.14,0.08,-0.55,-0.55,-0.55,-0.57,-0.59,-0.62,-0.08,-0.087,-0.098,-0.162,-0.23,-0.23
16-Aug-2016,0.534,0.536,0.543,0.569,0.612,0.675,0.25,0.18,0.19,0.18,0.14,0.08,-0.52,-0.53,-0.53,-0.57,-0.59,-0.62,-0.084,-0.087,-0.097,-0.162,-0.23,-0.23
17-Aug-2016,0.53,0.523,0.536,0.57,0.611,0.671,0.25,0.2,0.2,0.18,0.14,0.08,-0.52,-0.53,-0.53,-0.57,-0.59,-0.62,-0.085,-0.087,-0.098,-0.148,-0.227,-0.228
18-Aug-2016,0.529,0.527,0.535,0.567,0.607,0.664,0.24,0.19,0.19,0.18,0.14,0.08,-0.53,-0.54,-0.55,-0.57,-0.59,-0.62,-0.085,-0.085,-0.095,-0.141,-0.223,-0.225
19-Aug-2016,0.472,0.469,0.49,0.547,0.599,0.671,0.23,0.19,0.19,0.18,0.14,0.08,-0.54,-0.54,-0.55,-0.57,-0.59,-0.62,-0.084,-0.086,-0.096,-0.142,-0.224,-0.225
22-Aug-2016,0.378,0.402,0.445,0.516,0.584,0.672,0.23,0.19,0.19,0.18,0.14,0.08,-0.54,-0.54,-0.55,-0.57,-0.59,-0.62,-0.083,-0.087,-0.095,-0.14,-0.224,-0.225
23-Aug-2016,0.504,0.478,0.504,0.54,0.591,0.67,0.23,0.18,0.18,0.18,0.14,0.08,-0.54,-0.55,-0.56,-0.57,-0.59,-0.62,-0.086,-0.088,-0.096,-0.14,-0.224,-0.225
24-Aug-2016,0.472,0.472,0.505,0.542,0.591,0.669,0.23,0.18,0.18,0.18,0.14,0.08,-0.54,-0.55,-0.56,-0.57,-0.59,-0.62,-0.088,-0.088,-0.096,-0.14,-0.224,-0.225
25-Aug-2016,0.527,0.508,0.533,0.572,0.622,0.688,0.23,0.18,0.18,0.18,0.14,0.08,-0.54,-0.55,-0.56,-0.57,-0.59,-0.62,-0.088,-0.088,-0.097,-0.139,-0.224,-0.23
26-Aug-2016,0.523,0.508,0.547,0.594,0.656,0.732,0.24,0.2,0.18,0.18,0.14,0.08,-0.52,-0.53,-0.56,-0.57,-0.59,-0.62,-0.086,-0.088,-0.097,-0.141,-0.219,-0.22
29-Aug-2016,0.491,0.488,0.525,0.565,0.626,0.701,0.24,0.2,0.18,0.18,0.14,0.08,-0.52,-0.53,-0.56,-0.57,-0.59,-0.62,-0.085,-0.089,-0.098,-0.139,-0.219,-0.22
30-Aug-2016,0.49,0.492,0.532,0.597,0.648,0.731,0.25,0.2,0.2,0.18,0.14,0.08,-0.52,-0.53,-0.54,-0.57,-0.59,-0.62,-0.091,-0.089,-0.103,-0.137,-0.219,-0.22
31-Aug-2016,0.557,0.535,0.544,0.584,0.636,0.717,0.24,0.19,0.19,0.18,0.14,0.08,-0.53,-0.54,-0.55,-0.57,-0.59,-0.62,-0.086,-0.088,-0.104,-0.136,-0.224,-0.225
01-Sep-2016,0.55,0.538,0.551,0.583,0.632,0.703,0.24,0.19,0.19,0.18,0.14,0.08,-0.53,-0.54,-0.55,-0.57,-0.59,-0.62,-0.086,-0.088,-0.103,-0.136,-0.224,-0.225
02-Sep-2016,0.494,0.507,0.547,0.579,0.626,0.705,0.24,0.19,0.19,0.18,0.14,0.08,-0.53,-0.54,-0.55,-0.57,-0.59,-0.62,-0.084,-0.089,-0.105,-0.136,-0.224,-0.225
05-Sep-2016,0.494,0.516,0.556,0.589,0.635,0.711,0.26,0.21,0.2,0.18,0.14,0.08,-0.51,-0.52,-0.54,-0.57,-0.59,-0.62,-0.085,-0.089,-0.106,-0.138,-0.224,-0.225
06-Sep-2016,0.497,0.508,0.534,0.562,0.611,0.67,0.28,0.21,0.2,0.18,0.14,0.08,-0.49,-0.52,-0.54,-0.57,-0.59,-0.62,-0.087,-0.09,-0.11,-0.141,-0.224,-0.225
07-Sep-2016,0.5,0.506,0.538,0.566,0.621,0.693,0.29,0.22,0.19,0.18,0.14,0.07,-0.48,-0.51,-0.55,-0.57,-0.59,-0.63,-0.091,-0.09,-0.115,-0.141,-0.224,-0.225
08-Sep-2016,0.539,0.535,0.55,0.575,0.631,0.697,0.28,0.22,0.17,0.17,0.13,0.07,-0.49,-0.51,-0.57,-0.58,-0.6,-0.63,-0.095,-0.095,-0.131,-0.146,-0.224,-0.225
09-Sep-2016,0.547,0.538,0.559,0.587,0.638,0.695,0.28,0.22,0.18,0.17,0.14,0.08,-0.49,-0.51,-0.56,-0.58,-0.59,-0.62,-0.094,-0.097,-0.136,-0.147,-0.224,-0.225
12-Sep-2016,0.529,0.541,0.565,0.58,0.644,0.69,0.28,0.22,0.18,0.17,0.14,0.08,-0.49,-0.51,-0.56,-0.58,-0.59,-0.62,-0.101,-0.101,-0.144,-0.15,-0.225,-0.226
13-Sep-2016,0.53,0.578,0.605,0.624,0.678,0.699,0.27,0.21,0.18,0.17,0.12,0.08,-0.5,-0.52,-0.56,-0.58,-0.61,-0.62,-0.102,-0.113,-0.145,-0.155,-0.225,-0.226
14-Sep-2016,0.516,0.578,0.597,0.623,0.67,0.679,0.26,0.2,0.18,0.14,0.12,0.08,-0.51,-0.53,-0.56,-0.61,-0.61,-0.62,-0.1,-0.11,-0.145,-0.16,-0.225,-0.226
15-Sep-2016,0.577,0.586,0.595,0.618,0.666,0.721,0.25,0.19,0.17,0.14,0.11,0.08,-0.52,-0.53,-0.57,-0.61,-0.62,-0.62,-0.096,-0.102,-0.144,-0.163,-0.225,-0.227
16-Sep-2016,0.423,0.451,0.462,0.509,0.571,0.64,0.25,0.2,0.16,0.14,0.11,0.07,-0.52,-0.53,-0.58,-0.61,-0.62,-0.64,-0.09,-0.1,-0.142,-0.163,-0.225,-0.227
19-Sep-2016,0.4,0.457,0.506,0.603,0.673,0.743,0.25,0.2,0.16,0.14,0.11,0.08,-0.52,-0.53,-0.58,-0.61,-0.62,-0.63,-0.09,-0.1,-0.142,-0.163,-0.225,-0.227
20-Sep-2016,0.422,0.478,0.503,0.612,0.67,0.735,0.25,0.19,0.15,0.14,0.11,0.07,-0.52,-0.54,-0.59,-0.61,-0.62,-0.64,-0.089,-0.095,-0.138,-0.163,-0.225,-0.227
21-Sep-2016,0.4,0.412,0.452,0.59,0.662,0.748,0.24,0.19,0.15,0.14,0.11,0.07,-0.53,-0.54,-0.59,-0.61,-0.62,-0.64,-0.086,-0.141,-0.143,-0.167,-0.225,-0.227
22-Sep-2016,0.45,0.433,0.522,0.599,0.671,0.744,0.25,0.19,0.15,0.14,0.11,0.07,-0.52,-0.54,-0.59,-0.61,-0.62,-0.64,-0.086,-0.141,-0.143,-0.167,-0.225,-0.227
23-Sep-2016,0.495,0.437,0.516,0.59,0.667,0.74,0.24,0.19,0.15,0.14,0.11,0.07,-0.53,-0.54,-0.59,-0.61,-0.62,-0.64,-0.085,-0.147,-0.135,-0.168,-0.225,-0.227
26-Sep-2016,0.518,0.492,0.562,0.606,0.658,0.724,0.24,0.19,0.15,0.14,0.1,0.06,-0.53,-0.54,-0.59,-0.61,-0.63,-0.65,-0.084,-0.149,-0.135,-0.168,-0.224,-0.226
27-Sep-2016,0.725,0.633,0.653,0.674,0.736,0.792,0.24,0.19,0.15,0.14,0.1,0.06,-0.53,-0.54,-0.59,-0.61,-0.63,-0.65,-0.083,-0.176,-0.135,-0.169,-0.224,-0.226
28-Sep-2016,0.764,0.697,0.71,0.74,0.798,0.859,0.24,0.19,0.15,0.14,0.1,0.06,-0.53,-0.54,-0.59,-0.61,-0.63,-0.65,-0.083,-0.18,-0.134,-0.17,-0.224,-0.226
29-Sep-2016,0.935,0.93,0.919,0.943,1,1.06,0.24,0.19,0.15,0.14,0.1,0.06,-0.53,-0.54,-0.59,-0.61,-0.63,-0.65,-0.084,-0.092,-0.121,-0.17,-0.229,-0.233
30-Sep-2016,1.213,0.6,0.6,0.625,0.688,0.764,0.24,0.19,0.15,0.14,0.11,0.06,-0.53,-0.54,-0.59,-0.61,-0.62,-0.65,-0.286,-0.089,-0.116,-0.168,-0.229,-0.233
03-Oct-2016,0.755,0.583,0.582,0.628,0.697,0.764,0.24,0.19,0.15,0.14,0.11,0.06,-0.53,-0.54,-0.59,-0.61,-0.62,-0.65,-0.087,-0.09,-0.113,-0.166,-0.229,-0.233
04-Oct-2016,0.751,0.7,0.602,0.625,0.691,0.768,0.25,0.19,0.15,0.14,0.1,0.05,-0.52,-0.54,-0.59,-0.61,-0.63,-0.65,-0.085,-0.09,-0.112,-0.161,-0.229,-0.233
05-Oct-2016,0.682,0.567,0.574,0.652,0.719,0.803,0.25,0.19,0.15,0.1,0.1,0.05,-0.52,-0.54,-0.59,-0.65,-0.63,-0.65,-0.085,-0.09,-0.109,-0.163,-0.229,-0.233
06-Oct-2016,0.645,0.598,0.594,0.637,0.71,0.807,0.24,0.18,0.15,0.09,0.06,0.02,-0.53,-0.55,-0.59,-0.66,-0.67,-0.69,-0.084,-0.092,-0.108,-0.163,-0.229,-0.233
07-Oct-2016,0.448,0.479,0.534,0.623,0.7,0.79,0.25,0.19,0.15,0.08,0.06,0.02,-0.52,-0.54,-0.59,-0.67,-0.67,-0.69,-0.083,-0.092,-0.11,-0.163,-0.229,-0.233
10-Oct-2016,0.448,0.479,0.536,0.63,0.713,0.809,0.25,0.19,0.15,0.08,0.06,0.02,-0.52,-0.54,-0.59,-0.67,-0.67,-0.69,-0.083,-0.092,-0.11,-0.163,-0.229,-0.233
11-Oct-2016,0.5,0.507,0.529,0.642,0.714,0.801,0.25,0.19,0.16,0.1,0.07,0.03,-0.52,-0.54,-0.58,-0.65,-0.66,-0.68,-0.081,-0.087,-0.105,-0.163,-0.229,-0.233
12-Oct-2016,0.562,0.554,0.561,0.666,0.723,0.807,0.26,0.19,0.16,0.1,0.07,0.03,-0.51,-0.54,-0.58,-0.65,-0.66,-0.68,-0.08,-0.088,-0.102,-0.163,-0.225,-0.233
13-Oct-2016,0.512,0.545,0.566,0.652,0.718,0.794,0.26,0.19,0.16,0.1,0.07,0.03,-0.51,-0.54,-0.58,-0.65,-0.66,-0.68,-0.08,-0.09,-0.102,-0.162,-0.225,-0.233
14-Oct-2016,0.47,0.47,0.479,0.553,0.635,0.711,0.26,0.19,0.16,0.1,0.07,0.03,-0.51,-0.54,-0.58,-0.65,-0.66,-0.68,-0.094,-0.091,-0.101,-0.16,-0.225,-0.233
17-Oct-2016,0.518,0.508,0.511,0.568,0.639,0.709,0.26,0.19,0.16,0.1,0.07,0.03,-0.51,-0.54,-0.58,-0.65,-0.66,-0.68,-0.086,-0.092,-0.101,-0.159,-0.225,-0.233
18-Oct-2016,0.408,0.482,0.537,0.656,0.722,0.784,0.26,0.19,0.16,0.1,0.07,0.03,-0.51,-0.54,-0.58,-0.65,-0.66,-0.68,-0.085,-0.09,-0.1,-0.158,-0.225,-0.232
19-Oct-2016,0.368,0.482,0.54,0.691,0.724,0.785,0.25,0.18,0.15,0.1,0.07,0.03,-0.52,-0.55,-0.58,-0.65,-0.66,-0.68,-0.085,-0.091,-0.1,-0.158,-0.225,-0.232
20-Oct-2016,0.355,0.478,0.562,0.72,0.769,0.835,0.24,0.17,0.14,0.09,0.06,0.01,-0.53,-0.56,-0.6,-0.66,-0.67,-0.69,-0.086,-0.09,-0.1,-0.157,-0.225,-0.232
21-Oct-2016,0.33,0.478,0.563,0.704,0.761,0.826,0.18,0.11,0.13,0.08,0.04,0,-0.59,-0.62,-0.6,-0.67,-0.69,-0.7,-0.085,-0.093,-0.101,-0.155,-0.225,-0.232
24-Oct-2016,0.401,0.449,0.534,0.681,0.741,0.808,0.18,0.11,0.13,0.07,0.03,-0.01,-0.59,-0.62,-0.61,-0.68,-0.7,-0.71,-0.085,-0.093,-0.102,-0.155,-0.225,-0.232
25-Oct-2016,0.406,0.493,0.556,0.654,0.734,0.802,0.18,0.11,0.13,0.04,0.03,0,-0.59,-0.62,-0.61,-0.71,-0.7,-0.7,-0.084,-0.094,-0.103,-0.155,-0.225,-0.232
26-Oct-2016,0.473,0.476,0.549,0.667,0.744,0.824,0.18,0.11,0.13,0.04,0.03,0,-0.59,-0.62,-0.61,-0.71,-0.7,-0.7,-0.086,-0.094,-0.102,-0.155,-0.225,-0.232
27-Oct-2016,0.499,0.524,0.587,0.712,0.769,0.845,0.18,0.11,0.13,0.03,0.01,0,-0.59,-0.62,-0.61,-0.72,-0.72,-0.7,-0.087,-0.093,-0.102,-0.154,-0.225,-0.232
28-Oct-2016,0.427,0.488,0.588,0.72,0.775,0.845,0.18,0.11,0.13,0.03,0.01,0,-0.59,-0.62,-0.61,-0.72,-0.72,-0.7,-0.087,-0.092,-0.102,-0.154,-0.225,-0.232
31-Oct-2016,0.515,0.538,0.605,0.724,0.777,0.846,0.18,0.11,0.13,0.03,0.01,0,-0.59,-0.62,-0.61,-0.72,-0.72,-0.7,-0.089,-0.092,-0.102,-0.154,-0.225,-0.232
01-Nov-2016,0.437,0.456,0.541,0.744,0.795,0.861,0.18,0.11,0.13,0.03,0.01,-0.02,-0.59,-0.62,-0.61,-0.72,-0.72,-0.73,-0.089,-0.092,-0.102,-0.153,-0.225,-0.233
02-Nov-2016,0.42,0.473,0.528,0.712,0.759,0.822,0.21,0.15,0.13,0.03,0.01,-0.02,-0.56,-0.58,-0.61,-0.72,-0.72,-0.72,-0.09,-0.093,-0.101,-0.152,-0.225,-0.233
03-Nov-2016,0.499,0.499,0.553,0.731,0.769,0.804,0.21,0.15,0.13,0.03,0.01,-0.02,-0.56,-0.58,-0.61,-0.72,-0.72,-0.73,-0.09,-0.093,-0.101,-0.152,-0.225,-0.233
04-Nov-2016,0.488,0.499,0.555,0.721,0.764,0.795,0.21,0.15,0.13,0.03,0.01,-0.02,-0.56,-0.58,-0.61,-0.72,-0.72,-0.73,-0.095,-0.095,-0.101,-0.152,-0.225,-0.233
07-Nov-2016,0.449,0.489,0.552,0.711,0.778,0.82,0.21,0.15,0.13,0.03,0.01,-0.02,-0.56,-0.58,-0.61,-0.72,-0.72,-0.73,-0.102,-0.096,-0.102,-0.152,-0.225,-0.233
08-Nov-2016,0.458,0.469,0.553,0.702,0.792,0.843,0.22,0.15,0.13,0.03,0.01,-0.02,-0.55,-0.58,-0.61,-0.72,-0.72,-0.73,-0.103,-0.097,-0.104,-0.15,-0.225,-0.233
09-Nov-2016,0.483,0.494,0.547,0.706,0.776,0.871,0.22,0.15,0.13,0.03,0.01,-0.02,-0.55,-0.58,-0.61,-0.72,-0.72,-0.73,-0.101,-0.098,-0.105,-0.149,-0.225,-0.233
10-Nov-2016,0.462,0.496,0.518,0.707,0.773,0.871,0.18,0.11,0.09,0.02,0.01,-0.02,-0.59,-0.62,-0.65,-0.73,-0.72,-0.73,-0.095,-0.099,-0.106,-0.149,-0.225,-0.233
11-Nov-2016,0.462,0.496,0.518,0.707,0.773,0.871,0.23,0.16,0.14,0.02,0.01,-0.02,-0.54,-0.57,-0.6,-0.73,-0.72,-0.73,-0.098,-0.098,-0.107,-0.149,-0.225,-0.233
14-Nov-2016,0.417,0.429,0.545,0.729,0.78,0.88,0.23,0.16,0.14,0.02,0.01,-0.02,-0.54,-0.57,-0.6,-0.73,-0.72,-0.73,-0.094,-0.096,-0.107,-0.148,-0.225,-0.233
15-Nov-2016,0.428,0.439,0.613,0.811,0.859,0.952,0.22,0.16,0.13,0.04,0.01,-0.02,-0.55,-0.57,-0.61,-0.71,-0.72,-0.73,-0.093,-0.096,-0.107,-0.148,-0.225,-0.233
16-Nov-2016,0.37,0.389,0.574,0.836,0.87,0.962,0.22,0.16,0.13,0.01,0.01,-0.02,-0.55,-0.57,-0.61,-0.74,-0.72,-0.73,-0.092,-0.096,-0.107,-0.148,-0.225,-0.233
17-Nov-2016,0.31,0.389,0.556,0.824,0.876,0.98,0.22,0.15,0.13,0.02,0.01,-0.02,-0.55,-0.58,-0.61,-0.73,-0.72,-0.73,-0.094,-0.096,-0.11,-0.149,-0.225,-0.233
18-Nov-2016,0.269,0.409,0.557,0.799,0.851,0.96,0.2,0.13,0.13,0.02,0.01,-0.02,-0.57,-0.6,-0.61,-0.73,-0.72,-0.73,-0.096,-0.096,-0.11,-0.149,-0.225,-0.233
21-Nov-2016,0.26,0.438,0.597,0.792,0.83,0.932,0.2,0.13,0.12,0.02,0.01,-0.02,-0.57,-0.6,-0.62,-0.73,-0.72,-0.73,-0.097,-0.1,-0.111,-0.149,-0.225,-0.233
22-Nov-2016,0.265,0.432,0.63,0.805,0.84,0.939,0.2,0.14,0.13,0.02,0.01,-0.02,-0.57,-0.59,-0.61,-0.73,-0.72,-0.73,-0.096,-0.101,-0.113,-0.15,-0.225,-0.233
23-Nov-2016,0.305,0.419,0.653,0.798,0.862,0.973,0.2,0.14,0.13,0.01,-0.02,-0.05,-0.57,-0.59,-0.61,-0.74,-0.75,-0.76,-0.096,-0.101,-0.113,-0.15,-0.225,-0.233
24-Nov-2016,0.305,0.419,0.653,0.798,0.862,0.973,0.21,0.14,0.13,0.01,-0.02,-0.05,-0.56,-0.59,-0.61,-0.74,-0.75,-0.76,-0.096,-0.103,-0.114,-0.149,-0.225,-0.233
25-Nov-2016,0.334,0.408,0.661,0.8,0.865,0.978,0.21,0.15,0.12,0.01,-0.02,-0.05,-0.56,-0.58,-0.62,-0.74,-0.75,-0.76,-0.097,-0.105,-0.115,-0.15,-0.23,-0.233
28-Nov-2016,0.286,0.419,0.658,0.79,0.827,0.932,0.21,0.14,0.12,0.02,-0.02,-0.05,-0.56,-0.59,-0.62,-0.73,-0.75,-0.76,-0.096,-0.107,-0.116,-0.15,-0.225,-0.228
29-Nov-2016,0.3,0.329,0.605,0.755,0.807,0.905,0.21,0.14,0.12,0.02,-0.02,-0.05,-0.56,-0.59,-0.62,-0.73,-0.75,-0.76,-0.098,-0.104,-0.137,-0.15,-0.225,-0.228
30-Nov-2016,0.337,0.353,0.693,0.783,0.825,0.92,0.21,0.14,0.12,0.02,-0.02,-0.05,-0.56,-0.59,-0.62,-0.73,-0.75,-0.76,-0.105,-0.105,-0.152,-0.149,-0.225,-0.228
01-Dec-2016,0.28,0.341,0.701,0.786,0.828,0.929,0.21,0.14,0.12,0.02,-0.02,-0.05,-0.56,-0.59,-0.62,-0.73,-0.75,-0.76,-0.102,-0.106,-0.154,-0.147,-0.225,-0.228
02-Dec-2016,0.28,0.309,0.68,0.782,0.822,0.912,0.22,0.15,0.12,0.06,-0.02,-0.05,-0.55,-0.58,-0.62,-0.69,-0.75,-0.76,-0.098,-0.106,-0.152,-0.148,-0.225,-0.228
05-Dec-2016,0.298,0.319,0.697,0.79,0.831,0.931,0.21,0.15,0.11,0.01,-0.02,-0.05,-0.56,-0.58,-0.63,-0.74,-0.75,-0.76,-0.098,-0.104,-0.152,-0.148,-0.225,-0.228
06-Dec-2016,0.295,0.342,0.752,0.846,0.89,1.001,0.21,0.15,0.11,0.01,-0.02,-0.05,-0.56,-0.58,-0.63,-0.74,-0.75,-0.76,-0.098,-0.101,-0.148,-0.148,-0.225,-0.228
07-Dec-2016,0.296,0.378,0.789,0.835,0.878,0.993,0.21,0.15,0.11,0.01,-0.02,-0.05,-0.56,-0.58,-0.63,-0.74,-0.75,-0.76,-0.097,-0.098,-0.149,-0.15,-0.225,-0.228
08-Dec-2016,0.299,0.378,0.789,0.835,0.887,1.003,0.21,0.15,0.11,0.01,-0.02,-0.05,-0.56,-0.58,-0.63,-0.74,-0.75,-0.76,-0.098,-0.099,-0.149,-0.15,-0.225,-0.228
09-Dec-2016,0.378,0.518,0.95,0.974,0.972,1.044,0.21,0.15,0.11,0.01,-0.02,-0.05,-0.56,-0.58,-0.63,-0.74,-0.75,-0.76,-0.098,-0.101,-0.149,-0.149,-0.225,-0.228
12-Dec-2016,0.375,0.518,0.95,0.977,0.974,1.05,0.21,0.15,0.11,0.01,-0.02,-0.05,-0.56,-0.58,-0.63,-0.74,-0.75,-0.76,-0.097,-0.1,-0.152,-0.149,-0.225,-0.228
13-Dec-2016,0.291,0.57,0.856,0.872,0.913,0.964,0.24,0.18,0.13,0.01,-0.02,-0.05,-0.53,-0.58,-0.61,-0.74,-0.75,-0.76,-0.096,-0.1,-0.154,-0.15,-0.225,-0.228
14-Dec-2016,0.271,0.572,0.837,0.869,0.927,1.016,0.24,0.18,0.13,0.01,-0.02,-0.05,-0.53,-0.55,-0.61,-0.74,-0.75,-0.76,-0.092,-0.101,-0.155,-0.15,-0.225,-0.228
15-Dec-2016,0.548,0.577,0.749,0.791,0.848,1.005,0.24,0.18,0.13,0.01,-0.02,-0.05,-0.53,-0.55,-0.61,-0.74,-0.75,-0.76,-0.08,-0.1,-0.155,-0.15,-0.225,-0.228
16-Dec-2016,0.516,0.544,0.776,0.796,0.849,1.005,0.24,0.18,0.13,0.01,-0.02,-0.05,-0.53,-0.55,-0.61,-0.74,-0.75,-0.76,-0.09,-0.1,-0.155,-0.15,-0.225,-0.228
19-Dec-2016,0.522,0.544,0.782,0.801,0.847,0.998,0.24,0.18,0.13,0.01,-0.02,-0.05,-0.53,-0.55,-0.61,-0.74,-0.75,-0.76,-0.095,-0.099,-0.155,-0.151,-0.225,-0.228
20-Dec-2016,0.486,0.554,0.777,0.803,0.849,0.996,0.24,0.18,0.13,0.01,-0.02,-0.05,-0.53,-0.55,-0.61,-0.74,-0.75,-0.76,-0.096,-0.1,-0.153,-0.151,-0.225,-0.228
21-Dec-2016,0.479,0.555,0.776,0.793,0.839,0.986,0.24,0.18,0.13,0.01,-0.02,-0.05,-0.53,-0.55,-0.61,-0.74,-0.75,-0.76,-0.095,-0.226,-0.149,-0.15,-0.225,-0.228
22-Dec-2016,0.473,0.467,0.781,0.801,0.851,1,0.24,0.18,0.13,0.01,-0.02,-0.05,-0.53,-0.55,-0.61,-0.74,-0.75,-0.76,-0.094,-0.246,-0.153,-0.15,-0.225,-0.228
23-Dec-2016,0.473,0.537,0.781,0.801,0.852,1.005,0.24,0.18,0.13,0.01,-0.02,-0.05,-0.53,-0.55,-0.61,-0.74,-0.75,-0.76,-0.094,-0.246,-0.153,-0.15,-0.225,-0.228
26-Dec-2016,0.473,0.537,0.781,0.801,0.852,1.005,0.24,0.18,0.13,0.01,-0.02,-0.05,-0.53,-0.55,-0.61,-0.74,-0.75,-0.76,-0.094,-0.271,-0.153,-0.15,-0.225,-0.228
27-Dec-2016,0.559,0.537,0.771,0.804,0.856,1.012,0.24,0.18,0.13,0.01,-0.02,-0.05,-0.53,-0.55,-0.61,-0.74,-0.75,-0.76,-0.091,-0.263,-0.151,-0.15,-0.225,-0.228
28-Dec-2016,0.638,0.602,0.689,0.728,0.784,0.932,0.24,0.18,0.13,0.01,-0.02,-0.05,-0.53,-0.55,-0.61,-0.74,-0.75,-0.76,-0.091,-0.299,-0.15,-0.15,-0.225,-0.228
29-Dec-2016,0.553,0.678,0.715,0.731,0.78,0.923,0.24,0.18,0.13,0.01,-0.02,-0.05,-0.53,-0.55,-0.61,-0.74,-0.75,-0.76,-0.093,-0.105,-0.115,-0.161,-0.225,-0.228
30-Dec-2016,0.5,0.697,0.746,0.763,0.792,0.924,0.24,0.18,0.13,0.01,-0.02,-0.05,-0.53,-0.55,-0.61,-0.74,-0.75,-0.76,-0.194,-0.1,-0.112,-0.157,-0.225,-0.228
02-Jan-2017,0.5,0.697,0.746,0.763,0.792,0.924,0.24,0.18,0.13,0.01,-0.02,-0.05,-0.53,-0.55,-0.61,-0.74,-0.75,-0.76,-0.194,-0.1,-0.112,-0.157,-0.225,-0.228
03-Jan-2017,0.5,0.594,0.636,0.666,0.726,0.874,0.24,0.18,0.13,0.01,-0.02,-0.05,-0.53,-0.55,-0.61,-0.74,-0.75,-0.76,-0.194,-0.1,-0.112,-0.157,-0.225,-0.228
04-Jan-2017,0.697,0.694,0.673,0.698,0.766,0.926,0.09,0.03,0.04,-0.08,-0.11,-0.14,-0.68,-0.7,-0.7,-0.83,-0.84,-0.85,-0.095,-0.099,-0.11,-0.155,-0.225,-0.228
05-Jan-2017,0.614,0.639,0.655,0.697,0.771,0.91,0.13,0.07,0.04,0.03,0,-0.05,-0.64,-0.66,-0.7,-0.72,-0.73,-0.75,-0.095,-0.099,-0.109,-0.154,-0.225,-0.228
06-Jan-2017,0.62,0.631,0.647,0.677,0.768,0.926,0.14,0.08,0.05,0.04,0,-0.05,-0.62,-0.65,-0.69,-0.71,-0.73,-0.75,-0.088,-0.097,-0.107,-0.154,-0.225,-0.228
09-Jan-2017,0.586,0.599,0.63,0.67,0.768,0.922,0.14,0.08,0.05,0.04,0,-0.05,-0.62,-0.65,-0.69,-0.71,-0.73,-0.75,-0.088,-0.097,-0.107,-0.154,-0.225,-0.228
10-Jan-2017,0.521,0.557,0.601,0.671,0.759,0.916,0.2,0.14,0.11,0.04,0,-0.05,-0.57,-0.59,-0.63,-0.71,-0.73,-0.75,-0.087,-0.097,-0.105,-0.154,-0.225,-0.228
11-Jan-2017,0.565,0.561,0.616,0.693,0.777,0.926,0.24,0.18,0.15,0.07,0,-0.05,-0.53,-0.55,-0.59,-0.68,-0.73,-0.75,-0.085,-0.096,-0.105,-0.154,-0.225,-0.228
12-Jan-2017,0.633,0.603,0.611,0.684,0.767,0.915,0.25,0.19,0.16,0.1,0.05,-0.05,-0.52,-0.54,-0.58,-0.65,-0.68,-0.73,-0.087,-0.097,-0.106,-0.154,-0.225,-0.228
13-Jan-2017,0.656,0.654,0.649,0.679,0.764,0.925,0.25,0.19,0.16,0.09,0.05,-0.02,-0.52,-0.54,-0.58,-0.66,-0.68,-0.73,-0.087,-0.099,-0.11,-0.154,-0.225,-0.228
16-Jan-2017,0.656,0.654,0.649,0.678,0.759,0.918,0.25,0.19,0.16,0.09,0.05,-0.02,-0.52,-0.54,-0.58,-0.66,-0.68,-0.73,-0.105,-0.104,-0.115,-0.154,-0.225,-0.228
17-Jan-2017,0.724,0.671,0.667,0.694,0.754,0.942,0.25,0.19,0.16,0.08,0.05,-0.02,-0.52,-0.54,-0.58,-0.67,-0.68,-0.73,-0.102,-0.113,-0.12,-0.154,-0.225,-0.228
18-Jan-2017,0.733,0.668,0.666,0.701,0.794,0.964,0.25,0.19,0.16,0.08,0.05,-0.02,-0.52,-0.54,-0.58,-0.67,-0.68,-0.73,-0.1,-0.111,-0.121,-0.154,-0.225,-0.228
19-Jan-2017,0.58,0.594,0.626,0.694,0.768,0.925,0.25,0.19,0.16,0.08,0.05,-0.02,-0.52,-0.54,-0.58,-0.67,-0.68,-0.73,-0.098,-0.107,-0.12,-0.154,-0.225,-0.228
20-Jan-2017,0.54,0.578,0.61,0.672,0.743,0.931,0.24,0.18,0.15,0.08,0.04,-0.02,-0.53,-0.55,-0.59,-0.67,-0.69,-0.73,-0.098,-0.108,-0.119,-0.153,-0.225,-0.228
23-Jan-2017,0.507,0.592,0.64,0.681,0.779,0.95,0.28,0.21,0.16,0.06,0.02,-0.02,-0.49,-0.52,-0.58,-0.69,-0.71,-0.73,-0.097,-0.112,-0.118,-0.153,-0.225,-0.228
24-Jan-2017,0.6,0.592,0.637,0.698,0.768,0.907,0.26,0.2,0.15,0.09,0.03,-0.03,-0.5,-0.53,-0.59,-0.66,-0.7,-0.73,-0.097,-0.116,-0.119,-0.152,-0.225,-0.228
25-Jan-2017,0.614,0.592,0.627,0.681,0.775,0.928,0.26,0.2,0.15,0.09,0.04,-0.02,-0.5,-0.53,-0.59,-0.66,-0.69,-0.73,-0.096,-0.118,-0.12,-0.152,-0.225,-0.228
26-Jan-2017,0.621,0.603,0.618,0.674,0.757,0.93,0.26,0.2,0.15,0.09,0.04,-0.02,-0.5,-0.53,-0.59,-0.66,-0.69,-0.73,-0.096,-0.119,-0.12,-0.152,-0.225,-0.228
27-Jan-2017,0.595,0.603,0.617,0.671,0.762,0.945,0.26,0.2,0.15,0.09,0.04,-0.02,-0.5,-0.53,-0.59,-0.66,-0.69,-0.73,-0.096,-0.121,-0.122,-0.152,-0.225,-0.228
30-Jan-2017,0.604,0.615,0.629,0.696,0.786,0.932,0.26,0.2,0.15,0.09,0.04,-0.02,-0.5,-0.53,-0.59,-0.66,-0.69,-0.73,-0.095,-0.11,-0.12,-0.152,-0.225,-0.228
31-Jan-2017,0.61,0.633,0.651,0.701,0.785,0.928,0.26,0.2,0.15,0.1,0.06,-0.02,-0.5,-0.53,-0.59,-0.65,-0.67,-0.73,-0.106,-0.11,-0.119,-0.153,-0.225,-0.228
01-Feb-2017,0.638,0.638,0.627,0.684,0.767,0.911,0.26,0.2,0.15,0.1,0.06,-0.02,-0.5,-0.53,-0.59,-0.65,-0.67,-0.73,-0.104,-0.111,-0.12,-0.153,-0.225,-0.228
02-Feb-2017,0.611,0.638,0.637,0.716,0.789,0.932,0.23,0.16,0.11,0.08,0.05,-0.02,-0.54,-0.57,-0.63,-0.67,-0.68,-0.73,-0.102,-0.11,-0.12,-0.153,-0.225,-0.228
03-Feb-2017,0.61,0.615,0.607,0.691,0.783,0.942,0.22,0.15,0.1,0.08,0.04,-0.02,-0.55,-0.58,-0.64,-0.67,-0.69,-0.73,-0.099,-0.109,-0.119,-0.153,-0.225,-0.228
06-Feb-2017,0.6,0.61,0.616,0.676,0.781,0.947,0.22,0.15,0.1,0.08,0.04,-0.02,-0.55,-0.58,-0.64,-0.67,-0.69,-0.73,-0.097,-0.106,-0.118,-0.152,-0.225,-0.228
07-Feb-2017,0.562,0.61,0.614,0.696,0.787,0.943,0.22,0.16,0.11,0.07,0.04,-0.02,-0.54,-0.57,-0.63,-0.68,-0.69,-0.73,-0.095,-0.101,-0.118,-0.153,-0.225,-0.228
08-Feb-2017,0.55,0.6,0.644,0.689,0.771,0.929,0.23,0.17,0.12,0.07,0.04,-0.02,-0.53,-0.56,-0.62,-0.68,-0.69,-0.73,-0.096,-0.101,-0.117,-0.153,-0.225,-0.228
09-Feb-2017,0.65,0.63,0.661,0.699,0.787,0.952,0.23,0.17,0.12,0.07,0.04,-0.02,-0.53,-0.56,-0.62,-0.68,-0.69,-0.73,-0.095,-0.103,-0.117,-0.153,-0.211,-0.223
10-Feb-2017,0.616,0.623,0.66,0.701,0.789,0.948,0.2,0.13,0.08,0.07,0.04,-0.02,-0.57,-0.6,-0.66,-0.68,-0.69,-0.73,-0.093,-0.103,-0.115,-0.151,-0.208,-0.219
13-Feb-2017,0.58,0.633,0.648,0.703,0.794,0.957,0.19,0.12,0.07,0.06,0.04,-0.02,-0.58,-0.61,-0.67,-0.69,-0.69,-0.7,-0.087,-0.1,-0.115,-0.151,-0.208,-0.219
14-Feb-2017,0.587,0.617,0.649,0.705,0.79,0.949,0.19,0.12,0.07,0.06,0.04,0,-0.58,-0.61,-0.67,-0.69,-0.69,-0.7,-0.085,-0.095,-0.114,-0.149,-0.208,-0.219
15-Feb-2017,0.64,0.64,0.632,0.704,0.794,1.02,0.18,0.11,0.06,0.06,0.02,-0.01,-0.59,-0.62,-0.68,-0.69,-0.71,-0.72,-0.079,-0.096,-0.114,-0.149,-0.208,-0.219
16-Feb-2017,0.576,0.621,0.629,0.729,0.805,1.027,0.18,0.11,0.06,0.05,0.02,-0.01,-0.59,-0.62,-0.68,-0.7,-0.71,-0.72,-0.088,-0.098,-0.114,-0.149,-0.208,-0.219
17-Feb-2017,0.512,0.585,0.628,0.734,0.847,1.023,0.18,0.11,0.06,0.05,0.02,-0.01,-0.59,-0.62,-0.68,-0.7,-0.71,-0.72,-0.086,-0.097,-0.116,-0.149,-0.207,-0.219
20-Feb-2017,0.512,0.585,0.628,0.734,0.848,1.025,0.18,0.11,0.06,0.05,0.02,-0.01,-0.59,-0.62,-0.68,-0.7,-0.71,-0.72,-0.087,-0.106,-0.115,-0.149,-0.204,-0.219
21-Feb-2017,0.497,0.513,0.615,0.742,0.864,1.047,0.18,0.11,0.06,0.05,0.02,-0.01,-0.59,-0.62,-0.68,-0.7,-0.71,-0.72,-0.089,-0.106,-0.113,-0.144,-0.202,-0.218
22-Feb-2017,0.49,0.61,0.671,0.752,0.864,1.052,0.18,0.11,0.06,0.05,0.02,-0.01,-0.59,-0.62,-0.68,-0.7,-0.71,-0.72,-0.088,-0.104,-0.114,-0.144,-0.202,-0.218
23-Feb-2017,0.49,0.628,0.669,0.734,0.844,1.042,0.18,0.11,0.06,0.05,0.02,-0.03,-0.59,-0.62,-0.68,-0.7,-0.71,-0.74,-0.089,-0.105,-0.113,-0.144,-0.202,-0.218
24-Feb-2017,0.555,0.599,0.676,0.732,0.87,1.052,0.16,0.1,0.05,0.04,0.02,-0.03,-0.6,-0.63,-0.69,-0.71,-0.71,-0.74,-0.089,-0.109,-0.113,-0.144,-0.202,-0.218
27-Feb-2017,0.52,0.571,0.661,0.734,0.869,1.068,0.16,0.1,0.05,0.04,0.02,-0.03,-0.6,-0.63,-0.69,-0.71,-0.71,-0.74,-0.092,-0.104,-0.131,-0.144,-0.201,-0.218
28-Feb-2017,0.597,0.6,0.687,0.77,0.914,1.125,0.16,0.1,0.05,0.04,0.02,-0.05,-0.6,-0.63,-0.69,-0.71,-0.71,-0.75,-0.099,-0.105,-0.144,-0.145,-0.201,-0.218
01-Mar-2017,0.552,0.531,0.67,0.804,0.911,1.144,0.16,0.1,0.05,0.04,0.02,-0.05,-0.6,-0.63,-0.69,-0.71,-0.71,-0.75,-0.093,-0.105,-0.159,-0.145,-0.201,-0.218
02-Mar-2017,0.538,0.59,0.681,0.827,0.968,1.125,0.14,0.07,0.02,0.01,0,-0.05,-0.63,-0.66,-0.72,-0.74,-0.73,-0.75,-0.094,-0.106,-0.166,-0.145,-0.201,-0.218
03-Mar-2017,0.53,0.577,0.693,0.833,0.926,1.143,0.21,0.15,0.07,0.01,0,-0.07,-0.56,-0.58,-0.67,-0.74,-0.73,-0.78,-0.097,-0.129,-0.189,-0.147,-0.201,-0.218
06-Mar-2017,0.521,0.546,0.706,0.833,0.938,1.144,0.19,0.12,0.05,0,0,-0.07,-0.58,-0.61,-0.69,-0.75,-0.73,-0.77,-0.099,-0.149,-0.192,-0.156,-0.203,-0.223
07-Mar-2017,0.53,0.573,0.714,0.827,0.945,1.145,0.19,0.12,0.05,0,0,-0.07,-0.58,-0.61,-0.69,-0.75,-0.73,-0.77,-0.099,-0.147,-0.193,-0.156,-0.203,-0.223
08-Mar-2017,0.536,0.609,0.733,0.841,1.015,1.202,0.18,0.11,0.04,-0.01,0,-0.07,-0.59,-0.62,-0.7,-0.76,-0.73,-0.77,-0.1,-0.142,-0.196,-0.159,-0.204,-0.223
09-Mar-2017,0.516,0.705,0.757,0.854,1.01,1.192,0.18,0.11,0.04,-0.01,0,-0.07,-0.59,-0.62,-0.7,-0.76,-0.73,-0.77,-0.097,-0.133,-0.202,-0.159,-0.204,-0.223
10-Mar-2017,0.536,0.744,0.768,0.858,1.014,1.166,0.17,0.1,0.03,-0.01,0,-0.07,-0.6,-0.63,-0.71,-0.76,-0.73,-0.77,-0.094,-0.123,-0.205,-0.159,-0.204,-0.223
13-Mar-2017,0.52,0.777,0.801,0.875,1.006,1.176,0.17,0.1,0.03,-0.02,0,-0.07,-0.6,-0.63,-0.71,-0.77,-0.73,-0.77,-0.089,-0.12,-0.233,-0.159,-0.204,-0.223
14-Mar-2017,0.581,0.789,0.807,0.88,1.008,1.176,0.14,0.07,0,-0.04,-0.05,-0.1,-0.63,-0.66,-0.71,-0.79,-0.78,-0.8,-0.089,-0.118,-0.247,-0.163,-0.204,-0.223
15-Mar-2017,0.597,0.812,0.821,0.898,0.983,1.189,0.14,0.07,0,-0.04,-0.06,-0.1,-0.63,-0.66,-0.74,-0.79,-0.79,-0.8,-0.088,-0.117,-0.251,-0.165,-0.204,-0.223
16-Mar-2017,0.758,0.815,0.83,0.904,1,1.245,0.14,0.08,0,-0.04,-0.06,-0.1,-0.63,-0.65,-0.74,-0.79,-0.79,-0.8,-0.09,-0.115,-0.25,-0.165,-0.204,-0.223
17-Mar-2017,0.756,0.821,0.832,0.921,1.041,1.225,0.14,0.08,0,-0.04,-0.06,-0.09,-0.63,-0.65,-0.74,-0.79,-0.79,-0.8,-0.084,-0.108,-0.261,-0.17,-0.204,-0.223
20-Mar-2017,0.76,0.795,0.82,0.921,1.033,1.214,0.14,0.08,0,-0.05,-0.08,-0.1,-0.63,-0.65,-0.74,-0.8,-0.81,-0.81,-0.084,-0.108,-0.261,-0.17,-0.204,-0.223
21-Mar-2017,0.763,0.786,0.812,0.895,1.015,1.166,0.14,0.08,0,-0.05,-0.09,-0.1,-0.63,-0.65,-0.74,-0.8,-0.82,-0.81,-0.088,-0.105,-0.258,-0.166,-0.204,-0.223
22-Mar-2017,0.76,0.777,0.814,0.906,1.017,1.177,0.14,0.08,0,-0.05,-0.09,-0.1,-0.63,-0.65,-0.74,-0.8,-0.82,-0.81,-0.086,-0.102,-0.267,-0.168,-0.204,-0.223
23-Mar-2017,0.792,0.771,0.811,0.887,0.985,1.138,0.15,0.08,0.01,0,-0.09,-0.09,-0.62,-0.65,-0.73,-0.75,-0.8,-0.79,-0.086,-0.788,-0.28,-0.169,-0.204,-0.223
24-Mar-2017,0.839,0.776,0.819,0.9,1.003,1.142,0.16,0.09,0.02,0.01,-0.05,-0.07,-0.61,-0.64,-0.72,-0.74,-0.78,-0.77,-0.066,-0.145,-0.123,-0.154,-0.198,-0.222
27-Mar-2017,0.83,0.76,0.817,0.877,0.981,1.146,0.2,0.13,0.06,0.05,-0.03,-0.05,-0.57,-0.6,-0.68,-0.7,-0.76,-0.75,-0.057,-0.152,-0.122,-0.154,-0.198,-0.222
28-Mar-2017,0.803,0.776,0.84,0.886,0.994,1.159,0.2,0.13,0.06,0.05,-0.03,-0.05,-0.57,-0.6,-0.68,-0.7,-0.76,-0.75,-0.058,-0.362,-0.145,-0.154,-0.198,-0.222
29-Mar-2017,0.807,0.796,0.837,0.891,0.992,1.139,0.28,0.21,0.14,0.06,0,-0.02,-0.49,-0.52,-0.6,-0.69,-0.73,-0.72,-0.045,-0.556,-0.166,-0.155,-0.198,-0.222
30-Mar-2017,0.86,0.859,0.859,0.888,0.993,1.143,0.35,0.28,0.21,0.12,0.06,0.05,-0.42,-0.45,-0.53,-0.63,-0.67,-0.66,-0.044,-0.099,-0.115,-0.145,-0.196,-0.217
31-Mar-2017,1.036,0.871,0.872,0.905,0.989,1.143,0.35,0.28,0.21,0.12,0.07,0.05,-0.42,-0.45,-0.53,-0.63,-0.66,-0.65,-0.52,-0.093,-0.114,-0.148,-0.196,-0.216
03-Apr-2017,0.83,0.83,0.836,0.889,0.981,1.126,0.35,0.28,0.21,0.12,0.07,0.05,-0.42,-0.45,-0.53,-0.63,-0.66,-0.65,-0.053,-0.086,-0.11,-0.148,-0.195,-0.216
04-Apr-2017,0.83,0.826,0.831,0.875,0.969,1.116,0.35,0.28,0.21,0.12,0.07,0.05,-0.42,-0.45,-0.53,-0.63,-0.66,-0.65,-0.054,-0.084,-0.11,-0.149,-0.195,-0.216
05-Apr-2017,0.859,0.848,0.84,0.88,0.983,1.109,0.35,0.28,0.21,0.1,0.05,0.04,-0.42,-0.45,-0.53,-0.65,-0.68,-0.67,-0.047,-0.081,-0.107,-0.144,-0.195,-0.215
06-Apr-2017,0.9,0.875,0.879,0.917,1.002,1.243,0.35,0.28,0.21,0.1,0.05,0.04,-0.42,-0.45,-0.53,-0.65,-0.68,-0.67,-0.044,-0.071,-0.102,-0.142,-0.192,-0.212
07-Apr-2017,0.9,0.877,0.88,0.916,0.999,1.246,0.29,0.23,0.15,0.09,0.03,0.02,-0.48,-0.5,-0.59,-0.66,-0.7,-0.69,-0.034,-0.069,-0.102,-0.139,-0.193,-0.212
10-Apr-2017,0.87,0.861,0.855,0.898,0.978,1.158,0.3,0.24,0.16,0.09,0.03,0.02,-0.47,-0.49,-0.58,-0.66,-0.7,-0.69,-0.03,-0.068,-0.102,-0.139,-0.189,-0.211
11-Apr-2017,0.865,0.862,0.857,0.898,0.986,1.126,0.3,0.24,0.16,0.09,0.03,0.02,-0.47,-0.49,-0.58,-0.66,-0.7,-0.69,-0.027,-0.068,-0.102,-0.135,-0.189,-0.211
12-Apr-2017,0.897,0.876,0.869,0.92,1.007,1.115,0.3,0.24,0.16,0.09,0.03,-0.04,-0.47,-0.49,-0.58,-0.66,-0.7,-0.74,-0.024,-0.069,-0.101,-0.133,-0.187,-0.211
13-Apr-2017,1.002,0.985,0.941,0.977,1.045,1.146,0.3,0.24,0.16,0.09,0.03,-0.04,-0.47,-0.49,-0.58,-0.66,-0.7,-0.74,-0.026,-0.078,-0.102,-0.13,-0.187,-0.211
14-Apr-2017,1.002,0.985,0.941,0.977,1.045,1.146,0.3,0.24,0.16,0.09,0.03,-0.04,-0.47,-0.49,-0.58,-0.66,-0.7,-0.74,-0.059,-0.095,-0.11,-0.129,-0.186,-0.211
17-Apr-2017,1.027,1.005,0.976,1.005,1.049,1.15,0.3,0.24,0.16,0.09,0.03,-0.04,-0.47,-0.49,-0.58,-0.66,-0.7,-0.74,-0.082,-0.1,-0.114,-0.13,-0.186,-0.211
18-Apr-2017,0.93,0.925,0.919,0.957,1.039,1.126,0.3,0.24,0.16,0.09,0.03,-0.04,-0.47,-0.49,-0.58,-0.66,-0.7,-0.74,-0.087,-0.104,-0.118,-0.131,-0.186,-0.211
19-Apr-2017,0.853,0.85,0.867,0.951,1.014,1.123,0.3,0.24,0.16,0.09,0.03,-0.04,-0.47,-0.49,-0.58,-0.66,-0.7,-0.74,-0.088,-0.104,-0.12,-0.131,-0.181,-0.211
20-Apr-2017,0.853,0.786,0.865,0.94,1.014,1.136,0.3,0.24,0.16,0.09,0.03,-0.04,-0.47,-0.49,-0.58,-0.66,-0.7,-0.74,-0.09,-0.116,-0.122,-0.13,-0.181,-0.211
21-Apr-2017,0.807,0.78,0.9,0.961,1.026,1.146,0.29,0.23,0.15,0.09,0.03,-0.04,-0.48,-0.5,-0.59,-0.66,-0.7,-0.74,-0.091,-0.12,-0.121,-0.13,-0.182,-0.211
24-Apr-2017,0.807,0.801,0.896,0.981,1.062,1.192,0.29,0.23,0.15,0.09,0.04,-0.02,-0.48,-0.5,-0.59,-0.66,-0.69,-0.72,-0.09,-0.121,-0.121,-0.132,-0.182,-0.211
25-Apr-2017,0.84,0.809,0.857,0.961,1.065,1.201,0.29,0.23,0.15,0.09,0.04,-0.01,-0.48,-0.5,-0.59,-0.66,-0.69,-0.72,-0.094,-0.121,-0.121,-0.131,-0.182,-0.211
26-Apr-2017,0.874,0.801,0.855,0.965,1.065,1.194,0.29,0.23,0.15,0.09,0.04,-0.01,-0.48,-0.5,-0.59,-0.66,-0.69,-0.72,-0.095,-0.146,-0.125,-0.131,-0.182,-0.211
27-Apr-2017,0.903,0.902,0.901,0.996,1.075,1.188,0.29,0.23,0.15,0.09,0.03,-0.02,-0.48,-0.5,-0.59,-0.66,-0.7,-0.73,-0.095,-0.119,-0.121,-0.131,-0.182,-0.211
28-Apr-2017,0.97,0.891,0.888,1.001,1.071,1.196,0.29,0.23,0.15,0.09,0.03,-0.02,-0.48,-0.5,-0.59,-0.66,-0.7,-0.73,-0.089,-0.117,-0.12,-0.131,-0.182,-0.211
01-May-2017,0.919,0.884,0.888,1.006,1.087,1.214,0.29,0.23,0.15,0.09,0.03,-0.02,-0.48,-0.5,-0.59,-0.66,-0.7,-0.73,-0.092,-0.109,-0.115,-0.13,-0.182,-0.211
02-May-2017,0.85,0.851,0.853,1.017,1.098,1.205,0.29,0.23,0.15,0.09,0.03,-0.02,-0.48,-0.5,-0.59,-0.66,-0.7,-0.73,-0.086,-0.099,-0.112,-0.13,-0.182,-0.211
03-May-2017,0.85,0.884,0.885,1.016,1.102,1.237,0.27,0.21,0.13,0.09,0.03,-0.02,-0.5,-0.52,-0.61,-0.66,-0.7,-0.73,-0.086,-0.099,-0.112,-0.13,-0.182,-0.211
04-May-2017,0.86,0.867,0.878,1.013,1.106,1.232,0.27,0.21,0.13,0.09,0.03,-0.02,-0.5,-0.52,-0.61,-0.66,-0.7,-0.73,-0.086,-0.099,-0.112,-0.13,-0.182,-0.211
05-May-2017,0.833,0.847,0.863,1.007,1.104,1.221,0.27,0.21,0.13,0.09,0.03,-0.01,-0.5,-0.52,-0.61,-0.66,-0.7,-0.72,-0.086,-0.099,-0.112,-0.13,-0.182,-0.211
08-May-2017,0.85,0.857,0.863,1,1.077,1.227,0.27,0.21,0.13,0.09,0.03,0,-0.5,-0.52,-0.61,-0.66,-0.7,-0.71,-0.082,-0.091,-0.105,-0.127,-0.182,-0.211
09-May-2017,0.814,0.835,0.858,1.047,1.142,1.261,0.27,0.21,0.13,0.09,0.03,0,-0.5,-0.52,-0.61,-0.66,-0.7,-0.71,-0.09,-0.103,-0.11,-0.13,-0.18,-0.209
10-May-2017,0.821,0.851,0.85,1.056,1.143,1.262,0.27,0.21,0.13,0.09,0.01,0,-0.5,-0.52,-0.61,-0.66,-0.72,-0.71,-0.107,-0.104,-0.11,-0.129,-0.18,-0.209
11-May-2017,0.85,0.86,0.859,1.052,1.127,1.248,0.26,0.2,0.12,0.09,0.02,-0.01,-0.5,-0.53,-0.62,-0.66,-0.71,-0.71,-0.097,-0.101,-0.109,-0.129,-0.179,-0.209
12-May-2017,0.819,0.85,0.877,1.064,1.123,1.215,0.26,0.2,0.12,0.09,0.03,-0.01,-0.5,-0.53,-0.62,-0.66,-0.7,-0.71,-0.087,-0.097,-0.106,-0.129,-0.178,-0.207
15-May-2017,0.825,0.846,0.903,1.081,1.147,1.245,0.26,0.2,0.12,0.09,0.02,-0.01,-0.5,-0.53,-0.62,-0.66,-0.71,-0.71,-0.072,-0.096,-0.106,-0.129,-0.178,-0.207
16-May-2017,0.828,0.815,0.872,1.086,1.172,1.261,0.25,0.19,0.11,0.09,0.02,-0.01,-0.51,-0.54,-0.63,-0.66,-0.71,-0.71,-0.092,-0.097,-0.107,-0.129,-0.178,-0.207
17-May-2017,0.84,0.815,0.868,1.066,1.135,1.208,0.25,0.19,0.11,0.09,0.02,-0.01,-0.51,-0.54,-0.63,-0.66,-0.71,-0.71,-0.093,-0.095,-0.109,-0.128,-0.178,-0.207
18-May-2017,0.86,0.82,0.897,1.091,1.168,1.245,0.25,0.19,0.11,0.08,0.02,-0.01,-0.51,-0.54,-0.63,-0.67,-0.71,-0.71,-0.093,-0.093,-0.107,-0.127,-0.176,-0.205
19-May-2017,0.82,0.813,0.904,1.092,1.153,1.234,0.25,0.19,0.11,0.08,0.02,-0.01,-0.51,-0.54,-0.63,-0.67,-0.71,-0.71,-0.092,-0.092,-0.105,-0.126,-0.176,-0.205
22-May-2017,0.794,0.815,0.888,1.103,1.164,1.248,0.25,0.19,0.11,0.08,0.02,-0.01,-0.51,-0.54,-0.63,-0.67,-0.71,-0.71,-0.085,-0.091,-0.104,-0.126,-0.176,-0.205
23-May-2017,0.789,0.809,0.893,1.108,1.174,1.262,0.25,0.19,0.11,0.08,0.02,-0.01,-0.51,-0.54,-0.63,-0.67,-0.71,-0.71,-0.086,-0.096,-0.104,-0.126,-0.176,-0.205
24-May-2017,0.87,0.849,0.939,1.094,1.154,1.231,0.25,0.19,0.11,0.08,0.04,-0.01,-0.51,-0.54,-0.63,-0.67,-0.69,-0.72,-0.083,-0.097,-0.104,-0.126,-0.176,-0.205
25-May-2017,0.87,0.88,0.982,1.108,1.17,1.249,0.25,0.19,0.11,0.08,0.04,-0.01,-0.51,-0.54,-0.63,-0.67,-0.69,-0.72,-0.083,-0.095,-0.102,-0.124,-0.176,-0.205
26-May-2017,0.93,0.926,1.013,1.103,1.163,1.243,0.25,0.19,0.11,0.08,0.04,-0.01,-0.51,-0.54,-0.63,-0.67,-0.69,-0.72,-0.064,-0.094,-0.101,-0.123,-0.172,-0.205
29-May-2017,0.93,0.934,1.014,1.103,1.161,1.241,0.25,0.19,0.11,0.08,0.04,-0.01,-0.51,-0.54,-0.63,-0.67,-0.69,-0.72,-0.071,-0.094,-0.101,-0.123,-0.172,-0.203
30-May-2017,0.89,0.89,1.027,1.111,1.168,1.242,0.25,0.18,0.11,0.08,0.04,-0.01,-0.52,-0.55,-0.63,-0.67,-0.69,-0.72,-0.077,-0.092,-0.126,-0.121,-0.169,-0.2
31-May-2017,0.966,1,1.067,1.132,1.182,1.256,0.18,0.11,0.04,0.08,0.04,-0.01,-0.59,-0.62,-0.7,-0.67,-0.69,-0.72,-0.078,-0.085,-0.121,-0.119,-0.166,-0.198
01-Jun-2017,0.96,0.96,1.095,1.136,1.185,1.258,0.17,0.11,0.03,0.08,0.04,-0.01,-0.59,-0.62,-0.71,-0.67,-0.69,-0.72,-0.074,-0.081,-0.119,-0.118,-0.166,-0.198
02-Jun-2017,0.913,0.933,1.084,1.14,1.187,1.258,0.22,0.15,0.03,0.08,0.04,-0.01,-0.55,-0.58,-0.71,-0.67,-0.69,-0.72,-0.074,-0.081,-0.117,-0.116,-0.166,-0.198
05-Jun-2017,0.923,0.933,1.095,1.143,1.187,1.263,0.21,0.15,0.03,0.07,0.04,-0.01,-0.55,-0.58,-0.71,-0.68,-0.69,-0.72,-0.074,-0.079,-0.113,-0.116,-0.161,-0.196
06-Jun-2017,0.93,0.954,1.098,1.143,1.183,1.252,0.21,0.15,0.03,0.07,0.04,-0.01,-0.55,-0.58,-0.71,-0.68,-0.69,-0.72,-0.071,-0.078,-0.11,-0.114,-0.158,-0.194
07-Jun-2017,0.94,1.003,1.128,1.169,1.207,1.276,0.22,0.16,0.03,0.07,0.04,-0.01,-0.54,-0.57,-0.71,-0.68,-0.69,-0.72,-0.072,-0.077,-0.104,-0.108,-0.154,-0.193
08-Jun-2017,0.99,1.003,1.153,1.176,1.214,1.282,0.21,0.14,0.03,0.06,0.02,-0.01,-0.56,-0.59,-0.71,-0.69,-0.71,-0.72,-0.068,-0.073,-0.097,-0.101,-0.14,-0.187
09-Jun-2017,1.008,1.118,1.145,1.176,1.213,1.282,0.21,0.14,0.03,0.06,0.02,-0.01,-0.56,-0.59,-0.71,-0.69,-0.71,-0.72,-0.072,-0.077,-0.101,-0.102,-0.137,-0.186
12-Jun-2017,1.02,1.114,1.153,1.178,1.212,1.283,0.21,0.14,0.04,0.06,0.02,-0.01,-0.56,-0.59,-0.7,-0.69,-0.71,-0.72,-0.077,-0.087,-0.103,-0.106,-0.136,-0.185
13-Jun-2017,1.02,1.16,1.159,1.178,1.215,1.287,0.24,0.18,0.06,0.06,0.02,-0.01,-0.52,-0.55,-0.68,-0.69,-0.71,-0.72,-0.083,-0.087,-0.101,-0.104,-0.137,-0.184
14-Jun-2017,1.02,1.195,1.188,1.222,1.263,1.328,0.26,0.2,0.09,0.08,0.03,0,-0.5,-0.53,-0.65,-0.67,-0.7,-0.71,-0.088,-0.087,-0.101,-0.102,-0.137,-0.184
15-Jun-2017,1.3,1.226,1.219,1.238,1.272,1.335,0.26,0.2,0.09,0.08,0.03,0,-0.5,-0.53,-0.65,-0.67,-0.7,-0.71,-0.085,-0.083,-0.099,-0.102,-0.135,-0.183
16-Jun-2017,1.267,1.189,1.207,1.22,1.264,1.325,0.26,0.2,0.09,0.09,0.03,0,-0.5,-0.53,-0.65,-0.66,-0.7,-0.71,-0.078,-0.083,-0.098,-0.101,-0.135,-0.183
19-Jun-2017,1.267,1.172,1.213,1.228,1.26,1.328,0.28,0.21,0.12,0.11,0.05,0.01,-0.49,-0.52,-0.62,-0.64,-0.68,-0.69,-0.077,-0.081,-0.098,-0.102,-0.135,-0.183
20-Jun-2017,1.098,1.202,1.214,1.227,1.261,1.325,0.28,0.21,0.12,0.11,0.05,0.01,-0.49,-0.52,-0.62,-0.64,-0.68,-0.69,-0.074,-0.08,-0.095,-0.101,-0.134,-0.179
21-Jun-2017,1.06,1.197,1.199,1.241,1.273,1.334,0.28,0.21,0.11,0.11,0.05,0.01,-0.49,-0.52,-0.63,-0.64,-0.68,-0.69,-0.076,-0.077,-0.094,-0.1,-0.131,-0.17
22-Jun-2017,1.08,1.173,1.203,1.232,1.262,1.323,0.28,0.21,0.11,0.11,0.05,0.01,-0.49,-0.52,-0.63,-0.64,-0.68,-0.69,-0.07,-0.092,-0.092,-0.1,-0.131,-0.168
23-Jun-2017,1.18,1.177,1.203,1.232,1.265,1.331,-0.03,-0.1,0.11,0.11,0.06,0.01,-0.8,-0.83,-0.63,-0.64,-0.67,-0.69,-0.064,-0.089,-0.09,-0.098,-0.131,-0.164
26-Jun-2017,1.144,1.137,1.196,1.224,1.26,1.329,-0.03,-0.1,0.11,0.11,0.06,0.01,-0.8,-0.83,-0.63,-0.64,-0.67,-0.69,-0.061,-0.085,-0.088,-0.096,-0.13,-0.161
27-Jun-2017,1.107,1.136,1.198,1.229,1.265,1.344,-0.04,-0.11,0.1,0.11,0.06,0.01,-0.81,-0.84,-0.64,-0.64,-0.67,-0.69,-0.064,-0.083,-0.086,-0.094,-0.128,-0.157
28-Jun-2017,1.135,1.137,1.16,1.188,1.224,1.311,-0.04,-0.11,0.1,0.11,0.06,0.02,-0.81,-0.84,-0.64,-0.64,-0.67,-0.68,-0.065,-0.092,-0.086,-0.095,-0.129,-0.159
29-Jun-2017,1.172,1.16,1.161,1.176,1.223,1.312,-0.11,-0.15,0.15,0.12,0.08,0.02,-0.88,-0.88,-0.59,-0.63,-0.65,-0.68,-0.068,-0.076,-0.083,-0.098,-0.126,-0.158
30-Jun-2017,1.382,1.396,1.243,1.246,1.279,1.364,-0.11,-0.15,0.15,0.12,0.08,0.02,-0.88,-0.88,-0.59,-0.63,-0.65,-0.68,-0.112,-0.07,-0.079,-0.098,-0.124,-0.155
03-Jul-2017,1.233,1.249,1.246,1.252,1.288,1.38,-0.11,-0.15,0.15,0.12,0.08,0.02,-0.88,-0.88,-0.59,-0.63,-0.65,-0.68,-0.062,-0.063,-0.075,-0.093,-0.121,-0.15
04-Jul-2017,1.233,1.242,1.242,1.252,1.288,1.378,-0.12,-0.16,0.14,0.12,0.08,0.02,-0.89,-0.89,-0.6,-0.63,-0.65,-0.68,-0.062,-0.062,-0.074,-0.093,-0.119,-0.149
05-Jul-2017,1.233,1.208,1.212,1.242,1.286,1.382,-0.11,-0.15,0.14,0.12,0.08,0.02,-0.88,-0.88,-0.6,-0.63,-0.65,-0.68,-0.063,-0.068,-0.077,-0.096,-0.121,-0.151
06-Jul-2017,1.07,1.168,1.184,1.227,1.276,1.38,-0.11,-0.15,0.14,0.12,0.08,0.02,-0.88,-0.88,-0.6,-0.63,-0.65,-0.68,-0.07,-0.078,-0.08,-0.097,-0.121,-0.151
07-Jul-2017,1.066,1.166,1.171,1.201,1.251,1.346,-0.11,-0.15,0.14,0.12,0.08,0.02,-0.88,-0.88,-0.6,-0.63,-0.65,-0.68,-0.077,-0.085,-0.089,-0.098,-0.123,-0.151
10-Jul-2017,1.02,1.141,1.154,1.195,1.24,1.337,-0.11,-0.15,0.14,0.12,0.08,0.02,-0.88,-0.88,-0.6,-0.63,-0.65,-0.68,-0.083,-0.092,-0.092,-0.099,-0.121,-0.151
11-Jul-2017,1.027,1.13,1.154,1.184,1.228,1.313,-0.12,-0.16,0.13,0.12,0.08,0.02,-0.89,-0.89,-0.61,-0.63,-0.65,-0.68,-0.087,-0.092,-0.092,-0.1,-0.121,-0.151
12-Jul-2017,1.027,1.123,1.144,1.182,1.216,1.293,-0.12,-0.16,0.13,0.12,0.08,0.02,-0.89,-0.89,-0.61,-0.63,-0.65,-0.68,-0.086,-0.093,-0.094,-0.1,-0.121,-0.151
13-Jul-2017,1.07,1.123,1.144,1.18,1.229,1.31,-0.12,-0.16,0.13,0.12,0.08,0.02,-0.89,-0.89,-0.61,-0.63,-0.65,-0.68,-0.082,-0.088,-0.091,-0.1,-0.121,-0.151
14-Jul-2017,1.07,1.128,1.143,1.175,1.233,1.309,-0.12,-0.16,0.13,0.12,0.08,0.02,-0.89,-0.89,-0.61,-0.63,-0.65,-0.68,-0.064,-0.092,-0.099,-0.105,-0.122,-0.151
17-Jul-2017,1.11,1.132,1.148,1.18,1.233,1.309,-0.12,-0.16,0.13,0.12,0.08,0.02,-0.89,-0.89,-0.61,-0.63,-0.65,-0.68,-0.064,-0.092,-0.099,-0.105,-0.122,-0.151
18-Jul-2017,1.05,1.13,1.143,1.177,1.229,1.299,-0.12,-0.16,0.13,0.12,0.08,0.02,-0.89,-0.89,-0.61,-0.63,-0.65,-0.68,-0.087,-0.093,-0.101,-0.109,-0.122,-0.151
19-Jul-2017,1.05,1.12,1.143,1.186,1.237,1.313,-0.12,-0.16,0.13,0.12,0.04,0.01,-0.89,-0.89,-0.61,-0.63,-0.69,-0.69,-0.084,-0.093,-0.1,-0.111,-0.122,-0.151
20-Jul-2017,1.079,1.14,1.163,1.193,1.231,1.31,-0.14,-0.18,0.11,0.12,0.04,0.01,-0.91,-0.91,-0.63,-0.63,-0.69,-0.69,-0.083,-0.093,-0.103,-0.112,-0.122,-0.151
21-Jul-2017,1.066,1.14,1.158,1.191,1.222,1.298,-0.14,-0.18,0.11,0.12,0.04,0.01,-0.91,-0.91,-0.63,-0.63,-0.69,-0.69,-0.083,-0.104,-0.103,-0.111,-0.123,-0.151
24-Jul-2017,1.14,1.136,1.156,1.19,1.229,1.307,-0.14,-0.18,0.11,0.12,0.04,0.01,-0.91,-0.91,-0.63,-0.63,-0.69,-0.69,-0.085,-0.105,-0.102,-0.11,-0.124,-0.151
25-Jul-2017,1.14,1.136,1.156,1.193,1.232,1.317,-0.14,-0.18,0.11,0.1,0.03,0.01,-0.91,-0.91,-0.63,-0.65,-0.7,-0.7,-0.088,-0.102,-0.102,-0.111,-0.124,-0.15
26-Jul-2017,1.067,1.13,1.158,1.187,1.223,1.302,-0.14,-0.18,0.11,0.1,0.03,0.01,-0.91,-0.91,-0.63,-0.65,-0.7,-0.7,-0.089,-0.101,-0.102,-0.11,-0.124,-0.15
27-Jul-2017,1.13,1.135,1.158,1.188,1.224,1.304,-0.15,-0.19,0.11,0.1,0.03,0.01,-0.92,-0.92,-0.63,-0.65,-0.7,-0.7,-0.089,-0.1,-0.103,-0.11,-0.123,-0.15
28-Jul-2017,1.08,1.14,1.158,1.183,1.22,1.296,-0.12,-0.16,0.14,0.1,0.03,0.01,-0.89,-0.89,-0.6,-0.65,-0.7,-0.7,-0.087,-0.089,-0.101,-0.11,-0.123,-0.15
31-Jul-2017,1.19,1.159,1.165,1.191,1.234,1.336,-0.12,-0.16,0.13,0.1,0.03,0.01,-0.89,-0.89,-0.61,-0.65,-0.7,-0.7,-0.081,-0.09,-0.102,-0.109,-0.123,-0.15
01-Aug-2017,1.05,1.114,1.142,1.176,1.224,1.293,-0.12,-0.16,0.13,0.1,0.03,0.01,-0.89,-0.89,-0.61,-0.65,-0.7,-0.69,-0.083,-0.091,-0.101,-0.109,-0.123,-0.15
02-Aug-2017,1.042,1.108,1.115,1.172,1.225,1.297,-0.12,-0.16,0.13,0.1,0.03,0.01,-0.89,-0.89,-0.61,-0.65,-0.7,-0.7,-0.084,-0.092,-0.101,-0.11,-0.123,-0.15
03-Aug-2017,1.062,1.108,1.117,1.166,1.213,1.278,-0.12,-0.16,0.13,0.1,0.03,0.01,-0.89,-0.89,-0.61,-0.65,-0.7,-0.7,-0.084,-0.091,-0.101,-0.11,-0.123,-0.15
04-Aug-2017,1.059,1.108,1.117,1.166,1.217,1.286,-0.12,-0.16,0.13,0.1,0.03,0.01,-0.89,-0.89,-0.61,-0.65,-0.7,-0.7,-0.083,-0.09,-0.1,-0.109,-0.123,-0.15
07-Aug-2017,1.06,1.116,1.124,1.151,1.193,1.273,-0.11,-0.15,0.14,0.11,0.03,0.01,-0.88,-0.88,-0.6,-0.64,-0.7,-0.7,-0.082,-0.089,-0.099,-0.109,-0.123,-0.15
08-Aug-2017,1.058,1.09,1.148,1.184,1.223,1.302,-0.11,-0.15,0.14,0.11,0.03,0.01,-0.88,-0.88,-0.6,-0.64,-0.7,-0.7,-0.08,-0.088,-0.098,-0.109,-0.122,-0.15
09-Aug-2017,1.058,1.11,1.168,1.204,1.24,1.316,-0.11,-0.15,0.14,0.11,0.03,0.01,-0.88,-0.88,-0.6,-0.64,-0.7,-0.7,-0.08,-0.086,-0.097,-0.108,-0.122,-0.15
10-Aug-2017,1.124,1.128,1.143,1.172,1.215,1.278,-0.11,-0.15,0.14,0.09,0.03,0.01,-0.88,-0.88,-0.6,-0.66,-0.7,-0.7,-0.079,-0.088,-0.099,-0.109,-0.122,-0.148
11-Aug-2017,1.153,1.147,1.148,1.168,1.206,1.257,-0.11,-0.15,0.14,0.09,0.03,0.01,-0.88,-0.88,-0.6,-0.66,-0.7,-0.7,-0.079,-0.088,-0.099,-0.109,-0.122,-0.148
14-Aug-2017,1.175,1.167,1.166,1.179,1.221,1.283,-0.12,-0.16,0.13,0.09,0.03,0.01,-0.89,-0.89,-0.61,-0.66,-0.7,-0.7,-0.075,-0.088,-0.099,-0.109,-0.122,-0.148
15-Aug-2017,1.21,1.165,1.167,1.176,1.219,1.289,-0.12,-0.16,0.13,0.1,0.03,0.01,-0.89,-0.89,-0.61,-0.65,-0.7,-0.7,-0.065,-0.094,-0.102,-0.11,-0.122,-0.147
16-Aug-2017,1.164,1.162,1.165,1.172,1.209,1.277,-0.12,-0.16,0.13,0.09,0.03,0.01,-0.89,-0.89,-0.61,-0.66,-0.7,-0.7,-0.094,-0.096,-0.102,-0.11,-0.122,-0.148
17-Aug-2017,1.188,1.167,1.173,1.178,1.212,1.277,-0.12,-0.16,0.13,0.09,0.03,0.01,-0.89,-0.89,-0.61,-0.66,-0.7,-0.7,-0.096,-0.097,-0.102,-0.11,-0.123,-0.148
18-Aug-2017,1.154,1.166,1.174,1.177,1.214,1.28,-0.12,-0.16,0.13,0.09,0.03,0.01,-0.89,-0.89,-0.61,-0.66,-0.7,-0.7,-0.098,-0.098,-0.102,-0.11,-0.123,-0.148
21-Aug-2017,1.098,1.16,1.174,1.177,1.21,1.271,-0.12,-0.16,0.13,0.09,0.03,0.01,-0.89,-0.89,-0.61,-0.66,-0.7,-0.7,-0.096,-0.099,-0.103,-0.11,-0.123,-0.148
22-Aug-2017,1.071,1.159,1.184,1.189,1.225,1.292,-0.12,-0.16,0.13,0.1,0.03,0.01,-0.89,-0.89,-0.61,-0.65,-0.7,-0.7,-0.097,-0.101,-0.105,-0.11,-0.123,-0.148
23-Aug-2017,1.09,1.159,1.183,1.207,1.223,1.282,-0.11,-0.15,0.14,0.1,0.03,0.01,-0.88,-0.88,-0.6,-0.65,-0.7,-0.7,-0.097,-0.104,-0.105,-0.11,-0.123,-0.148
24-Aug-2017,1.09,1.152,1.183,1.207,1.228,1.29,-0.11,-0.15,0.14,0.1,0.03,0.01,-0.88,-0.88,-0.6,-0.65,-0.7,-0.7,-0.096,-0.103,-0.104,-0.11,-0.123,-0.148
25-Aug-2017,1.15,1.143,1.179,1.203,1.225,1.286,-0.11,-0.15,0.14,0.1,0.03,0.01,-0.88,-0.88,-0.6,-0.65,-0.7,-0.7,-0.096,-0.106,-0.107,-0.112,-0.124,-0.154
28-Aug-2017,1.152,1.149,1.179,1.2,1.222,1.278,-0.11,-0.15,0.14,0.1,0.03,0.01,-0.88,-0.88,-0.6,-0.65,-0.7,-0.7,-0.098,-0.105,-0.107,-0.113,-0.123,-0.152
29-Aug-2017,1.123,1.147,1.177,1.195,1.215,1.264,-0.11,-0.15,0.14,0.1,0.03,0.01,-0.88,-0.88,-0.6,-0.65,-0.7,-0.7,-0.097,-0.106,-0.108,-0.115,-0.125,-0.154
30-Aug-2017,1.112,1.197,1.192,1.199,1.234,1.287,-0.11,-0.15,0.14,0.1,0.03,0.01,-0.88,-0.88,-0.6,-0.65,-0.7,-0.7,-0.098,-0.102,-0.117,-0.117,-0.125,-0.154
31-Aug-2017,1.112,1.305,1.317,1.32,1.357,1.408,-0.13,-0.17,0.12,0.1,0.03,0.01,-0.9,-0.9,-0.62,-0.65,-0.7,-0.7,-0.098,-0.102,-0.125,-0.12,-0.127,-0.154
01-Sep-2017,1.178,1.175,1.178,1.211,1.265,1.334,-0.13,-0.17,0.12,0.1,0.03,0.01,-0.9,-0.9,-0.62,-0.65,-0.7,-0.7,-0.098,-0.101,-0.141,-0.121,-0.128,-0.154
04-Sep-2017,1.178,1.175,1.178,1.211,1.265,1.334,-0.13,-0.17,0.12,0.1,0.03,0.01,-0.9,-0.9,-0.62,-0.65,-0.7,-0.7,-0.099,-0.102,-0.155,-0.124,-0.131,-0.153
05-Sep-2017,1.13,1.176,1.177,1.208,1.254,1.307,-0.13,-0.17,0.12,0.11,0.06,0.02,-0.9,-0.9,-0.62,-0.64,-0.67,-0.68,-0.1,-0.107,-0.155,-0.124,-0.131,-0.154
06-Sep-2017,1.117,1.17,1.206,1.218,1.26,1.324,-0.13,-0.17,0.12,0.11,0.06,0.02,-0.9,-0.9,-0.62,-0.64,-0.67,-0.68,-0.101,-0.108,-0.152,-0.123,-0.131,-0.154
07-Sep-2017,1.146,1.148,1.216,1.241,1.276,1.364,-0.16,-0.2,0.09,0.09,0.06,0.02,-0.93,-0.93,-0.65,-0.66,-0.67,-0.69,-0.101,-0.106,-0.145,-0.122,-0.13,-0.154
08-Sep-2017,1.12,1.138,1.214,1.248,1.283,1.324,-0.16,-0.2,0.09,0.09,0.06,0.02,-0.93,-0.93,-0.65,-0.66,-0.67,-0.69,-0.098,-0.102,-0.138,-0.12,-0.13,-0.154
11-Sep-2017,1.137,1.154,1.166,1.176,1.261,1.341,-0.14,-0.18,0.11,0.1,0.07,0.03,-0.91,-0.91,-0.63,-0.65,-0.66,-0.67,-0.098,-0.102,-0.135,-0.12,-0.13,-0.152
12-Sep-2017,1.159,1.161,1.166,1.237,1.293,1.367,-0.15,-0.19,0.11,0.1,0.07,0.03,-0.92,-0.92,-0.63,-0.65,-0.66,-0.67,-0.093,-0.098,-0.128,-0.121,-0.13,-0.152
13-Sep-2017,1.155,1.162,1.166,1.226,1.285,1.382,-0.15,-0.19,0.11,0.1,0.07,0.03,-0.92,-0.92,-0.63,-0.65,-0.66,-0.67,-0.089,-0.095,-0.117,-0.114,-0.129,-0.151
14-Sep-2017,1.2,1.199,1.202,1.252,1.32,1.411,-0.16,-0.2,0.1,0.1,0.07,0.03,-0.93,-0.93,-0.64,-0.65,-0.66,-0.67,-0.085,-0.093,-0.113,-0.114,-0.129,-0.149
15-Sep-2017,1.2,1.2,1.195,1.223,1.298,1.397,-0.16,-0.2,0.1,0.12,0.07,0.03,-0.93,-0.93,-0.64,-0.63,-0.66,-0.67,-0.086,-0.091,-0.111,-0.114,-0.129,-0.151
18-Sep-2017,1.113,1.115,1.135,1.197,1.299,1.398,-0.16,-0.2,0.1,0.12,0.07,0.03,-0.93,-0.93,-0.64,-0.63,-0.66,-0.67,-0.086,-0.091,-0.111,-0.114,-0.129,-0.151
19-Sep-2017,1.01,1.04,1.06,1.142,1.241,1.424,-0.16,-0.2,0.1,0.12,0.07,0.03,-0.93,-0.93,-0.64,-0.63,-0.66,-0.67,-0.085,-0.087,-0.109,-0.113,-0.129,-0.151
20-Sep-2017,0.97,1.011,1.024,1.142,1.328,1.446,-0.16,-0.2,0.1,0.11,0.07,0.03,-0.93,-0.93,-0.64,-0.64,-0.66,-0.67,-0.083,-0.085,-0.111,-0.113,-0.129,-0.151
21-Sep-2017,1.05,1.062,1.118,1.149,1.339,1.46,-0.16,-0.2,0.1,0.11,0.07,0.03,-0.93,-0.93,-0.64,-0.64,-0.66,-0.67,-0.082,-0.136,-0.11,-0.112,-0.129,-0.151
22-Sep-2017,1.066,1.057,1.115,1.159,1.314,1.453,-0.17,-0.21,0.09,0.11,0.07,0.03,-0.94,-0.94,-0.65,-0.64,-0.66,-0.67,-0.072,-0.14,-0.11,-0.112,-0.129,-0.151
25-Sep-2017,1.06,1.042,1.087,1.167,1.301,1.449,-0.17,-0.21,0.09,0.11,0.07,0.03,-0.94,-0.94,-0.65,-0.64,-0.66,-0.67,-0.072,-0.135,-0.109,-0.111,-0.129,-0.151
26-Sep-2017,1.043,1.186,1.207,1.241,1.321,1.461,-0.17,-0.21,0.09,0.11,0.07,0.03,-0.94,-0.94,-0.65,-0.64,-0.66,-0.67,-0.07,-0.134,-0.11,-0.112,-0.129,-0.152
27-Sep-2017,1.033,1.195,1.241,1.276,1.328,1.473,-0.16,-0.2,0.1,0.11,0.07,0.03,-0.93,-0.93,-0.64,-0.64,-0.66,-0.67,-0.074,-0.134,-0.109,-0.112,-0.129,-0.152
28-Sep-2017,1.05,1.208,1.246,1.279,1.322,1.461,-0.16,-0.2,0.1,0.11,0.07,0.03,-0.93,-0.93,-0.64,-0.64,-0.66,-0.67,-0.072,-0.094,-0.105,-0.119,-0.131,-0.152
29-Sep-2017,1.24,1.218,1.256,1.293,1.34,1.487,-0.14,-0.18,0.12,0.12,0.07,0.03,-0.91,-0.91,-0.62,-0.63,-0.66,-0.67,-0.126,-0.098,-0.106,-0.12,-0.131,-0.153
02-Oct-2017,1.24,1.15,1.228,1.275,1.33,1.479,-0.14,-0.18,0.12,0.12,0.07,0.03,-0.91,-0.91,-0.62,-0.63,-0.66,-0.67,-0.09,-0.099,-0.107,-0.119,-0.131,-0.153
03-Oct-2017,1.09,1.12,1.158,1.245,1.332,1.48,-0.14,-0.18,0.12,0.12,0.07,0.03,-0.91,-0.91,-0.62,-0.63,-0.66,-0.67,-0.094,-0.104,-0.108,-0.12,-0.131,-0.152
04-Oct-2017,1.09,1.13,1.158,1.252,1.336,1.488,-0.12,-0.16,0.14,0.08,0.06,0.04,-0.89,-0.89,-0.6,-0.67,-0.67,-0.66,-0.098,-0.103,-0.11,-0.12,-0.131,-0.152
05-Oct-2017,1.12,1.176,1.175,1.253,1.352,1.504,-0.12,-0.16,0.14,0.03,0.01,0.01,-0.89,-0.89,-0.6,-0.72,-0.72,-0.7,-0.098,-0.104,-0.11,-0.121,-0.131,-0.152
06-Oct-2017,1.122,1.177,1.175,1.261,1.365,1.524,0.22,0.18,0.14,0.03,0.01,0.01,-0.55,-0.55,-0.6,-0.72,-0.72,-0.7,-0.098,-0.102,-0.109,-0.121,-0.131,-0.154
09-Oct-2017,1.122,1.177,1.175,1.261,1.365,1.524,0.22,0.18,0.14,0.03,0.01,0.01,-0.55,-0.55,-0.6,-0.72,-0.72,-0.7,-0.098,-0.102,-0.109,-0.121,-0.131,-0.154
10-Oct-2017,1.127,1.136,1.175,1.26,1.366,1.524,0.22,0.18,0.14,0.03,0.01,0.01,-0.55,-0.55,-0.6,-0.72,-0.72,-0.7,-0.094,-0.103,-0.109,-0.12,-0.13,-0.154
11-Oct-2017,1.113,1.136,1.175,1.267,1.366,1.528,0.22,0.18,0.14,0.03,0.01,0.01,-0.55,-0.55,-0.6,-0.72,-0.72,-0.7,-0.096,-0.103,-0.11,-0.121,-0.13,-0.152
12-Oct-2017,1.13,1.135,1.171,1.268,1.37,1.53,0.23,0.19,0.15,0.04,0.01,0.01,-0.54,-0.54,-0.59,-0.71,-0.72,-0.7,-0.096,-0.103,-0.11,-0.121,-0.131,-0.152
13-Oct-2017,1.08,1.113,1.158,1.258,1.356,1.519,0.23,0.19,0.15,0.04,0.01,0.01,-0.54,-0.54,-0.59,-0.71,-0.72,-0.7,-0.097,-0.103,-0.11,-0.122,-0.131,-0.153
16-Oct-2017,1.171,1.179,1.176,1.229,1.37,1.548,0.23,0.19,0.15,0.04,0.01,0.01,-0.54,-0.54,-0.59,-0.71,-0.72,-0.7,-0.097,-0.104,-0.111,-0.123,-0.131,-0.155
17-Oct-2017,1.17,1.159,1.156,1.245,1.377,1.555,0.23,0.19,0.15,0.04,0.01,0.01,-0.54,-0.54,-0.59,-0.71,-0.72,-0.7,-0.099,-0.129,-0.119,-0.129,-0.134,-0.157
18-Oct-2017,1.146,1.164,1.16,1.253,1.376,1.558,0.23,0.19,0.15,0.04,0.01,0.01,-0.54,-0.54,-0.59,-0.71,-0.72,-0.7,-0.105,-0.119,-0.116,-0.13,-0.135,-0.157
19-Oct-2017,1.146,1.163,1.16,1.254,1.374,1.545,0.22,0.18,0.14,0.04,0.01,0.01,-0.54,-0.55,-0.6,-0.71,-0.72,-0.7,-0.103,-0.111,-0.115,-0.13,-0.136,-0.16
20-Oct-2017,1.21,1.22,1.229,1.298,1.387,1.564,0.22,0.18,0.14,0.04,0.01,0.01,-0.54,-0.55,-0.6,-0.71,-0.72,-0.7,-0.099,-0.112,-0.117,-0.136,-0.137,-0.16
23-Oct-2017,1.192,1.2,1.202,1.302,1.385,1.554,0.22,0.18,0.14,0.04,0.03,0.01,-0.54,-0.55,-0.6,-0.71,-0.7,-0.7,-0.097,-0.114,-0.116,-0.135,-0.137,-0.161
24-Oct-2017,1.181,1.198,1.2,1.298,1.385,1.559,0.22,0.18,0.14,0.04,0.03,0.01,-0.54,-0.55,-0.6,-0.71,-0.7,-0.7,-0.098,-0.112,-0.116,-0.135,-0.135,-0.161
25-Oct-2017,1.15,1.176,1.193,1.303,1.387,1.561,0.22,0.18,0.14,0.04,0.03,0.01,-0.54,-0.55,-0.6,-0.71,-0.7,-0.7,-0.098,-0.113,-0.117,-0.134,-0.134,-0.162
26-Oct-2017,1.18,1.176,1.183,1.315,1.414,1.573,0.22,0.18,0.14,0.04,0.03,0.01,-0.54,-0.55,-0.6,-0.71,-0.7,-0.7,-0.098,-0.115,-0.118,-0.134,-0.135,-0.162
27-Oct-2017,1.16,1.176,1.183,1.319,1.414,1.564,0.22,0.18,0.14,0.04,0.03,0.01,-0.54,-0.55,-0.6,-0.71,-0.7,-0.7,-0.098,-0.123,-0.12,-0.134,-0.137,-0.162
30-Oct-2017,1.125,1.132,1.177,1.308,1.388,1.56,0.22,0.18,0.14,0.04,0.03,0.01,-0.54,-0.55,-0.6,-0.71,-0.7,-0.7,-0.1,-0.108,-0.116,-0.133,-0.137,-0.162
31-Oct-2017,1.213,1.132,1.208,1.313,1.394,1.572,0.22,0.18,0.14,0.04,0.03,0.01,-0.54,-0.55,-0.6,-0.71,-0.7,-0.7,-0.128,-0.115,-0.117,-0.133,-0.137,-0.162
01-Nov-2017,1.15,1.15,1.157,1.309,1.387,1.582,0.22,0.18,0.14,0.04,0.03,0.01,-0.54,-0.55,-0.6,-0.71,-0.7,-0.7,-0.108,-0.122,-0.123,-0.134,-0.138,-0.162
02-Nov-2017,1.212,1.17,1.157,1.293,1.392,1.578,0.22,0.18,0.14,0.04,0.03,0.01,-0.54,-0.55,-0.6,-0.71,-0.7,-0.7,-0.112,-0.129,-0.128,-0.136,-0.142,-0.164
03-Nov-2017,1.195,1.19,1.177,1.302,1.424,1.587,0.22,0.18,0.14,0.04,0.03,0.01,-0.54,-0.55,-0.6,-0.71,-0.7,-0.7,-0.112,-0.129,-0.128,-0.136,-0.142,-0.164
06-Nov-2017,1.176,1.178,1.177,1.3,1.424,1.585,0.22,0.18,0.14,0.04,0.03,0.01,-0.54,-0.55,-0.6,-0.71,-0.7,-0.7,-0.107,-0.129,-0.129,-0.138,-0.145,-0.166
07-Nov-2017,1.15,1.178,1.177,1.302,1.426,1.587,0.22,0.18,0.14,0.04,0.03,0.01,-0.54,-0.55,-0.6,-0.71,-0.7,-0.7,-0.106,-0.131,-0.13,-0.137,-0.146,-0.165
08-Nov-2017,1.188,1.178,1.176,1.311,1.431,1.591,0.22,0.18,0.14,0.04,0.03,0.01,-0.54,-0.55,-0.6,-0.71,-0.7,-0.7,-0.106,-0.13,-0.131,-0.137,-0.146,-0.165
09-Nov-2017,1.205,1.177,1.176,1.313,1.435,1.592,0.22,0.18,0.14,-0.08,0.03,0.01,-0.54,-0.55,-0.6,-0.83,-0.7,-0.7,-0.106,-0.131,-0.133,-0.143,-0.149,-0.166
10-Nov-2017,1.205,1.177,1.176,1.317,1.442,1.604,0.22,0.18,0.14,-0.08,0.03,0.01,-0.54,-0.55,-0.6,-0.83,-0.7,-0.7,-0.106,-0.127,-0.137,-0.145,-0.15,-0.166
13-Nov-2017,1.191,1.177,1.19,1.319,1.447,1.616,0.22,0.18,0.14,-0.08,0.03,0.01,-0.54,-0.55,-0.6,-0.83,-0.7,-0.7,-0.101,-0.118,-0.127,-0.143,-0.15,-0.166
14-Nov-2017,1.191,1.177,1.204,1.321,1.446,1.614,0.22,0.18,0.14,-0.08,0.03,0.01,-0.54,-0.55,-0.6,-0.83,-0.7,-0.7,-0.095,-0.109,-0.122,-0.139,-0.148,-0.164
15-Nov-2017,1.285,1.177,1.209,1.329,1.448,1.612,0.22,0.18,0.14,0.04,0.03,0.01,-0.54,-0.55,-0.6,-0.71,-0.7,-0.7,-0.092,-0.112,-0.123,-0.139,-0.148,-0.164
16-Nov-2017,1.3,1.176,1.223,1.336,1.461,1.63,0.22,0.18,0.14,0.04,0.03,0.01,-0.54,-0.55,-0.6,-0.71,-0.7,-0.7,-0.097,-0.112,-0.125,-0.14,-0.148,-0.164
17-Nov-2017,1.26,1.176,1.223,1.338,1.461,1.629,0.22,0.18,0.14,0.04,0.03,0.01,-0.54,-0.55,-0.6,-0.71,-0.7,-0.7,-0.1,-0.114,-0.126,-0.14,-0.148,-0.164
20-Nov-2017,1.2,1.176,1.239,1.342,1.469,1.647,0.22,0.18,0.14,0.04,0.03,0.01,-0.54,-0.55,-0.6,-0.71,-0.7,-0.7,-0.1,-0.115,-0.128,-0.139,-0.148,-0.164
21-Nov-2017,1.155,1.164,1.282,1.383,1.481,1.658,0.22,0.18,0.14,0.05,0.03,0.01,-0.54,-0.55,-0.6,-0.7,-0.7,-0.7,-0.102,-0.125,-0.128,-0.14,-0.148,-0.164
22-Nov-2017,1.12,1.174,1.302,1.395,1.483,1.646,0.22,0.18,0.14,0.05,0.03,0.01,-0.54,-0.55,-0.6,-0.7,-0.7,-0.7,-0.102,-0.126,-0.128,-0.139,-0.149,-0.164
23-Nov-2017,1.12,1.174,1.302,1.395,1.483,1.646,0.22,0.18,0.14,0.05,0.03,0.01,-0.54,-0.55,-0.6,-0.7,-0.7,-0.7,-0.102,-0.126,-0.128,-0.139,-0.149,-0.164
24-Nov-2017,1.232,1.167,1.302,1.395,1.455,1.567,0.22,0.18,0.14,0.05,0.03,0.01,-0.54,-0.55,-0.6,-0.7,-0.7,-0.7,-0.101,-0.123,-0.126,-0.138,-0.149,-0.164
27-Nov-2017,1.176,1.17,1.318,1.404,1.462,1.578,0.22,0.18,0.14,0.05,0.03,0.01,-0.54,-0.55,-0.6,-0.7,-0.7,-0.7,-0.099,-0.12,-0.125,-0.137,-0.149,-0.164
28-Nov-2017,1.123,1.117,1.306,1.395,1.472,1.597,0.22,0.18,0.14,0.05,0.03,0.01,-0.54,-0.55,-0.6,-0.7,-0.7,-0.7,-0.097,-0.119,-0.124,-0.139,-0.15,-0.165
29-Nov-2017,1.071,1.09,1.33,1.404,1.487,1.623,0.22,0.18,0.14,0.05,0.03,0.01,-0.54,-0.55,-0.6,-0.7,-0.7,-0.7,-0.098,-0.112,-0.154,-0.139,-0.15,-0.165
30-Nov-2017,1.194,1.169,1.362,1.425,1.507,1.638,0.23,0.19,0.15,0.05,0.03,0.01,-0.53,-0.54,-0.59,-0.7,-0.7,-0.7,-0.098,-0.105,-0.152,-0.137,-0.15,-0.165
01-Dec-2017,1.105,1.171,1.381,1.425,1.502,1.635,0.23,0.19,0.15,0.06,0.04,0.02,-0.53,-0.54,-0.59,-0.69,-0.69,-0.69,-0.095,-0.098,-0.146,-0.135,-0.15,-0.164
04-Dec-2017,1.086,1.171,1.381,1.429,1.473,1.611,0.23,0.19,0.15,0.06,0.04,0.02,-0.53,-0.54,-0.59,-0.69,-0.69,-0.69,-0.094,-0.095,-0.136,-0.133,-0.15,-0.163
05-Dec-2017,1.185,1.179,1.406,1.447,1.484,1.619,0.23,0.19,0.15,0.06,0.04,0.02,-0.53,-0.54,-0.59,-0.69,-0.69,-0.69,-0.089,-0.091,-0.132,-0.129,-0.147,-0.161
06-Dec-2017,1.165,1.213,1.411,1.45,1.482,1.615,0.22,0.18,0.14,0.03,0.04,0.02,-0.55,-0.55,-0.6,-0.72,-0.69,-0.69,-0.082,-0.085,-0.131,-0.126,-0.146,-0.161
07-Dec-2017,1.145,1.318,1.435,1.454,1.487,1.616,0.22,0.18,0.14,0.06,0.05,0.03,-0.55,-0.55,-0.6,-0.69,-0.68,-0.68,-0.079,-0.08,-0.123,-0.122,-0.146,-0.162
08-Dec-2017,1.117,1.352,1.443,1.458,1.491,1.622,0.21,0.17,0.13,0.05,0.04,0.02,-0.55,-0.56,-0.61,-0.7,-0.69,-0.69,-0.072,-0.077,-0.117,-0.121,-0.145,-0.163
11-Dec-2017,1.131,1.419,1.479,1.49,1.499,1.637,0.22,0.18,0.14,0.06,0.04,0.02,-0.55,-0.55,-0.6,-0.69,-0.69,-0.69,-0.066,-0.071,-0.113,-0.118,-0.145,-0.163
12-Dec-2017,1.117,1.489,1.49,1.496,1.502,1.642,0.22,0.18,0.14,0.05,0.04,0.02,-0.55,-0.55,-0.6,-0.7,-0.69,-0.69,-0.061,-0.073,-0.115,-0.118,-0.145,-0.163
13-Dec-2017,1.116,1.479,1.496,1.505,1.589,1.729,0.22,0.18,0.14,0.05,0.04,0.02,-0.55,-0.55,-0.6,-0.7,-0.69,-0.69,-0.048,-0.085,-0.132,-0.123,-0.147,-0.161
14-Dec-2017,1.422,1.493,1.5,1.518,1.604,1.741,0.2,0.16,0.12,0.05,0.04,0.02,-0.56,-0.57,-0.62,-0.7,-0.69,-0.69,-0.044,-0.1,-0.151,-0.126,-0.15,-0.164
15-Dec-2017,1.49,1.502,1.515,1.525,1.62,1.763,0.2,0.16,0.12,0.05,0.04,0.02,-0.56,-0.57,-0.62,-0.7,-0.69,-0.69,-0.08,-0.106,-0.147,-0.13,-0.15,-0.163
18-Dec-2017,1.49,1.503,1.504,1.506,1.601,1.752,0.14,0.1,0.06,-0.02,0.04,0.02,-0.63,-0.63,-0.68,-0.77,-0.69,-0.69,-0.092,-0.11,-0.148,-0.131,-0.148,-0.162
19-Dec-2017,1.468,1.504,1.508,1.507,1.516,1.663,0.14,0.1,0.06,-0.02,0.04,0.02,-0.63,-0.63,-0.68,-0.77,-0.69,-0.69,-0.094,-0.105,-0.136,-0.13,-0.149,-0.162
20-Dec-2017,1.46,1.507,1.512,1.52,1.606,1.751,0.14,0.1,0.06,-0.02,0.04,0.02,-0.63,-0.63,-0.68,-0.77,-0.69,-0.69,-0.092,-0.103,-0.131,-0.128,-0.148,-0.162
21-Dec-2017,1.51,1.452,1.509,1.526,1.523,1.671,0.15,0.11,0.07,-0.01,0.04,0.02,-0.61,-0.62,-0.67,-0.76,-0.69,-0.69,-0.092,-0.163,-0.128,-0.127,-0.148,-0.161
22-Dec-2017,1.558,1.494,1.558,1.573,1.53,1.682,0.15,0.11,0.07,-0.01,0.04,0.02,-0.61,-0.62,-0.67,-0.76,-0.69,-0.69,-0.091,-0.167,-0.123,-0.128,-0.147,-0.161
25-Dec-2017,1.558,1.494,1.558,1.573,1.53,1.682,0.15,0.11,0.07,-0.01,0.04,0.02,-0.61,-0.62,-0.67,-0.76,-0.69,-0.69,-0.092,-0.171,-0.124,-0.128,-0.148,-0.161
26-Dec-2017,1.537,1.491,1.557,1.575,1.64,1.793,0.15,0.11,0.07,-0.01,0.04,0.02,-0.61,-0.62,-0.67,-0.76,-0.69,-0.69,-0.091,-0.171,-0.121,-0.127,-0.148,-0.161
27-Dec-2017,1.533,1.508,1.558,1.579,1.644,1.794,0.15,0.11,0.07,-0.01,0.04,0.02,-0.61,-0.62,-0.67,-0.76,-0.69,-0.69,-0.091,-0.166,-0.12,-0.126,-0.148,-0.161
28-Dec-2017,1.54,1.556,1.569,1.584,1.673,1.828,0.15,0.11,0.07,-0.01,0.04,0.02,-0.61,-0.62,-0.67,-0.76,-0.69,-0.69,-0.091,-0.091,-0.103,-0.124,-0.148,-0.161
29-Dec-2017,1.995,1.556,1.569,1.584,1.674,1.822,0.15,0.11,0.07,-0.01,0.04,0.02,-0.61,-0.62,-0.67,-0.76,-0.69,-0.69,-0.098,-0.082,-0.1,-0.124,-0.148,-0.161
01-Jan-2018,1.995,1.556,1.569,1.584,1.674,1.822,0.15,0.11,0.07,-0.01,0.04,0.02,-0.61,-0.62,-0.67,-0.76,-0.69,-0.69,-0.098,-0.082,-0.1,-0.124,-0.148,-0.161
02-Jan-2018,1.621,1.519,1.52,1.547,1.653,1.812,0.15,0.11,0.07,-0.01,0.04,0.02,-0.61,-0.62,-0.67,-0.76,-0.69,-0.69,-0.098,-0.082,-0.1,-0.124,-0.148,-0.161
03-Jan-2018,1.56,1.519,1.518,1.553,1.646,1.804,0.2,0.16,0.12,0.09,0.04,0.02,-0.57,-0.57,-0.62,-0.66,-0.69,-0.69,-0.098,-0.082,-0.1,-0.124,-0.148,-0.161
04-Jan-2018,1.6,1.506,1.501,1.543,1.651,1.825,0.2,0.16,0.12,0.08,0.04,0.02,-0.57,-0.57,-0.62,-0.67,-0.69,-0.69,-0.089,-0.083,-0.098,-0.122,-0.147,-0.16
05-Jan-2018,1.6,1.496,1.496,1.539,1.649,1.823,0.23,0.19,0.15,0.09,0.04,0.02,-0.53,-0.54,-0.59,-0.66,-0.69,-0.69,-0.09,-0.083,-0.097,-0.121,-0.146,-0.16
08-Jan-2018,1.423,1.494,1.494,1.537,1.646,1.827,0.23,0.19,0.15,0.09,0.04,0.02,-0.53,-0.54,-0.59,-0.66,-0.69,-0.69,-0.09,-0.083,-0.097,-0.121,-0.146,-0.16
09-Jan-2018,1.375,1.451,1.448,1.501,1.619,1.825,0.23,0.19,0.15,0.13,0.08,0.03,-0.53,-0.54,-0.59,-0.62,-0.65,-0.67,-0.09,-0.083,-0.095,-0.12,-0.145,-0.159
10-Jan-2018,1.343,1.447,1.458,1.515,1.622,1.817,0.24,0.2,0.16,0.13,0.08,0.05,-0.53,-0.53,-0.58,-0.62,-0.65,-0.66,-0.091,-0.083,-0.095,-0.115,-0.143,-0.156
11-Jan-2018,1.473,1.46,1.466,1.532,1.635,1.813,0.24,0.2,0.16,0.13,0.08,0.05,-0.53,-0.53,-0.58,-0.62,-0.65,-0.66,-0.089,-0.084,-0.094,-0.117,-0.141,-0.155
12-Jan-2018,1.481,1.46,1.466,1.53,1.65,1.824,0.24,0.2,0.16,0.14,0.09,0.05,-0.53,-0.53,-0.58,-0.61,-0.64,-0.65,-0.09,-0.084,-0.095,-0.116,-0.142,-0.156
15-Jan-2018,1.481,1.462,1.466,1.53,1.65,1.822,0.24,0.2,0.16,0.14,0.09,0.05,-0.53,-0.53,-0.58,-0.61,-0.64,-0.65,-0.073,-0.101,-0.103,-0.119,-0.143,-0.156
16-Jan-2018,1.528,1.454,1.458,1.531,1.645,1.825,0.24,0.2,0.16,0.14,0.09,0.05,-0.53,-0.53,-0.58,-0.61,-0.64,-0.65,-0.093,-0.095,-0.1,-0.118,-0.143,-0.156
17-Jan-2018,1.48,1.461,1.46,1.534,1.654,1.849,0.24,0.2,0.16,0.14,0.09,0.05,-0.53,-0.53,-0.58,-0.61,-0.64,-0.65,-0.091,-0.091,-0.099,-0.118,-0.143,-0.157
18-Jan-2018,1.427,1.455,1.459,1.552,1.673,1.849,0.24,0.2,0.16,0.14,0.09,0.05,-0.53,-0.53,-0.58,-0.61,-0.64,-0.65,-0.088,-0.087,-0.098,-0.121,-0.143,-0.157
19-Jan-2018,1.415,1.458,1.467,1.56,1.688,1.866,0.24,0.2,0.16,0.14,0.09,0.05,-0.53,-0.53,-0.58,-0.61,-0.64,-0.65,-0.087,-0.085,-0.096,-0.119,-0.143,-0.156
22-Jan-2018,1.39,1.41,1.422,1.555,1.678,1.861,0.24,0.2,0.16,0.14,0.09,0.05,-0.53,-0.53,-0.58,-0.61,-0.64,-0.65,-0.083,-0.086,-0.096,-0.12,-0.144,-0.157
23-Jan-2018,1.39,1.439,1.469,1.619,1.748,1.884,0.24,0.2,0.16,0.14,0.09,0.05,-0.53,-0.53,-0.58,-0.61,-0.64,-0.65,-0.082,-0.085,-0.094,-0.119,-0.144,-0.157
24-Jan-2018,1.475,1.455,1.478,1.625,1.754,1.892,0.24,0.2,0.16,0.14,0.09,0.05,-0.53,-0.53,-0.58,-0.61,-0.64,-0.65,-0.082,-0.083,-0.094,-0.118,-0.144,-0.157
25-Jan-2018,1.475,1.459,1.48,1.638,1.745,1.912,0.24,0.2,0.16,0.14,0.09,0.05,-0.53,-0.53,-0.58,-0.61,-0.64,-0.65,-0.082,-0.082,-0.094,-0.117,-0.145,-0.158
26-Jan-2018,1.434,1.444,1.502,1.64,1.75,1.926,0.27,0.23,0.19,0.17,0.09,0.11,-0.5,-0.5,-0.55,-0.58,-0.59,-0.59,-0.08,-0.083,-0.094,-0.117,-0.145,-0.159
29-Jan-2018,1.396,1.444,1.494,1.62,1.751,1.925,0.27,0.23,0.19,0.17,0.14,0.11,-0.5,-0.5,-0.55,-0.58,-0.59,-0.59,-0.08,-0.084,-0.094,-0.117,-0.145,-0.159
30-Jan-2018,1.383,1.479,1.479,1.621,1.757,1.933,0.27,0.23,0.19,0.17,0.14,0.11,-0.5,-0.5,-0.55,-0.58,-0.59,-0.59,-0.081,-0.082,-0.094,-0.117,-0.145,-0.159
31-Jan-2018,1.387,1.487,1.491,1.624,1.762,1.944,0.27,0.23,0.19,0.2,0.14,0.11,-0.5,-0.5,-0.55,-0.55,-0.59,-0.59,-0.083,-0.081,-0.094,-0.116,-0.145,-0.159
01-Feb-2018,1.41,1.484,1.489,1.621,1.748,1.949,0.26,0.22,0.18,0.2,0.14,0.11,-0.5,-0.51,-0.56,-0.55,-0.59,-0.59,-0.079,-0.079,-0.094,-0.116,-0.145,-0.159
02-Feb-2018,1.422,1.444,1.488,1.619,1.746,1.94,0.26,0.22,0.18,0.2,0.14,0.11,-0.5,-0.51,-0.56,-0.55,-0.59,-0.59,-0.077,-0.078,-0.094,-0.116,-0.145,-0.16
05-Feb-2018,1.375,1.416,1.488,1.604,1.716,1.873,0.26,0.22,0.18,0.2,0.14,0.11,-0.5,-0.51,-0.56,-0.55,-0.59,-0.59,-0.077,-0.078,-0.094,-0.117,-0.145,-0.16
06-Feb-2018,1.336,1.432,1.447,1.6,1.722,1.913,0.26,0.22,0.18,0.18,0.14,0.11,-0.5,-0.51,-0.56,-0.57,-0.59,-0.59,-0.075,-0.08,-0.093,-0.117,-0.145,-0.16
07-Feb-2018,1.368,1.42,1.425,1.605,1.737,1.912,0.26,0.22,0.18,0.18,0.14,0.11,-0.5,-0.51,-0.56,-0.57,-0.59,-0.59,-0.078,-0.081,-0.093,-0.118,-0.145,-0.16
08-Feb-2018,1.47,1.469,1.465,1.612,1.74,1.905,0.26,0.22,0.18,0.18,0.14,0.11,-0.51,-0.51,-0.56,-0.57,-0.59,-0.59,-0.085,-0.089,-0.098,-0.123,-0.147,-0.162
09-Feb-2018,1.426,1.469,1.464,1.605,1.741,1.902,0.26,0.22,0.18,0.18,0.14,0.11,-0.51,-0.51,-0.56,-0.57,-0.59,-0.59,-0.09,-0.094,-0.102,-0.125,-0.147,-0.162
12-Feb-2018,1.426,1.465,1.471,1.611,1.747,1.907,0.26,0.22,0.18,0.18,0.14,0.11,-0.51,-0.51,-0.56,-0.57,-0.59,-0.59,-0.09,-0.094,-0.102,-0.125,-0.147,-0.162
13-Feb-2018,1.426,1.431,1.436,1.599,1.724,1.904,0.26,0.22,0.18,0.18,0.14,0.11,-0.51,-0.51,-0.56,-0.57,-0.59,-0.59,-0.095,-0.099,-0.105,-0.129,-0.148,-0.164
14-Feb-2018,1.389,1.461,1.466,1.63,1.754,1.945,0.26,0.22,0.18,0.17,0.14,0.11,-0.51,-0.51,-0.56,-0.58,-0.59,-0.59,-0.096,-0.1,-0.107,-0.134,-0.148,-0.164
15-Feb-2018,1.491,1.472,1.469,1.65,1.771,1.955,0.2,0.16,0.17,0.21,0.1,0.07,-0.56,-0.57,-0.57,-0.54,-0.63,-0.64,-0.081,-0.101,-0.109,-0.137,-0.148,-0.164
16-Feb-2018,1.49,1.482,1.474,1.652,1.772,1.95,0.2,0.16,0.17,0.16,0.1,0.07,-0.56,-0.57,-0.57,-0.59,-0.63,-0.64,-0.094,-0.103,-0.111,-0.143,-0.15,-0.163
19-Feb-2018,1.49,1.482,1.474,1.652,1.772,1.95,0.2,0.16,0.18,0.16,0.1,0.07,-0.56,-0.57,-0.56,-0.59,-0.63,-0.64,-0.095,-0.103,-0.113,-0.151,-0.152,-0.163
20-Feb-2018,1.436,1.448,1.463,1.653,1.778,1.958,0.2,0.16,0.18,0.16,0.1,0.07,-0.56,-0.57,-0.56,-0.59,-0.63,-0.64,-0.094,-0.108,-0.115,-0.157,-0.152,-0.165
21-Feb-2018,1.409,1.438,1.47,1.654,1.783,1.977,0.2,0.16,0.18,0.16,0.1,0.07,-0.56,-0.57,-0.56,-0.59,-0.63,-0.64,-0.096,-0.109,-0.116,-0.159,-0.153,-0.165
22-Feb-2018,1.43,1.438,1.47,1.654,1.794,1.981,0.2,0.16,0.18,0.16,0.1,0.07,-0.56,-0.57,-0.56,-0.59,-0.63,-0.64,-0.098,-0.122,-0.129,-0.164,-0.154,-0.166
23-Feb-2018,1.45,1.448,1.47,1.669,1.798,1.986,0.2,0.16,0.18,0.16,0.1,0.07,-0.56,-0.57,-0.56,-0.59,-0.63,-0.64,-0.108,-0.129,-0.135,-0.166,-0.155,-0.166
26-Feb-2018,1.43,1.434,1.523,1.67,1.803,1.98,0.2,0.16,0.18,0.16,0.1,0.07,-0.56,-0.57,-0.56,-0.59,-0.63,-0.64,-0.111,-0.137,-0.139,-0.164,-0.154,-0.166
27-Feb-2018,1.473,1.459,1.539,1.681,1.822,1.998,0.2,0.16,0.17,0.14,0.1,0.07,-0.56,-0.57,-0.57,-0.61,-0.63,-0.64,-0.116,-0.123,-0.192,-0.165,-0.156,-0.166
28-Feb-2018,1.52,1.516,1.585,1.703,1.825,2.015,0.2,0.16,0.17,0.14,0.1,0.07,-0.56,-0.57,-0.57,-0.61,-0.63,-0.64,-0.13,-0.143,-0.2,-0.17,-0.157,-0.167
01-Mar-2018,1.52,1.517,1.608,1.706,1.82,1.998,0.2,0.16,0.17,0.14,0.1,0.07,-0.56,-0.57,-0.57,-0.61,-0.63,-0.64,-0.128,-0.142,-0.195,-0.168,-0.157,-0.167
02-Mar-2018,1.547,1.521,1.616,1.711,1.831,2.013,0.2,0.16,0.16,0.13,0.1,0.07,-0.56,-0.57,-0.58,-0.62,-0.63,-0.64,-0.111,-0.143,-0.191,-0.17,-0.157,-0.167
05-Mar-2018,1.523,1.528,1.637,1.719,1.835,2.017,0.2,0.16,0.16,0.13,0.1,0.07,-0.56,-0.57,-0.58,-0.62,-0.63,-0.64,-0.117,-0.147,-0.195,-0.168,-0.157,-0.167
06-Mar-2018,1.513,1.529,1.641,1.723,1.842,2.023,0.2,0.16,0.16,0.13,0.1,0.07,-0.56,-0.57,-0.58,-0.62,-0.63,-0.64,-0.138,-0.171,-0.213,-0.17,-0.159,-0.167
07-Mar-2018,1.513,1.523,1.646,1.727,1.842,2.026,0.2,0.16,0.16,0.13,0.1,0.07,-0.56,-0.57,-0.58,-0.62,-0.63,-0.64,-0.132,-0.175,-0.215,-0.169,-0.159,-0.166
08-Mar-2018,1.568,1.528,1.671,1.736,1.845,2.024,0.2,0.16,0.16,0.13,0.1,0.07,-0.56,-0.57,-0.58,-0.62,-0.63,-0.64,-0.131,-0.176,-0.21,-0.175,-0.158,-0.166
09-Mar-2018,1.56,1.551,1.718,1.759,1.872,2.056,0.2,0.16,0.16,0.13,0.1,0.07,-0.56,-0.57,-0.58,-0.62,-0.63,-0.64,-0.124,-0.164,-0.207,-0.176,-0.158,-0.166
12-Mar-2018,1.534,1.544,1.763,1.792,1.906,2.101,0.2,0.16,0.16,0.13,0.1,0.07,-0.56,-0.57,-0.58,-0.62,-0.63,-0.64,-0.121,-0.153,-0.19,-0.174,-0.158,-0.166
13-Mar-2018,1.534,1.583,1.762,1.808,1.92,2.091,0.2,0.16,0.16,0.13,0.1,0.07,-0.56,-0.57,-0.58,-0.62,-0.63,-0.64,-0.119,-0.147,-0.182,-0.168,-0.155,-0.166
14-Mar-2018,1.55,1.623,1.769,1.818,1.921,2.096,0.2,0.16,0.16,0.13,0.1,0.07,-0.56,-0.57,-0.58,-0.62,-0.63,-0.64,-0.116,-0.141,-0.18,-0.167,-0.155,-0.166
15-Mar-2018,1.642,1.738,1.811,1.846,1.942,2.107,0.2,0.16,0.16,0.13,0.1,0.07,-0.56,-0.57,-0.58,-0.62,-0.63,-0.64,-0.102,-0.125,-0.163,-0.161,-0.153,-0.164
16-Mar-2018,1.569,1.777,1.827,1.86,1.958,2.128,0.2,0.16,0.16,0.13,0.1,0.07,-0.56,-0.57,-0.58,-0.62,-0.63,-0.64,-0.102,-0.129,-0.162,-0.157,-0.152,-0.163
19-Mar-2018,1.569,1.796,1.807,1.85,1.952,2.124,0.14,0.1,0.1,0.13,0.1,0.07,-0.62,-0.63,-0.64,-0.62,-0.63,-0.64,-0.124,-0.127,-0.16,-0.153,-0.152,-0.164
20-Mar-2018,1.545,1.839,1.837,1.86,1.963,2.138,0.17,0.13,0.13,0.17,0.13,0.1,-0.59,-0.6,-0.61,-0.58,-0.6,-0.6,-0.117,-0.164,-0.178,-0.16,-0.155,-0.165
21-Mar-2018,1.587,1.864,1.852,1.882,1.973,2.139,0.17,0.13,0.13,0.17,0.13,0.1,-0.59,-0.6,-0.61,-0.58,-0.6,-0.6,-0.117,-0.164,-0.178,-0.16,-0.155,-0.165
22-Mar-2018,1.76,1.83,1.858,1.883,1.969,2.133,0.15,0.11,0.11,0.15,0.12,0.09,-0.61,-0.62,-0.63,-0.6,-0.61,-0.61,-0.12,-0.283,-0.176,-0.159,-0.154,-0.164
23-Mar-2018,1.8,1.777,1.824,1.851,1.935,2.095,0.15,0.11,0.11,0.15,0.12,0.09,-0.61,-0.62,-0.63,-0.6,-0.61,-0.61,-0.111,-0.325,-0.177,-0.16,-0.155,-0.165
26-Mar-2018,1.847,1.777,1.824,1.849,1.95,2.116,0.15,0.11,0.11,0.15,0.12,0.09,-0.61,-0.62,-0.63,-0.6,-0.61,-0.61,-0.112,-0.345,-0.178,-0.16,-0.156,-0.166
27-Mar-2018,1.814,1.794,1.821,1.86,1.943,2.1,0.15,0.11,0.11,0.15,0.12,0.09,-0.61,-0.62,-0.63,-0.6,-0.61,-0.61,-0.112,-0.353,-0.179,-0.162,-0.156,-0.166
28-Mar-2018,1.82,1.812,1.827,1.864,1.949,2.109,0.15,0.11,0.1,0.14,0.12,0.09,-0.62,-0.62,-0.64,-0.61,-0.61,-0.61,-0.115,-0.351,-0.178,-0.162,-0.156,-0.166
29-Mar-2018,2.099,1.849,1.85,1.898,1.988,2.156,0.15,0.11,0.11,0.15,0.12,0.09,-0.61,-0.62,-0.63,-0.6,-0.61,-0.61,-0.111,-0.124,-0.14,-0.146,-0.154,-0.164
30-Mar-2018,2.099,1.849,1.85,1.898,1.988,2.156,0.15,0.11,0.11,0.15,0.12,0.09,-0.61,-0.62,-0.63,-0.6,-0.61,-0.61,-0.184,-0.126,-0.141,-0.146,-0.155,-0.165
02-Apr-2018,1.957,1.875,1.876,1.924,2.014,2.18,0.15,0.11,0.11,0.15,0.12,0.09,-0.61,-0.62,-0.63,-0.6,-0.61,-0.61,-0.124,-0.132,-0.142,-0.144,-0.153,-0.163
03-Apr-2018,1.962,1.879,1.881,1.929,2.019,2.188,0.15,0.11,0.11,0.15,0.12,0.09,-0.61,-0.62,-0.63,-0.6,-0.61,-0.61,-0.115,-0.118,-0.136,-0.142,-0.153,-0.162
04-Apr-2018,1.799,1.827,1.83,1.893,1.991,2.155,0.15,0.11,0.11,0.15,0.12,0.09,-0.61,-0.62,-0.63,-0.6,-0.61,-0.61,-0.117,-0.112,-0.131,-0.141,-0.153,-0.162
05-Apr-2018,1.819,1.83,1.83,1.891,1.983,2.148,0.21,0.17,0.17,0.16,0.12,0.09,-0.55,-0.56,-0.57,-0.59,-0.61,-0.62,-0.115,-0.114,-0.132,-0.14,-0.153,-0.162
06-Apr-2018,1.817,1.828,1.82,1.88,1.966,2.115,0.21,0.17,0.17,0.16,0.12,0.09,-0.55,-0.56,-0.57,-0.59,-0.61,-0.62,-0.116,-0.123,-0.137,-0.143,-0.152,-0.162
09-Apr-2018,1.823,1.828,1.82,1.885,1.976,2.13,0.21,0.17,0.17,0.16,0.12,0.09,-0.55,-0.56,-0.57,-0.59,-0.61,-0.62,-0.14,-0.135,-0.154,-0.147,-0.154,-0.163
10-Apr-2018,1.83,1.832,1.831,1.893,1.986,2.143,0.21,0.17,0.17,0.16,0.12,0.09,-0.55,-0.56,-0.57,-0.59,-0.61,-0.62,-0.154,-0.169,-0.183,-0.155,-0.155,-0.164
11-Apr-2018,1.82,1.811,1.811,1.893,1.988,2.144,0.21,0.17,0.17,0.16,0.12,0.09,-0.55,-0.56,-0.57,-0.59,-0.61,-0.62,-0.145,-0.158,-0.188,-0.156,-0.156,-0.165
12-Apr-2018,1.782,1.811,1.81,1.902,1.999,2.169,0.21,0.17,0.17,0.16,0.12,0.09,-0.55,-0.56,-0.57,-0.59,-0.61,-0.62,-0.137,-0.143,-0.192,-0.157,-0.157,-0.165
13-Apr-2018,1.79,1.817,1.812,1.905,2.004,2.175,0.21,0.17,0.17,0.16,0.12,0.09,-0.55,-0.56,-0.57,-0.59,-0.61,-0.62,-0.123,-0.149,-0.194,-0.159,-0.157,-0.165
16-Apr-2018,1.825,1.803,1.807,1.891,2.008,2.186,0.21,0.17,0.17,0.16,0.12,0.09,-0.55,-0.56,-0.57,-0.59,-0.61,-0.62,-0.14,-0.156,-0.198,-0.159,-0.157,-0.165
17-Apr-2018,1.83,1.803,1.807,1.897,2.017,2.195,0.21,0.17,0.17,0.16,0.12,0.09,-0.55,-0.56,-0.57,-0.59,-0.61,-0.62,-0.149,-0.156,-0.196,-0.159,-0.157,-0.165
18-Apr-2018,1.8,1.801,1.805,1.905,2.034,2.22,0.21,0.17,0.17,0.16,0.12,0.09,-0.55,-0.56,-0.57,-0.59,-0.61,-0.62,-0.15,-0.161,-0.199,-0.161,-0.157,-0.166
19-Apr-2018,1.785,1.801,1.803,1.908,2.027,2.236,0.22,0.18,0.17,0.16,0.12,0.09,-0.55,-0.55,-0.57,-0.59,-0.61,-0.62,-0.152,-0.204,-0.204,-0.164,-0.156,-0.168
20-Apr-2018,1.76,1.801,1.803,1.912,2.034,2.25,0.22,0.18,0.17,0.16,0.12,0.09,-0.55,-0.55,-0.57,-0.59,-0.61,-0.62,-0.151,-0.221,-0.203,-0.166,-0.156,-0.168
23-Apr-2018,1.728,1.797,1.808,1.921,2.044,2.264,0.22,0.18,0.17,0.16,0.12,0.09,-0.55,-0.55,-0.57,-0.59,-0.61,-0.62,-0.147,-0.205,-0.18,-0.164,-0.155,-0.166
24-Apr-2018,1.78,1.796,1.809,1.927,2.058,2.263,0.22,0.18,0.17,0.16,0.12,0.09,-0.55,-0.55,-0.57,-0.59,-0.61,-0.62,-0.14,-0.183,-0.169,-0.163,-0.155,-0.166
25-Apr-2018,1.755,1.802,1.814,1.931,2.039,2.263,0.22,0.18,0.18,0.16,0.12,0.09,-0.54,-0.55,-0.56,-0.59,-0.61,-0.62,-0.142,-0.182,-0.17,-0.164,-0.155,-0.165
26-Apr-2018,1.776,1.782,1.806,1.968,2.064,2.246,0.22,0.18,0.18,0.16,0.12,0.09,-0.54,-0.55,-0.56,-0.59,-0.61,-0.62,-0.131,-0.14,-0.146,-0.155,-0.153,-0.162
27-Apr-2018,1.771,1.788,1.804,1.97,2.067,2.247,0.21,0.17,0.17,0.16,0.12,0.09,-0.55,-0.56,-0.57,-0.59,-0.61,-0.62,-0.115,-0.119,-0.134,-0.15,-0.152,-0.161
30-Apr-2018,1.83,1.836,1.832,1.976,2.073,2.251,0.22,0.18,0.18,0.16,0.12,0.09,-0.54,-0.55,-0.56,-0.59,-0.61,-0.62,-0.115,-0.119,-0.134,-0.15,-0.152,-0.161
01-May-2018,1.813,1.835,1.829,1.979,2.08,2.261,0.22,0.18,0.18,0.16,0.12,0.09,-0.54,-0.55,-0.56,-0.59,-0.61,-0.62,-0.097,-0.11,-0.129,-0.147,-0.152,-0.161
02-May-2018,1.797,1.82,1.831,1.992,2.098,2.281,0.22,0.18,0.18,0.16,0.12,0.09,-0.54,-0.55,-0.56,-0.59,-0.61,-0.62,-0.078,-0.101,-0.126,-0.144,-0.151,-0.161
03-May-2018,1.773,1.816,1.828,1.992,2.097,2.274,0.22,0.18,0.18,0.16,0.12,0.09,-0.54,-0.55,-0.56,-0.59,-0.61,-0.62,-0.078,-0.101,-0.126,-0.144,-0.151,-0.161
04-May-2018,1.76,1.776,1.786,1.987,2.108,2.288,0.23,0.19,0.19,0.16,0.12,0.09,-0.53,-0.54,-0.55,-0.59,-0.61,-0.62,-0.078,-0.101,-0.126,-0.144,-0.151,-0.161
07-May-2018,1.77,1.797,1.821,1.997,2.116,2.297,0.23,0.19,0.19,0.16,0.12,0.09,-0.53,-0.54,-0.55,-0.59,-0.61,-0.62,-0.065,-0.091,-0.12,-0.138,-0.151,-0.16
08-May-2018,1.787,1.798,1.822,2.003,2.124,2.304,0.23,0.19,0.19,0.16,0.12,0.09,-0.53,-0.54,-0.55,-0.59,-0.61,-0.62,-0.064,-0.088,-0.116,-0.135,-0.151,-0.163
09-May-2018,1.778,1.788,1.802,2.004,2.116,2.31,0.24,0.2,0.2,0.18,0.13,0.1,-0.52,-0.53,-0.54,-0.57,-0.61,-0.61,-0.06,-0.083,-0.113,-0.133,-0.147,-0.161
10-May-2018,1.79,1.788,1.805,2.008,2.119,2.315,0.23,0.19,0.18,0.18,0.13,0.1,-0.54,-0.54,-0.56,-0.57,-0.6,-0.61,-0.058,-0.073,-0.111,-0.133,-0.147,-0.16
11-May-2018,1.784,1.794,1.813,2.017,2.123,2.32,0.22,0.18,0.18,0.18,0.13,0.1,-0.54,-0.55,-0.56,-0.57,-0.6,-0.61,-0.055,-0.071,-0.109,-0.131,-0.147,-0.16
14-May-2018,1.786,1.818,1.866,2.023,2.134,2.328,0.22,0.18,0.18,0.18,0.13,0.1,-0.54,-0.55,-0.56,-0.57,-0.6,-0.61,-0.052,-0.08,-0.11,-0.13,-0.148,-0.16
15-May-2018,1.85,1.855,1.89,2.033,2.143,2.341,0.22,0.18,0.18,0.18,0.13,0.09,-0.54,-0.55,-0.56,-0.57,-0.6,-0.62,-0.066,-0.094,-0.117,-0.133,-0.148,-0.16
16-May-2018,1.787,1.796,1.869,2.045,2.146,2.343,0.22,0.18,0.18,0.18,0.13,0.09,-0.54,-0.55,-0.56,-0.57,-0.6,-0.62,-0.093,-0.127,-0.139,-0.143,-0.148,-0.16
17-May-2018,1.787,1.796,1.869,2.05,2.153,2.346,0.22,0.18,0.18,0.18,0.13,0.09,-0.54,-0.55,-0.56,-0.57,-0.6,-0.62,-0.098,-0.141,-0.148,-0.148,-0.149,-0.16
18-May-2018,1.761,1.796,1.902,2.05,2.149,2.336,0.22,0.18,0.18,0.18,0.13,0.09,-0.54,-0.55,-0.56,-0.57,-0.6,-0.62,-0.102,-0.14,-0.149,-0.148,-0.149,-0.16
21-May-2018,1.71,1.795,1.92,2.057,2.155,2.344,0.22,0.18,0.18,0.18,0.13,0.09,-0.54,-0.55,-0.56,-0.57,-0.6,-0.62,-0.101,-0.131,-0.142,-0.146,-0.149,-0.16
22-May-2018,1.673,1.76,1.922,2.059,2.159,2.345,0.22,0.18,0.18,0.18,0.13,0.09,-0.54,-0.55,-0.56,-0.57,-0.6,-0.62,-0.101,-0.126,-0.138,-0.143,-0.149,-0.16
23-May-2018,1.78,1.745,1.91,2.034,2.123,2.295,0.22,0.18,0.18,0.18,0.13,0.09,-0.54,-0.55,-0.56,-0.57,-0.6,-0.62,-0.103,-0.128,-0.138,-0.144,-0.149,-0.16
24-May-2018,1.8,1.76,1.946,2.05,2.131,2.299,0.23,0.19,0.18,0.19,0.16,0.1,-0.54,-0.54,-0.56,-0.56,-0.57,-0.61,-0.102,-0.133,-0.141,-0.147,-0.149,-0.161
25-May-2018,1.8,1.763,1.945,2.044,2.117,2.273,0.23,0.19,0.19,0.19,0.16,0.1,-0.53,-0.54,-0.55,-0.56,-0.57,-0.61,-0.128,-0.15,-0.154,-0.153,-0.15,-0.162
28-May-2018,1.8,1.759,1.941,2.039,2.115,2.263,0.23,0.19,0.19,0.19,0.16,0.1,-0.53,-0.54,-0.55,-0.56,-0.57,-0.61,-0.11,-0.155,-0.158,-0.155,-0.15,-0.162
29-May-2018,1.8,1.753,1.931,2.018,2.073,2.181,0.23,0.19,0.19,0.19,0.15,0.1,-0.53,-0.54,-0.55,-0.56,-0.58,-0.61,-0.115,-0.16,-0.162,-0.156,-0.151,-0.163
30-May-2018,1.8,1.805,1.95,2.043,2.116,2.25,0.21,0.17,0.17,0.17,0.13,0.08,-0.55,-0.56,-0.57,-0.58,-0.6,-0.63,-0.117,-0.177,-0.167,-0.157,-0.152,-0.163
31-May-2018,1.89,1.83,1.969,2.046,2.126,2.267,0.21,0.17,0.17,0.17,0.14,0.09,-0.55,-0.56,-0.57,-0.58,-0.59,-0.62,-0.111,-0.151,-0.163,-0.157,-0.152,-0.163
01-Jun-2018,1.89,1.849,2,2.057,2.144,2.302,0.17,0.13,0.13,0.15,0.13,0.09,-0.59,-0.6,-0.61,-0.6,-0.6,-0.61,-0.132,-0.153,-0.164,-0.158,-0.152,-0.163
04-Jun-2018,1.83,1.844,2.009,2.064,2.153,2.323,0.17,0.13,0.13,0.15,0.12,0.09,-0.59,-0.6,-0.61,-0.6,-0.61,-0.61,-0.11,-0.15,-0.164,-0.157,-0.153,-0.162
05-Jun-2018,1.809,1.82,2.021,2.059,2.151,2.313,0.17,0.13,0.13,0.15,0.12,0.09,-0.59,-0.6,-0.61,-0.6,-0.61,-0.61,-0.106,-0.139,-0.158,-0.155,-0.153,-0.162
06-Jun-2018,1.788,1.853,2.029,2.064,2.16,2.332,0.17,0.13,0.13,0.14,0.12,0.09,-0.59,-0.6,-0.61,-0.61,-0.61,-0.61,-0.103,-0.13,-0.153,-0.151,-0.152,-0.161
07-Jun-2018,1.784,1.934,2.047,2.068,2.16,2.325,0.17,0.13,0.13,0.14,0.12,0.09,-0.59,-0.6,-0.61,-0.61,-0.61,-0.61,-0.1,-0.125,-0.15,-0.148,-0.151,-0.161
08-Jun-2018,1.75,1.965,2.048,2.067,2.159,2.328,0.17,0.13,0.13,0.14,0.12,0.09,-0.59,-0.6,-0.61,-0.61,-0.61,-0.61,-0.095,-0.117,-0.147,-0.146,-0.151,-0.161
11-Jun-2018,1.742,2.012,2.06,2.076,2.172,2.349,0.17,0.13,0.13,0.14,0.12,0.09,-0.59,-0.6,-0.61,-0.61,-0.61,-0.61,-0.09,-0.11,-0.144,-0.145,-0.151,-0.161
12-Jun-2018,1.742,2.058,2.062,2.077,2.181,2.369,0.17,0.13,0.13,0.14,0.12,0.09,-0.59,-0.6,-0.61,-0.61,-0.61,-0.61,-0.085,-0.104,-0.14,-0.144,-0.151,-0.161
13-Jun-2018,1.79,2.059,2.064,2.073,2.18,2.379,0.18,0.14,0.13,0.16,0.14,0.11,-0.59,-0.59,-0.61,-0.59,-0.59,-0.59,-0.082,-0.105,-0.141,-0.144,-0.151,-0.161
14-Jun-2018,1.93,2.047,2.056,2.068,2.184,2.386,0.18,0.14,0.13,0.16,0.14,0.11,-0.59,-0.59,-0.61,-0.59,-0.59,-0.59,-0.084,-0.12,-0.145,-0.145,-0.151,-0.161
15-Jun-2018,1.973,2.055,2.059,2.068,2.183,2.384,0.19,0.15,0.14,0.16,0.14,0.11,-0.58,-0.58,-0.6,-0.59,-0.59,-0.59,-0.106,-0.123,-0.147,-0.144,-0.151,-0.161
18-Jun-2018,1.95,2.055,2.058,2.067,2.183,2.385,0.19,0.15,0.14,0.16,0.14,0.11,-0.58,-0.58,-0.6,-0.59,-0.59,-0.59,-0.097,-0.124,-0.146,-0.144,-0.151,-0.161
19-Jun-2018,1.94,2.055,2.062,2.072,2.184,2.376,0.19,0.15,0.14,0.16,0.14,0.11,-0.58,-0.58,-0.6,-0.59,-0.59,-0.59,-0.099,-0.126,-0.145,-0.143,-0.15,-0.161
20-Jun-2018,1.93,2.013,2.047,2.079,2.208,2.404,0.19,0.15,0.14,0.16,0.14,0.11,-0.58,-0.58,-0.6,-0.59,-0.59,-0.59,-0.104,-0.131,-0.148,-0.144,-0.15,-0.16
21-Jun-2018,1.96,2.016,2.052,2.081,2.21,2.4,0.19,0.15,0.14,0.16,0.13,0.11,-0.58,-0.58,-0.6,-0.59,-0.6,-0.59,-0.102,-0.132,-0.149,-0.144,-0.15,-0.16
22-Jun-2018,1.985,2.017,2.052,2.08,2.206,2.396,0.19,0.15,0.15,0.16,0.14,0.12,-0.57,-0.58,-0.59,-0.59,-0.59,-0.59,-0.109,-0.18,-0.145,-0.143,-0.15,-0.16
25-Jun-2018,1.985,2.017,2.052,2.074,2.202,2.39,0.19,0.15,0.15,0.16,0.13,0.11,-0.57,-0.58,-0.59,-0.59,-0.6,-0.59,-0.108,-0.17,-0.144,-0.143,-0.15,-0.16
26-Jun-2018,1.96,2.017,2.052,2.076,2.202,2.389,0.19,0.15,0.15,0.16,0.14,0.12,-0.57,-0.58,-0.59,-0.59,-0.59,-0.58,-0.104,-0.156,-0.141,-0.142,-0.15,-0.16
27-Jun-2018,1.97,1.98,2.013,2.056,2.183,2.365,0.19,0.15,0.15,0.16,0.14,0.11,-0.57,-0.58,-0.59,-0.59,-0.59,-0.59,-0.111,-0.146,-0.135,-0.137,-0.149,-0.16
28-Jun-2018,2.152,1.98,2.013,2.061,2.184,2.369,0.19,0.15,0.15,0.16,0.12,0.09,-0.57,-0.58,-0.59,-0.59,-0.61,-0.61,-0.107,-0.129,-0.129,-0.136,-0.149,-0.16
29-Jun-2018,2.152,1.975,2.008,2.065,2.191,2.381,0.21,0.17,0.17,0.16,0.12,0.11,-0.55,-0.56,-0.57,-0.59,-0.61,-0.6,-0.101,-0.113,-0.126,-0.136,-0.149,-0.159
02-Jul-2018,2.119,2.03,2.041,2.074,2.201,2.387,0.21,0.17,0.17,0.16,0.12,0.11,-0.55,-0.56,-0.57,-0.59,-0.61,-0.6,-0.101,-0.108,-0.122,-0.132,-0.149,-0.159
03-Jul-2018,2.055,2.065,2.068,2.099,2.2,2.384,0.21,0.17,0.17,0.16,0.12,0.11,-0.55,-0.56,-0.57,-0.59,-0.61,-0.6,-0.099,-0.107,-0.121,-0.129,-0.148,-0.158
04-Jul-2018,2.055,2.065,2.068,2.099,2.2,2.384,0.21,0.17,0.17,0.16,0.12,0.11,-0.55,-0.56,-0.57,-0.59,-0.61,-0.6,-0.097,-0.106,-0.119,-0.129,-0.148,-0.158
05-Jul-2018,2.021,2.065,2.069,2.101,2.211,2.403,0.21,0.17,0.17,0.17,0.12,0.11,-0.55,-0.56,-0.57,-0.58,-0.61,-0.6,-0.1,-0.104,-0.119,-0.129,-0.148,-0.158
06-Jul-2018,1.98,2.008,2.013,2.054,2.168,2.365,0.21,0.17,0.17,0.17,0.12,0.11,-0.55,-0.56,-0.57,-0.58,-0.61,-0.6,-0.094,-0.101,-0.118,-0.129,-0.148,-0.158
09-Jul-2018,1.951,2.001,2.009,2.056,2.174,2.378,0.21,0.17,0.17,0.17,0.12,0.11,-0.55,-0.56,-0.57,-0.58,-0.61,-0.6,-0.085,-0.094,-0.116,-0.129,-0.148,-0.157
10-Jul-2018,1.95,2,2.009,2.059,2.18,2.381,0.22,0.18,0.18,0.17,0.14,0.13,-0.54,-0.55,-0.56,-0.58,-0.59,-0.58,-0.088,-0.096,-0.117,-0.13,-0.148,-0.157
11-Jul-2018,1.968,2.006,2.013,2.065,2.181,2.386,0.22,0.18,0.18,0.17,0.13,0.12,-0.54,-0.55,-0.56,-0.58,-0.6,-0.58,-0.09,-0.099,-0.118,-0.13,-0.148,-0.157
12-Jul-2018,1.957,1.991,1.999,2.061,2.188,2.376,0.22,0.18,0.18,0.17,0.13,0.11,-0.54,-0.55,-0.56,-0.58,-0.6,-0.6,-0.091,-0.102,-0.12,-0.13,-0.149,-0.157
13-Jul-2018,1.98,1.996,2.005,2.067,2.192,2.374,0.22,0.18,0.18,0.17,0.13,0.11,-0.54,-0.55,-0.56,-0.58,-0.6,-0.6,-0.092,-0.109,-0.123,-0.131,-0.149,-0.157
16-Jul-2018,2.029,2.041,2.042,2.097,2.205,2.393,0.22,0.18,0.18,0.17,0.13,0.11,-0.54,-0.55,-0.56,-0.58,-0.6,-0.6,-0.092,-0.109,-0.123,-0.131,-0.149,-0.157
17-Jul-2018,2.003,2.038,2.042,2.101,2.215,2.403,0.22,0.18,0.17,0.17,0.14,0.11,-0.55,-0.55,-0.57,-0.58,-0.59,-0.59,-0.097,-0.111,-0.124,-0.132,-0.149,-0.157
18-Jul-2018,1.95,1.98,1.991,2.057,2.207,2.406,0.22,0.18,0.17,0.17,0.14,0.11,-0.55,-0.55,-0.57,-0.58,-0.59,-0.59,-0.133,-0.127,-0.133,-0.137,-0.149,-0.157
19-Jul-2018,1.97,1.972,1.989,2.06,2.207,2.401,0.22,0.18,0.17,0.17,0.14,0.11,-0.55,-0.55,-0.57,-0.58,-0.59,-0.59,-0.129,-0.137,-0.14,-0.142,-0.149,-0.158
20-Jul-2018,1.94,1.95,1.985,2.067,2.206,2.404,0.22,0.18,0.17,0.17,0.14,0.11,-0.55,-0.55,-0.57,-0.58,-0.59,-0.59,-0.101,-0.126,-0.136,-0.141,-0.149,-0.158
23-Jul-2018,1.95,2.016,2.025,2.099,2.215,2.422,0.22,0.18,0.17,0.17,0.14,0.11,-0.55,-0.55,-0.57,-0.58,-0.59,-0.59,-0.101,-0.125,-0.135,-0.139,-0.148,-0.157
24-Jul-2018,1.99,2.01,2.022,2.1,2.216,2.42,0.24,0.2,0.2,0.19,0.15,0.12,-0.52,-0.53,-0.54,-0.56,-0.58,-0.58,-0.137,-0.155,-0.146,-0.141,-0.148,-0.155
25-Jul-2018,1.965,2.01,2.022,2.108,2.221,2.433,0.24,0.2,0.2,0.19,0.15,0.12,-0.52,-0.53,-0.54,-0.56,-0.58,-0.58,-0.161,-0.181,-0.15,-0.145,-0.15,-0.159
26-Jul-2018,2,2.015,2.026,2.115,2.232,2.446,0.24,0.2,0.2,0.19,0.15,0.12,-0.52,-0.53,-0.54,-0.56,-0.58,-0.58,-0.117,-0.169,-0.149,-0.145,-0.15,-0.159
27-Jul-2018,1.96,2.006,2.007,2.099,2.22,2.428,0.24,0.2,0.2,0.22,0.17,0.14,-0.52,-0.53,-0.54,-0.53,-0.56,-0.56,-0.129,-0.169,-0.147,-0.144,-0.15,-0.159
30-Jul-2018,1.94,1.998,2.009,2.105,2.226,2.432,0.26,0.22,0.22,0.22,0.17,0.14,-0.5,-0.51,-0.52,-0.53,-0.56,-0.56,-0.113,-0.172,-0.148,-0.145,-0.15,-0.159
31-Jul-2018,1.985,1.998,2.006,2.102,2.227,2.429,0.26,0.22,0.22,0.22,0.17,0.14,-0.5,-0.51,-0.52,-0.53,-0.56,-0.56,-0.201,-0.157,-0.143,-0.145,-0.15,-0.159
01-Aug-2018,1.954,1.993,2.003,2.106,2.23,2.435,0.26,0.22,0.22,0.22,0.17,0.14,-0.5,-0.51,-0.52,-0.53,-0.56,-0.56,-0.101,-0.107,-0.125,-0.134,-0.148,-0.155
02-Aug-2018,1.981,1.992,2.001,2.109,2.231,2.434,0.26,0.22,0.22,0.22,0.17,0.14,-0.5,-0.51,-0.52,-0.53,-0.56,-0.56,-0.103,-0.105,-0.12,-0.131,-0.147,-0.154
03-Aug-2018,1.911,1.983,1.992,2.1,2.223,2.429,0.26,0.22,0.22,0.22,0.17,0.14,-0.5,-0.51,-0.52,-0.53,-0.56,-0.56,-0.098,-0.104,-0.119,-0.13,-0.147,-0.154
06-Aug-2018,1.937,1.981,1.99,2.105,2.231,2.434,0.26,0.22,0.22,0.22,0.17,0.14,-0.5,-0.51,-0.52,-0.53,-0.56,-0.56,-0.097,-0.105,-0.119,-0.13,-0.146,-0.154
07-Aug-2018,1.967,1.98,1.991,2.111,2.242,2.449,0.26,0.22,0.22,0.22,0.17,0.14,-0.5,-0.51,-0.52,-0.53,-0.56,-0.56,-0.097,-0.107,-0.119,-0.131,-0.147,-0.154
08-Aug-2018,1.97,1.979,1.984,2.116,2.241,2.444,0.27,0.23,0.22,0.22,0.17,0.14,-0.5,-0.5,-0.52,-0.53,-0.56,-0.56,-0.096,-0.11,-0.12,-0.132,-0.146,-0.154
09-Aug-2018,1.994,1.978,1.983,2.117,2.241,2.438,0.27,0.23,0.22,0.22,0.17,0.14,-0.5,-0.5,-0.52,-0.53,-0.56,-0.56,-0.096,-0.11,-0.121,-0.131,-0.146,-0.155
10-Aug-2018,1.995,1.979,1.984,2.118,2.236,2.418,0.27,0.23,0.23,0.24,0.18,0.16,-0.49,-0.5,-0.51,-0.51,-0.55,-0.55,-0.096,-0.108,-0.12,-0.131,-0.146,-0.155
13-Aug-2018,2.022,2.004,2.01,2.14,2.254,2.43,0.27,0.23,0.23,0.24,0.18,0.16,-0.49,-0.5,-0.51,-0.51,-0.55,-0.55,-0.095,-0.108,-0.12,-0.132,-0.146,-0.156
14-Aug-2018,2.037,2.013,2.018,2.152,2.273,2.453,0.26,0.22,0.21,0.23,0.18,0.16,-0.51,-0.51,-0.53,-0.52,-0.55,-0.55,-0.095,-0.109,-0.121,-0.133,-0.146,-0.156
15-Aug-2018,2.073,2.035,2.039,2.185,2.3,2.485,0.26,0.22,0.21,0.23,0.18,0.16,-0.51,-0.51,-0.53,-0.52,-0.55,-0.55,-0.117,-0.134,-0.133,-0.139,-0.147,-0.156
16-Aug-2018,2.08,2.045,2.044,2.195,2.307,2.492,0.26,0.22,0.21,0.23,0.18,0.16,-0.51,-0.51,-0.53,-0.52,-0.55,-0.55,-0.111,-0.133,-0.135,-0.139,-0.147,-0.157
17-Aug-2018,1.968,2.042,2.044,2.196,2.307,2.491,0.26,0.22,0.21,0.23,0.18,0.16,-0.51,-0.51,-0.53,-0.52,-0.55,-0.55,-0.111,-0.132,-0.134,-0.139,-0.147,-0.157
20-Aug-2018,1.97,2.044,2.045,2.199,2.304,2.48,0.26,0.22,0.21,0.23,0.18,0.16,-0.51,-0.51,-0.53,-0.52,-0.55,-0.55,-0.1,-0.124,-0.132,-0.139,-0.148,-0.157
21-Aug-2018,1.979,2.03,2.034,2.191,2.301,2.477,0.26,0.22,0.21,0.23,0.18,0.16,-0.51,-0.51,-0.53,-0.52,-0.55,-0.55,-0.099,-0.121,-0.131,-0.138,-0.148,-0.157
22-Aug-2018,2,2.031,2.035,2.198,2.304,2.481,0.27,0.23,0.23,0.23,0.18,0.16,-0.49,-0.5,-0.51,-0.52,-0.55,-0.55,-0.101,-0.123,-0.133,-0.139,-0.148,-0.157
23-Aug-2018,2.02,2.024,2.024,2.202,2.313,2.494,0.27,0.23,0.23,0.23,0.18,0.16,-0.49,-0.5,-0.51,-0.52,-0.55,-0.55,-0.104,-0.132,-0.137,-0.14,-0.148,-0.157
24-Aug-2018,2.023,2.028,2.034,2.205,2.316,2.493,0.27,0.23,0.23,0.23,0.18,0.16,-0.49,-0.5,-0.51,-0.52,-0.55,-0.55,-0.125,-0.146,-0.141,-0.141,-0.148,-0.157
27-Aug-2018,2.052,2.046,2.057,2.22,2.334,2.509,0.27,0.23,0.23,0.23,0.18,0.16,-0.49,-0.5,-0.51,-0.52,-0.55,-0.55,-0.122,-0.149,-0.141,-0.142,-0.149,-0.159
28-Aug-2018,2.034,2.043,2.057,2.222,2.338,2.522,0.27,0.23,0.23,0.22,0.18,0.15,-0.49,-0.5,-0.51,-0.53,-0.55,-0.55,-0.121,-0.158,-0.142,-0.142,-0.15,-0.159
29-Aug-2018,2.007,2.008,2.015,2.179,2.299,2.507,0.26,0.22,0.21,0.22,0.18,0.13,-0.51,-0.51,-0.53,-0.53,-0.55,-0.58,-0.109,-0.153,-0.141,-0.141,-0.149,-0.159
30-Aug-2018,2.02,2.014,2.071,2.198,2.309,2.5,0.26,0.22,0.21,0.22,0.18,0.13,-0.51,-0.51,-0.53,-0.53,-0.55,-0.58,-0.107,-0.134,-0.139,-0.141,-0.149,-0.159
31-Aug-2018,2.01,2.033,2.093,2.213,2.322,2.493,0.26,0.22,0.21,0.22,0.18,0.13,-0.51,-0.51,-0.53,-0.53,-0.55,-0.58,-0.098,-0.108,-0.135,-0.136,-0.149,-0.157
03-Sep-2018,2.01,2.033,2.093,2.213,2.322,2.493,0.26,0.22,0.21,0.22,0.18,0.14,-0.51,-0.51,-0.53,-0.53,-0.55,-0.57,-0.098,-0.106,-0.135,-0.136,-0.149,-0.159
04-Sep-2018,2.02,2.022,2.11,2.216,2.327,2.504,0.26,0.22,0.21,0.22,0.18,0.14,-0.51,-0.51,-0.53,-0.53,-0.55,-0.57,-0.098,-0.108,-0.137,-0.137,-0.149,-0.158
05-Sep-2018,2.02,2.021,2.113,2.22,2.331,2.511,0.26,0.22,0.21,0.22,0.18,0.14,-0.51,-0.51,-0.53,-0.53,-0.55,-0.57,-0.098,-0.106,-0.137,-0.139,-0.149,-0.158
06-Sep-2018,2.015,2.01,2.119,2.223,2.336,2.506,0.26,0.22,0.21,0.22,0.18,0.14,-0.51,-0.51,-0.53,-0.53,-0.55,-0.57,-0.098,-0.106,-0.137,-0.139,-0.149,-0.158
07-Sep-2018,2.015,2.006,2.126,2.229,2.347,2.536,0.26,0.22,0.21,0.22,0.18,0.14,-0.51,-0.51,-0.53,-0.53,-0.55,-0.57,-0.092,-0.102,-0.136,-0.138,-0.149,-0.158
10-Sep-2018,2.014,2.009,2.138,2.233,2.351,2.54,0.26,0.22,0.21,0.22,0.18,0.14,-0.51,-0.51,-0.53,-0.53,-0.55,-0.57,-0.095,-0.103,-0.133,-0.135,-0.148,-0.158
11-Sep-2018,2.02,2.02,2.16,2.237,2.359,2.564,0.26,0.22,0.21,0.22,0.18,0.14,-0.51,-0.51,-0.53,-0.53,-0.55,-0.57,-0.095,-0.103,-0.133,-0.135,-0.146,-0.158
12-Sep-2018,2.027,2.021,2.17,2.245,2.363,2.565,0.26,0.22,0.21,0.22,0.18,0.14,-0.51,-0.51,-0.53,-0.53,-0.55,-0.57,-0.094,-0.103,-0.132,-0.135,-0.146,-0.158
13-Sep-2018,1.999,2.01,2.189,2.252,2.372,2.575,0.26,0.22,0.21,0.22,0.18,0.14,-0.51,-0.51,-0.53,-0.53,-0.55,-0.56,-0.094,-0.113,-0.134,-0.135,-0.146,-0.158
14-Sep-2018,2,2.002,2.195,2.253,2.375,2.583,0.26,0.22,0.21,0.22,0.18,0.14,-0.51,-0.51,-0.53,-0.53,-0.55,-0.56,-0.093,-0.112,-0.132,-0.135,-0.146,-0.158
17-Sep-2018,2.032,2.026,2.217,2.269,2.387,2.591,0.26,0.22,0.21,0.22,0.18,0.14,-0.51,-0.51,-0.53,-0.53,-0.55,-0.57,-0.093,-0.112,-0.132,-0.135,-0.146,-0.158
18-Sep-2018,1.993,2.036,2.231,2.276,2.397,2.608,0.26,0.22,0.21,0.22,0.18,0.14,-0.51,-0.51,-0.53,-0.53,-0.55,-0.57,-0.096,-0.111,-0.13,-0.133,-0.146,-0.156
19-Sep-2018,1.973,2.055,2.245,2.286,2.402,2.608,0.27,0.23,0.22,0.23,0.19,0.14,-0.5,-0.5,-0.52,-0.52,-0.54,-0.57,-0.097,-0.111,-0.128,-0.133,-0.146,-0.156
20-Sep-2018,1.997,2.149,2.264,2.3,2.415,2.615,0.27,0.23,0.22,0.23,0.17,0.14,-0.5,-0.5,-0.52,-0.52,-0.56,-0.57,-0.101,-0.113,-0.128,-0.133,-0.146,-0.155
21-Sep-2018,1.98,2.165,2.264,2.3,2.414,2.609,0.27,0.23,0.22,0.23,0.17,0.14,-0.5,-0.5,-0.52,-0.52,-0.56,-0.57,-0.1,-0.13,-0.127,-0.132,-0.145,-0.154
24-Sep-2018,2.017,2.195,2.277,2.306,2.412,2.612,0.27,0.23,0.22,0.23,0.17,0.14,-0.5,-0.5,-0.52,-0.52,-0.56,-0.57,-0.1,-0.13,-0.127,-0.132,-0.145,-0.154
25-Sep-2018,1.979,2.267,2.286,2.311,2.416,2.616,0.27,0.23,0.22,0.23,0.17,0.14,-0.5,-0.5,-0.52,-0.52,-0.56,-0.57,-0.098,-0.13,-0.128,-0.133,-0.145,-0.154
26-Sep-2018,1.996,2.276,2.294,2.323,2.421,2.615,0.27,0.23,0.22,0.21,0.17,0.14,-0.5,-0.5,-0.52,-0.54,-0.56,-0.57,-0.099,-0.13,-0.127,-0.132,-0.144,-0.154
27-Sep-2018,2.224,2.262,2.265,2.304,2.422,2.62,0.26,0.22,0.22,0.21,0.17,0.14,-0.5,-0.51,-0.52,-0.54,-0.56,-0.57,-0.098,-0.127,-0.125,-0.132,-0.145,-0.155
28-Sep-2018,2.35,2.303,2.304,2.338,2.44,2.631,0.26,0.22,0.22,0.21,0.17,0.14,-0.5,-0.51,-0.52,-0.54,-0.56,-0.57,-0.169,-0.112,-0.126,-0.14,-0.145,-0.155
01-Oct-2018,2.296,2.308,2.31,2.343,2.447,2.642,0.26,0.22,0.22,0.21,0.17,0.14,-0.5,-0.51,-0.52,-0.54,-0.56,-0.57,-0.095,-0.108,-0.124,-0.141,-0.145,-0.156
02-Oct-2018,2.286,2.289,2.291,2.328,2.434,2.624,0.26,0.22,0.22,0.18,0.17,0.14,-0.5,-0.51,-0.52,-0.57,-0.56,-0.57,-0.098,-0.108,-0.122,-0.142,-0.146,-0.157
03-Oct-2018,2.28,2.292,2.294,2.338,2.444,2.652,0.27,0.23,0.22,0.16,0.16,0.14,-0.5,-0.5,-0.52,-0.59,-0.57,-0.57,-0.096,-0.106,-0.123,-0.143,-0.146,-0.156
04-Oct-2018,2.243,2.294,2.295,2.342,2.454,2.661,0.27,0.23,0.22,0.11,0.02,0.08,-0.5,-0.5,-0.52,-0.64,-0.71,-0.63,-0.097,-0.106,-0.124,-0.143,-0.146,-0.155
05-Oct-2018,2.228,2.267,2.28,2.341,2.449,2.664,0.27,0.23,0.22,0.16,0.16,0.14,-0.5,-0.5,-0.52,-0.59,-0.57,-0.57,-0.095,-0.109,-0.127,-0.143,-0.146,-0.155
08-Oct-2018,2.228,2.267,2.28,2.341,2.449,2.664,0.27,0.23,0.22,0.16,0.16,0.14,-0.5,-0.5,-0.52,-0.59,-0.57,-0.57,-0.095,-0.109,-0.127,-0.143,-0.146,-0.155
09-Oct-2018,2.235,2.268,2.276,2.342,2.45,2.665,0.27,0.23,0.22,0.16,0.16,0.14,-0.5,-0.5,-0.52,-0.59,-0.57,-0.57,-0.098,-0.114,-0.129,-0.144,-0.146,-0.156
10-Oct-2018,2.258,2.264,2.272,2.34,2.439,2.64,0.27,0.23,0.22,0.16,0.16,0.14,-0.5,-0.5,-0.52,-0.59,-0.57,-0.57,-0.096,-0.115,-0.13,-0.146,-0.147,-0.156
11-Oct-2018,2.259,2.264,2.273,2.347,2.45,2.647,0.27,0.23,0.22,0.14,0.16,0.14,-0.5,-0.5,-0.52,-0.61,-0.57,-0.57,-0.1,-0.12,-0.132,-0.149,-0.148,-0.157
12-Oct-2018,2.261,2.264,2.273,2.35,2.455,2.653,0.27,0.23,0.22,0.14,0.16,0.14,-0.5,-0.5,-0.52,-0.61,-0.57,-0.57,-0.106,-0.131,-0.135,-0.149,-0.148,-0.156
15-Oct-2018,2.29,2.294,2.297,2.36,2.464,2.657,0.27,0.23,0.22,0.14,0.16,0.14,-0.5,-0.5,-0.52,-0.61,-0.57,-0.57,-0.099,-0.138,-0.139,-0.149,-0.149,-0.157
16-Oct-2018,2.266,2.289,2.294,2.361,2.465,2.659,0.27,0.23,0.22,0.14,0.16,0.14,-0.5,-0.5,-0.52,-0.61,-0.57,-0.57,-0.104,-0.14,-0.141,-0.15,-0.149,-0.157
17-Oct-2018,2.27,2.289,2.295,2.371,2.473,2.672,0.26,0.22,0.22,0.1,0.16,0.14,-0.5,-0.51,-0.52,-0.65,-0.57,-0.57,-0.109,-0.141,-0.144,-0.15,-0.15,-0.157
18-Oct-2018,2.271,2.299,2.306,2.38,2.487,2.676,0.26,0.22,0.22,0.1,0.14,0.12,-0.5,-0.51,-0.52,-0.65,-0.59,-0.59,-0.107,-0.145,-0.145,-0.15,-0.15,-0.157
19-Oct-2018,2.26,2.283,2.287,2.388,2.496,2.688,0.26,0.22,0.22,0.1,0.14,0.12,-0.5,-0.51,-0.52,-0.65,-0.59,-0.59,-0.117,-0.14,-0.144,-0.15,-0.15,-0.157
22-Oct-2018,2.248,2.279,2.283,2.384,2.495,2.689,0.26,0.22,0.22,0.1,0.14,0.12,-0.5,-0.51,-0.52,-0.65,-0.59,-0.59,-0.111,-0.14,-0.145,-0.15,-0.151,-0.158
23-Oct-2018,2.237,2.279,2.283,2.379,2.484,2.669,0.26,0.22,0.22,0.1,0.14,0.12,-0.5,-0.51,-0.52,-0.65,-0.59,-0.59,-0.113,-0.14,-0.144,-0.15,-0.151,-0.158
24-Oct-2018,2.251,2.279,2.283,2.378,2.471,2.641,0.26,0.22,0.22,0.1,0.14,0.12,-0.5,-0.51,-0.52,-0.65,-0.59,-0.59,-0.121,-0.144,-0.145,-0.151,-0.151,-0.158
25-Oct-2018,2.27,2.278,2.28,2.386,2.487,2.664,0.26,0.22,0.22,0.1,0.14,0.12,-0.5,-0.51,-0.52,-0.65,-0.59,-0.59,-0.152,-0.156,-0.149,-0.151,-0.151,-0.159
26-Oct-2018,2.263,2.272,2.278,2.382,2.483,2.651,0.26,0.22,0.22,0.13,0.14,0.12,-0.5,-0.51,-0.52,-0.62,-0.59,-0.59,-0.14,-0.157,-0.149,-0.151,-0.151,-0.159
29-Oct-2018,2.26,2.264,2.271,2.391,2.482,2.659,0.26,0.22,0.22,0.11,0.14,0.12,-0.5,-0.51,-0.52,-0.64,-0.59,-0.59,-0.129,-0.152,-0.149,-0.15,-0.151,-0.159
30-Oct-2018,2.25,2.262,2.27,2.397,2.492,2.674,0.26,0.22,0.22,0.12,0.14,0.12,-0.5,-0.51,-0.52,-0.63,-0.59,-0.59,-0.134,-0.155,-0.149,-0.15,-0.151,-0.159
31-Oct-2018,2.296,2.262,2.273,2.407,2.5,2.687,0.26,0.22,0.22,0.11,0.14,0.12,-0.5,-0.51,-0.52,-0.64,-0.59,-0.59,-0.125,-0.137,-0.142,-0.15,-0.15,-0.159
01-Nov-2018,2.296,2.262,2.273,2.41,2.504,2.686,0.26,0.22,0.22,0.11,0.14,0.12,-0.5,-0.51,-0.52,-0.64,-0.59,-0.59,-0.139,-0.148,-0.148,-0.153,-0.152,-0.159
02-Nov-2018,2.36,2.326,2.327,2.419,2.52,2.706,0.26,0.22,0.22,0.11,0.14,0.12,-0.5,-0.51,-0.52,-0.64,-0.59,-0.59,-0.115,-0.143,-0.147,-0.152,-0.152,-0.159
05-Nov-2018,2.311,2.324,2.325,2.418,2.517,2.706,0.26,0.22,0.22,0.11,0.14,0.12,-0.5,-0.51,-0.52,-0.64,-0.59,-0.59,-0.113,-0.134,-0.143,-0.15,-0.151,-0.158
06-Nov-2018,2.286,2.307,2.309,2.424,2.527,2.726,0.26,0.22,0.22,0.11,0.14,0.12,-0.5,-0.51,-0.52,-0.64,-0.59,-0.59,-0.118,-0.142,-0.147,-0.153,-0.152,-0.159
07-Nov-2018,2.232,2.307,2.309,2.432,2.537,2.741,0.26,0.22,0.22,0.13,0.15,0.12,-0.5,-0.51,-0.52,-0.62,-0.58,-0.59,-0.122,-0.145,-0.149,-0.153,-0.152,-0.159
08-Nov-2018,2.275,2.31,2.312,2.441,2.548,2.75,0.26,0.22,0.22,0.13,0.15,0.12,-0.5,-0.51,-0.52,-0.62,-0.58,-0.59,-0.114,-0.141,-0.149,-0.153,-0.152,-0.159
09-Nov-2018,2.269,2.296,2.297,2.441,2.546,2.737,0.26,0.22,0.22,0.13,0.15,0.12,-0.5,-0.51,-0.52,-0.62,-0.58,-0.59,-0.128,-0.14,-0.149,-0.153,-0.152,-0.159
12-Nov-2018,2.269,2.296,2.297,2.441,2.546,2.737,0.26,0.22,0.22,0.13,0.15,0.12,-0.5,-0.51,-0.52,-0.62,-0.58,-0.59,-0.149,-0.185,-0.167,-0.161,-0.155,-0.16
13-Nov-2018,2.248,2.291,2.292,2.436,2.534,2.714,0.26,0.22,0.22,0.13,0.15,0.12,-0.5,-0.51,-0.52,-0.62,-0.58,-0.59,-0.2,-0.202,-0.174,-0.164,-0.156,-0.16
14-Nov-2018,2.271,2.291,2.292,2.436,2.528,2.701,0.26,0.22,0.22,0.14,0.15,0.12,-0.5,-0.51,-0.52,-0.61,-0.58,-0.59,-0.131,-0.172,-0.164,-0.162,-0.156,-0.161
15-Nov-2018,2.37,2.342,2.347,2.481,2.576,2.735,0.26,0.22,0.22,0.14,0.15,0.12,-0.5,-0.51,-0.52,-0.61,-0.58,-0.59,-0.105,-0.133,-0.146,-0.159,-0.156,-0.161
16-Nov-2018,2.337,2.322,2.327,2.455,2.539,2.683,0.26,0.22,0.22,0.14,0.15,0.12,-0.5,-0.51,-0.52,-0.61,-0.58,-0.59,-0.13,-0.136,-0.147,-0.161,-0.157,-0.161
19-Nov-2018,2.301,2.327,2.338,2.462,2.545,2.682,0.26,0.22,0.22,0.15,0.15,0.12,-0.5,-0.51,-0.52,-0.6,-0.58,-0.59,-0.131,-0.152,-0.157,-0.163,-0.158,-0.161
20-Nov-2018,2.268,2.31,2.34,2.46,2.545,2.688,0.26,0.22,0.22,0.15,0.13,0.12,-0.5,-0.51,-0.52,-0.6,-0.6,-0.59,-0.137,-0.163,-0.162,-0.166,-0.16,-0.162
21-Nov-2018,2.252,2.322,2.366,2.472,2.56,2.698,0.26,0.22,0.22,0.15,0.15,0.12,-0.5,-0.51,-0.52,-0.6,-0.58,-0.59,-0.137,-0.167,-0.168,-0.175,-0.161,-0.163
22-Nov-2018,2.252,2.322,2.366,2.472,2.56,2.698,0.26,0.22,0.22,0.15,0.15,0.12,-0.5,-0.51,-0.52,-0.6,-0.58,-0.59,-0.134,-0.177,-0.173,-0.177,-0.163,-0.164
23-Nov-2018,2.26,2.331,2.378,2.482,2.565,2.694,0.26,0.22,0.22,0.15,0.15,0.12,-0.5,-0.51,-0.52,-0.6,-0.58,-0.59,-0.134,-0.177,-0.173,-0.177,-0.163,-0.164
26-Nov-2018,2.266,2.309,2.385,2.494,2.577,2.71,0.26,0.22,0.22,0.15,0.15,0.12,-0.5,-0.51,-0.52,-0.6,-0.58,-0.59,-0.126,-0.176,-0.173,-0.176,-0.163,-0.163
27-Nov-2018,2.261,2.308,2.415,2.506,2.594,2.725,0.29,0.25,0.24,0.15,0.16,0.12,-0.48,-0.48,-0.5,-0.6,-0.57,-0.58,-0.126,-0.179,-0.175,-0.175,-0.164,-0.163
28-Nov-2018,2.271,2.334,2.42,2.515,2.6,2.716,0.29,0.25,0.27,0.17,0.15,0.12,-0.48,-0.48,-0.47,-0.58,-0.58,-0.59,-0.122,-0.17,-0.17,-0.171,-0.164,-0.163
29-Nov-2018,2.325,2.33,2.429,2.517,2.6,2.715,0.29,0.25,0.27,0.17,0.15,0.12,-0.48,-0.48,-0.47,-0.58,-0.58,-0.59,-0.122,-0.159,-0.165,-0.165,-0.162,-0.161
30-Nov-2018,2.36,2.35,2.432,2.51,2.591,2.702,0.29,0.25,0.27,0.17,0.15,0.12,-0.48,-0.48,-0.47,-0.58,-0.58,-0.59,-0.102,-0.119,-0.169,-0.161,-0.16,-0.16
03-Dec-2018,2.307,2.31,2.439,2.519,2.601,2.718,0.29,0.25,0.27,0.18,0.15,0.12,-0.48,-0.48,-0.47,-0.57,-0.58,-0.59,-0.091,-0.105,-0.162,-0.156,-0.159,-0.159
04-Dec-2018,2.61,2.34,2.446,2.508,2.585,2.696,0.29,0.25,0.27,0.17,0.15,0.12,-0.48,-0.48,-0.47,-0.58,-0.58,-0.59,-0.092,-0.107,-0.162,-0.159,-0.159,-0.159
05-Dec-2018,2.61,2.34,2.446,2.508,2.585,2.696,0.29,0.25,0.27,0.16,0.14,0.11,-0.48,-0.48,-0.47,-0.59,-0.59,-0.59,-0.09,-0.106,-0.166,-0.159,-0.159,-0.159
06-Dec-2018,2.61,2.41,2.538,2.583,2.649,2.746,0.29,0.25,0.27,0.16,0.14,0.11,-0.48,-0.48,-0.47,-0.59,-0.59,-0.59,-0.089,-0.103,-0.171,-0.16,-0.159,-0.159
07-Dec-2018,2.371,2.386,2.513,2.57,2.624,2.707,0.29,0.25,0.27,0.14,0.14,0.11,-0.48,-0.48,-0.47,-0.61,-0.59,-0.59,-0.088,-0.115,-0.184,-0.163,-0.159,-0.161
10-Dec-2018,2.262,2.41,2.541,2.565,2.613,2.696,0.29,0.25,0.27,0.14,0.14,0.11,-0.48,-0.48,-0.47,-0.61,-0.59,-0.59,-0.085,-0.117,-0.207,-0.165,-0.16,-0.161
11-Dec-2018,2.25,2.33,2.521,2.574,2.63,2.722,0.29,0.25,0.27,0.14,0.14,0.11,-0.48,-0.48,-0.47,-0.61,-0.59,-0.59,-0.085,-0.124,-0.243,-0.169,-0.16,-0.161
12-Dec-2018,2.262,2.358,2.529,2.581,2.643,2.742,0.28,0.24,0.27,0.1,0.14,0.11,-0.49,-0.49,-0.47,-0.65,-0.59,-0.59,-0.084,-0.144,-0.273,-0.173,-0.162,-0.163
13-Dec-2018,2.26,2.502,2.607,2.633,2.693,2.795,0.28,0.24,0.27,0.1,0.14,0.11,-0.49,-0.49,-0.47,-0.65,-0.59,-0.59,-0.083,-0.169,-0.278,-0.174,-0.163,-0.164
14-Dec-2018,2.294,2.546,2.587,2.612,2.668,2.777,0.28,0.24,0.27,0.1,0.14,0.11,-0.49,-0.49,-0.47,-0.65,-0.59,-0.59,-0.103,-0.191,-0.301,-0.177,-0.164,-0.164
17-Dec-2018,2.398,2.565,2.583,2.601,2.649,2.746,0.28,0.24,0.27,0.1,0.14,0.11,-0.49,-0.49,-0.47,-0.65,-0.59,-0.59,-0.2,-0.227,-0.316,-0.178,-0.164,-0.164
18-Dec-2018,2.398,2.681,2.681,2.703,2.74,2.82,0.28,0.24,0.27,0.1,0.14,0.11,-0.49,-0.49,-0.47,-0.65,-0.59,-0.59,-0.191,-0.219,-0.313,-0.181,-0.164,-0.164
19-Dec-2018,2.309,2.697,2.701,2.711,2.747,2.826,0.28,0.24,0.27,0.1,0.14,0.11,-0.49,-0.49,-0.47,-0.65,-0.59,-0.59,-0.174,-0.218,-0.292,-0.18,-0.164,-0.163
20-Dec-2018,2.486,2.54,2.553,2.594,2.642,2.718,0.28,0.24,0.27,0.1,0.14,0.11,-0.49,-0.49,-0.47,-0.65,-0.59,-0.59,-0.179,-0.205,-0.249,-0.179,-0.164,-0.164
21-Dec-2018,2.47,2.53,2.553,2.588,2.63,2.697,0.28,0.24,0.27,0.1,0.14,0.11,-0.49,-0.49,-0.47,-0.65,-0.59,-0.59,-0.156,-0.25,-0.197,-0.174,-0.163,-0.163
24-Dec-2018,2.516,2.529,2.553,2.579,2.613,2.66,0.28,0.24,0.27,0.1,0.14,0.11,-0.49,-0.49,-0.47,-0.65,-0.59,-0.59,-0.156,-0.25,-0.197,-0.174,-0.163,-0.163
25-Dec-2018,2.516,2.529,2.553,2.579,2.613,2.66,0.28,0.24,0.27,0.1,0.14,0.11,-0.49,-0.49,-0.47,-0.65,-0.59,-0.59,-0.101,-0.21,-0.173,-0.17,-0.164,-0.163
26-Dec-2018,2.529,2.528,2.548,2.575,2.612,2.678,0.28,0.24,0.27,0.1,0.14,0.11,-0.49,-0.49,-0.47,-0.65,-0.59,-0.59,-0.101,-0.2,-0.163,-0.165,-0.164,-0.163
27-Dec-2018,2.499,2.532,2.548,2.573,2.599,2.653,0.28,0.24,0.27,0.1,0.14,0.11,-0.49,-0.49,-0.47,-0.65,-0.59,-0.59,-0.101,-0.127,-0.143,-0.153,-0.161,-0.161
28-Dec-2018,2.55,2.551,2.564,2.573,2.601,2.637,0.28,0.24,0.27,0.1,0.14,0.11,-0.49,-0.49,-0.47,-0.65,-0.59,-0.59,-0.098,-0.105,-0.13,-0.153,-0.157,-0.159
31-Dec-2018,2.55,2.551,2.564,2.576,2.6,2.635,0.28,0.24,0.27,0.1,0.14,0.11,-0.49,-0.49,-0.47,-0.65,-0.59,-0.59,-0.098,-0.105,-0.13,-0.153,-0.157,-0.159
01-Jan-2019,2.55,2.551,2.564,2.576,2.6,2.635,0.28,0.24,0.27,0.1,0.14,0.11,-0.49,-0.49,-0.47,-0.65,-0.59,-0.59,-0.098,-0.105,-0.13,-0.153,-0.157,-0.159
02-Jan-2019,3.245,2.801,2.702,2.606,2.617,2.628,0.21,0.17,0.18,0.17,0.15,0.12,-0.55,-0.56,-0.56,-0.58,-0.58,-0.58,-0.098,-0.105,-0.13,-0.153,-0.157,-0.159
03-Jan-2019,2.655,2.589,2.589,2.613,2.602,2.612,0.21,0.17,0.18,0.17,0.15,0.12,-0.55,-0.56,-0.56,-0.58,-0.58,-0.58,-0.098,-0.105,-0.13,-0.153,-0.157,-0.159
04-Jan-2019,2.474,2.535,2.539,2.562,2.591,2.616,0.23,0.19,0.19,0.18,0.16,0.12,-0.53,-0.54,-0.55,-0.57,-0.57,-0.58,-0.094,-0.102,-0.131,-0.152,-0.157,-0.159
07-Jan-2019,2.485,2.535,2.539,2.566,2.6,2.638,0.23,0.19,0.19,0.18,0.16,0.14,-0.53,-0.54,-0.55,-0.57,-0.57,-0.56,-0.087,-0.095,-0.126,-0.152,-0.158,-0.158
08-Jan-2019,2.521,2.525,2.527,2.538,2.574,2.633,0.23,0.19,0.19,0.18,0.16,0.14,-0.53,-0.54,-0.55,-0.57,-0.57,-0.56,-0.083,-0.091,-0.128,-0.151,-0.158,-0.158
09-Jan-2019,2.518,2.535,2.542,2.549,2.573,2.6,0.26,0.22,0.21,0.19,0.17,0.15,-0.5,-0.51,-0.53,-0.56,-0.56,-0.55,-0.082,-0.094,-0.13,-0.15,-0.156,-0.157
10-Jan-2019,2.488,2.536,2.542,2.552,2.581,2.615,0.26,0.22,0.21,0.19,0.17,0.14,-0.5,-0.51,-0.53,-0.56,-0.56,-0.56,-0.084,-0.103,-0.137,-0.15,-0.158,-0.157
11-Jan-2019,2.46,2.51,2.524,2.533,2.56,2.591,0.26,0.22,0.21,0.19,0.17,0.14,-0.5,-0.51,-0.53,-0.56,-0.56,-0.56,-0.099,-0.132,-0.14,-0.151,-0.158,-0.157
14-Jan-2019,2.46,2.51,2.524,2.533,2.558,2.585,0.26,0.22,0.21,0.22,0.19,0.16,-0.5,-0.51,-0.53,-0.53,-0.54,-0.54,-0.099,-0.132,-0.14,-0.151,-0.158,-0.157
15-Jan-2019,2.498,2.51,2.522,2.53,2.553,2.583,0.26,0.22,0.21,0.22,0.19,0.16,-0.5,-0.51,-0.53,-0.53,-0.54,-0.54,-0.096,-0.127,-0.143,-0.152,-0.158,-0.158
16-Jan-2019,2.458,2.491,2.513,2.53,2.551,2.579,0.26,0.22,0.21,0.22,0.19,0.16,-0.5,-0.51,-0.53,-0.53,-0.54,-0.54,-0.182,-0.147,-0.152,-0.158,-0.16,-0.159
17-Jan-2019,2.458,2.491,2.514,2.532,2.556,2.591,0.27,0.23,0.22,0.22,0.19,0.16,-0.49,-0.5,-0.52,-0.53,-0.54,-0.54,-0.141,-0.151,-0.153,-0.156,-0.16,-0.159
18-Jan-2019,2.458,2.491,2.514,2.535,2.565,2.617,0.27,0.23,0.22,0.22,0.19,0.16,-0.49,-0.5,-0.52,-0.53,-0.54,-0.54,-0.146,-0.148,-0.152,-0.158,-0.159,-0.158
21-Jan-2019,2.458,2.491,2.514,2.535,2.565,2.617,0.27,0.23,0.22,0.22,0.2,0.18,-0.49,-0.5,-0.52,-0.53,-0.53,-0.53,-0.119,-0.143,-0.152,-0.159,-0.16,-0.159
22-Jan-2019,2.466,2.491,2.514,2.532,2.559,2.598,0.27,0.23,0.22,0.22,0.2,0.18,-0.49,-0.5,-0.52,-0.53,-0.53,-0.53,-0.117,-0.145,-0.152,-0.159,-0.16,-0.16
23-Jan-2019,2.461,2.47,2.498,2.528,2.553,2.589,0.27,0.23,0.22,0.22,0.2,0.18,-0.49,-0.5,-0.52,-0.53,-0.53,-0.53,-0.119,-0.142,-0.15,-0.158,-0.16,-0.16
24-Jan-2019,2.475,2.495,2.542,2.546,2.559,2.582,0.27,0.23,0.23,0.25,0.21,0.18,-0.49,-0.5,-0.51,-0.5,-0.52,-0.52,-0.108,-0.126,-0.138,-0.155,-0.159,-0.159
25-Jan-2019,2.449,2.497,2.545,2.548,2.567,2.603,0.27,0.23,0.23,0.25,0.21,0.18,-0.49,-0.5,-0.51,-0.5,-0.52,-0.52,-0.111,-0.121,-0.134,-0.154,-0.159,-0.158
28-Jan-2019,2.446,2.485,2.537,2.57,2.591,2.602,0.27,0.23,0.23,0.25,0.21,0.18,-0.49,-0.5,-0.51,-0.5,-0.52,-0.52,-0.108,-0.126,-0.136,-0.155,-0.159,-0.158
29-Jan-2019,2.454,2.485,2.537,2.57,2.592,2.6,0.27,0.23,0.23,0.25,0.21,0.18,-0.49,-0.5,-0.51,-0.5,-0.52,-0.52,-0.119,-0.127,-0.136,-0.155,-0.159,-0.158
30-Jan-2019,2.449,2.485,2.532,2.567,2.578,2.571,0.28,0.24,0.24,0.26,0.21,0.19,-0.48,-0.49,-0.5,-0.49,-0.52,-0.52,-0.109,-0.126,-0.135,-0.156,-0.159,-0.158
31-Jan-2019,2.654,2.484,2.531,2.565,2.568,2.538,0.28,0.24,0.24,0.26,0.21,0.19,-0.48,-0.49,-0.5,-0.49,-0.52,-0.52,-0.1,-0.113,-0.132,-0.162,-0.16,-0.159
01-Feb-2019,2.533,2.484,2.532,2.566,2.572,2.554,0.28,0.24,0.24,0.26,0.21,0.19,-0.48,-0.49,-0.5,-0.49,-0.52,-0.52,-0.094,-0.101,-0.132,-0.166,-0.161,-0.161
04-Feb-2019,2.468,2.484,2.532,2.567,2.577,2.57,0.28,0.24,0.24,0.26,0.22,0.19,-0.48,-0.49,-0.5,-0.49,-0.51,-0.51,-0.093,-0.099,-0.132,-0.165,-0.161,-0.161
05-Feb-2019,2.44,2.484,2.53,2.565,2.575,2.564,0.28,0.24,0.24,0.26,0.22,0.19,-0.48,-0.49,-0.5,-0.49,-0.51,-0.51,-0.093,-0.098,-0.132,-0.166,-0.161,-0.161
06-Feb-2019,2.459,2.49,2.525,2.587,2.596,2.612,0.29,0.25,0.24,0.26,0.22,0.19,-0.48,-0.48,-0.5,-0.49,-0.51,-0.51,-0.079,-0.093,-0.131,-0.162,-0.161,-0.161
07-Feb-2019,2.446,2.49,2.523,2.581,2.586,2.594,0.29,0.25,0.24,0.26,0.22,0.19,-0.48,-0.48,-0.5,-0.49,-0.51,-0.51,-0.082,-0.091,-0.133,-0.161,-0.161,-0.161
08-Feb-2019,2.441,2.49,2.523,2.581,2.584,2.587,0.29,0.25,0.24,0.26,0.22,0.19,-0.48,-0.48,-0.5,-0.49,-0.51,-0.51,-0.085,-0.101,-0.137,-0.163,-0.163,-0.163
11-Feb-2019,2.47,2.49,2.523,2.582,2.586,2.594,0.29,0.25,0.24,0.26,0.22,0.19,-0.48,-0.48,-0.5,-0.49,-0.51,-0.51,-0.085,-0.101,-0.137,-0.163,-0.163,-0.163
12-Feb-2019,2.472,2.49,2.523,2.582,2.591,2.603,0.29,0.25,0.24,0.26,0.22,0.19,-0.48,-0.48,-0.5,-0.49,-0.51,-0.51,-0.088,-0.105,-0.14,-0.163,-0.163,-0.163
13-Feb-2019,2.454,2.485,2.519,2.583,2.593,2.614,0.29,0.25,0.24,0.26,0.22,0.19,-0.48,-0.48,-0.5,-0.49,-0.51,-0.51,-0.087,-0.112,-0.141,-0.164,-0.164,-0.164
14-Feb-2019,2.461,2.485,2.519,2.582,2.589,2.598,0.29,0.25,0.24,0.26,0.22,0.19,-0.48,-0.48,-0.5,-0.49,-0.51,-0.51,-0.082,-0.132,-0.146,-0.163,-0.164,-0.164
15-Feb-2019,2.461,2.487,2.52,2.582,2.589,2.604,0.29,0.25,0.24,0.26,0.22,0.19,-0.48,-0.48,-0.5,-0.49,-0.51,-0.51,-0.103,-0.127,-0.144,-0.164,-0.164,-0.164
18-Feb-2019,2.461,2.487,2.52,2.582,2.589,2.604,0.29,0.25,0.24,0.26,0.22,0.19,-0.48,-0.48,-0.5,-0.49,-0.51,-0.51,-0.101,-0.123,-0.141,-0.164,-0.165,-0.164
19-Feb-2019,2.465,2.486,2.512,2.577,2.587,2.595,0.29,0.25,0.24,0.26,0.22,0.19,-0.48,-0.48,-0.5,-0.49,-0.51,-0.51,-0.106,-0.122,-0.142,-0.163,-0.165,-0.164
20-Feb-2019,2.452,2.486,2.512,2.577,2.586,2.592,0.29,0.25,0.24,0.26,0.22,0.19,-0.48,-0.48,-0.5,-0.49,-0.51,-0.51,-0.102,-0.118,-0.139,-0.162,-0.165,-0.164
21-Feb-2019,2.457,2.49,2.518,2.581,2.592,2.603,0.29,0.25,0.24,0.26,0.22,0.19,-0.48,-0.48,-0.5,-0.49,-0.51,-0.51,-0.102,-0.117,-0.137,-0.161,-0.164,-0.164
22-Feb-2019,2.449,2.467,2.509,2.571,2.577,2.579,0.29,0.25,0.24,0.26,0.22,0.19,-0.48,-0.48,-0.5,-0.49,-0.51,-0.51,-0.092,-0.098,-0.128,-0.158,-0.164,-0.164
25-Feb-2019,2.455,2.473,2.511,2.571,2.578,2.58,0.29,0.25,0.24,0.26,0.22,0.19,-0.48,-0.48,-0.5,-0.49,-0.51,-0.51,-0.07,-0.081,-0.112,-0.154,-0.162,-0.161
26-Feb-2019,2.541,2.474,2.511,2.572,2.578,2.573,0.29,0.25,0.24,0.26,0.22,0.19,-0.48,-0.48,-0.5,-0.49,-0.51,-0.51,-0.068,-0.077,-0.105,-0.151,-0.161,-0.16
27-Feb-2019,2.441,2.475,2.522,2.564,2.578,2.577,0.29,0.25,0.24,0.26,0.22,0.19,-0.48,-0.48,-0.5,-0.49,-0.51,-0.51,-0.06,-0.067,-0.102,-0.148,-0.16,-0.16
28-Feb-2019,2.682,2.475,2.522,2.565,2.587,2.595,0.29,0.25,0.24,0.26,0.22,0.19,-0.48,-0.48,-0.5,-0.49,-0.51,-0.51,-0.049,-0.056,-0.113,-0.142,-0.157,-0.157
01-Mar-2019,2.459,2.476,2.522,2.566,2.591,2.61,0.29,0.25,0.24,0.26,0.22,0.19,-0.48,-0.48,-0.5,-0.49,-0.51,-0.51,-0.034,-0.038,-0.113,-0.14,-0.154,-0.156
04-Mar-2019,2.429,2.477,2.522,2.566,2.588,2.601,0.29,0.25,0.24,0.26,0.22,0.19,-0.48,-0.48,-0.5,-0.49,-0.51,-0.51,-0.029,-0.037,-0.108,-0.135,-0.154,-0.156
05-Mar-2019,2.437,2.472,2.521,2.567,2.591,2.608,0.29,0.25,0.24,0.26,0.22,0.19,-0.48,-0.48,-0.5,-0.49,-0.51,-0.51,-0.032,-0.041,-0.11,-0.131,-0.154,-0.156
06-Mar-2019,2.437,2.473,2.522,2.567,2.589,2.6,0.29,0.25,0.24,0.26,0.22,0.19,-0.48,-0.48,-0.5,-0.49,-0.51,-0.51,-0.031,-0.041,-0.111,-0.131,-0.154,-0.156
07-Mar-2019,2.458,2.471,2.518,2.563,2.582,2.58,0.29,0.25,0.24,0.26,0.22,0.19,-0.48,-0.48,-0.5,-0.49,-0.51,-0.51,-0.032,-0.04,-0.112,-0.131,-0.152,-0.156
08-Mar-2019,2.446,2.48,2.521,2.564,2.581,2.576,0.29,0.25,0.24,0.26,0.22,0.19,-0.48,-0.48,-0.5,-0.49,-0.51,-0.51,-0.019,-0.026,-0.108,-0.129,-0.152,-0.155
11-Mar-2019,2.452,2.472,2.521,2.565,2.581,2.58,0.29,0.25,0.24,0.27,0.22,0.19,-0.48,-0.48,-0.5,-0.48,-0.51,-0.51,-0.018,-0.043,-0.108,-0.131,-0.151,-0.154
12-Mar-2019,2.467,2.474,2.523,2.565,2.576,2.565,0.29,0.25,0.26,0.26,0.23,0.21,-0.48,-0.48,-0.48,-0.49,-0.5,-0.5,-0.038,-0.076,-0.113,-0.131,-0.152,-0.154
13-Mar-2019,2.455,2.472,2.52,2.564,2.575,2.565,0.29,0.25,0.26,0.26,0.23,0.21,-0.48,-0.48,-0.48,-0.49,-0.5,-0.5,-0.052,-0.095,-0.126,-0.134,-0.152,-0.154
14-Mar-2019,2.478,2.472,2.52,2.562,2.572,2.558,0.27,0.23,0.26,0.26,0.23,0.21,-0.5,-0.5,-0.48,-0.49,-0.5,-0.5,-0.055,-0.092,-0.125,-0.133,-0.152,-0.155
15-Mar-2019,2.514,2.553,2.625,2.642,2.645,2.636,0.27,0.23,0.26,0.26,0.23,0.21,-0.5,-0.5,-0.48,-0.49,-0.5,-0.5,-0.07,-0.115,-0.132,-0.136,-0.153,-0.155
18-Mar-2019,2.477,2.486,2.627,2.644,2.648,2.641,0.27,0.23,0.26,0.26,0.23,0.21,-0.5,-0.5,-0.48,-0.49,-0.5,-0.5,-0.084,-0.111,-0.133,-0.134,-0.152,-0.155
19-Mar-2019,2.538,2.486,2.627,2.646,2.652,2.648,0.27,0.23,0.26,0.26,0.23,0.21,-0.5,-0.5,-0.48,-0.49,-0.5,-0.5,-0.104,-0.117,-0.13,-0.135,-0.152,-0.155
20-Mar-2019,2.557,2.494,2.629,2.646,2.651,2.628,0.27,0.23,0.25,0.26,0.23,0.21,-0.5,-0.5,-0.49,-0.49,-0.5,-0.5,-0.107,-0.139,-0.138,-0.137,-0.154,-0.156
21-Mar-2019,2.509,2.496,2.632,2.65,2.652,2.629,0.27,0.23,0.25,0.26,0.23,0.21,-0.5,-0.5,-0.49,-0.49,-0.5,-0.5,-0.107,-0.139,-0.138,-0.137,-0.154,-0.156
22-Mar-2019,2.455,2.497,2.633,2.644,2.634,2.576,0.27,0.23,0.25,0.26,0.23,0.21,-0.5,-0.5,-0.49,-0.49,-0.5,-0.5,-0.127,-0.202,-0.137,-0.138,-0.154,-0.156
25-Mar-2019,2.451,2.47,2.617,2.634,2.609,2.521,0.27,0.23,0.25,0.26,0.23,0.21,-0.5,-0.5,-0.49,-0.49,-0.5,-0.5,-0.136,-0.221,-0.144,-0.144,-0.155,-0.157
26-Mar-2019,2.482,2.47,2.617,2.638,2.618,2.545,0.27,0.23,0.25,0.26,0.23,0.21,-0.5,-0.5,-0.49,-0.49,-0.5,-0.5,-0.148,-0.227,-0.145,-0.144,-0.154,-0.156
27-Mar-2019,2.46,2.49,2.617,2.629,2.603,2.509,0.27,0.23,0.25,0.26,0.23,0.21,-0.5,-0.5,-0.49,-0.49,-0.5,-0.5,-0.12,-0.193,-0.143,-0.143,-0.154,-0.156
28-Mar-2019,2.38,2.491,2.621,2.632,2.609,2.529,0.27,0.23,0.25,0.26,0.23,0.21,-0.5,-0.5,-0.49,-0.49,-0.5,-0.5,-0.105,-0.164,-0.142,-0.143,-0.154,-0.156
29-Mar-2019,2.622,2.492,2.622,2.633,2.619,2.544,0.27,0.23,0.25,0.26,0.23,0.21,-0.5,-0.5,-0.49,-0.49,-0.5,-0.5,-0.225,-0.097,-0.131,-0.138,-0.154,-0.157
01-Apr-2019,2.552,2.495,2.624,2.641,2.633,2.577,0.27,0.23,0.25,0.26,0.23,0.21,-0.5,-0.5,-0.49,-0.49,-0.5,-0.5,-0.089,-0.086,-0.129,-0.139,-0.155,-0.157
02-Apr-2019,2.607,2.596,2.624,2.639,2.629,2.564,0.27,0.23,0.26,0.26,0.23,0.21,-0.49,-0.5,-0.48,-0.49,-0.5,-0.5,-0.087,-0.085,-0.125,-0.135,-0.154,-0.157
03-Apr-2019,2.527,2.596,2.623,2.641,2.634,2.583,0.27,0.23,0.25,0.26,0.23,0.21,-0.5,-0.5,-0.49,-0.49,-0.5,-0.5,-0.083,-0.079,-0.123,-0.133,-0.154,-0.157
04-Apr-2019,2.536,2.596,2.623,2.643,2.635,2.586,0.27,0.23,0.25,0.26,0.23,0.21,-0.5,-0.5,-0.49,-0.49,-0.5,-0.5,-0.092,-0.088,-0.127,-0.134,-0.154,-0.157
05-Apr-2019,2.536,2.539,2.538,2.533,2.519,2.463,0.27,0.23,0.25,0.26,0.23,0.21,-0.5,-0.5,-0.49,-0.49,-0.5,-0.5,-0.094,-0.093,-0.124,-0.133,-0.153,-0.157
08-Apr-2019,2.53,2.541,2.541,2.537,2.524,2.476,0.27,0.23,0.25,0.26,0.23,0.21,-0.5,-0.5,-0.49,-0.49,-0.5,-0.5,-0.092,-0.095,-0.124,-0.134,-0.153,-0.157
09-Apr-2019,2.519,2.529,2.528,2.524,2.507,2.453,0.27,0.23,0.25,0.26,0.23,0.21,-0.5,-0.5,-0.49,-0.49,-0.5,-0.5,-0.093,-0.092,-0.127,-0.132,-0.153,-0.157
10-Apr-2019,2.499,2.51,2.509,2.504,2.486,2.424,0.27,0.23,0.25,0.26,0.23,0.21,-0.5,-0.5,-0.49,-0.49,-0.5,-0.5,-0.093,-0.098,-0.132,-0.137,-0.154,-0.158
11-Apr-2019,2.477,2.485,2.486,2.484,2.471,2.42,0.27,0.23,0.25,0.26,0.23,0.21,-0.5,-0.5,-0.49,-0.49,-0.5,-0.5,-0.107,-0.126,-0.138,-0.138,-0.154,-0.158
12-Apr-2019,2.486,2.495,2.495,2.493,2.483,2.446,0.27,0.23,0.25,0.26,0.23,0.21,-0.5,-0.5,-0.49,-0.49,-0.5,-0.5,-0.13,-0.137,-0.146,-0.145,-0.154,-0.158
15-Apr-2019,2.522,2.529,2.529,2.53,2.522,2.485,0.27,0.23,0.25,0.26,0.23,0.21,-0.5,-0.5,-0.49,-0.49,-0.5,-0.5,-0.139,-0.14,-0.145,-0.145,-0.155,-0.158
16-Apr-2019,2.522,2.54,2.537,2.535,2.524,2.487,0.27,0.23,0.25,0.26,0.23,0.21,-0.5,-0.5,-0.49,-0.49,-0.5,-0.5,-0.118,-0.124,-0.136,-0.139,-0.155,-0.158
17-Apr-2019,2.591,2.6,2.598,2.596,2.586,2.541,0.27,0.23,0.25,0.26,0.23,0.21,-0.5,-0.5,-0.49,-0.49,-0.5,-0.5,-0.105,-0.111,-0.127,-0.134,-0.154,-0.158
18-Apr-2019,2.536,2.543,2.54,2.54,2.53,2.483,0.27,0.23,0.25,0.26,0.23,0.21,-0.5,-0.5,-0.49,-0.49,-0.5,-0.5,-0.097,-0.111,-0.128,-0.134,-0.154,-0.158
19-Apr-2019,2.536,2.543,2.54,2.54,2.53,2.483,0.27,0.23,0.25,0.26,0.23,0.21,-0.5,-0.5,-0.49,-0.49,-0.5,-0.5,-0.101,-0.137,-0.126,-0.133,-0.154,-0.158
22-Apr-2019,2.53,2.533,2.533,2.524,2.505,2.454,0.27,0.23,0.25,0.26,0.23,0.21,-0.5,-0.5,-0.49,-0.49,-0.5,-0.5,-0.103,-0.143,-0.129,-0.132,-0.154,-0.158
23-Apr-2019,2.526,2.538,2.533,2.517,2.492,2.434,0.27,0.23,0.26,0.26,0.23,0.21,-0.49,-0.5,-0.48,-0.49,-0.5,-0.5,-0.106,-0.149,-0.131,-0.133,-0.154,-0.158
24-Apr-2019,2.494,2.502,2.494,2.473,2.44,2.372,0.27,0.23,0.25,0.26,0.23,0.21,-0.5,-0.5,-0.49,-0.49,-0.5,-0.5,-0.106,-0.151,-0.132,-0.133,-0.154,-0.158
25-Apr-2019,2.498,2.521,2.5,2.486,2.458,2.393,0.27,0.23,0.25,0.26,0.23,0.21,-0.5,-0.5,-0.49,-0.49,-0.5,-0.5,-0.155,-0.151,-0.135,-0.134,-0.154,-0.158
26-Apr-2019,2.53,2.561,2.534,2.513,2.474,2.396,0.27,0.23,0.25,0.26,0.23,0.21,-0.5,-0.5,-0.49,-0.49,-0.5,-0.5,-0.104,-0.116,-0.13,-0.134,-0.154,-0.158
29-Apr-2019,2.55,2.559,2.562,2.544,2.509,2.433,0.27,0.23,0.25,0.26,0.23,0.21,-0.5,-0.5,-0.49,-0.49,-0.5,-0.5,-0.104,-0.116,-0.13,-0.134,-0.154,-0.158
30-Apr-2019,2.815,2.805,2.807,2.787,2.748,2.667,0.27,0.23,0.25,0.26,0.23,0.21,-0.5,-0.5,-0.49,-0.49,-0.5,-0.5,-0.104,-0.116,-0.13,-0.134,-0.154,-0.158
01-May-2019,2.595,2.561,2.563,2.557,2.535,2.471,0.27,0.23,0.25,0.26,0.23,0.21,-0.5,-0.5,-0.49,-0.49,-0.5,-0.5,-0.104,-0.116,-0.13,-0.134,-0.154,-0.158
02-May-2019,2.541,2.537,2.539,2.536,2.516,2.462,0.27,0.23,0.25,0.25,0.25,0.23,-0.5,-0.5,-0.49,-0.5,-0.48,-0.48,-0.104,-0.116,-0.13,-0.134,-0.154,-0.158
03-May-2019,2.541,2.463,2.465,2.465,2.449,2.395,0.27,0.23,0.25,0.26,0.23,0.21,-0.5,-0.5,-0.49,-0.49,-0.5,-0.5,-0.104,-0.116,-0.13,-0.134,-0.154,-0.158
06-May-2019,2.46,2.441,2.444,2.439,2.417,2.35,0.27,0.23,0.25,0.26,0.23,0.21,-0.5,-0.5,-0.49,-0.49,-0.5,-0.5,-0.104,-0.116,-0.13,-0.134,-0.154,-0.158
07-May-2019,2.5,2.491,2.493,2.484,2.46,2.388,0.27,0.23,0.25,0.26,0.23,0.21,-0.5,-0.5,-0.49,-0.49,-0.5,-0.5,-0.099,-0.098,-0.121,-0.131,-0.151,-0.157
08-May-2019,2.466,2.451,2.454,2.45,2.428,2.359,0.27,0.23,0.25,0.26,0.23,0.21,-0.5,-0.5,-0.49,-0.49,-0.5,-0.5,-0.084,-0.087,-0.115,-0.128,-0.151,-0.157
09-May-2019,2.445,2.445,2.447,2.436,2.411,2.333,0.27,0.23,0.25,0.26,0.23,0.21,-0.5,-0.5,-0.49,-0.49,-0.5,-0.5,-0.063,-0.068,-0.11,-0.126,-0.151,-0.157
10-May-2019,2.441,2.43,2.433,2.426,2.404,2.328,0.27,0.23,0.25,0.26,0.23,0.21,-0.5,-0.5,-0.49,-0.49,-0.5,-0.5,-0.067,-0.079,-0.116,-0.127,-0.151,-0.157
13-May-2019,2.43,2.42,2.423,2.403,2.356,2.247,0.27,0.23,0.25,0.26,0.23,0.21,-0.5,-0.5,-0.49,-0.49,-0.5,-0.5,-0.068,-0.083,-0.117,-0.13,-0.151,-0.157
14-May-2019,2.44,2.43,2.432,2.418,2.373,2.268,0.27,0.23,0.25,0.26,0.23,0.21,-0.5,-0.5,-0.49,-0.49,-0.5,-0.5,-0.067,-0.092,-0.123,-0.132,-0.151,-0.157
15-May-2019,2.54,2.545,2.544,2.519,2.467,2.345,0.27,0.23,0.25,0.26,0.23,0.21,-0.5,-0.5,-0.49,-0.49,-0.5,-0.5,-0.084,-0.111,-0.123,-0.133,-0.152,-0.158
16-May-2019,2.484,2.494,2.497,2.47,2.42,2.308,0.27,0.23,0.25,0.26,0.23,0.21,-0.5,-0.5,-0.49,-0.49,-0.5,-0.5,-0.096,-0.112,-0.122,-0.131,-0.151,-0.157
17-May-2019,2.468,2.468,2.471,2.455,2.407,2.293,0.27,0.23,0.25,0.26,0.23,0.21,-0.5,-0.5,-0.49,-0.49,-0.5,-0.5,-0.093,-0.105,-0.118,-0.129,-0.151,-0.157
20-May-2019,2.425,2.426,2.426,2.415,2.374,2.265,0.27,0.23,0.25,0.26,0.23,0.21,-0.5,-0.5,-0.49,-0.49,-0.5,-0.5,-0.089,-0.096,-0.11,-0.127,-0.151,-0.157
21-May-2019,2.38,2.375,2.382,2.378,2.344,2.242,0.27,0.23,0.25,0.26,0.23,0.21,-0.5,-0.5,-0.49,-0.49,-0.5,-0.5,-0.086,-0.094,-0.107,-0.127,-0.151,-0.157
22-May-2019,2.417,2.416,2.425,2.415,2.378,2.265,0.27,0.23,0.25,0.26,0.23,0.21,-0.5,-0.5,-0.49,-0.49,-0.5,-0.5,-0.084,-0.092,-0.105,-0.124,-0.151,-0.156
23-May-2019,2.442,2.428,2.426,2.411,2.356,2.216,0.27,0.23,0.25,0.26,0.23,0.21,-0.5,-0.5,-0.49,-0.49,-0.5,-0.5,-0.09,-0.089,-0.104,-0.124,-0.151,-0.157
24-May-2019,2.431,2.434,2.437,2.426,2.373,2.233,0.27,0.23,0.25,0.26,0.23,0.21,-0.5,-0.5,-0.49,-0.49,-0.5,-0.5,-0.082,-0.088,-0.106,-0.124,-0.151,-0.157
27-May-2019,2.431,2.434,2.437,2.425,2.371,2.232,0.27,0.23,0.25,0.26,0.23,0.21,-0.5,-0.5,-0.49,-0.49,-0.5,-0.5,-0.081,-0.087,-0.105,-0.125,-0.151,-0.157
28-May-2019,2.451,2.466,2.459,2.443,2.384,2.229,0.27,0.23,0.25,0.26,0.23,0.21,-0.5,-0.5,-0.49,-0.49,-0.5,-0.5,-0.09,-0.094,-0.108,-0.125,-0.151,-0.157
29-May-2019,2.446,2.479,2.469,2.445,2.384,2.228,0.27,0.23,0.25,0.26,0.23,0.21,-0.5,-0.5,-0.49,-0.49,-0.5,-0.5,-0.099,-0.102,-0.114,-0.129,-0.151,-0.157
30-May-2019,2.446,2.453,2.443,2.419,2.347,2.173,0.27,0.23,0.25,0.26,0.23,0.21,-0.5,-0.5,-0.49,-0.49,-0.5,-0.5,-0.091,-0.104,-0.116,-0.129,-0.151,-0.157
31-May-2019,2.532,2.547,2.528,2.483,2.381,2.159,0.27,0.23,0.25,0.26,0.23,0.21,-0.5,-0.5,-0.49,-0.49,-0.5,-0.5,-0.082,-0.085,-0.118,-0.128,-0.151,-0.157
03-Jun-2019,2.452,2.47,2.42,2.346,2.205,1.963,0.27,0.23,0.25,0.26,0.23,0.21,-0.5,-0.5,-0.49,-0.49,-0.5,-0.5,-0.088,-0.088,-0.12,-0.13,-0.151,-0.157
04-Jun-2019,2.448,2.46,2.432,2.371,2.225,1.99,0.27,0.23,0.25,0.26,0.23,0.21,-0.5,-0.5,-0.49,-0.49,-0.5,-0.5,-0.086,-0.088,-0.122,-0.128,-0.151,-0.157
05-Jun-2019,2.454,2.461,2.433,2.363,2.207,1.972,0.27,0.23,0.25,0.26,0.23,0.21,-0.5,-0.5,-0.49,-0.49,-0.5,-0.5,-0.086,-0.087,-0.12,-0.129,-0.152,-0.158
06-Jun-2019,2.459,2.444,2.412,2.339,2.186,1.963,0.27,0.23,0.25,0.25,0.22,0.2,-0.5,-0.5,-0.49,-0.5,-0.51,-0.51,-0.082,-0.09,-0.123,-0.13,-0.151,-0.157
07-Jun-2019,2.437,2.431,2.394,2.299,2.143,1.923,0.27,0.23,0.25,0.25,0.22,0.19,-0.5,-0.5,-0.49,-0.5,-0.51,-0.51,-0.083,-0.096,-0.127,-0.13,-0.151,-0.157
10-Jun-2019,2.446,2.438,2.413,2.327,2.18,1.975,0.27,0.23,0.26,0.27,0.21,0.19,-0.49,-0.5,-0.48,-0.48,-0.52,-0.52,-0.092,-0.102,-0.13,-0.132,-0.151,-0.157
11-Jun-2019,2.437,2.447,2.408,2.323,2.186,1.987,0.27,0.23,0.26,0.27,0.21,0.19,-0.49,-0.5,-0.48,-0.48,-0.52,-0.52,-0.097,-0.112,-0.132,-0.133,-0.151,-0.157
12-Jun-2019,2.427,2.436,2.39,2.293,2.145,1.939,0.27,0.23,0.26,0.27,0.21,0.19,-0.49,-0.5,-0.48,-0.48,-0.52,-0.52,-0.103,-0.12,-0.134,-0.133,-0.151,-0.157
13-Jun-2019,2.415,2.385,2.358,2.253,2.081,1.864,0.27,0.23,0.26,0.27,0.21,0.19,-0.49,-0.5,-0.48,-0.48,-0.52,-0.52,-0.094,-0.13,-0.134,-0.134,-0.151,-0.157
14-Jun-2019,2.405,2.376,2.36,2.254,2.082,1.863,0.27,0.23,0.26,0.27,0.22,0.19,-0.49,-0.5,-0.48,-0.48,-0.51,-0.51,-0.093,-0.12,-0.13,-0.133,-0.148,-0.157
17-Jun-2019,2.498,2.466,2.456,2.354,2.194,1.993,0.27,0.23,0.26,0.27,0.22,0.19,-0.49,-0.5,-0.48,-0.48,-0.51,-0.51,-0.095,-0.115,-0.128,-0.132,-0.15,-0.157
18-Jun-2019,2.414,2.359,2.359,2.255,2.106,1.911,0.26,0.22,0.25,0.26,0.2,0.18,-0.5,-0.51,-0.49,-0.49,-0.53,-0.53,-0.097,-0.11,-0.125,-0.131,-0.151,-0.157
19-Jun-2019,2.414,2.404,2.399,2.211,2.016,1.783,0.26,0.22,0.25,0.26,0.2,0.18,-0.5,-0.51,-0.49,-0.49,-0.53,-0.53,-0.097,-0.108,-0.123,-0.13,-0.151,-0.157
20-Jun-2019,2.466,2.457,2.453,2.264,2.07,1.856,0.26,0.22,0.24,0.25,0.17,0.1,-0.51,-0.51,-0.5,-0.5,-0.56,-0.61,-0.093,-0.098,-0.121,-0.13,-0.152,-0.159
21-Jun-2019,2.413,2.419,2.403,2.199,2.005,1.791,0.25,0.21,0.23,0.24,0.15,0.09,-0.52,-0.52,-0.51,-0.51,-0.58,-0.62,-0.093,-0.102,-0.117,-0.129,-0.151,-0.159
24-Jun-2019,2.465,2.487,2.466,2.24,2.042,1.817,0.25,0.21,0.23,0.24,0.15,0.09,-0.52,-0.52,-0.51,-0.51,-0.58,-0.62,-0.092,-0.099,-0.113,-0.127,-0.151,-0.159
25-Jun-2019,2.467,2.493,2.472,2.257,2.062,1.829,0.29,0.25,0.23,0.23,0.16,0.09,-0.48,-0.48,-0.51,-0.52,-0.57,-0.61,-0.088,-0.098,-0.11,-0.124,-0.151,-0.159
26-Jun-2019,2.452,2.471,2.457,2.242,2.067,1.862,0.29,0.25,0.23,0.23,0.16,0.09,-0.48,-0.48,-0.51,-0.52,-0.57,-0.61,-0.086,-0.098,-0.108,-0.122,-0.151,-0.159
27-Jun-2019,2.469,2.463,2.465,2.243,2.068,1.865,0.29,0.25,0.23,0.23,0.16,0.09,-0.48,-0.48,-0.51,-0.52,-0.57,-0.61,-0.085,-0.096,-0.107,-0.121,-0.151,-0.159
28-Jun-2019,2.631,2.62,2.612,2.391,2.223,2.028,0.3,0.26,0.26,0.23,0.16,0.09,-0.47,-0.47,-0.48,-0.52,-0.57,-0.61,-0.088,-0.087,-0.106,-0.123,-0.15,-0.158
01-Jul-2019,2.645,2.647,2.613,2.429,2.274,2.086,0.3,0.26,0.26,0.23,0.16,0.09,-0.47,-0.47,-0.48,-0.51,-0.55,-0.61,-0.091,-0.086,-0.105,-0.122,-0.15,-0.158
02-Jul-2019,2.712,2.718,2.681,2.472,2.313,2.118,0.3,0.26,0.26,0.24,0.15,0.09,-0.47,-0.47,-0.48,-0.51,-0.58,-0.61,-0.089,-0.088,-0.107,-0.125,-0.15,-0.158
03-Jul-2019,2.62,2.631,2.562,2.366,2.207,2.018,0.3,0.26,0.26,0.24,0.15,0.09,-0.47,-0.47,-0.48,-0.51,-0.58,-0.61,-0.083,-0.085,-0.105,-0.124,-0.15,-0.158
04-Jul-2019,2.62,2.631,2.562,2.366,2.21,2.019,0.32,0.28,0.27,0.24,0.15,0.09,-0.45,-0.45,-0.47,-0.51,-0.58,-0.61,-0.082,-0.084,-0.105,-0.124,-0.15,-0.159
05-Jul-2019,2.629,2.647,2.583,2.42,2.274,2.108,0.32,0.28,0.27,0.24,0.15,0.09,-0.45,-0.45,-0.47,-0.51,-0.58,-0.61,-0.097,-0.108,-0.113,-0.128,-0.15,-0.159
08-Jul-2019,2.554,2.568,2.486,2.343,2.202,2.039,0.32,0.28,0.27,0.24,0.15,0.1,-0.45,-0.45,-0.47,-0.51,-0.58,-0.6,-0.115,-0.112,-0.115,-0.13,-0.15,-0.159
09-Jul-2019,2.538,2.556,2.473,2.333,2.194,2.032,0.33,0.29,0.28,0.24,0.16,0.1,-0.44,-0.44,-0.46,-0.51,-0.57,-0.6,-0.11,-0.104,-0.111,-0.127,-0.15,-0.159
10-Jul-2019,2.49,2.509,2.404,2.232,2.091,1.919,0.33,0.29,0.28,0.24,0.16,0.1,-0.44,-0.44,-0.46,-0.51,-0.57,-0.6,-0.1,-0.106,-0.111,-0.127,-0.151,-0.16
11-Jul-2019,2.42,2.44,2.314,2.168,2.029,1.873,0.33,0.29,0.28,0.24,0.16,0.09,-0.44,-0.44,-0.46,-0.51,-0.57,-0.61,-0.103,-0.106,-0.111,-0.126,-0.152,-0.16
12-Jul-2019,2.53,2.545,2.405,2.26,2.115,1.952,0.33,0.29,0.28,0.24,0.16,0.1,-0.44,-0.44,-0.46,-0.51,-0.57,-0.6,-0.094,-0.098,-0.108,-0.124,-0.149,-0.16
15-Jul-2019,2.532,2.544,2.378,2.241,2.098,1.936,0.33,0.29,0.28,0.24,0.16,0.1,-0.44,-0.44,-0.46,-0.51,-0.57,-0.6,-0.094,-0.098,-0.108,-0.124,-0.149,-0.16
16-Jul-2019,2.545,2.569,2.391,2.252,2.108,1.954,0.33,0.29,0.28,0.24,0.16,0.1,-0.44,-0.44,-0.46,-0.51,-0.57,-0.6,-0.089,-0.094,-0.108,-0.123,-0.149,-0.16
17-Jul-2019,2.541,2.568,2.376,2.226,2.079,1.912,0.33,0.29,0.28,0.24,0.16,0.1,-0.44,-0.44,-0.46,-0.51,-0.57,-0.6,-0.098,-0.1,-0.109,-0.125,-0.149,-0.16
18-Jul-2019,2.511,2.509,2.232,2.089,1.94,1.767,0.33,0.29,0.28,0.24,0.16,0.1,-0.44,-0.44,-0.46,-0.51,-0.57,-0.6,-0.093,-0.1,-0.105,-0.122,-0.149,-0.16
19-Jul-2019,2.471,2.455,2.255,2.137,1.991,1.819,0.33,0.29,0.28,0.22,0.13,0.05,-0.44,-0.44,-0.46,-0.53,-0.6,-0.65,-0.088,-0.093,-0.103,-0.122,-0.149,-0.16
22-Jul-2019,2.469,2.447,2.238,2.13,1.982,1.804,0.33,0.29,0.28,0.22,0.13,0.05,-0.44,-0.44,-0.46,-0.53,-0.6,-0.65,-0.092,-0.092,-0.103,-0.121,-0.149,-0.16
23-Jul-2019,2.468,2.489,2.231,2.125,2.179,1.822,0.33,0.29,0.28,0.22,0.13,0.05,-0.44,-0.44,-0.46,-0.53,-0.6,-0.65,-0.088,-0.091,-0.1,-0.119,-0.149,-0.16
24-Jul-2019,2.47,2.446,2.409,2.332,2.265,2.046,0.33,0.29,0.28,0.22,0.13,0.05,-0.44,-0.44,-0.46,-0.53,-0.6,-0.65,-0.085,-0.085,-0.097,-0.116,-0.148,-0.16
25-Jul-2019,2.495,2.409,2.354,2.249,2.185,2.066,0.29,0.25,0.24,0.21,0.12,0.05,-0.47,-0.48,-0.5,-0.54,-0.61,-0.65,-0.082,-0.085,-0.097,-0.114,-0.148,-0.16
26-Jul-2019,2.478,2.417,2.345,2.248,2.185,2.067,0.33,0.29,0.28,0.24,0.15,0.06,-0.44,-0.44,-0.46,-0.51,-0.58,-0.65,-0.08,-0.084,-0.097,-0.114,-0.148,-0.16
29-Jul-2019,2.475,2.386,2.335,2.253,2.18,2.06,0.33,0.29,0.28,0.23,0.15,0.07,-0.44,-0.44,-0.46,-0.52,-0.58,-0.64,-0.079,-0.084,-0.097,-0.114,-0.149,-0.16
30-Jul-2019,2.456,2.354,2.336,2.26,2.191,2.066,0.32,0.28,0.27,0.24,0.15,0.07,-0.44,-0.45,-0.47,-0.51,-0.58,-0.64,-0.077,-0.081,-0.097,-0.114,-0.149,-0.16
31-Jul-2019,2.63,2.394,2.345,2.254,2.227,2.111,0.32,0.28,0.27,0.24,0.16,0.09,-0.44,-0.45,-0.47,-0.51,-0.57,-0.61,-0.074,-0.079,-0.095,-0.114,-0.149,-0.16
01-Aug-2019,2.273,2.267,2.269,2.171,2.007,1.818,0.33,0.29,0.28,0.24,0.16,0.09,-0.44,-0.44,-0.46,-0.51,-0.57,-0.62,-0.065,-0.071,-0.092,-0.113,-0.149,-0.16
02-Aug-2019,2.226,2.218,2.199,2.096,1.932,1.743,0.33,0.29,0.28,0.24,0.16,0.07,-0.44,-0.44,-0.46,-0.51,-0.57,-0.63,-0.062,-0.062,-0.088,-0.11,-0.149,-0.16
05-Aug-2019,2.18,2.293,2.284,2.253,2.026,1.599,0.33,0.29,0.28,0.24,0.16,0.07,-0.44,-0.44,-0.46,-0.51,-0.57,-0.63,-0.03,-0.035,-0.076,-0.104,-0.149,-0.16
06-Aug-2019,2.226,2.269,2.23,2.129,1.929,1.625,0.33,0.29,0.28,0.24,0.15,0.07,-0.44,-0.44,-0.46,-0.51,-0.58,-0.63,-0.038,-0.042,-0.08,-0.105,-0.15,-0.16
07-Aug-2019,2.164,2.167,2.161,2.097,1.902,1.612,0.33,0.29,0.28,0.21,0.14,0.06,-0.44,-0.44,-0.46,-0.54,-0.59,-0.65,-0.039,-0.054,-0.087,-0.103,-0.15,-0.16
08-Aug-2019,2.222,2.17,2.164,2.113,1.92,1.63,0.33,0.29,0.28,0.21,0.14,0.05,-0.44,-0.44,-0.46,-0.54,-0.59,-0.66,-0.044,-0.072,-0.1,-0.106,-0.151,-0.16
09-Aug-2019,2.185,2.172,2.165,2.113,1.928,1.649,0.33,0.29,0.28,0.21,0.14,0.05,-0.44,-0.44,-0.46,-0.54,-0.59,-0.66,-0.078,-0.072,-0.101,-0.106,-0.149,-0.16
12-Aug-2019,2.202,2.168,2.162,2.087,1.885,1.591,-0.46,-0.46,-0.46,0.21,-0.59,-0.67,-0.46,-0.46,-0.46,-0.54,-0.59,-0.67,-0.078,-0.072,-0.101,-0.106,-0.149,-0.16
13-Aug-2019,2.164,2.177,2.171,2.122,1.939,1.67,-0.46,-0.46,-0.46,-0.54,-0.6,-0.67,-0.46,-0.46,-0.46,-0.54,-0.6,-0.67,-0.101,-0.105,-0.109,-0.115,-0.149,-0.162
14-Aug-2019,2.189,2.161,2.155,2.069,1.877,1.592,-0.46,-0.46,-0.46,-0.54,-0.6,-0.67,-0.46,-0.46,-0.46,-0.54,-0.6,-0.67,-0.102,-0.104,-0.11,-0.117,-0.15,-0.162
15-Aug-2019,2.246,2.162,2.155,2.031,1.826,1.527,-0.46,-0.46,-0.46,-0.54,-0.6,-0.67,-0.46,-0.46,-0.46,-0.54,-0.6,-0.67,-0.09,-0.093,-0.101,-0.117,-0.15,-0.162
16-Aug-2019,2.195,2.18,2.162,2.053,1.843,1.534,-0.46,-0.46,-0.46,-0.55,-0.62,-0.71,-0.46,-0.46,-0.46,-0.55,-0.62,-0.71,-0.085,-0.092,-0.1,-0.118,-0.152,-0.162
19-Aug-2019,2.18,2.184,2.14,2.073,1.876,1.584,-0.46,-0.46,-0.46,-0.55,-0.61,-0.7,-0.46,-0.46,-0.46,-0.55,-0.61,-0.7,-0.084,-0.088,-0.101,-0.12,-0.151,-0.162
20-Aug-2019,2.175,2.174,2.132,2.067,1.858,1.556,-0.46,-0.46,-0.46,-0.55,-0.63,-0.7,-0.46,-0.46,-0.46,-0.55,-0.63,-0.7,-0.08,-0.088,-0.1,-0.12,-0.151,-0.162
21-Aug-2019,2.167,2.173,2.134,2.079,1.894,1.604,-0.47,-0.47,-0.47,-0.57,-0.63,-0.72,-0.47,-0.47,-0.47,-0.57,-0.63,-0.72,-0.085,-0.088,-0.101,-0.12,-0.152,-0.163
22-Aug-2019,2.16,2.209,2.21,2.1,1.918,1.644,-0.5,-0.5,-0.5,-0.57,-0.61,-0.69,-0.5,-0.5,-0.5,-0.57,-0.61,-0.69,-0.078,-0.084,-0.101,-0.12,-0.151,-0.163
23-Aug-2019,2.169,2.204,2.19,2.062,1.858,1.566,-0.5,-0.5,-0.5,-0.57,-0.61,-0.68,-0.5,-0.5,-0.5,-0.57,-0.61,-0.68,-0.08,-0.086,-0.1,-0.121,-0.151,-0.163
26-Aug-2019,2.197,2.196,2.163,2.144,1.885,1.586,-0.5,-0.5,-0.5,-0.57,-0.61,-0.68,-0.5,-0.5,-0.5,-0.57,-0.61,-0.68,-0.083,-0.086,-0.101,-0.124,-0.153,-0.164
27-Aug-2019,2.228,2.212,2.18,2.141,2.001,1.972,-0.5,-0.5,-0.5,-0.57,-0.61,-0.7,-0.5,-0.5,-0.5,-0.57,-0.61,-0.7,-0.085,-0.091,-0.104,-0.125,-0.153,-0.164
28-Aug-2019,2.159,2.164,2.155,2.138,1.998,1.971,-0.5,-0.5,-0.5,-0.57,-0.61,-0.7,-0.5,-0.5,-0.5,-0.57,-0.61,-0.7,-0.084,-0.09,-0.106,-0.126,-0.153,-0.165
29-Aug-2019,2.174,2.164,2.121,2.12,1.992,1.982,-0.51,-0.51,-0.51,-0.57,-0.62,-0.7,-0.51,-0.51,-0.51,-0.57,-0.62,-0.7,-0.086,-0.09,-0.105,-0.129,-0.156,-0.168
30-Aug-2019,2.258,2.2,2.115,2.11,1.992,1.977,-0.51,-0.51,-0.51,-0.57,-0.63,-0.7,-0.51,-0.51,-0.51,-0.57,-0.63,-0.7,-0.085,-0.09,-0.114,-0.131,-0.157,-0.168
02-Sep-2019,2.258,2.2,2.115,2.11,1.992,1.977,-0.51,-0.51,-0.51,-0.58,-0.63,-0.7,-0.51,-0.51,-0.51,-0.58,-0.63,-0.7,-0.089,-0.112,-0.125,-0.133,-0.157,-0.168
03-Sep-2019,2.308,2.21,2.08,2.066,1.928,1.896,-0.53,-0.53,-0.53,-0.58,-0.63,-0.71,-0.53,-0.53,-0.53,-0.58,-0.63,-0.71,-0.089,-0.096,-0.122,-0.134,-0.157,-0.168
04-Sep-2019,2.315,2.298,2.101,2.06,1.917,1.875,-0.53,-0.53,-0.53,-0.58,-0.63,-0.71,-0.53,-0.53,-0.53,-0.58,-0.63,-0.71,-0.084,-0.092,-0.122,-0.136,-0.16,-0.169
05-Sep-2019,2.274,2.27,2.103,2.047,1.959,1.937,-0.53,-0.53,-0.53,-0.58,-0.65,-0.71,-0.53,-0.53,-0.53,-0.58,-0.65,-0.71,-0.084,-0.091,-0.123,-0.137,-0.16,-0.171
06-Sep-2019,2.175,2.17,2.102,2.052,1.97,1.954,-0.56,-0.56,-0.56,-0.59,-0.64,-0.72,-0.56,-0.56,-0.56,-0.59,-0.64,-0.72,-0.084,-0.091,-0.123,-0.137,-0.161,-0.171
09-Sep-2019,2.192,2.159,2.094,2.048,1.975,1.985,-0.57,-0.57,-0.57,-0.58,-0.64,-0.72,-0.57,-0.57,-0.57,-0.58,-0.64,-0.72,-0.083,-0.089,-0.123,-0.137,-0.163,-0.171
10-Sep-2019,2.22,2.188,2.082,2.055,1.996,2.033,-0.57,-0.57,-0.57,-0.6,-0.64,-0.72,-0.57,-0.57,-0.57,-0.6,-0.64,-0.72,-0.042,-0.074,-0.116,-0.135,-0.166,-0.173
11-Sep-2019,2.224,2.21,2.127,2.08,2.028,2.024,-0.57,-0.57,-0.57,-0.6,-0.64,-0.72,-0.57,-0.57,-0.57,-0.6,-0.64,-0.72,-0.051,-0.076,-0.12,-0.137,-0.167,-0.173
12-Sep-2019,2.228,2.239,2.13,2.089,2.046,2.063,-0.57,-0.57,-0.57,-0.6,-0.64,-0.72,-0.57,-0.57,-0.57,-0.6,-0.64,-0.72,-0.019,-0.069,-0.114,-0.138,-0.167,-0.174
13-Sep-2019,2.251,2.253,2.198,2.127,2.105,2.067,-0.54,-0.54,-0.54,-0.54,-0.56,-0.61,-0.54,-0.54,-0.54,-0.54,-0.56,-0.61,-0.019,-0.085,-0.114,-0.134,-0.165,-0.173
16-Sep-2019,2.704,2.407,2.207,2.126,2.084,2.023,-0.54,-0.54,-0.54,-0.54,-0.56,-0.61,-0.54,-0.54,-0.54,-0.54,-0.56,-0.61,-0.019,-0.085,-0.114,-0.134,-0.165,-0.173
17-Sep-2019,3.934,2.965,2.606,2.344,2.134,1.981,-0.53,-0.53,-0.53,-0.53,-0.57,-0.61,-0.53,-0.53,-0.53,-0.53,-0.57,-0.61,-0.063,-0.073,-0.112,-0.13,-0.163,-0.171
18-Sep-2019,2.358,2.352,2.169,1.944,1.886,1.788,-0.53,-0.53,-0.53,-0.53,-0.57,-0.61,-0.53,-0.53,-0.53,-0.53,-0.57,-0.61,-0.058,-0.078,-0.111,-0.129,-0.162,-0.17
19-Sep-2019,2.011,1.963,1.947,1.864,1.756,1.617,-0.53,-0.53,-0.53,-0.53,-0.57,-0.61,-0.53,-0.53,-0.53,-0.53,-0.57,-0.61,-0.067,-0.084,-0.111,-0.131,-0.162,-0.17
20-Sep-2019,1.919,1.927,1.906,1.832,1.736,1.603,-0.53,-0.53,-0.53,-0.53,-0.57,-0.61,-0.53,-0.53,-0.53,-0.53,-0.57,-0.61,-0.088,-0.112,-0.114,-0.139,-0.166,-0.177
23-Sep-2019,1.91,1.953,1.916,1.823,1.716,1.583,-0.53,-0.53,-0.53,-0.53,-0.57,-0.62,-0.53,-0.53,-0.53,-0.53,-0.57,-0.62,-0.088,-0.112,-0.114,-0.139,-0.166,-0.177
24-Sep-2019,1.99,1.954,1.928,1.82,1.686,1.519,-0.53,-0.53,-0.53,-0.53,-0.58,-0.62,-0.53,-0.53,-0.53,-0.53,-0.58,-0.62,-0.074,-0.109,-0.112,-0.141,-0.168,-0.18
25-Sep-2019,2.072,1.977,1.939,1.842,1.725,1.575,-0.53,-0.53,-0.53,-0.53,-0.58,-0.62,-0.53,-0.53,-0.53,-0.53,-0.58,-0.62,-0.083,-0.117,-0.116,-0.139,-0.166,-0.18
26-Sep-2019,1.861,1.959,1.918,1.827,1.717,1.573,-0.53,-0.53,-0.53,-0.54,-0.58,-0.62,-0.53,-0.53,-0.53,-0.54,-0.58,-0.62,-0.091,-0.127,-0.124,-0.143,-0.167,-0.181
27-Sep-2019,1.859,1.849,1.841,1.749,1.641,1.567,-0.53,-0.53,-0.53,-0.54,-0.58,-0.62,-0.53,-0.53,-0.53,-0.54,-0.58,-0.62,-0.093,-0.112,-0.117,-0.143,-0.167,-0.181
30-Sep-2019,2.5,2.45,2.299,2.158,1.976,1.707,-0.53,-0.53,-0.53,-0.57,-0.58,-0.62,-0.53,-0.53,-0.53,-0.57,-0.58,-0.62,-0.116,-0.102,-0.11,-0.154,-0.172,-0.187
01-Oct-2019,2.002,1.996,1.967,1.919,1.791,1.538,-0.53,-0.53,-0.53,-0.57,-0.58,-0.62,-0.53,-0.53,-0.53,-0.57,-0.58,-0.62,-0.097,-0.093,-0.108,-0.164,-0.176,-0.193
02-Oct-2019,1.887,1.869,1.846,1.7,1.63,1.586,0.77,0.78,0.79,0.8,0.79,0.76,-0.52,-0.51,-0.53,-0.57,-0.58,-0.63,-0.073,-0.074,-0.099,-0.169,-0.182,-0.198
03-Oct-2019,1.905,1.894,1.888,1.756,1.693,1.608,0.77,0.78,0.79,0.8,0.79,0.76,-0.52,-0.51,-0.53,-0.58,-0.6,-0.65,-0.052,-0.057,-0.091,-0.165,-0.185,-0.201
04-Oct-2019,1.88,1.908,1.912,1.966,1.817,1.59,0.77,0.78,0.79,0.8,0.79,0.76,-0.52,-0.51,-0.53,-0.58,-0.59,-0.64,-0.049,-0.057,-0.087,-0.166,-0.186,-0.204
07-Oct-2019,1.892,1.893,1.89,1.865,1.778,1.619,0.77,0.78,0.79,0.8,0.79,0.76,-0.52,-0.51,-0.53,-0.57,-0.59,-0.64,-0.046,-0.052,-0.085,-0.166,-0.184,-0.201
08-Oct-2019,1.9,1.905,1.897,1.931,1.793,1.582,0.77,0.78,0.8,0.81,0.79,0.71,-0.52,-0.5,-0.52,-0.56,-0.58,-0.63,-0.05,-0.06,-0.089,-0.168,-0.186,-0.205
09-Oct-2019,1.9,1.922,1.896,1.934,1.823,1.771,0.78,0.79,0.8,0.81,0.79,0.71,-0.52,-0.5,-0.52,-0.56,-0.58,-0.63,-0.064,-0.067,-0.093,-0.17,-0.181,-0.198
10-Oct-2019,1.903,1.927,1.881,1.936,1.843,1.817,0.8,0.8,0.81,0.81,0.79,0.71,-0.52,-0.5,-0.52,-0.55,-0.57,-0.62,-0.052,-0.068,-0.096,-0.171,-0.181,-0.197
11-Oct-2019,1.896,1.882,1.812,1.844,1.814,1.775,0.8,0.8,0.81,0.81,0.79,0.71,-0.52,-0.5,-0.52,-0.54,-0.55,-0.61,-0.054,-0.082,-0.099,-0.168,-0.181,-0.196
14-Oct-2019,1.896,1.882,1.812,1.844,1.814,1.775,0.8,0.8,0.81,0.81,0.79,0.71,-0.52,-0.51,-0.52,-0.54,-0.55,-0.61,-0.054,-0.082,-0.099,-0.168,-0.181,-0.196
15-Oct-2019,2.373,2.143,1.94,1.855,1.829,1.745,0.8,0.8,0.81,0.81,0.8,0.78,-0.52,-0.5,-0.52,-0.54,-0.55,-0.61,-0.076,-0.095,-0.104,-0.169,-0.181,-0.196
16-Oct-2019,2.052,2.037,1.928,1.831,1.8,1.707,0.8,0.8,0.81,0.81,0.8,0.82,-0.52,-0.5,-0.52,-0.54,-0.55,-0.59,-0.094,-0.092,-0.102,-0.162,-0.18,-0.195
17-Oct-2019,1.974,1.959,1.938,1.831,1.805,1.717,0.8,0.8,0.81,0.81,0.8,0.82,-0.52,-0.5,-0.52,-0.54,-0.54,-0.57,-0.083,-0.078,-0.095,-0.159,-0.179,-0.194
18-Oct-2019,1.927,1.929,1.838,1.805,1.778,1.74,0.8,0.8,0.81,0.81,0.8,0.82,-0.52,-0.51,-0.52,-0.54,-0.54,-0.57,-0.069,-0.064,-0.086,-0.149,-0.176,-0.19
21-Oct-2019,1.921,1.918,1.848,1.854,1.835,1.788,0.8,0.8,0.81,0.81,0.79,0.82,-0.52,-0.51,-0.52,-0.54,-0.55,-0.61,-0.077,-0.066,-0.084,-0.147,-0.175,-0.192
22-Oct-2019,1.924,1.926,1.847,1.847,1.814,1.755,0.8,0.8,0.81,0.81,0.79,0.71,-0.52,-0.51,-0.51,-0.54,-0.55,-0.61,-0.077,-0.066,-0.084,-0.147,-0.175,-0.192
23-Oct-2019,1.898,1.876,1.858,1.86,1.821,1.768,0.79,0.79,0.81,0.81,0.82,0.83,-0.51,-0.5,-0.51,-0.53,-0.53,-0.56,-0.077,-0.069,-0.087,-0.143,-0.175,-0.192
24-Oct-2019,1.918,1.867,1.802,1.763,1.707,1.7,0.79,0.79,0.81,0.81,0.82,0.83,-0.51,-0.51,-0.51,-0.53,-0.53,-0.56,-0.075,-0.072,-0.087,-0.139,-0.175,-0.192
25-Oct-2019,1.892,1.848,1.794,1.765,1.719,1.728,0.8,0.8,0.81,0.82,0.82,0.83,-0.51,-0.51,-0.51,-0.53,-0.53,-0.56,-0.065,-0.066,-0.083,-0.134,-0.175,-0.192
28-Oct-2019,1.856,1.822,1.759,1.72,1.704,1.679,0.8,0.8,0.81,0.82,0.82,0.83,-0.51,-0.5,-0.51,-0.53,-0.53,-0.56,-0.063,-0.06,-0.079,-0.129,-0.173,-0.192
29-Oct-2019,1.868,1.833,1.763,1.726,1.727,1.678,0.8,0.8,0.81,0.82,0.82,0.83,-0.51,-0.49,-0.5,-0.52,-0.52,-0.55,-0.072,-0.062,-0.078,-0.128,-0.173,-0.192
30-Oct-2019,1.876,1.835,1.776,1.742,1.743,1.683,0.8,0.8,0.81,0.82,0.82,0.83,-0.51,-0.49,-0.5,-0.52,-0.52,-0.55,-0.073,-0.067,-0.081,-0.127,-0.171,-0.192
31-Oct-2019,1.839,1.835,1.777,1.733,1.715,1.633,0.79,0.8,0.81,0.82,0.82,0.83,-0.49,-0.48,-0.49,-0.52,-0.52,-0.55,-0.064,-0.062,-0.08,-0.123,-0.17,-0.192
01-Nov-2019,1.637,1.635,1.677,1.656,1.602,1.522,0.79,0.81,0.81,0.83,0.83,0.85,-0.49,-0.49,-0.49,-0.52,-0.52,-0.55,-0.064,-0.061,-0.08,-0.125,-0.17,-0.192
04-Nov-2019,1.619,1.627,1.669,1.657,1.613,1.546,0.79,0.81,0.81,0.83,0.83,0.85,-0.49,-0.49,-0.49,-0.52,-0.52,-0.55,-0.064,-0.061,-0.08,-0.125,-0.17,-0.192
05-Nov-2019,1.622,1.638,1.679,1.661,1.626,1.569,0.78,0.79,0.79,0.83,0.83,0.85,-0.49,-0.51,-0.51,-0.52,-0.52,-0.55,-0.079,-0.071,-0.081,-0.124,-0.168,-0.192
06-Nov-2019,1.616,1.638,1.68,1.655,1.618,1.559,0.78,0.79,0.79,0.83,0.83,0.85,-0.49,-0.5,-0.51,-0.52,-0.52,-0.55,-0.102,-0.088,-0.097,-0.124,-0.167,-0.192
07-Nov-2019,1.608,1.636,1.678,1.655,1.624,1.579,0.78,0.79,0.79,0.83,0.83,0.85,-0.49,-0.5,-0.51,-0.52,-0.52,-0.55,-0.103,-0.105,-0.104,-0.124,-0.167,-0.191
08-Nov-2019,1.61,1.633,1.674,1.658,1.632,1.591,0.79,0.79,0.79,0.83,0.83,0.83,-0.49,-0.5,-0.5,-0.52,-0.52,-0.55,-0.104,-0.105,-0.106,-0.123,-0.167,-0.19
11-Nov-2019,1.61,1.633,1.674,1.658,1.632,1.591,0.79,0.79,0.79,0.83,0.83,0.83,-0.49,-0.5,-0.5,-0.52,-0.52,-0.55,-0.164,-0.168,-0.125,-0.135,-0.168,-0.189
12-Nov-2019,1.626,1.656,1.665,1.644,1.615,1.578,0.79,0.79,0.79,0.84,0.84,0.85,-0.49,-0.5,-0.5,-0.53,-0.53,-0.54,-0.211,-0.217,-0.134,-0.141,-0.17,-0.189
13-Nov-2019,1.611,1.648,1.633,1.624,1.602,1.558,0.79,0.79,0.79,0.84,0.84,0.85,-0.49,-0.5,-0.5,-0.53,-0.53,-0.54,-0.108,-0.121,-0.118,-0.134,-0.169,-0.187
14-Nov-2019,1.602,1.647,1.631,1.622,1.593,1.535,0.79,0.79,0.79,0.84,0.84,0.85,-0.49,-0.5,-0.5,-0.53,-0.53,-0.54,-0.086,-0.107,-0.112,-0.131,-0.17,-0.188
15-Nov-2019,1.618,1.639,1.624,1.623,1.602,1.547,0.79,0.79,0.79,0.84,0.84,0.85,-0.49,-0.5,-0.5,-0.53,-0.53,-0.54,-0.075,-0.075,-0.09,-0.124,-0.17,-0.188
18-Nov-2019,1.601,1.635,1.713,1.743,1.709,1.637,0.79,0.79,0.79,0.84,0.84,0.85,-0.49,-0.5,-0.5,-0.53,-0.53,-0.54,-0.081,-0.079,-0.093,-0.124,-0.17,-0.188
19-Nov-2019,1.619,1.634,1.622,1.593,1.555,1.475,0.79,0.79,0.79,0.84,0.84,0.85,-0.49,-0.5,-0.5,-0.53,-0.53,-0.54,-0.079,-0.08,-0.091,-0.124,-0.168,-0.187
20-Nov-2019,1.634,1.656,1.684,1.694,1.652,1.582,0.79,0.79,0.79,0.82,0.82,0.83,-0.49,-0.5,-0.5,-0.53,-0.53,-0.54,-0.081,-0.081,-0.091,-0.128,-0.169,-0.187
21-Nov-2019,1.628,1.666,1.715,1.751,1.664,1.597,0.79,0.79,0.79,0.82,0.82,0.83,-0.49,-0.5,-0.5,-0.53,-0.53,-0.54,-0.083,-0.09,-0.099,-0.129,-0.169,-0.187
22-Nov-2019,1.61,1.722,1.702,1.67,1.657,1.608,0.79,0.79,0.79,0.82,0.82,0.83,-0.49,-0.5,-0.5,-0.53,-0.53,-0.55,-0.078,-0.081,-0.095,-0.129,-0.169,-0.187
25-Nov-2019,1.59,1.677,1.714,1.688,1.67,1.622,0.8,0.8,0.81,0.83,0.83,0.82,-0.49,-0.49,-0.5,-0.53,-0.53,-0.55,-0.079,-0.079,-0.094,-0.128,-0.169,-0.187
26-Nov-2019,1.587,1.636,1.692,1.665,1.648,1.599,0.8,0.8,0.81,0.83,0.83,0.82,-0.49,-0.49,-0.5,-0.53,-0.53,-0.55,-0.081,-0.078,-0.096,-0.124,-0.168,-0.187
27-Nov-2019,1.599,1.636,1.692,1.666,1.652,1.616,0.8,0.8,0.82,0.83,0.83,0.82,-0.49,-0.49,-0.54,-0.53,-0.53,-0.55,-0.075,-0.077,-0.095,-0.122,-0.168,-0.187
28-Nov-2019,1.599,1.636,1.692,1.666,1.652,1.616,0.8,0.8,0.82,0.83,0.83,0.82,-0.49,-0.49,-0.54,-0.53,-0.53,-0.55,-0.078,-0.077,-0.091,-0.121,-0.168,-0.187
29-Nov-2019,1.656,1.68,1.696,1.665,1.643,1.573,0.8,0.8,0.82,0.83,0.83,0.82,-0.49,-0.49,-0.54,-0.53,-0.53,-0.55,-0.071,-0.067,-0.116,-0.12,-0.167,-0.187
02-Dec-2019,1.679,1.68,1.702,1.666,1.649,1.61,0.8,0.8,0.82,0.83,0.83,0.83,-0.49,-0.49,-0.54,-0.53,-0.53,-0.55,-0.033,-0.051,-0.114,-0.12,-0.165,-0.185
03-Dec-2019,1.585,1.66,1.683,1.659,1.633,1.568,0.8,0.8,0.82,0.83,0.83,0.83,-0.49,-0.49,-0.54,-0.53,-0.53,-0.55,-0.052,-0.054,-0.112,-0.12,-0.166,-0.185
04-Dec-2019,1.593,1.638,1.663,1.638,1.613,1.565,0.8,0.8,0.82,0.83,0.83,0.83,-0.49,-0.51,-0.54,-0.53,-0.53,-0.55,-0.049,-0.054,-0.109,-0.12,-0.166,-0.185
05-Dec-2019,1.606,1.631,1.663,1.641,1.615,1.573,0.8,0.8,0.82,0.83,0.83,0.83,-0.49,-0.51,-0.55,-0.53,-0.53,-0.55,-0.038,-0.043,-0.1,-0.114,-0.165,-0.185
06-Dec-2019,1.58,1.627,1.66,1.642,1.626,1.592,0.8,0.8,0.82,0.83,0.83,0.83,-0.49,-0.51,-0.55,-0.53,-0.53,-0.55,-0.035,-0.039,-0.095,-0.111,-0.164,-0.184
09-Dec-2019,1.585,1.655,1.641,1.642,1.624,1.576,0.8,0.81,0.82,0.83,0.83,0.83,-0.49,-0.51,-0.55,-0.53,-0.53,-0.55,-0.024,-0.031,-0.091,-0.104,-0.159,-0.184
10-Dec-2019,1.59,1.657,1.642,1.643,1.628,1.591,0.92,0.81,0.82,0.83,0.83,0.83,-0.49,-0.51,-0.55,-0.54,-0.54,-0.55,-0.018,-0.032,-0.089,-0.102,-0.158,-0.181
11-Dec-2019,1.583,1.653,1.643,1.646,1.627,1.579,0.92,0.8,0.82,0.83,0.83,0.83,-0.49,-0.51,-0.55,-0.54,-0.54,-0.55,-0.008,-0.03,-0.087,-0.103,-0.158,-0.182
12-Dec-2019,1.569,1.645,1.909,1.758,1.762,1.596,0.79,0.8,0.82,0.83,0.83,0.83,-0.49,-0.51,-0.55,-0.54,-0.54,-0.55,-0.003,-0.031,-0.09,-0.103,-0.158,-0.182
13-Dec-2019,1.588,1.645,1.909,1.758,1.758,1.576,0.79,0.8,0.82,0.83,0.83,0.83,-0.49,-0.51,-0.55,-0.54,-0.54,-0.55,-0.02,-0.097,-0.109,-0.113,-0.158,-0.181
16-Dec-2019,1.606,1.652,1.914,1.764,1.767,1.598,0.79,0.8,0.82,0.83,0.83,0.83,-0.5,-0.51,-0.55,-0.54,-0.54,-0.55,-0.089,-0.096,-0.11,-0.114,-0.159,-0.181
17-Dec-2019,1.606,1.6,1.912,1.783,1.757,1.695,0.79,0.8,0.82,0.83,0.83,0.83,-0.51,-0.54,-0.54,-0.54,-0.54,-0.55,-0.09,-0.097,-0.107,-0.115,-0.16,-0.182
18-Dec-2019,1.583,1.603,1.931,1.754,1.755,1.699,0.79,0.8,0.82,0.83,0.83,0.83,-0.51,-0.53,-0.54,-0.53,-0.54,-0.55,-0.092,-0.097,-0.107,-0.115,-0.159,-0.18
19-Dec-2019,1.569,1.612,1.928,1.751,1.757,1.702,0.79,0.8,0.79,0.83,0.83,0.83,-0.51,-0.53,-0.54,-0.54,-0.54,-0.55,-0.091,-0.096,-0.105,-0.11,-0.157,-0.178
20-Dec-2019,1.555,1.616,1.93,1.754,1.76,1.708,0.79,0.75,0.79,0.83,0.83,0.83,-0.56,-0.74,-0.54,-0.54,-0.54,-0.55,-0.08,-0.074,-0.093,-0.102,-0.156,-0.176
23-Dec-2019,1.6,1.63,1.933,1.756,1.765,1.717,0.79,0.75,0.79,0.83,0.83,0.83,-0.56,-0.74,-0.54,-0.54,-0.54,-0.55,-0.064,-0.085,-0.085,-0.098,-0.153,-0.17
24-Dec-2019,1.6,1.63,1.933,1.756,1.764,1.665,0.79,0.75,0.79,0.83,0.83,0.83,-0.59,-0.74,-0.55,-0.55,-0.55,-0.55,-0.068,-0.087,-0.084,-0.1,-0.15,-0.169
25-Dec-2019,1.6,1.63,1.933,1.756,1.764,1.665,0.79,0.75,0.79,0.83,0.83,0.83,-0.59,-0.74,-0.55,-0.55,-0.55,-0.55,-0.048,-0.076,-0.08,-0.095,-0.149,-0.17
26-Dec-2019,1.569,1.63,1.933,1.756,1.764,1.711,0.79,0.75,0.79,0.83,0.83,0.83,-0.59,-0.74,-0.55,-0.55,-0.55,-0.55,-0.055,-0.073,-0.076,-0.094,-0.145,-0.166
27-Dec-2019,1.569,1.623,1.93,1.754,1.759,1.702,0.79,0.75,0.79,0.83,0.83,0.83,-0.59,-0.74,-0.55,-0.55,-0.55,-0.55,-0.056,-0.062,-0.074,-0.093,-0.145,-0.164
30-Dec-2019,1.562,1.613,1.926,1.754,1.762,1.706,0.79,0.75,0.79,0.83,0.83,0.83,-0.59,-0.55,-0.54,-0.55,-0.55,-0.55,-0.082,-0.072,-0.086,-0.1,-0.145,-0.164
31-Dec-2019,1.614,1.61,1.603,1.601,1.603,1.566,0.79,0.75,0.79,0.83,0.83,0.83,-0.59,-0.55,-0.54,-0.55,-0.55,-0.55,-0.082,-0.072,-0.086,-0.1,-0.145,-0.164
01-Jan-2020,1.614,1.61,1.603,1.601,1.603,1.566,0.79,0.75,0.79,0.83,0.83,0.83,-0.59,-0.55,-0.54,-0.55,-0.55,-0.55,-0.082,-0.072,-0.086,-0.1,-0.145,-0.164
02-Jan-2020,1.597,1.607,1.592,1.589,1.588,1.553,0.79,0.75,0.79,0.83,0.83,0.83,-0.53,-0.52,-0.52,-0.53,-0.53,-0.54,-0.082,-0.072,-0.086,-0.1,-0.145,-0.164
03-Jan-2020,1.597,1.595,1.595,1.591,1.583,1.528,0.8,0.8,0.82,0.84,0.84,0.85,-0.53,-0.53,-0.53,-0.53,-0.54,-0.54,-0.082,-0.072,-0.086,-0.1,-0.145,-0.164
06-Jan-2020,1.599,1.603,1.615,1.666,1.637,1.628,0.8,0.8,0.82,0.84,0.84,0.85,-0.53,-0.53,-0.53,-0.53,-0.54,-0.54,-0.104,-0.095,-0.096,-0.109,-0.146,-0.165
07-Jan-2020,1.597,1.603,1.634,1.665,1.653,1.642,0.8,0.8,0.82,0.84,0.84,0.85,-0.53,-0.53,-0.53,-0.53,-0.54,-0.54,-0.092,-0.073,-0.089,-0.105,-0.145,-0.164
08-Jan-2020,1.578,1.603,1.635,1.669,1.666,1.668,0.8,0.8,0.82,0.84,0.85,0.86,-0.53,-0.53,-0.53,-0.53,-0.54,-0.54,-0.061,-0.061,-0.082,-0.105,-0.144,-0.163
09-Jan-2020,1.591,1.598,1.635,1.667,1.663,1.664,0.8,0.8,0.82,0.84,0.85,0.86,-0.53,-0.53,-0.54,-0.53,-0.54,-0.54,-0.083,-0.083,-0.093,-0.106,-0.143,-0.163
10-Jan-2020,1.591,1.605,1.638,1.668,1.662,1.66,0.8,0.8,0.81,0.83,0.83,0.84,-0.53,-0.51,-0.52,-0.51,-0.52,-0.53,-0.112,-0.086,-0.092,-0.107,-0.143,-0.163
13-Jan-2020,1.58,1.6,1.642,1.676,1.673,1.671,0.8,0.8,0.8,0.8,0.78,0.76,-0.51,-0.51,-0.52,-0.52,-0.52,-0.53,-0.112,-0.086,-0.092,-0.107,-0.143,-0.163
14-Jan-2020,1.582,1.604,1.642,1.676,1.672,1.666,0.8,0.8,0.78,0.76,0.73,0.73,-0.51,-0.51,-0.52,-0.52,-0.52,-0.53,-0.092,-0.081,-0.09,-0.105,-0.143,-0.161
15-Jan-2020,1.582,1.6,1.646,1.678,1.674,1.667,0.78,0.78,0.74,0.7,0.68,0.67,-0.51,-0.5,-0.52,-0.52,-0.52,-0.53,-0.076,-0.073,-0.086,-0.103,-0.137,-0.161
16-Jan-2020,1.58,1.593,1.644,1.679,1.675,1.67,0.78,0.78,0.74,0.69,0.68,0.66,-0.51,-0.5,-0.52,-0.52,-0.52,-0.53,-0.074,-0.073,-0.083,-0.1,-0.134,-0.159
17-Jan-2020,1.571,1.593,1.644,1.681,1.678,1.674,0.79,0.79,0.73,0.7,0.68,0.66,-0.51,-0.5,-0.51,-0.51,-0.51,-0.53,-0.07,-0.061,-0.072,-0.099,-0.134,-0.159
20-Jan-2020,1.571,1.593,1.644,1.681,1.678,1.674,0.79,0.79,0.7,0.68,0.68,0.63,-0.51,-0.5,-0.51,-0.51,-0.51,-0.53,-0.049,-0.055,-0.067,-0.093,-0.135,-0.159
21-Jan-2020,1.564,1.598,1.646,1.676,1.669,1.656,0.79,0.78,0.7,0.68,0.68,0.63,-0.51,-0.5,-0.51,-0.51,-0.51,-0.52,-0.07,-0.061,-0.07,-0.095,-0.134,-0.159
22-Jan-2020,1.57,1.607,1.644,1.677,1.666,1.651,0.78,0.75,0.7,0.68,0.68,0.63,-0.5,-0.5,-0.51,-0.51,-0.51,-0.52,-0.077,-0.083,-0.085,-0.099,-0.134,-0.159
23-Jan-2020,1.572,1.62,1.646,1.677,1.662,1.638,0.78,0.74,0.69,0.68,0.68,0.64,-0.5,-0.5,-0.51,-0.51,-0.51,-0.52,-0.074,-0.071,-0.079,-0.099,-0.132,-0.159
24-Jan-2020,1.569,1.618,1.647,1.676,1.661,1.632,0.78,0.74,0.69,0.68,0.68,0.64,-0.5,-0.5,-0.51,-0.51,-0.51,-0.52,-0.079,-0.07,-0.078,-0.098,-0.133,-0.157
27-Jan-2020,1.573,1.619,1.647,1.664,1.634,1.587,0.77,0.7,0.69,0.68,0.68,0.64,-0.5,-0.5,-0.51,-0.51,-0.51,-0.52,-0.071,-0.071,-0.077,-0.098,-0.133,-0.158
28-Jan-2020,1.572,1.63,1.651,1.673,1.65,1.614,0.76,0.68,0.68,0.68,0.64,0.63,-0.5,-0.5,-0.51,-0.51,-0.51,-0.53,-0.083,-0.079,-0.084,-0.1,-0.134,-0.158
29-Jan-2020,1.574,1.654,1.67,1.685,1.651,1.593,0.76,0.68,0.68,0.68,0.64,0.63,-0.5,-0.5,-0.51,-0.51,-0.51,-0.54,-0.101,-0.104,-0.094,-0.105,-0.136,-0.158
30-Jan-2020,1.628,1.647,1.666,1.676,1.643,1.585,0.75,0.75,0.73,0.73,0.73,0.73,-0.5,-0.5,-0.5,-0.5,-0.51,-0.53,-0.132,-0.108,-0.099,-0.106,-0.136,-0.158
31-Jan-2020,1.653,1.64,1.661,1.65,1.583,1.502,0.78,0.78,0.77,0.76,0.72,0.73,-0.5,-0.5,-0.5,-0.5,-0.51,-0.53,-0.093,-0.085,-0.092,-0.105,-0.135,-0.158
03-Feb-2020,1.648,1.665,1.665,1.661,1.615,1.556,0.78,0.78,0.77,0.76,0.72,0.71,-0.5,-0.5,-0.51,-0.51,-0.51,-0.55,-0.064,-0.057,-0.08,-0.1,-0.135,-0.158
04-Feb-2020,1.644,1.667,1.666,1.668,1.641,1.6,0.78,0.78,0.77,0.76,0.72,0.71,-0.5,-0.5,-0.51,-0.51,-0.51,-0.55,-0.073,-0.072,-0.088,-0.104,-0.135,-0.158
05-Feb-2020,1.635,1.667,1.667,1.672,1.651,1.623,0.78,0.78,0.78,0.76,0.73,0.72,-0.5,-0.51,-0.51,-0.51,-0.51,-0.55,-0.091,-0.083,-0.091,-0.107,-0.135,-0.159
06-Feb-2020,1.606,1.667,1.667,1.669,1.648,1.623,0.78,0.78,0.78,0.76,0.76,0.75,-0.5,-0.51,-0.51,-0.51,-0.51,-0.54,-0.086,-0.084,-0.092,-0.107,-0.135,-0.159
07-Feb-2020,1.624,1.667,1.667,1.664,1.631,1.594,0.78,0.78,0.78,0.76,0.76,0.76,-0.5,-0.51,-0.51,-0.51,-0.51,-0.54,-0.062,-0.06,-0.085,-0.103,-0.134,-0.159
10-Feb-2020,1.594,1.657,1.657,1.657,1.621,1.583,0.78,0.78,0.78,0.77,0.76,0.74,-0.5,-0.51,-0.51,-0.51,-0.51,-0.54,-0.054,-0.06,-0.083,-0.102,-0.134,-0.16
11-Feb-2020,1.621,1.657,1.657,1.66,1.63,1.594,0.79,0.79,0.78,0.77,0.74,0.73,-0.5,-0.51,-0.51,-0.51,-0.51,-0.54,-0.054,-0.06,-0.083,-0.102,-0.134,-0.16
12-Feb-2020,1.62,1.657,1.657,1.665,1.643,1.614,0.79,0.79,0.78,0.77,0.74,0.73,-0.5,-0.51,-0.51,-0.51,-0.51,-0.54,-0.077,-0.083,-0.091,-0.103,-0.133,-0.159
13-Feb-2020,1.623,1.657,1.657,1.657,1.629,1.599,0.79,0.79,0.78,0.77,0.75,0.73,-0.5,-0.51,-0.51,-0.51,-0.51,-0.53,-0.093,-0.092,-0.095,-0.103,-0.133,-0.159
14-Feb-2020,1.623,1.657,1.657,1.653,1.62,1.583,0.79,0.78,0.78,0.77,0.75,0.73,-0.5,-0.51,-0.51,-0.51,-0.51,-0.53,-0.077,-0.075,-0.092,-0.102,-0.133,-0.158
17-Feb-2020,1.623,1.657,1.657,1.653,1.62,1.583,0.78,0.78,0.78,0.77,0.75,0.73,-0.5,-0.51,-0.51,-0.51,-0.51,-0.53,-0.086,-0.086,-0.092,-0.102,-0.132,-0.158
18-Feb-2020,1.652,1.652,1.651,1.65,1.61,1.565,0.78,0.78,0.78,0.77,0.75,0.75,-0.5,-0.51,-0.51,-0.51,-0.51,-0.53,-0.102,-0.089,-0.095,-0.103,-0.134,-0.158
19-Feb-2020,1.636,1.653,1.652,1.658,1.621,1.579,0.78,0.78,0.78,0.77,0.75,0.75,-0.5,-0.51,-0.51,-0.51,-0.51,-0.54,-0.063,-0.067,-0.087,-0.101,-0.13,-0.156
20-Feb-2020,1.635,1.658,1.656,1.655,1.61,1.552,0.78,0.78,0.78,0.77,0.76,0.75,-0.5,-0.51,-0.51,-0.51,-0.51,-0.54,-0.061,-0.069,-0.09,-0.102,-0.131,-0.157
21-Feb-2020,1.6,1.646,1.646,1.646,1.585,1.516,0.78,0.78,0.78,0.77,0.76,0.75,-0.5,-0.51,-0.51,-0.51,-0.51,-0.54,-0.078,-0.078,-0.09,-0.102,-0.133,-0.158
24-Feb-2020,1.621,1.652,1.669,1.633,1.513,1.49,0.77,0.78,0.78,0.77,0.76,0.75,-0.5,-0.51,-0.51,-0.51,-0.52,-0.55,-0.078,-0.078,-0.09,-0.102,-0.133,-0.158
25-Feb-2020,1.626,1.652,1.668,1.625,1.498,1.471,0.77,0.78,0.78,0.77,0.76,0.75,-0.5,-0.51,-0.51,-0.52,-0.53,-0.55,-0.085,-0.08,-0.091,-0.103,-0.133,-0.158
26-Feb-2020,1.627,1.665,1.655,1.594,1.446,1.413,0.77,0.77,0.78,0.77,0.74,0.73,-0.5,-0.51,-0.52,-0.53,-0.54,-0.57,-0.081,-0.082,-0.091,-0.104,-0.134,-0.159
27-Feb-2020,1.623,1.665,1.574,1.475,1.304,1.267,0.77,0.77,0.77,0.77,0.72,0.67,-0.5,-0.51,-0.53,-0.54,-0.55,-0.58,-0.081,-0.082,-0.092,-0.105,-0.134,-0.16
28-Feb-2020,1.645,1.655,1.486,1.347,1.171,1.138,0.77,0.77,0.77,0.74,0.67,0.62,-0.5,-0.52,-0.54,-0.55,-0.57,-0.6,-0.075,-0.067,-0.093,-0.103,-0.134,-0.16
02-Mar-2020,1.684,1.526,1.491,1.355,1.26,1.224,0.77,0.77,0.77,0.74,0.67,0.62,-0.5,-0.52,-0.55,-0.58,-0.61,-0.65,-0.073,-0.072,-0.095,-0.103,-0.134,-0.16
03-Mar-2020,1.725,1.183,1.169,1.035,0.966,0.957,0.76,0.76,0.77,0.68,0.59,0.54,-0.5,-0.52,-0.54,-0.56,-0.59,-0.64,-0.083,-0.094,-0.112,-0.115,-0.137,-0.164
04-Mar-2020,1.214,1.208,1.176,1.028,0.953,0.944,0.76,0.76,0.77,0.68,0.59,0.54,-0.5,-0.52,-0.55,-0.59,-0.61,-0.65,-0.107,-0.14,-0.16,-0.162,-0.167,-0.178
05-Mar-2020,1.164,1.155,1.035,0.86,0.786,0.79,0.62,0.61,0.6,0.53,0.48,0.43,-0.5,-0.54,-0.57,-0.6,-0.62,-0.66,-0.101,-0.144,-0.158,-0.161,-0.174,-0.184
06-Mar-2020,1.144,1.14,0.983,0.779,0.731,0.724,0.72,0.72,0.6,0.53,0.48,0.46,-0.5,-0.54,-0.57,-0.6,-0.62,-0.67,-0.137,-0.153,-0.168,-0.173,-0.18,-0.19
09-Mar-2020,1.148,0.95,0.753,0.558,0.526,0.558,0.72,0.72,0.6,0.53,0.48,0.46,-0.5,-0.55,-0.59,-0.62,-0.67,-0.74,-0.13,-0.161,-0.182,-0.186,-0.193,-0.202
10-Mar-2020,1.18,1.143,0.894,0.684,0.645,0.679,0.62,0.72,0.56,0.46,0.46,0.46,-0.5,-0.55,-0.59,-0.61,-0.63,-0.69,-0.094,-0.117,-0.176,-0.196,-0.198,-0.207
11-Mar-2020,1.196,0.862,0.695,0.519,0.507,0.548,0.62,0.62,0.56,0.46,0.46,0.46,-0.52,-0.57,-0.61,-0.64,-0.66,-0.71,-0.095,-0.12,-0.182,-0.199,-0.202,-0.207
12-Mar-2020,1.206,0.707,0.465,0.422,0.451,0.503,0.34,0.29,0.29,0.29,0.3,0.3,-0.57,-0.54,-0.54,-0.58,-0.64,-0.68,-0.103,-0.159,-0.196,-0.205,-0.205,-0.208
13-Mar-2020,1.152,0.758,0.597,0.555,0.533,0.533,0.34,0.29,0.29,0.29,0.35,0.35,-0.57,-0.54,-0.54,-0.58,-0.64,-0.68,-0.196,-0.182,-0.214,-0.219,-0.219,-0.22
16-Mar-2020,0.3,0.458,0.43,0.417,0.405,0.401,0.34,0.29,0.29,0.29,0.35,0.37,-0.65,-0.62,-0.6,-0.62,-0.63,-0.65,-0.132,-0.215,-0.235,-0.246,-0.249,-0.249
17-Mar-2020,0.605,0.587,0.546,0.528,0.521,0.534,0.34,0.29,0.29,0.29,0.35,0.37,-0.66,-0.64,-0.63,-0.62,-0.63,-0.65,-0.35,-0.336,-0.301,-0.281,-0.265,-0.258
18-Mar-2020,0.134,0.413,0.356,0.326,0.312,0.319,0.27,0.29,0.29,0.29,0.35,0.37,-0.66,-0.63,-0.62,-0.62,-0.63,-0.65,-0.199,-0.222,-0.251,-0.264,-0.256,-0.253
19-Mar-2020,0.091,0.467,0.415,0.39,0.372,0.366,0.27,0.29,0.29,0.29,0.35,0,-0.66,-0.62,-0.61,-0.61,-0.62,-0.65,-0.223,-0.239,-0.258,-0.258,-0.255,-0.254
20-Mar-2020,0.084,0.681,0.564,0.556,0.544,0.541,0.27,0.29,0.26,0.25,0.29,0.35,-0.64,-0.62,-0.61,-0.62,-0.6,-0.62,-0.223,-0.239,-0.258,-0.258,-0.255,-0.254
23-Mar-2020,0.073,0.558,0.454,0.447,0.432,0.434,0.27,0.3,0.32,0.32,0.32,0.39,-0.64,-0.63,-0.61,-0.61,-0.61,-0.62,-0.536,-0.335,-0.282,-0.271,-0.266,-0.265
24-Mar-2020,0.055,0.541,0.454,0.452,0.442,0.444,0.23,0.23,0.32,0.32,0.32,0.39,-0.6,-0.59,-0.57,-0.57,-0.57,-0.58,-0.833,-0.45,-0.32,-0.301,-0.279,-0.273
25-Mar-2020,0.112,0.416,0.339,0.337,0.326,0.325,0.23,0.23,0.36,0.36,0.37,0.41,-0.6,-0.59,-0.57,-0.57,-0.57,-0.58,-0.229,-0.401,-0.284,-0.277,-0.272,-0.27
26-Mar-2020,0.09,0.392,0.281,0.277,0.27,0.271,0.23,0.23,0.36,0.36,0.37,0.41,-0.57,-0.56,-0.55,-0.54,-0.56,-0.58,-0.191,-0.27,-0.235,-0.242,-0.263,-0.267
27-Mar-2020,0.08,0.323,0.223,0.219,0.211,0.211,0.22,0.22,0.36,0.36,0.37,0.38,-0.5,-0.52,-0.54,-0.55,-0.56,-0.57,-0.126,-0.189,-0.188,-0.202,-0.251,-0.259
30-Mar-2020,0.1,0.271,0.171,0.169,0.166,0.172,0.22,0.22,0.27,0.28,0.29,0.3,-0.5,-0.53,-0.54,-0.55,-0.56,-0.57,-0.168,-0.262,-0.19,-0.196,-0.237,-0.246
31-Mar-2020,-0.026,0.173,0.073,0.071,0.073,0.074,0.22,0.22,0.27,0.28,0.29,0.3,-0.46,-0.5,-0.52,-0.53,-0.54,-0.55,-0.615,-0.198,-0.2,-0.205,-0.239,-0.245
01-Apr-2020,0.059,0.172,0.072,0.071,0.073,0.068,0.22,0.22,0.26,0.27,0.29,0.31,-0.47,-0.5,-0.52,-0.52,-0.54,-0.54,-0.116,-0.149,-0.188,-0.199,-0.225,-0.238
02-Apr-2020,0.088,0.119,0.07,0.075,0.08,0.077,0.22,0.22,0.24,0.25,0.29,0.33,-0.47,-0.5,-0.52,-0.53,-0.55,-0.54,-0.1,-0.114,-0.155,-0.165,-0.214,-0.224
03-Apr-2020,0.088,0.085,0.074,0.073,0.072,0.074,0.22,0.22,0.24,0.25,0.29,0.33,-0.47,-0.5,-0.52,-0.53,-0.55,-0.54,-0.099,-0.135,-0.16,-0.163,-0.211,-0.226
06-Apr-2020,0.06,0.084,0.076,0.082,0.076,0.077,0.22,0.22,0.21,0.21,0.27,0.31,-0.46,-0.47,-0.49,-0.5,-0.5,-0.52,-0.122,-0.15,-0.169,-0.156,-0.214,-0.225
07-Apr-2020,0.067,0.083,0.08,0.082,0.078,0.081,0.19,0.19,0.2,0.21,0.27,0.31,-0.46,-0.49,-0.49,-0.49,-0.5,-0.51,-0.146,-0.201,-0.2,-0.165,-0.214,-0.225
08-Apr-2020,0.09,0.085,0.078,0.079,0.075,0.078,0.19,0.19,0.2,0.21,0.27,0.31,-0.46,-0.49,-0.49,-0.49,-0.5,-0.51,-0.233,-0.275,-0.249,-0.205,-0.226,-0.233
09-Apr-2020,0.103,0.078,0.076,0.078,0.074,0.073,0.19,0.19,0.23,0.23,0.29,0.32,-0.46,-0.5,-0.5,-0.5,-0.5,-0.52,-0.205,-0.203,-0.219,-0.185,-0.221,-0.228
10-Apr-2020,0.103,0.078,0.076,0.078,0.074,0.073,0.19,0.19,0.23,0.23,0.29,0.32,-0.46,-0.5,-0.5,-0.5,-0.5,-0.51,-0.094,-0.124,-0.164,-0.171,-0.209,-0.219
13-Apr-2020,0.12,0.085,0.084,0.083,0.078,0.079,0.19,0.19,0.23,0.23,0.29,0.32,-0.46,-0.5,-0.5,-0.5,-0.5,-0.51,-0.085,-0.112,-0.152,-0.158,-0.205,-0.216
14-Apr-2020,0.119,0.109,0.114,0.111,0.105,0.108,0.19,0.19,0.23,0.23,0.29,0.32,-0.46,-0.49,-0.5,-0.5,-0.5,-0.53,-0.082,-0.104,-0.141,-0.153,-0.197,-0.208
15-Apr-2020,0.087,0.132,0.134,0.129,0.123,0.123,0.19,0.19,0.18,0.23,0.28,0.33,-0.46,-0.49,-0.5,-0.5,-0.5,-0.52,-0.087,-0.116,-0.14,-0.149,-0.193,-0.205
16-Apr-2020,0.089,0.151,0.156,0.23,0.251,0.28,0.19,0.19,0.18,0.23,0.28,0.33,-0.47,-0.48,-0.51,-0.51,-0.51,-0.51,-0.124,-0.124,-0.142,-0.149,-0.191,-0.203
17-Apr-2020,0.092,0.151,0.156,0.159,0.173,0.171,0.19,0.19,0.19,0.23,0.27,0.32,-0.49,-0.49,-0.51,-0.51,-0.51,-0.51,-0.109,-0.119,-0.137,-0.148,-0.185,-0.201
20-Apr-2020,0.059,0.093,0.11,0.104,0.092,0.09,0.18,0.18,0.19,0.22,0.27,0.29,-0.49,-0.5,-0.51,-0.51,-0.51,-0.51,-0.101,-0.12,-0.136,-0.146,-0.182,-0.197
21-Apr-2020,0.022,0.069,0.083,0.073,0.061,0.06,0.18,0.18,0.16,0.21,0.27,0.29,-0.49,-0.49,-0.5,-0.51,-0.51,-0.51,-0.116,-0.138,-0.147,-0.15,-0.183,-0.198
22-Apr-2020,0.05,0.069,0.083,0.075,0.065,0.064,0.18,0.18,0.16,0.21,0.27,0.29,-0.49,-0.49,-0.51,-0.51,-0.51,-0.51,-0.113,-0.148,-0.15,-0.15,-0.184,-0.197
23-Apr-2020,0.077,0.135,0.126,0.119,0.104,0.1,0.16,0.16,0.17,0.19,0.25,0.28,-0.49,-0.49,-0.51,-0.51,-0.51,-0.51,-0.105,-0.142,-0.148,-0.149,-0.182,-0.195
24-Apr-2020,0.103,0.139,0.127,0.115,0.1,0.099,0.16,0.16,0.17,0.19,0.25,0.28,-0.49,-0.49,-0.49,-0.51,-0.5,-0.5,-0.111,-0.133,-0.141,-0.146,-0.179,-0.193
27-Apr-2020,0.062,0.131,0.107,0.094,0.08,0.078,0.16,0.16,0.17,0.19,0.23,0.28,-0.49,-0.49,-0.52,-0.52,-0.52,-0.53,-0.103,-0.139,-0.145,-0.15,-0.178,-0.192
28-Apr-2020,0.051,0.132,0.105,0.094,0.078,0.076,0.16,0.16,0.17,0.19,0.23,0.27,-0.49,-0.49,-0.51,-0.52,-0.52,-0.52,-0.113,-0.161,-0.151,-0.153,-0.182,-0.196
29-Apr-2020,0.051,0.104,0.078,0.068,0.058,0.06,0.16,0.16,0.17,0.19,0.23,0.27,-0.49,-0.48,-0.51,-0.51,-0.51,-0.52,-0.113,-0.161,-0.151,-0.153,-0.182,-0.196
30-Apr-2020,0.108,0.104,0.078,0.063,0.053,0.053,0.07,0.16,0.17,0.19,0.23,0.27,-0.49,-0.49,-0.51,-0.51,-0.51,-0.52,-0.134,-0.133,-0.145,-0.146,-0.181,-0.198
01-May-2020,0.11,0.106,0.08,0.065,0.054,0.054,0.16,0.16,0.17,0.19,0.23,0.26,-0.49,-0.49,-0.51,-0.51,-0.51,-0.52,-0.061,-0.077,-0.098,-0.131,-0.174,-0.19
04-May-2020,0.099,0.13,0.121,0.115,0.113,0.111,0.13,0.14,0.17,0.19,0.23,0.26,-0.49,-0.49,-0.5,-0.5,-0.5,-0.52,-0.061,-0.077,-0.098,-0.131,-0.174,-0.19
05-May-2020,0.1,0.13,0.121,0.115,0.112,0.111,0.13,0.14,0.17,0.19,0.23,0.26,-0.49,-0.49,-0.5,-0.5,-0.5,-0.53,-0.061,-0.077,-0.098,-0.131,-0.174,-0.19
06-May-2020,0.1,0.112,0.103,0.095,0.091,0.084,0.13,0.14,0.16,0.19,0.23,0.26,-0.49,-0.49,-0.5,-0.5,-0.5,-0.53,-0.061,-0.077,-0.098,-0.131,-0.174,-0.19
07-May-2020,0.1,0.116,0.107,0.095,0.086,0.064,0.13,0.14,0.16,0.19,0.23,0.26,-0.49,-0.49,-0.5,-0.51,-0.52,-0.53,-0.065,-0.082,-0.1,-0.122,-0.169,-0.188
08-May-2020,0.119,0.116,0.107,0.097,0.092,0.076,0.13,0.14,0.16,0.19,0.23,0.26,-0.49,-0.49,-0.5,-0.51,-0.52,-0.53,-0.087,-0.077,-0.098,-0.121,-0.167,-0.186
11-May-2020,0.119,0.126,0.117,0.11,0.106,0.089,0.13,0.14,0.16,0.19,0.23,0.26,-0.49,-0.49,-0.5,-0.51,-0.51,-0.52,-0.087,-0.1,-0.11,-0.124,-0.166,-0.187
12-May-2020,0.121,0.126,0.117,0.112,0.106,0.087,0.13,0.14,0.18,0.19,0.22,0.25,-0.49,-0.49,-0.5,-0.51,-0.51,-0.52,-0.102,-0.115,-0.12,-0.129,-0.171,-0.187
13-May-2020,0.032,0.126,0.117,0.112,0.106,0.088,0.13,0.14,0.18,0.18,0.22,0.25,-0.49,-0.49,-0.5,-0.51,-0.51,-0.52,-0.099,-0.11,-0.118,-0.127,-0.169,-0.187
14-May-2020,0.115,0.126,0.117,0.112,0.106,0.086,0.13,0.14,0.17,0.18,0.22,0.25,-0.49,-0.49,-0.5,-0.51,-0.52,-0.53,-0.1,-0.11,-0.12,-0.128,-0.172,-0.187
15-May-2020,0.109,0.126,0.117,0.112,0.109,0.089,0.13,0.14,0.17,0.18,0.21,0.23,-0.49,-0.49,-0.5,-0.51,-0.52,-0.53,-0.096,-0.096,-0.112,-0.125,-0.169,-0.183
18-May-2020,0.087,0.133,0.127,0.124,0.119,0.104,0.13,0.14,0.17,0.18,0.21,0.22,-0.49,-0.49,-0.5,-0.51,-0.52,-0.53,-0.124,-0.125,-0.124,-0.131,-0.169,-0.182
19-May-2020,0.085,0.127,0.123,0.121,0.117,0.103,0.13,0.14,0.17,0.18,0.21,0.22,-0.49,-0.49,-0.5,-0.51,-0.52,-0.52,-0.125,-0.128,-0.127,-0.131,-0.166,-0.18
20-May-2020,-0.011,0.097,0.078,0.073,0.069,0.058,0.13,0.14,0.17,0.18,0.21,0.22,-0.49,-0.49,-0.5,-0.51,-0.52,-0.52,-0.104,-0.118,-0.123,-0.129,-0.168,-0.181
21-May-2020,0.051,0.097,0.078,0.073,0.068,0.055,0.13,0.14,0.17,0.18,0.21,0.2,-0.49,-0.49,-0.5,-0.51,-0.52,-0.52,-0.101,-0.115,-0.122,-0.129,-0.168,-0.182
22-May-2020,0.051,0.097,0.078,0.07,0.064,0.049,0.13,0.14,0.16,0.17,0.21,0.2,-0.49,-0.49,-0.5,-0.51,-0.52,-0.52,-0.093,-0.093,-0.108,-0.123,-0.168,-0.184
25-May-2020,0.051,0.097,0.078,0.07,0.065,0.05,0.13,0.14,0.16,0.17,0.21,0.2,-0.49,-0.49,-0.5,-0.51,-0.52,-0.52,-0.07,-0.087,-0.102,-0.12,-0.17,-0.186
26-May-2020,0.119,0.097,0.078,0.073,0.068,0.056,0.13,0.14,0.16,0.17,0.19,0.18,-0.49,-0.49,-0.5,-0.5,-0.51,-0.52,-0.081,-0.095,-0.109,-0.122,-0.171,-0.187
27-May-2020,0.106,0.097,0.078,0.071,0.065,0.054,0.13,0.14,0.16,0.17,0.19,0.18,-0.49,-0.49,-0.5,-0.5,-0.51,-0.52,-0.089,-0.099,-0.109,-0.123,-0.166,-0.187
28-May-2020,0.13,0.124,0.108,0.102,0.094,0.082,0.13,0.14,0.15,0.16,0.19,0.22,-0.49,-0.49,-0.49,-0.51,-0.51,-0.52,-0.11,-0.104,-0.109,-0.124,-0.164,-0.187
29-May-2020,0.089,0.124,0.108,0.102,0.093,0.077,0.12,0.12,0.14,0.16,0.19,0.22,-0.49,-0.49,-0.5,-0.51,-0.51,-0.52,-0.106,-0.091,-0.104,-0.119,-0.163,-0.187
01-Jun-2020,0.126,0.124,0.109,0.103,0.094,0.076,0.12,0.12,0.14,0.16,0.17,0.21,-0.49,-0.49,-0.5,-0.51,-0.51,-0.52,-0.097,-0.099,-0.108,-0.121,-0.164,-0.188
02-Jun-2020,0.13,0.124,0.111,0.104,0.095,0.079,0.12,0.12,0.14,0.16,0.17,0.19,-0.49,-0.49,-0.5,-0.51,-0.51,-0.51,-0.098,-0.103,-0.11,-0.123,-0.164,-0.188
03-Jun-2020,0.13,0.124,0.114,0.108,0.1,0.088,0.12,0.12,0.14,0.14,0.17,0.19,-0.49,-0.49,-0.5,-0.51,-0.51,-0.52,-0.097,-0.101,-0.111,-0.123,-0.164,-0.188
04-Jun-2020,0.11,0.136,0.12,0.112,0.104,0.093,0.12,0.12,0.14,0.14,0.17,0.19,-0.49,-0.49,-0.5,-0.52,-0.52,-0.53,-0.098,-0.097,-0.113,-0.124,-0.164,-0.188
05-Jun-2020,0.114,0.141,0.137,0.134,0.129,0.12,0.09,0.1,0.13,0.14,0.16,0.21,-0.49,-0.49,-0.5,-0.52,-0.52,-0.52,-0.094,-0.091,-0.111,-0.123,-0.164,-0.188
08-Jun-2020,0.122,0.16,0.156,0.153,0.143,0.131,0.09,0.1,0.13,0.14,0.16,0.21,-0.49,-0.49,-0.5,-0.52,-0.52,-0.53,-0.084,-0.088,-0.11,-0.123,-0.164,-0.188
09-Jun-2020,0.127,0.164,0.159,0.153,0.143,0.127,0.09,0.1,0.13,0.14,0.16,0.23,-0.49,-0.49,-0.5,-0.52,-0.52,-0.52,-0.064,-0.072,-0.108,-0.12,-0.164,-0.187
10-Jun-2020,0.12,0.161,0.154,0.149,0.136,0.117,0.09,0.1,0.13,0.14,0.16,0.21,-0.49,-0.49,-0.51,-0.52,-0.52,-0.52,-0.059,-0.069,-0.109,-0.123,-0.163,-0.187
11-Jun-2020,0.112,0.18,0.175,0.17,0.157,0.132,0.09,0.1,0.13,0.14,0.16,0.21,-0.49,-0.49,-0.52,-0.52,-0.52,-0.52,-0.048,-0.074,-0.11,-0.12,-0.163,-0.187
12-Jun-2020,0.128,0.171,0.166,0.162,0.152,0.13,0.09,0.1,0.13,0.14,0.16,0.21,-0.49,-0.49,-0.51,-0.52,-0.52,-0.52,-0.059,-0.071,-0.108,-0.122,-0.162,-0.187
15-Jun-2020,0.129,0.173,0.169,0.167,0.155,0.132,0.09,0.1,0.13,0.14,0.16,0.21,-0.49,-0.5,-0.51,-0.52,-0.52,-0.53,-0.093,-0.08,-0.108,-0.123,-0.164,-0.187
16-Jun-2020,0.134,0.173,0.169,0.166,0.152,0.132,0.09,0.1,0.13,0.14,0.16,0.21,-0.49,-0.5,-0.51,-0.52,-0.52,-0.53,-0.054,-0.072,-0.104,-0.12,-0.164,-0.187
17-Jun-2020,0.115,0.167,0.161,0.156,0.143,0.124,0.09,0.1,0.13,0.14,0.16,0.21,-0.49,-0.51,-0.52,-0.53,-0.53,-0.53,-0.069,-0.082,-0.103,-0.12,-0.165,-0.187
18-Jun-2020,0.12,0.171,0.158,0.151,0.142,0.124,0.09,0.1,0.13,0.14,0.16,0.19,-0.49,-0.51,-0.52,-0.53,-0.53,-0.55,-0.079,-0.082,-0.104,-0.118,-0.164,-0.185
19-Jun-2020,0.12,0.171,0.161,0.153,0.143,0.123,0.09,0.1,0.13,0.14,0.16,0.19,-0.49,-0.51,-0.52,-0.54,-0.54,-0.55,-0.088,-0.073,-0.1,-0.117,-0.165,-0.189
22-Jun-2020,0.115,0.151,0.168,0.179,0.209,0.243,0.09,0.1,0.13,0.14,0.16,0.2,-0.49,-0.51,-0.52,-0.53,-0.54,-0.55,-0.069,-0.069,-0.098,-0.115,-0.165,-0.189
23-Jun-2020,0.11,0.151,0.168,0.177,0.206,0.241,0.09,0.1,0.13,0.14,0.16,0.2,-0.5,-0.51,-0.52,-0.53,-0.54,-0.54,-0.06,-0.079,-0.098,-0.115,-0.165,-0.189
24-Jun-2020,0.12,0.137,0.161,0.175,0.205,0.24,0.09,0.1,0.13,0.14,0.16,0.2,-0.5,-0.51,-0.52,-0.53,-0.54,-0.54,-0.061,-0.073,-0.094,-0.111,-0.164,-0.189
25-Jun-2020,0.13,0.13,0.13,0.184,0.194,0.211,0.09,0.1,0.12,0.14,0.16,0.2,-0.5,-0.5,-0.51,-0.52,-0.54,-0.54,-0.063,-0.073,-0.093,-0.109,-0.164,-0.189
26-Jun-2020,0.13,0.127,0.131,0.179,0.188,0.204,0.09,0.1,0.12,0.14,0.16,0.2,-0.5,-0.5,-0.52,-0.53,-0.54,-0.54,-0.058,-0.071,-0.091,-0.109,-0.164,-0.189
29-Jun-2020,0.129,0.132,0.13,0.179,0.186,0.198,0.09,0.1,0.12,0.14,0.17,0.2,-0.5,-0.51,-0.52,-0.53,-0.54,-0.54,-0.06,-0.07,-0.086,-0.107,-0.164,-0.188
30-Jun-2020,0.13,0.133,0.13,0.179,0.186,0.198,0.06,0.1,0.12,0.14,0.17,0.2,-0.5,-0.51,-0.52,-0.53,-0.54,-0.55,-0.062,-0.071,-0.087,-0.106,-0.163,-0.188
01-Jul-2020,0.136,0.134,0.132,0.182,0.19,0.204,0.06,0.1,0.12,0.14,0.17,0.2,-0.5,-0.51,-0.52,-0.53,-0.53,-0.54,-0.071,-0.079,-0.09,-0.105,-0.161,-0.189
02-Jul-2020,0.143,0.139,0.137,0.185,0.191,0.204,0.06,0.1,0.12,0.14,0.17,0.2,-0.51,-0.51,-0.52,-0.53,-0.53,-0.55,-0.09,-0.082,-0.093,-0.107,-0.161,-0.189
03-Jul-2020,0.143,0.139,0.137,0.185,0.191,0.204,0.06,0.1,0.12,0.14,0.15,0.19,-0.51,-0.51,-0.52,-0.53,-0.54,-0.56,-0.083,-0.075,-0.092,-0.104,-0.161,-0.189
06-Jul-2020,0.143,0.148,0.142,0.188,0.194,0.207,0.06,0.1,0.12,0.14,0.14,0.19,-0.51,-0.51,-0.52,-0.53,-0.54,-0.55,-0.066,-0.072,-0.091,-0.106,-0.16,-0.189
07-Jul-2020,0.15,0.148,0.142,0.188,0.194,0.207,0.06,0.1,0.1,0.14,0.14,0.19,-0.51,-0.51,-0.52,-0.53,-0.54,-0.55,-0.074,-0.083,-0.094,-0.108,-0.161,-0.186
08-Jul-2020,0.134,0.145,0.139,0.186,0.192,0.204,0.06,0.1,0.1,0.14,0.14,0.19,-0.51,-0.51,-0.52,-0.53,-0.54,-0.55,-0.084,-0.085,-0.094,-0.104,-0.159,-0.185
09-Jul-2020,0.14,0.145,0.139,0.185,0.19,0.199,0.06,0.1,0.1,0.14,0.14,0.19,-0.51,-0.51,-0.52,-0.53,-0.54,-0.55,-0.083,-0.083,-0.094,-0.104,-0.158,-0.179
10-Jul-2020,0.14,0.149,0.142,0.138,0.127,0.118,0.06,0.1,0.1,0.14,0.14,0.19,-0.51,-0.51,-0.52,-0.53,-0.54,-0.55,-0.082,-0.078,-0.093,-0.104,-0.157,-0.178
13-Jul-2020,0.14,0.151,0.143,0.138,0.128,0.121,0.06,0.1,0.1,0.14,0.14,0.19,-0.51,-0.52,-0.52,-0.53,-0.54,-0.55,-0.069,-0.074,-0.091,-0.104,-0.156,-0.176
14-Jul-2020,0.128,0.157,0.145,0.139,0.128,0.122,0.06,0.1,0.1,0.14,0.14,0.19,-0.51,-0.52,-0.52,-0.53,-0.53,-0.54,-0.073,-0.077,-0.093,-0.104,-0.157,-0.176
15-Jul-2020,0.15,0.156,0.144,0.138,0.13,0.125,0.06,0.1,0.1,0.14,0.14,0.19,-0.51,-0.52,-0.52,-0.53,-0.53,-0.54,-0.074,-0.079,-0.095,-0.106,-0.156,-0.175
16-Jul-2020,0.14,0.15,0.14,0.135,0.127,0.122,0.06,0.1,0.1,0.14,0.14,0.19,-0.52,-0.53,-0.53,-0.54,-0.54,-0.55,-0.072,-0.079,-0.095,-0.105,-0.152,-0.175
17-Jul-2020,0.138,0.157,0.144,0.138,0.128,0.123,0.06,0.1,0.1,0.14,0.14,0.17,-0.52,-0.53,-0.53,-0.55,-0.55,-0.55,-0.082,-0.072,-0.092,-0.103,-0.15,-0.177
20-Jul-2020,0.125,0.158,0.141,0.138,0.13,0.126,0.06,0.1,0.1,0.14,0.14,0.17,-0.52,-0.53,-0.53,-0.54,-0.54,-0.54,-0.066,-0.07,-0.091,-0.103,-0.152,-0.178
21-Jul-2020,0.14,0.158,0.145,0.141,0.131,0.126,0.06,0.1,0.09,0.14,0.14,0.16,-0.51,-0.52,-0.53,-0.54,-0.54,-0.55,-0.069,-0.073,-0.09,-0.103,-0.155,-0.177
22-Jul-2020,0.112,0.158,0.145,0.14,0.131,0.126,0.06,0.1,0.09,0.14,0.14,0.16,-0.51,-0.52,-0.53,-0.54,-0.54,-0.55,-0.073,-0.07,-0.09,-0.102,-0.153,-0.178
23-Jul-2020,0.123,0.148,0.139,0.136,0.128,0.124,0.06,0.1,0.09,0.14,0.14,0.16,-0.51,-0.51,-0.53,-0.54,-0.54,-0.55,-0.073,-0.07,-0.09,-0.102,-0.153,-0.178
24-Jul-2020,0.13,0.148,0.139,0.136,0.127,0.125,0.06,0.1,0.09,0.13,0.14,0.16,-0.51,-0.51,-0.53,-0.54,-0.54,-0.55,-0.073,-0.07,-0.09,-0.102,-0.153,-0.178
27-Jul-2020,0.14,0.15,0.168,0.154,0.137,0.137,0.09,0.1,0.09,0.13,0.14,0.16,-0.51,-0.51,-0.52,-0.54,-0.54,-0.54,-0.073,-0.072,-0.091,-0.102,-0.156,-0.18
28-Jul-2020,0.128,0.15,0.168,0.153,0.137,0.135,0.09,0.1,0.09,0.14,0.15,0.16,-0.52,-0.52,-0.52,-0.54,-0.55,-0.55,-0.069,-0.073,-0.091,-0.102,-0.156,-0.181
29-Jul-2020,0.112,0.151,0.172,0.158,0.141,0.139,0.09,0.1,0.09,0.14,0.15,0.16,-0.52,-0.52,-0.53,-0.54,-0.56,-0.56,-0.097,-0.081,-0.092,-0.103,-0.157,-0.181
30-Jul-2020,0.11,0.143,0.166,0.152,0.136,0.134,0.09,0.1,0.09,0.14,0.15,0.16,-0.52,-0.52,-0.53,-0.54,-0.57,-0.57,-0.082,-0.078,-0.091,-0.101,-0.157,-0.181
31-Jul-2020,0.11,0.108,0.13,0.153,0.135,0.13,0.09,0.1,0.09,0.13,0.14,0.16,-0.53,-0.53,-0.53,-0.55,-0.56,-0.57,-0.073,-0.072,-0.091,-0.101,-0.157,-0.181
03-Aug-2020,0.13,0.109,0.132,0.157,0.14,0.137,0.09,0.1,0.09,0.13,0.14,0.16,-0.53,-0.53,-0.53,-0.54,-0.56,-0.56,-0.065,-0.071,-0.091,-0.101,-0.156,-0.181
04-Aug-2020,0.13,0.109,0.132,0.157,0.138,0.133,0.09,0.1,0.09,0.12,0.14,0.16,-0.53,-0.53,-0.53,-0.54,-0.56,-0.56,-0.067,-0.072,-0.09,-0.101,-0.156,-0.181
05-Aug-2020,0.127,0.109,0.132,0.157,0.14,0.139,0.09,0.1,0.09,0.12,0.14,0.16,-0.53,-0.53,-0.53,-0.54,-0.55,-0.55,-0.063,-0.068,-0.088,-0.101,-0.155,-0.179
06-Aug-2020,0.13,0.111,0.132,0.157,0.141,0.141,0.09,0.1,0.09,0.12,0.14,0.16,-0.53,-0.53,-0.53,-0.54,-0.55,-0.55,-0.061,-0.07,-0.085,-0.101,-0.152,-0.178
07-Aug-2020,0.13,0.111,0.134,0.158,0.143,0.148,0.09,0.1,0.09,0.13,0.14,0.16,-0.53,-0.53,-0.53,-0.54,-0.55,-0.55,-0.063,-0.066,-0.083,-0.097,-0.146,-0.175
10-Aug-2020,0.13,0.116,0.138,0.16,0.145,0.15,0.09,0.1,0.09,0.13,0.14,0.17,-0.53,-0.53,-0.53,-0.54,-0.55,-0.55,-0.063,-0.066,-0.083,-0.097,-0.146,-0.175
11-Aug-2020,0.13,0.116,0.138,0.16,0.144,0.151,0.1,0.1,0.1,0.13,0.14,0.17,-0.53,-0.53,-0.53,-0.54,-0.55,-0.55,-0.055,-0.062,-0.084,-0.096,-0.145,-0.174
12-Aug-2020,0.128,0.116,0.14,0.163,0.147,0.155,0.11,0.1,0.11,0.13,0.14,0.17,-0.53,-0.53,-0.53,-0.54,-0.55,-0.54,-0.064,-0.068,-0.083,-0.094,-0.149,-0.174
13-Aug-2020,0.129,0.116,0.139,0.163,0.147,0.154,0.11,0.11,0.11,0.13,0.14,0.17,-0.53,-0.53,-0.53,-0.54,-0.55,-0.54,-0.089,-0.081,-0.086,-0.097,-0.149,-0.173
14-Aug-2020,0.127,0.118,0.141,0.165,0.151,0.155,0.11,0.11,0.11,0.13,0.14,0.17,-0.53,-0.53,-0.53,-0.54,-0.55,-0.54,-0.076,-0.071,-0.083,-0.095,-0.149,-0.173
17-Aug-2020,0.13,0.12,0.141,0.167,0.152,0.156,0.09,0.09,0.11,0.12,0.14,0.17,-0.53,-0.53,-0.53,-0.54,-0.55,-0.55,-0.071,-0.072,-0.084,-0.094,-0.147,-0.172
18-Aug-2020,0.115,0.116,0.136,0.164,0.149,0.152,0.09,0.09,0.11,0.12,0.14,0.17,-0.53,-0.53,-0.53,-0.54,-0.55,-0.56,-0.075,-0.073,-0.084,-0.094,-0.147,-0.172
19-Aug-2020,0.12,0.115,0.134,0.161,0.148,0.154,0.09,0.09,0.11,0.12,0.14,0.17,-0.53,-0.53,-0.53,-0.54,-0.55,-0.56,-0.068,-0.072,-0.083,-0.094,-0.147,-0.172
20-Aug-2020,0.101,0.104,0.125,0.158,0.144,0.149,0.09,0.09,0.09,0.12,0.14,0.16,-0.53,-0.53,-0.53,-0.54,-0.55,-0.56,-0.068,-0.073,-0.083,-0.093,-0.142,-0.171
21-Aug-2020,0.116,0.108,0.13,0.156,0.143,0.149,0.09,0.09,0.09,0.12,0.14,0.16,-0.52,-0.52,-0.53,-0.54,-0.55,-0.56,-0.071,-0.071,-0.082,-0.093,-0.142,-0.171
24-Aug-2020,0.116,0.108,0.13,0.157,0.145,0.151,0.1,0.1,0.09,0.12,0.14,0.16,-0.51,-0.52,-0.53,-0.54,-0.55,-0.56,-0.069,-0.07,-0.083,-0.091,-0.139,-0.171
25-Aug-2020,0.103,0.112,0.131,0.16,0.148,0.156,0.1,0.1,0.09,0.12,0.14,0.16,-0.51,-0.52,-0.53,-0.54,-0.55,-0.56,-0.069,-0.07,-0.082,-0.091,-0.135,-0.168
26-Aug-2020,0.11,0.12,0.134,0.162,0.149,0.157,0.09,0.09,0.09,0.12,0.14,0.15,-0.52,-0.52,-0.53,-0.54,-0.55,-0.56,-0.076,-0.074,-0.082,-0.091,-0.136,-0.167
27-Aug-2020,0.11,0.11,0.13,0.159,0.148,0.159,0.09,0.09,0.09,0.12,0.14,0.15,-0.52,-0.52,-0.53,-0.54,-0.56,-0.56,-0.077,-0.08,-0.086,-0.092,-0.136,-0.167
28-Aug-2020,0.12,0.108,0.127,0.158,0.144,0.151,0.09,0.09,0.09,0.13,0.14,0.15,-0.52,-0.52,-0.53,-0.54,-0.56,-0.56,-0.08,-0.078,-0.083,-0.092,-0.137,-0.166
31-Aug-2020,0.119,0.12,0.132,0.161,0.148,0.154,0.09,0.09,0.09,0.13,0.14,0.15,-0.52,-0.52,-0.53,-0.54,-0.56,-0.56,-0.084,-0.084,-0.088,-0.095,-0.137,-0.164
01-Sep-2020,0.12,0.109,0.126,0.157,0.144,0.151,0.09,0.1,0.1,0.13,0.14,0.15,-0.52,-0.53,-0.54,-0.54,-0.56,-0.56,-0.089,-0.088,-0.092,-0.097,-0.137,-0.164
02-Sep-2020,0.125,0.115,0.128,0.158,0.144,0.151,0.09,0.1,0.1,0.13,0.14,0.15,-0.52,-0.53,-0.54,-0.54,-0.56,-0.56,-0.086,-0.085,-0.092,-0.097,-0.136,-0.163
03-Sep-2020,0.14,0.122,0.129,0.158,0.143,0.147,0.09,0.1,0.1,0.13,0.14,0.15,-0.52,-0.53,-0.54,-0.54,-0.56,-0.57,-0.111,-0.095,-0.1,-0.103,-0.137,-0.164
04-Sep-2020,0.14,0.124,0.132,0.162,0.148,0.154,0.09,0.1,0.1,0.13,0.14,0.15,-0.52,-0.53,-0.54,-0.54,-0.56,-0.57,-0.106,-0.103,-0.105,-0.109,-0.136,-0.162
07-Sep-2020,0.14,0.133,0.134,0.163,0.149,0.153,0.09,0.1,0.1,0.13,0.14,0.15,-0.52,-0.53,-0.54,-0.54,-0.56,-0.57,-0.127,-0.144,-0.124,-0.124,-0.142,-0.165
08-Sep-2020,0.13,0.137,0.133,0.163,0.149,0.154,0.1,0.1,0.1,0.13,0.14,0.15,-0.52,-0.53,-0.54,-0.54,-0.56,-0.57,-0.167,-0.147,-0.13,-0.127,-0.146,-0.164
09-Sep-2020,0.13,0.12,0.125,0.136,0.138,0.137,0.09,0.1,0.1,0.12,0.14,0.15,-0.52,-0.53,-0.54,-0.54,-0.56,-0.57,-0.104,-0.107,-0.121,-0.123,-0.143,-0.164
10-Sep-2020,0.13,0.12,0.125,0.136,0.15,0.134,0.09,0.1,0.1,0.12,0.14,0.15,-0.52,-0.53,-0.54,-0.54,-0.56,-0.57,-0.094,-0.099,-0.116,-0.121,-0.145,-0.164
11-Sep-2020,0.13,0.119,0.124,0.136,0.148,0.131,0.09,0.1,0.1,0.12,0.14,0.15,-0.51,-0.53,-0.54,-0.54,-0.56,-0.57,-0.102,-0.108,-0.12,-0.121,-0.145,-0.164
14-Sep-2020,0.112,0.123,0.13,0.136,0.16,0.13,0.09,0.1,0.1,0.12,0.14,0.15,-0.51,-0.53,-0.54,-0.54,-0.56,-0.58,-0.088,-0.098,-0.117,-0.12,-0.144,-0.164
15-Sep-2020,0.138,0.122,0.117,0.136,0.14,0.132,0.09,0.1,0.1,0.12,0.14,0.15,-0.52,-0.53,-0.54,-0.54,-0.56,-0.58,-0.081,-0.096,-0.113,-0.119,-0.144,-0.163
16-Sep-2020,0.122,0.128,0.128,0.141,0.141,0.141,0.09,0.1,0.1,0.12,0.14,0.14,-0.52,-0.53,-0.54,-0.54,-0.56,-0.58,-0.083,-0.095,-0.113,-0.119,-0.144,-0.163
17-Sep-2020,0.13,0.129,0.127,0.141,0.141,0.14,0.09,0.1,0.1,0.12,0.14,0.13,-0.52,-0.53,-0.54,-0.54,-0.56,-0.58,-0.089,-0.098,-0.113,-0.118,-0.144,-0.163
18-Sep-2020,0.13,0.125,0.128,0.14,0.142,0.144,0.09,0.1,0.1,0.12,0.14,0.13,-0.52,-0.53,-0.54,-0.54,-0.56,-0.59,-0.09,-0.093,-0.113,-0.118,-0.144,-0.163
21-Sep-2020,0.072,0.1,0.105,0.108,0.109,0.095,0.09,0.1,0.09,0.12,0.12,0.11,-0.52,-0.53,-0.54,-0.54,-0.56,-0.59,-0.09,-0.093,-0.113,-0.118,-0.144,-0.163
22-Sep-2020,0.06,0.124,0.128,0.136,0.141,0.151,0.09,0.1,0.09,0.12,0.12,0.1,-0.52,-0.53,-0.54,-0.54,-0.55,-0.58,-0.09,-0.093,-0.113,-0.118,-0.144,-0.163
23-Sep-2020,0.073,0.114,0.128,0.137,0.142,0.152,0.09,0.1,0.1,0.12,0.12,0.1,-0.53,-0.53,-0.54,-0.54,-0.56,-0.58,-0.091,-0.104,-0.111,-0.118,-0.143,-0.164
24-Sep-2020,0.12,0.12,0.128,0.138,0.139,0.156,0.09,0.1,0.1,0.12,0.12,0.11,-0.53,-0.53,-0.54,-0.54,-0.56,-0.58,-0.102,-0.108,-0.114,-0.121,-0.143,-0.164
25-Sep-2020,0.117,0.119,0.138,0.151,0.141,0.155,0.09,0.1,0.1,0.12,0.12,0.11,-0.53,-0.53,-0.54,-0.54,-0.56,-0.58,-0.101,-0.112,-0.114,-0.126,-0.144,-0.164
28-Sep-2020,0.092,0.125,0.14,0.151,0.139,0.153,0.09,0.09,0.09,0.11,0.11,0.11,-0.55,-0.53,-0.54,-0.54,-0.56,-0.58,-0.094,-0.109,-0.113,-0.124,-0.144,-0.163
29-Sep-2020,0.092,0.127,0.107,0.107,0.096,0.082,0.09,0.09,0.09,0.11,0.11,0.11,-0.55,-0.55,-0.55,-0.55,-0.57,-0.59,-0.103,-0.107,-0.113,-0.124,-0.145,-0.166
30-Sep-2020,0.116,0.127,0.112,0.107,0.098,0.083,0.06,0.09,0.09,0.11,0.11,0.11,-0.76,-0.54,-0.56,-0.57,-0.57,-0.59,-0.102,-0.097,-0.112,-0.129,-0.144,-0.164
01-Oct-2020,0.116,0.13,0.13,0.112,0.102,0.087,0.09,0.09,0.09,0.11,0.11,0.13,-0.54,-0.54,-0.56,-0.57,-0.57,-0.59,-0.087,-0.087,-0.108,-0.128,-0.144,-0.164
02-Oct-2020,0.13,0.13,0.13,0.112,0.102,0.088,0.09,0.09,0.09,0.11,0.11,0.13,-0.54,-0.54,-0.56,-0.57,-0.57,-0.59,-0.079,-0.082,-0.106,-0.125,-0.144,-0.163
05-Oct-2020,0.13,0.127,0.127,0.13,0.106,0.093,0.09,0.09,0.09,0.11,0.11,0.13,-0.53,-0.54,-0.56,-0.57,-0.57,-0.59,-0.07,-0.076,-0.098,-0.123,-0.143,-0.163
06-Oct-2020,0.13,0.112,0.112,0.13,0.106,0.094,0.09,0.09,0.08,0.11,0.11,0.13,-0.52,-0.53,-0.55,-0.57,-0.57,-0.59,-0.073,-0.079,-0.099,-0.121,-0.143,-0.163
07-Oct-2020,0.095,0.115,0.112,0.14,0.107,0.095,0.09,0.09,0.08,0.11,0.11,0.13,-0.52,-0.53,-0.55,-0.57,-0.57,-0.59,-0.071,-0.079,-0.099,-0.122,-0.142,-0.163
08-Oct-2020,0.119,0.115,0.114,0.141,0.107,0.097,0.09,0.09,0.08,0.11,0.11,0.13,-0.52,-0.53,-0.55,-0.57,-0.57,-0.59,-0.079,-0.079,-0.099,-0.121,-0.142,-0.162
09-Oct-2020,0.123,0.115,0.114,0.14,0.13,0.117,0.09,0.09,0.08,0.11,0.11,0.13,-0.52,-0.53,-0.55,-0.57,-0.57,-0.59,-0.072,-0.077,-0.097,-0.119,-0.142,-0.162
12-Oct-2020,0.123,0.115,0.114,0.14,0.13,0.117,0.09,0.09,0.08,0.11,0.11,0.13,-0.52,-0.53,-0.55,-0.57,-0.57,-0.59,-0.064,-0.077,-0.096,-0.115,-0.138,-0.162
13-Oct-2020,0.126,0.121,0.12,0.134,0.124,0.113,0.09,0.09,0.08,0.11,0.11,0.13,-0.52,-0.53,-0.55,-0.58,-0.58,-0.59,-0.069,-0.079,-0.097,-0.113,-0.14,-0.162
14-Oct-2020,0.11,0.125,0.125,0.135,0.124,0.113,0.09,0.09,0.08,0.11,0.11,0.13,-0.53,-0.54,-0.55,-0.58,-0.58,-0.59,-0.078,-0.082,-0.097,-0.113,-0.139,-0.162
15-Oct-2020,0.131,0.13,0.13,0.136,0.124,0.114,0.09,0.09,0.08,0.11,0.11,0.12,-0.52,-0.54,-0.55,-0.58,-0.59,-0.6,-0.081,-0.087,-0.099,-0.115,-0.138,-0.161
16-Oct-2020,0.114,0.13,0.13,0.136,0.124,0.114,0.09,0.09,0.08,0.11,0.11,0.12,-0.53,-0.54,-0.55,-0.58,-0.59,-0.6,-0.083,-0.083,-0.099,-0.113,-0.138,-0.161
19-Oct-2020,0.113,0.116,0.117,0.112,0.102,0.093,0.09,0.09,0.08,0.11,0.11,0.12,-0.52,-0.53,-0.55,-0.58,-0.59,-0.6,-0.074,-0.082,-0.097,-0.112,-0.138,-0.16
20-Oct-2020,0.115,0.116,0.117,0.112,0.103,0.093,0.09,0.09,0.09,0.11,0.11,0.12,-0.52,-0.53,-0.55,-0.58,-0.59,-0.59,-0.075,-0.082,-0.097,-0.111,-0.136,-0.16
21-Oct-2020,0.11,0.106,0.107,0.103,0.096,0.09,0.09,0.09,0.09,0.11,0.11,0.12,-0.52,-0.53,-0.55,-0.58,-0.59,-0.59,-0.076,-0.085,-0.096,-0.111,-0.136,-0.16
22-Oct-2020,0.108,0.115,0.107,0.098,0.094,0.084,0.09,0.09,0.09,0.11,0.11,0.12,-0.51,-0.53,-0.55,-0.58,-0.59,-0.6,-0.09,-0.087,-0.097,-0.111,-0.136,-0.16
23-Oct-2020,0.121,0.115,0.107,0.098,0.094,0.084,0.09,0.09,0.09,0.11,0.11,0.12,-0.52,-0.53,-0.55,-0.58,-0.59,-0.6,-0.091,-0.084,-0.095,-0.111,-0.136,-0.16
26-Oct-2020,0.125,0.11,0.122,0.112,0.103,0.088,0.09,0.09,0.09,0.11,0.11,0.12,-0.52,-0.53,-0.55,-0.58,-0.59,-0.6,-0.078,-0.083,-0.095,-0.108,-0.135,-0.159
27-Oct-2020,0.11,0.097,0.111,0.103,0.094,0.083,0.09,0.09,0.09,0.11,0.11,0.12,-0.52,-0.53,-0.55,-0.58,-0.59,-0.6,-0.078,-0.087,-0.097,-0.111,-0.134,-0.158
28-Oct-2020,0.089,0.097,0.111,0.101,0.093,0.082,0.09,0.09,0.09,0.11,0.12,0.11,-0.52,-0.53,-0.55,-0.58,-0.6,-0.61,-0.084,-0.091,-0.098,-0.112,-0.134,-0.158
29-Oct-2020,0.123,0.097,0.111,0.101,0.091,0.079,0.09,0.09,0.09,0.11,0.12,0.11,-0.52,-0.53,-0.55,-0.59,-0.61,-0.62,-0.091,-0.094,-0.1,-0.111,-0.134,-0.158
30-Oct-2020,0.121,0.117,0.114,0.099,0.092,0.077,0.09,0.09,0.09,0.11,0.12,0.11,-0.52,-0.53,-0.55,-0.59,-0.61,-0.62,-0.093,-0.09,-0.1,-0.112,-0.135,-0.158
02-Nov-2020,0.121,0.116,0.113,0.1,0.092,0.078,0.09,0.09,0.09,0.11,0.12,0.11,-0.52,-0.53,-0.54,-0.58,-0.59,-0.6,-0.086,-0.09,-0.101,-0.111,-0.135,-0.159
03-Nov-2020,0.131,0.124,0.112,0.105,0.096,0.087,0.09,0.09,0.09,0.11,0.12,0.11,-0.52,-0.53,-0.54,-0.6,-0.6,-0.62,-0.086,-0.09,-0.101,-0.111,-0.135,-0.159
04-Nov-2020,0.124,0.125,0.125,0.112,0.102,0.088,0.09,0.09,0.09,0.11,0.12,0.11,-0.52,-0.53,-0.54,-0.6,-0.6,-0.61,-0.097,-0.096,-0.102,-0.113,-0.135,-0.159
05-Nov-2020,0.132,0.127,0.13,0.121,0.112,0.099,0.09,0.09,0.08,0.11,0.12,0.11,-0.52,-0.53,-0.54,-0.6,-0.6,-0.62,-0.094,-0.096,-0.102,-0.113,-0.135,-0.159
06-Nov-2020,0.132,0.125,0.12,0.112,0.105,0.095,0.09,0.09,0.08,0.11,0.11,0.11,-0.52,-0.53,-0.54,-0.59,-0.59,-0.61,-0.091,-0.092,-0.101,-0.112,-0.135,-0.158
09-Nov-2020,0.12,0.125,0.12,0.11,0.107,0.102,0.09,0.09,0.08,0.11,0.11,0.12,-0.51,-0.53,-0.54,-0.59,-0.59,-0.61,-0.091,-0.09,-0.1,-0.112,-0.133,-0.157
10-Nov-2020,0.121,0.125,0.12,0.114,0.111,0.106,0.09,0.09,0.08,0.11,0.11,0.12,-0.51,-0.53,-0.54,-0.59,-0.58,-0.6,-0.084,-0.09,-0.101,-0.112,-0.135,-0.157
11-Nov-2020,0.121,0.125,0.12,0.114,0.111,0.106,0.09,0.09,0.08,0.11,0.11,0.12,-0.51,-0.53,-0.54,-0.59,-0.59,-0.6,-0.083,-0.089,-0.1,-0.111,-0.132,-0.157
12-Nov-2020,0.121,0.125,0.12,0.112,0.105,0.098,0.09,0.09,0.08,0.11,0.11,0.12,-0.51,-0.53,-0.54,-0.59,-0.59,-0.6,-0.086,-0.089,-0.1,-0.111,-0.134,-0.157
13-Nov-2020,0.112,0.125,0.12,0.111,0.107,0.101,0.09,0.09,0.08,0.11,0.11,0.12,-0.51,-0.53,-0.54,-0.59,-0.59,-0.6,-0.088,-0.088,-0.1,-0.11,-0.134,-0.157
16-Nov-2020,0.112,0.124,0.132,0.138,0.137,0.131,0.09,0.09,0.08,0.11,0.11,0.12,-0.52,-0.53,-0.54,-0.59,-0.59,-0.6,-0.084,-0.088,-0.1,-0.109,-0.134,-0.158
17-Nov-2020,0.112,0.122,0.119,0.136,0.137,0.13,0.09,0.09,0.08,0.11,0.11,0.12,-0.52,-0.53,-0.54,-0.59,-0.59,-0.6,-0.093,-0.09,-0.1,-0.113,-0.135,-0.158
18-Nov-2020,0.081,0.1,0.119,0.122,0.126,0.13,0.09,0.09,0.08,0.1,0.11,0.12,-0.53,-0.53,-0.55,-0.59,-0.59,-0.6,-0.087,-0.089,-0.1,-0.113,-0.135,-0.157
19-Nov-2020,0.081,0.11,0.129,0.129,0.129,0.126,0.09,0.09,0.08,0.1,0.11,0.12,-0.53,-0.53,-0.55,-0.59,-0.59,-0.6,-0.1,-0.093,-0.101,-0.113,-0.135,-0.158
20-Nov-2020,0.07,0.11,0.121,0.13,0.127,0.124,0.09,0.09,0.08,0.1,0.11,0.12,-0.5,-0.53,-0.55,-0.59,-0.59,-0.61,-0.081,-0.087,-0.1,-0.111,-0.135,-0.158
23-Nov-2020,0.07,0.119,0.131,0.134,0.129,0.127,0.09,0.09,0.08,0.1,0.11,0.12,-0.51,-0.53,-0.55,-0.59,-0.59,-0.61,-0.081,-0.087,-0.1,-0.111,-0.135,-0.158
24-Nov-2020,0.108,0.119,0.124,0.126,0.129,0.128,0.08,0.08,0.08,0.1,0.11,0.12,-0.51,-0.53,-0.55,-0.59,-0.59,-0.61,-0.081,-0.085,-0.099,-0.111,-0.134,-0.157
25-Nov-2020,0.108,0.128,0.114,0.115,0.12,0.119,0.08,0.08,0.08,0.1,0.11,0.12,-0.5,-0.53,-0.55,-0.59,-0.59,-0.61,-0.079,-0.085,-0.099,-0.11,-0.133,-0.157
26-Nov-2020,0.108,0.128,0.114,0.115,0.12,0.119,0.08,0.08,0.08,0.1,0.11,0.12,-0.5,-0.53,-0.69,-0.59,-0.59,-0.61,-0.078,-0.085,-0.098,-0.109,-0.132,-0.155
27-Nov-2020,0.115,0.145,0.15,0.147,0.145,0.119,0.08,0.08,0.08,0.1,0.11,0.12,-0.52,-0.53,-0.69,-0.59,-0.59,-0.61,-0.079,-0.084,-0.097,-0.108,-0.131,-0.154
30-Nov-2020,0.112,0.121,0.119,0.125,0.146,0.121,0.08,0.08,0.08,0.1,0.11,0.12,-0.53,-0.53,-0.69,-0.59,-0.59,-0.61,-0.077,-0.082,-0.102,-0.109,-0.131,-0.155
01-Dec-2020,0.098,0.121,0.119,0.125,0.123,0.123,0.08,0.08,0.07,0.09,0.11,0.12,-0.53,-0.55,-0.67,-0.59,-0.59,-0.61,-0.076,-0.083,-0.102,-0.108,-0.131,-0.155
02-Dec-2020,0.105,0.117,0.128,0.128,0.125,0.123,0.06,0.06,0.04,0.09,0.11,0.12,-0.53,-0.55,-0.67,-0.59,-0.59,-0.61,-0.077,-0.082,-0.101,-0.107,-0.131,-0.155
03-Dec-2020,0.105,0.117,0.128,0.128,0.125,0.124,0.06,0.06,0.04,0.09,0.11,0.12,-0.58,-0.59,-0.71,-0.59,-0.59,-0.61,-0.076,-0.082,-0.1,-0.106,-0.13,-0.155
04-Dec-2020,0.12,0.122,0.128,0.128,0.124,0.125,0.06,0.06,0.04,0.09,0.11,0.12,-0.58,-0.59,-0.72,-0.59,-0.59,-0.62,-0.077,-0.081,-0.1,-0.107,-0.131,-0.154
07-Dec-2020,0.099,0.122,0.128,0.128,0.128,0.124,0.06,0.06,0.04,0.09,0.11,0.12,-0.58,-0.59,-0.72,-0.59,-0.59,-0.62,-0.077,-0.081,-0.1,-0.106,-0.13,-0.154
08-Dec-2020,0.093,0.119,0.128,0.129,0.128,0.127,0.06,0.06,0.04,0.09,0.11,0.12,-0.58,-0.59,-0.72,-0.59,-0.59,-0.62,-0.084,-0.087,-0.1,-0.106,-0.129,-0.154
09-Dec-2020,0.097,0.119,0.128,0.129,0.13,0.13,0.06,0.06,0.04,0.09,0.11,0.12,-0.58,-0.59,-0.91,-0.64,-0.62,-0.63,-0.084,-0.086,-0.101,-0.107,-0.128,-0.152
10-Dec-2020,0.099,0.125,0.122,0.128,0.13,0.129,0.06,0.06,0.04,0.09,0.11,0.12,-0.57,-0.58,-0.9,-0.63,-0.61,-0.63,-0.082,-0.086,-0.102,-0.107,-0.127,-0.152
11-Dec-2020,0.1,0.125,0.123,0.123,0.123,0.122,0.05,0.05,0.04,0.09,0.11,0.12,-0.57,-0.58,-0.84,-0.63,-0.62,-0.63,-0.081,-0.082,-0.1,-0.104,-0.127,-0.15
14-Dec-2020,0.1,0.125,0.123,0.126,0.126,0.124,0.05,0.05,0.04,0.08,0.09,0.1,-0.57,-0.58,-0.84,-0.63,-0.62,-0.64,-0.07,-0.083,-0.101,-0.106,-0.126,-0.151
15-Dec-2020,0.109,0.122,0.125,0.127,0.126,0.124,0.05,0.05,0.03,0.08,0.09,0.1,-0.57,-0.58,-0.84,-0.63,-0.62,-0.64,-0.071,-0.083,-0.101,-0.105,-0.125,-0.148
16-Dec-2020,0.1,0.123,0.128,0.125,0.124,0.124,0.05,0.05,0.03,0.08,0.09,0.11,-0.57,-0.58,-0.84,-0.63,-0.62,-0.63,-0.073,-0.081,-0.098,-0.104,-0.124,-0.148
17-Dec-2020,0.108,0.125,0.13,0.125,0.122,0.123,0.05,0.05,0.03,0.08,0.09,0.11,-0.57,-0.58,-0.86,-0.63,-0.63,-0.64,-0.073,-0.081,-0.098,-0.103,-0.124,-0.148
18-Dec-2020,0.107,0.126,0.145,0.14,0.138,0.135,0.05,0.05,0.03,0.08,0.09,0.11,-0.59,-0.6,-0.86,-0.65,-0.65,-0.64,-0.072,-0.08,-0.097,-0.102,-0.123,-0.148
21-Dec-2020,0.1,0.097,0.135,0.137,0.137,0.136,0.05,0.05,0.02,0.07,0.09,0.09,-0.59,-0.61,-0.86,-0.64,-0.64,-0.64,-0.073,-0.08,-0.097,-0.102,-0.123,-0.147
22-Dec-2020,0.1,0.085,0.12,0.137,0.138,0.137,0.02,0,0.02,0.07,0.09,0.09,-0.59,-1.84,-0.86,-0.64,-0.64,-0.64,-0.079,-0.083,-0.097,-0.102,-0.123,-0.146
23-Dec-2020,0.1,0.099,0.117,0.135,0.138,0.137,0.02,0,0.02,0.07,0.09,0.09,-0.59,-1.84,-0.86,-0.64,-0.64,-0.64,-0.084,-0.091,-0.097,-0.102,-0.123,-0.146
24-Dec-2020,0.1,0.096,0.112,0.131,0.136,0.136,0.02,-0.03,-0.02,0.06,0.07,0.09,-0.59,-1.84,-0.86,-0.64,-0.63,-0.63,-0.082,-0.091,-0.096,-0.102,-0.123,-0.146
25-Dec-2020,0.1,0.096,0.112,0.131,0.136,0.136,0.02,-0.03,-0.02,0.06,0.07,0.09,-0.59,-1.84,-0.86,-0.64,-0.63,-0.63,-0.082,-0.091,-0.096,-0.1,-0.12,-0.145
28-Dec-2020,0.124,0.119,0.125,0.125,0.126,0.128,0.02,-0.03,-0.02,0.06,0.07,0.09,-0.59,-1.84,-0.86,-0.64,-0.63,-0.63,-0.079,-0.088,-0.094,-0.1,-0.117,-0.146
29-Dec-2020,0.108,0.119,0.125,0.125,0.125,0.127,0.02,-0.03,-0.02,0.06,0.07,0.1,-0.59,-1.74,-0.86,-0.64,-0.63,-0.64,-0.074,-0.082,-0.094,-0.1,-0.116,-0.146
30-Dec-2020,0.108,0.119,0.125,0.122,0.125,0.127,0.02,0.01,0.01,0.06,0.07,0.1,-0.59,-0.58,-0.58,-0.58,-0.59,-0.62,-0.102,-0.081,-0.093,-0.099,-0.115,-0.144
31-Dec-2020,0.108,0.119,0.125,0.123,0.125,0.126,-0.24,0.01,0.01,0.06,0.07,0.1,-2.29,-0.58,-0.58,-0.58,-0.59,-0.62,-0.102,-0.081,-0.093,-0.099,-0.115,-0.144
01-Jan-2021,0.108,0.119,0.125,0.123,0.125,0.126,-0.24,0.01,0.01,0.06,0.07,0.1,-2.29,-0.58,-0.58,-0.58,-0.59,-0.62,-0.102,-0.081,-0.093,-0.099,-0.115,-0.144
04-Jan-2021,0.118,0.117,0.121,0.122,0.123,0.121,0.04,0.04,0.04,0.06,0.07,0.1,-0.57,-0.57,-0.57,-0.57,-0.58,-0.62,-0.075,-0.079,-0.093,-0.099,-0.117,-0.144
05-Jan-2021,0.129,0.122,0.124,0.122,0.122,0.121,0.04,0.04,0.07,0.07,0.07,0.09,-0.58,-0.58,-0.58,-0.58,-0.59,-0.62,-0.081,-0.079,-0.091,-0.099,-0.118,-0.143
06-Jan-2021,0.129,0.12,0.122,0.122,0.125,0.125,0.04,0.04,0.07,0.07,0.07,0.09,-0.58,-0.58,-0.58,-0.58,-0.59,-0.62,-0.074,-0.078,-0.092,-0.099,-0.118,-0.143
07-Jan-2021,0.12,0.129,0.126,0.123,0.124,0.126,0.04,0.04,0.06,0.07,0.07,0.07,-0.58,-0.58,-0.6,-0.6,-0.61,-0.63,-0.081,-0.08,-0.092,-0.099,-0.116,-0.143
08-Jan-2021,0.11,0.129,0.126,0.12,0.122,0.123,0.04,0.04,0.07,0.07,0.07,0.07,-0.58,-0.58,-0.6,-0.6,-0.61,-0.63,-0.082,-0.08,-0.091,-0.099,-0.116,-0.143
11-Jan-2021,0.105,0.115,0.115,0.121,0.122,0.123,0.08,0.08,0.08,0.08,0.08,0.08,-0.58,-0.58,-0.6,-0.6,-0.61,-0.63,-0.082,-0.08,-0.091,-0.099,-0.116,-0.143
12-Jan-2021,0.101,0.115,0.115,0.119,0.125,0.127,0.08,0.08,0.08,0.08,0.08,0.08,-0.59,-0.59,-0.6,-0.6,-0.61,-0.63,-0.077,-0.08,-0.092,-0.1,-0.113,-0.143
13-Jan-2021,0.1,0.115,0.117,0.12,0.126,0.124,0.08,0.08,0.08,0.08,0.08,0.09,-0.58,-0.58,-0.58,-0.59,-0.6,-0.62,-0.079,-0.08,-0.091,-0.1,-0.114,-0.143
14-Jan-2021,0.09,0.11,0.117,0.12,0.126,0.124,0.08,0.08,0.08,0.08,0.08,0.09,-0.58,-0.58,-0.58,-0.59,-0.6,-0.62,-0.074,-0.08,-0.092,-0.099,-0.114,-0.143
15-Jan-2021,0.091,0.095,0.113,0.115,0.115,0.118,0.08,0.08,0.08,0.08,0.08,0.09,-0.59,-0.59,-0.59,-0.6,-0.61,-0.63,-0.096,-0.082,-0.092,-0.099,-0.114,-0.143
18-Jan-2021,0.091,0.095,0.113,0.115,0.115,0.118,0.08,0.08,0.08,0.08,0.08,0.09,-0.58,-0.58,-0.59,-0.6,-0.61,-0.63,-0.082,-0.082,-0.093,-0.099,-0.113,-0.141
19-Jan-2021,0.087,0.092,0.116,0.116,0.115,0.118,0.08,0.08,0.08,0.08,0.08,0.09,-0.58,-0.58,-0.6,-0.61,-0.61,-0.63,-0.083,-0.083,-0.093,-0.099,-0.111,-0.141
20-Jan-2021,0.08,0.1,0.116,0.116,0.114,0.116,0.08,0.08,0.08,0.08,0.08,0.09,-0.58,-0.58,-0.6,-0.61,-0.61,-0.63,-0.079,-0.082,-0.093,-0.099,-0.111,-0.141
21-Jan-2021,0.047,0.086,0.101,0.103,0.103,0.105,0.08,0.08,0.08,0.08,0.08,0.09,-0.59,-0.59,-0.6,-0.61,-0.61,-0.63,-0.079,-0.082,-0.093,-0.099,-0.111,-0.141
22-Jan-2021,0.07,0.085,0.101,0.101,0.101,0.103,0.08,0.08,0.07,0.07,0.07,0.07,-0.59,-0.59,-0.6,-0.61,-0.61,-0.62,-0.086,-0.082,-0.093,-0.099,-0.111,-0.141
25-Jan-2021,0.07,0.09,0.098,0.1,0.1,0.102,0.08,0.08,0.07,0.07,0.07,0.07,-0.59,-0.59,-0.6,-0.6,-0.61,-0.61,-0.078,-0.081,-0.093,-0.099,-0.111,-0.141
26-Jan-2021,0.037,0.102,0.105,0.106,0.105,0.104,0.08,0.08,0.07,0.07,0.07,0.07,-0.58,-0.59,-0.6,-0.6,-0.61,-0.58,-0.079,-0.083,-0.093,-0.098,-0.11,-0.141
27-Jan-2021,0.045,0.107,0.11,0.11,0.103,0.105,0.08,0.08,0.07,0.07,0.07,0.07,-0.58,-0.59,-0.6,-0.6,-0.61,-0.61,-0.081,-0.084,-0.093,-0.098,-0.109,-0.141
28-Jan-2021,0.08,0.098,0.11,0.11,0.103,0.106,0.08,0.08,0.07,0.07,0.07,0.07,-0.58,-0.59,-0.6,-0.61,-0.62,-0.64,-0.082,-0.088,-0.094,-0.099,-0.109,-0.141
29-Jan-2021,0.078,0.087,0.099,0.105,0.101,0.105,0.08,0.08,0.07,0.07,0.07,0.07,-0.59,-0.59,-0.6,-0.61,-0.61,-0.63,-0.086,-0.084,-0.094,-0.1,-0.109,-0.14
01-Feb-2021,0.103,0.088,0.1,0.104,0.1,0.106,0.08,0.08,0.07,0.07,0.07,0.07,-0.58,-0.59,-0.6,-0.61,-0.61,-0.63,-0.082,-0.086,-0.094,-0.099,-0.109,-0.139
02-Feb-2021,0.095,0.098,0.108,0.108,0.107,0.108,0.08,0.08,0.07,0.07,0.08,0.08,-0.58,-0.59,-0.6,-0.61,-0.61,-0.63,-0.082,-0.085,-0.094,-0.1,-0.109,-0.138
03-Feb-2021,0.096,0.096,0.106,0.107,0.106,0.108,0.08,0.08,0.07,0.07,0.08,0.08,-0.58,-0.59,-0.6,-0.61,-0.61,-0.63,-0.081,-0.085,-0.094,-0.099,-0.109,-0.138
04-Feb-2021,0.062,0.09,0.1,0.105,0.103,0.105,0.08,0.08,0.07,0.07,0.08,0.08,-0.57,-0.58,-0.59,-0.61,-0.61,-0.63,-0.081,-0.085,-0.094,-0.101,-0.11,-0.138
05-Feb-2021,0.041,0.086,0.096,0.105,0.106,0.108,0.08,0.08,0.07,0.07,0.08,0.08,-0.55,-0.57,-0.59,-0.6,-0.61,-0.62,-0.08,-0.085,-0.094,-0.101,-0.111,-0.138
08-Feb-2021,0.044,0.093,0.103,0.109,0.109,0.111,0.08,0.08,0.07,0.08,0.08,0.1,-0.55,-0.57,-0.59,-0.6,-0.61,-0.62,-0.081,-0.085,-0.093,-0.1,-0.11,-0.139
09-Feb-2021,0.044,0.097,0.107,0.111,0.11,0.111,0.08,0.08,0.07,0.08,0.08,0.1,-0.56,-0.57,-0.59,-0.6,-0.61,-0.62,-0.081,-0.086,-0.094,-0.099,-0.109,-0.138
10-Feb-2021,0.101,0.093,0.103,0.109,0.109,0.11,0.08,0.08,0.07,0.08,0.08,0.1,-0.56,-0.57,-0.59,-0.6,-0.61,-0.62,-0.081,-0.088,-0.095,-0.1,-0.11,-0.138
11-Feb-2021,0.08,0.092,0.102,0.11,0.11,0.112,0.08,0.08,0.07,0.08,0.08,0.1,-0.56,-0.57,-0.59,-0.6,-0.61,-0.62,-0.081,-0.088,-0.095,-0.1,-0.11,-0.138
12-Feb-2021,0.07,0.092,0.102,0.112,0.111,0.113,0.08,0.08,0.07,0.08,0.08,0.1,-0.55,-0.57,-0.59,-0.6,-0.61,-0.62,-0.081,-0.087,-0.095,-0.1,-0.112,-0.138
15-Feb-2021,0.07,0.092,0.102,0.112,0.111,0.113,0.08,0.08,0.07,0.08,0.08,0.1,-0.55,-0.57,-0.59,-0.6,-0.61,-0.62,-0.078,-0.087,-0.096,-0.1,-0.112,-0.138
16-Feb-2021,0.094,0.091,0.101,0.111,0.112,0.115,0.08,0.08,0.07,0.08,0.08,0.1,-0.55,-0.57,-0.59,-0.6,-0.61,-0.62,-0.085,-0.089,-0.096,-0.101,-0.112,-0.138
17-Feb-2021,0.085,0.094,0.103,0.111,0.112,0.117,0.08,0.08,0.07,0.08,0.08,0.1,-0.55,-0.57,-0.59,-0.6,-0.61,-0.62,-0.088,-0.093,-0.098,-0.103,-0.112,-0.138
18-Feb-2021,0.053,0.08,0.102,0.112,0.113,0.117,0.08,0.08,0.07,0.08,0.08,0.1,-0.56,-0.57,-0.59,-0.6,-0.61,-0.62,-0.092,-0.093,-0.099,-0.103,-0.112,-0.138
19-Feb-2021,0.042,0.076,0.098,0.112,0.116,0.121,0.08,0.08,0.07,0.08,0.08,0.1,-0.56,-0.57,-0.59,-0.6,-0.61,-0.62,-0.087,-0.09,-0.099,-0.103,-0.112,-0.138
22-Feb-2021,0.05,0.073,0.107,0.112,0.118,0.122,0.08,0.08,0.07,0.08,0.08,0.1,-0.56,-0.57,-0.59,-0.6,-0.61,-0.62,-0.084,-0.091,-0.099,-0.102,-0.112,-0.139
23-Feb-2021,0.034,0.08,0.096,0.103,0.109,0.116,0.08,0.08,0.07,0.08,0.08,0.1,-0.56,-0.57,-0.59,-0.6,-0.61,-0.62,-0.084,-0.091,-0.099,-0.102,-0.112,-0.139
24-Feb-2021,0.034,0.08,0.082,0.105,0.111,0.113,0.08,0.08,0.07,0.08,0.08,0.1,-0.56,-0.57,-0.59,-0.6,-0.61,-0.62,-0.084,-0.09,-0.099,-0.102,-0.111,-0.139
25-Feb-2021,0.034,0.08,0.082,0.108,0.115,0.119,0.08,0.08,0.07,0.07,0.09,0.11,-0.58,-0.59,-0.59,-0.6,-0.61,-0.62,-0.087,-0.093,-0.098,-0.102,-0.112,-0.138
26-Feb-2021,0.034,0.08,0.082,0.106,0.112,0.117,0.04,0.08,0.07,0.07,0.09,0.11,-0.58,-0.59,-0.6,-0.61,-0.61,-0.62,-0.088,-0.093,-0.101,-0.104,-0.112,-0.138
01-Mar-2021,0.032,0.08,0.082,0.106,0.111,0.116,0.08,0.08,0.07,0.07,0.09,0.11,-0.58,-0.59,-0.6,-0.61,-0.61,-0.63,-0.084,-0.093,-0.104,-0.105,-0.112,-0.137
02-Mar-2021,0.06,0.08,0.085,0.109,0.113,0.115,0.08,0.08,0.07,0.07,0.09,0.11,-0.58,-0.63,-0.63,-0.63,-0.63,-0.63,-0.083,-0.092,-0.103,-0.105,-0.112,-0.137
03-Mar-2021,0.063,0.08,0.083,0.105,0.108,0.111,0.08,0.08,0.07,0.07,0.09,0.11,-0.64,-0.63,-0.63,-0.63,-0.63,-0.63,-0.083,-0.089,-0.104,-0.106,-0.112,-0.137
04-Mar-2021,0.04,0.08,0.084,0.106,0.109,0.111,0.08,0.08,0.07,0.07,0.09,0.12,-0.62,-0.62,-0.62,-0.62,-0.63,-0.63,-0.08,-0.086,-0.104,-0.107,-0.113,-0.137
05-Mar-2021,0.04,0.04,0.082,0.105,0.107,0.109,0.08,0.08,0.07,0.07,0.09,0.13,-0.6,-0.6,-0.62,-0.62,-0.63,-0.63,-0.076,-0.083,-0.104,-0.107,-0.113,-0.137
08-Mar-2021,0.04,0.05,0.083,0.102,0.105,0.109,0.08,0.08,0.07,0.07,0.09,0.13,-0.58,-0.59,-0.62,-0.62,-0.63,-0.63,-0.069,-0.079,-0.103,-0.105,-0.112,-0.138
09-Mar-2021,0.04,0.05,0.083,0.104,0.107,0.109,0.08,0.08,0.07,0.07,0.09,0.13,-0.57,-0.59,-0.62,-0.62,-0.63,-0.63,-0.066,-0.075,-0.103,-0.105,-0.112,-0.138
10-Mar-2021,0.049,0.05,0.083,0.104,0.107,0.112,0.08,0.08,0.07,0.08,0.11,0.12,-0.58,-0.59,-0.62,-0.62,-0.63,-0.63,-0.063,-0.074,-0.101,-0.105,-0.112,-0.138
11-Mar-2021,0.02,0.05,0.083,0.104,0.106,0.112,0.08,0.08,0.07,0.08,0.11,0.12,-0.58,-0.59,-0.62,-0.62,-0.63,-0.63,-0.064,-0.082,-0.103,-0.104,-0.112,-0.138
12-Mar-2021,0.01,0.05,0.083,0.104,0.106,0.11,0.08,0.08,0.07,0.08,0.11,0.12,-0.57,-0.59,-0.62,-0.62,-0.63,-0.63,-0.056,-0.074,-0.103,-0.104,-0.112,-0.138
15-Mar-2021,0.03,0.05,0.083,0.101,0.105,0.109,0.08,0.08,0.08,0.08,0.11,0.12,-0.58,-0.59,-0.63,-0.62,-0.63,-0.63,-0.067,-0.086,-0.104,-0.106,-0.111,-0.137
16-Mar-2021,0.03,0.073,0.102,0.108,0.11,0.113,0.08,0.08,0.08,0.08,0.11,0.12,-0.58,-0.59,-0.63,-0.62,-0.63,-0.63,-0.081,-0.087,-0.104,-0.106,-0.112,-0.137
17-Mar-2021,0.01,0.067,0.095,0.101,0.104,0.106,0.08,0.08,0.08,0.08,0.11,0.12,-0.58,-0.59,-0.63,-0.64,-0.64,-0.64,-0.081,-0.087,-0.104,-0.106,-0.112,-0.137
18-Mar-2021,0.01,0.066,0.095,0.099,0.103,0.109,0.08,0.08,0.08,0.08,0.1,0.12,-0.58,-0.59,-0.65,-0.64,-0.64,-0.64,-0.078,-0.086,-0.104,-0.106,-0.113,-0.138
19-Mar-2021,0.005,0.066,0.095,0.097,0.099,0.104,0.08,0.08,0.08,0.08,0.1,0.12,-0.58,-0.59,-0.65,-0.64,-0.64,-0.64,-0.077,-0.086,-0.104,-0.106,-0.113,-0.138
22-Mar-2021,0.01,0.066,0.095,0.097,0.1,0.107,0.08,0.08,0.08,0.08,0.1,0.12,-0.58,-0.71,-0.65,-0.64,-0.64,-0.64,-0.076,-0.088,-0.103,-0.105,-0.116,-0.139
23-Mar-2021,0.01,0.064,0.073,0.086,0.09,0.097,0.08,0.08,0.06,0.08,0.1,0.12,-0.58,-0.7,-0.65,-0.64,-0.64,-0.64,-0.086,-0.092,-0.106,-0.107,-0.117,-0.139
24-Mar-2021,0.01,0.063,0.072,0.077,0.082,0.087,0.08,0.08,0.06,0.08,0.1,0.12,-0.58,-0.7,-0.64,-0.64,-0.64,-0.64,-0.092,-0.106,-0.108,-0.108,-0.117,-0.139
25-Mar-2021,0.01,0.073,0.076,0.077,0.081,0.085,0.08,0.08,0.06,0.08,0.1,0.12,-0.58,-0.69,-0.64,-0.64,-0.64,-0.64,-0.094,-0.109,-0.108,-0.11,-0.118,-0.139
26-Mar-2021,0.01,0.069,0.072,0.076,0.074,0.075,0.08,0.08,0.05,0.06,0.09,0.12,-0.59,-0.69,-0.64,-0.64,-0.64,-0.64,-0.091,-0.111,-0.109,-0.11,-0.117,-0.139
29-Mar-2021,0.038,0.069,0.07,0.085,0.083,0.078,0.08,0.08,0.05,0.06,0.09,0.12,-0.59,-0.65,-0.64,-0.64,-0.64,-0.64,-0.085,-0.105,-0.107,-0.108,-0.117,-0.138
30-Mar-2021,0.038,0.068,0.074,0.076,0.078,0.08,0.08,0.08,0.05,0.06,0.09,0.12,-0.59,-0.64,-0.63,-0.63,-0.63,-0.64,-0.086,-0.103,-0.103,-0.107,-0.116,-0.138
31-Mar-2021,0.038,0.068,0.074,0.072,0.073,0.079,0.04,0.08,0.06,0.06,0.09,0.12,-0.59,-0.61,-0.63,-0.63,-0.63,-0.64,-0.177,-0.094,-0.102,-0.106,-0.116,-0.138
01-Apr-2021,0.028,0.067,0.073,0.073,0.074,0.08,0.06,0.08,0.05,0.06,0.09,0.12,-0.59,-0.61,-0.63,-0.63,-0.64,-0.64,-0.088,-0.091,-0.102,-0.104,-0.117,-0.138
02-Apr-2021,0.028,0.067,0.073,0.073,0.075,0.084,0.06,0.08,0.05,0.06,0.09,0.12,-0.59,-0.61,-0.63,-0.63,-0.64,-0.64,-0.081,-0.084,-0.097,-0.103,-0.117,-0.138
05-Apr-2021,0.04,0.06,0.076,0.074,0.073,0.08,0.06,0.08,0.05,0.06,0.09,0.12,-0.59,-0.61,-0.63,-0.63,-0.64,-0.64,-0.063,-0.078,-0.095,-0.099,-0.116,-0.136
06-Apr-2021,0.02,0.05,0.076,0.074,0.073,0.078,0.06,0.08,0.08,0.08,0.09,0.12,-0.59,-0.61,-0.63,-0.63,-0.64,-0.64,-0.074,-0.083,-0.095,-0.101,-0.116,-0.136
07-Apr-2021,0.02,0.053,0.075,0.079,0.077,0.083,0.06,0.08,0.08,0.08,0.09,0.12,-0.59,-0.61,-0.63,-0.63,-0.64,-0.64,-0.074,-0.082,-0.094,-0.099,-0.115,-0.136
08-Apr-2021,0.014,0.053,0.043,0.064,0.063,0.062,0.06,0.08,0.08,0.08,0.09,0.12,-0.59,-0.61,-0.63,-0.63,-0.64,-0.64,-0.077,-0.081,-0.096,-0.1,-0.114,-0.136
09-Apr-2021,0.007,0.056,0.059,0.064,0.068,0.071,0.06,0.08,0.08,0.08,0.09,0.12,-0.58,-0.61,-0.63,-0.63,-0.64,-0.64,-0.078,-0.08,-0.094,-0.099,-0.114,-0.136
12-Apr-2021,0.002,0.055,0.062,0.067,0.067,0.072,0.06,0.08,0.08,0.08,0.09,0.12,-0.58,-0.6,-0.63,-0.63,-0.64,-0.64,-0.081,-0.086,-0.096,-0.099,-0.114,-0.136
13-Apr-2021,0.005,0.051,0.04,0.066,0.069,0.073,0.06,0.08,0.08,0.08,0.09,0.12,-0.59,-0.6,-0.63,-0.63,-0.64,-0.64,-0.099,-0.095,-0.098,-0.101,-0.115,-0.136
14-Apr-2021,-0.006,0.051,0.043,0.067,0.069,0.073,0.06,0.08,0.08,0.08,0.09,0.12,-0.59,-0.6,-0.63,-0.63,-0.64,-0.64,-0.086,-0.091,-0.098,-0.101,-0.115,-0.136
15-Apr-2021,0.01,-0.006,0.037,0.073,0.076,0.078,0.06,0.08,0.08,0.08,0.09,0.12,-0.58,-0.6,-0.62,-0.63,-0.64,-0.64,-0.082,-0.09,-0.097,-0.101,-0.114,-0.136
16-Apr-2021,0.01,0.001,0.035,0.073,0.077,0.082,0.06,0.08,0.08,0.08,0.09,0.12,-0.58,-0.6,-0.62,-0.63,-0.64,-0.64,-0.098,-0.093,-0.102,-0.104,-0.115,-0.136
19-Apr-2021,0.008,0.001,0.038,0.073,0.077,0.083,0.06,0.08,0.08,0.08,0.09,0.11,-0.58,-0.6,-0.62,-0.63,-0.64,-0.64,-0.089,-0.097,-0.103,-0.106,-0.114,-0.136
20-Apr-2021,0.008,0.041,0.068,0.075,0.079,0.082,0.06,0.08,0.08,0.08,0.09,0.11,-0.58,-0.6,-0.62,-0.63,-0.64,-0.64,-0.092,-0.106,-0.11,-0.111,-0.117,-0.137
21-Apr-2021,0.002,0.03,0.068,0.073,0.079,0.081,0.06,0.08,0.08,0.08,0.09,0.11,-0.58,-0.6,-0.62,-0.63,-0.64,-0.64,-0.095,-0.113,-0.114,-0.114,-0.119,-0.138
22-Apr-2021,0.008,0.037,0.035,0.074,0.078,0.081,0.06,0.08,0.08,0.08,0.09,0.11,-0.58,-0.6,-0.62,-0.63,-0.64,-0.64,-0.095,-0.11,-0.113,-0.112,-0.119,-0.138
23-Apr-2021,0.02,0.037,0.035,0.074,0.078,0.083,0.06,0.08,0.08,0.08,0.09,0.11,-0.57,-0.6,-0.62,-0.63,-0.64,-0.64,-0.094,-0.104,-0.107,-0.107,-0.117,-0.137
26-Apr-2021,0.02,0.06,0.068,0.07,0.089,0.092,0.06,0.08,0.08,0.08,0.09,0.11,-0.58,-0.6,-0.61,-0.63,-0.64,-0.64,-0.099,-0.109,-0.108,-0.108,-0.117,-0.136
27-Apr-2021,0.02,0.06,0.067,0.065,0.089,0.094,0.06,0.08,0.08,0.08,0.09,0.11,-0.57,-0.59,-0.61,-0.63,-0.64,-0.64,-0.092,-0.108,-0.107,-0.108,-0.117,-0.136
28-Apr-2021,0.01,0.043,0.026,0.031,0.082,0.088,0.06,0.08,0.08,0.08,0.09,0.11,-0.57,-0.59,-0.61,-0.63,-0.64,-0.64,-0.095,-0.105,-0.106,-0.109,-0.116,-0.136
29-Apr-2021,0.5,0.045,0.025,0.032,0.085,0.091,0.06,0.08,0.08,0.08,0.09,0.11,-0.57,-0.59,-0.61,-0.63,-0.64,-0.64,-0.095,-0.105,-0.106,-0.109,-0.116,-0.136
30-Apr-2021,0.009,0.05,0.03,0.035,0.087,0.092,0.06,0.08,0.08,0.08,0.09,0.11,-0.58,-0.6,-0.61,-0.63,-0.64,-0.65,-0.096,-0.101,-0.104,-0.108,-0.116,-0.136
03-May-2021,0.02,0.05,0.03,0.038,0.087,0.092,0.06,0.08,0.08,0.08,0.09,0.11,-0.58,-0.6,-0.61,-0.63,-0.64,-0.65,-0.096,-0.101,-0.104,-0.108,-0.116,-0.136
04-May-2021,0.01,0.023,0.037,0.048,0.052,0.056,0.06,0.08,0.08,0.08,0.09,0.11,-0.58,-0.6,-0.61,-0.63,-0.64,-0.65,-0.096,-0.101,-0.104,-0.108,-0.116,-0.136
05-May-2021,0.01,0.017,0.031,0.042,0.046,0.051,0.06,0.08,0.08,0.08,0.09,0.12,-0.58,-0.6,-0.61,-0.63,-0.64,-0.65,-0.096,-0.101,-0.104,-0.108,-0.116,-0.136
06-May-2021,0.013,0.023,0.031,0.042,0.046,0.051,0.06,0.08,0.08,0.08,0.09,0.12,-0.58,-0.6,-0.61,-0.63,-0.64,-0.65,-0.087,-0.093,-0.102,-0.107,-0.116,-0.137
07-May-2021,0.01,0.025,0.039,0.043,0.044,0.047,0.06,0.08,0.08,0.08,0.09,0.12,-0.59,-0.6,-0.61,-0.63,-0.64,-0.65,-0.081,-0.088,-0.098,-0.105,-0.116,-0.137
10-May-2021,0.01,0.031,0.037,0.041,0.043,0.047,0.06,0.08,0.08,0.08,0.09,0.12,-0.59,-0.6,-0.61,-0.63,-0.64,-0.65,-0.083,-0.088,-0.098,-0.104,-0.115,-0.136
11-May-2021,0.01,0.03,0.039,0.043,0.044,0.048,0.06,0.08,0.08,0.08,0.09,0.12,-0.59,-0.6,-0.61,-0.63,-0.64,-0.65,-0.086,-0.09,-0.099,-0.104,-0.115,-0.136
12-May-2021,0.01,0.03,0.029,0.043,0.044,0.048,0.06,0.08,0.08,0.08,0.09,0.12,-0.59,-0.6,-0.61,-0.63,-0.64,-0.65,-0.082,-0.09,-0.099,-0.104,-0.115,-0.136
13-May-2021,-0.01,0.03,0.039,0.04,0.04,0.044,0.06,0.08,0.07,0.08,0.09,0.12,-0.59,-0.6,-0.61,-0.63,-0.64,-0.65,-0.082,-0.09,-0.099,-0.104,-0.115,-0.136
14-May-2021,-0.005,0.03,0.039,0.04,0.04,0.044,0.06,0.08,0.07,0.08,0.1,0.12,-0.59,-0.6,-0.61,-0.63,-0.64,-0.65,-0.082,-0.089,-0.098,-0.102,-0.115,-0.136
17-May-2021,0.01,0.03,0.038,0.041,0.04,0.044,0.06,0.08,0.07,0.08,0.1,0.12,-0.59,-0.6,-0.61,-0.63,-0.64,-0.65,-0.084,-0.091,-0.1,-0.103,-0.116,-0.137
18-May-2021,0.003,0.023,0.034,0.039,0.04,0.044,0.06,0.08,0.07,0.08,0.1,0.12,-0.59,-0.6,-0.61,-0.63,-0.64,-0.65,-0.087,-0.092,-0.1,-0.103,-0.116,-0.136
19-May-2021,0.005,0.046,0.032,0.044,0.044,0.049,0.06,0.08,0.07,0.08,0.1,0.12,-0.57,-0.6,-0.61,-0.63,-0.64,-0.65,-0.096,-0.093,-0.1,-0.104,-0.115,-0.136
20-May-2021,0.005,0.043,0.045,0.043,0.042,0.044,0.06,0.08,0.07,0.08,0.1,0.12,-0.57,-0.6,-0.62,-0.63,-0.64,-0.65,-0.088,-0.093,-0.1,-0.104,-0.115,-0.136
21-May-2021,0.005,0.043,0.045,0.042,0.043,0.046,0.06,0.08,0.07,0.08,0.1,0.12,-0.57,-0.6,-0.62,-0.63,-0.64,-0.65,-0.085,-0.091,-0.1,-0.103,-0.114,-0.136
24-May-2021,0.005,0.042,0.043,0.044,0.043,0.046,0.06,0.08,0.07,0.08,0.1,0.12,-0.57,-0.6,-0.62,-0.63,-0.64,-0.65,-0.092,-0.098,-0.1,-0.106,-0.114,-0.136
25-May-2021,0.005,0.041,0.045,0.044,0.042,0.044,0.06,0.08,0.07,0.08,0.1,0.12,-0.57,-0.6,-0.62,-0.63,-0.64,-0.65,-0.092,-0.099,-0.101,-0.107,-0.114,-0.136
26-May-2021,0.0025,0.015,0.016,0.043,0.04,0.042,0.06,0.08,0.07,0.08,0.1,0.12,-0.57,-0.6,-0.62,-0.63,-0.63,-0.65,-0.101,-0.106,-0.106,-0.11,-0.117,-0.136
27-May-2021,0.5,0.05,0.053,0.05,0.048,0.047,0.06,0.08,0.07,0.08,0.1,0.12,-0.57,-0.6,-0.62,-0.63,-0.63,-0.65,-0.103,-0.105,-0.105,-0.109,-0.115,-0.136
28-May-2021,0.5,0.05,0.054,0.049,0.048,0.048,0.06,0.08,0.07,0.08,0.1,0.12,-0.57,-0.6,-0.62,-0.63,-0.63,-0.65,-0.093,-0.102,-0.104,-0.109,-0.116,-0.136
31-May-2021,0.5,0.05,0.054,0.049,0.048,0.048,0.06,0.08,0.07,0.08,0.1,0.12,-0.57,-0.6,-0.62,-0.63,-0.63,-0.65,-0.093,-0.101,-0.104,-0.109,-0.116,-0.136
01-Jun-2021,0.5,0.054,0.056,0.057,0.055,0.054,0.06,0.08,0.07,0.08,0.1,0.12,-0.57,-0.6,-0.62,-0.63,-0.63,-0.65,-0.09,-0.096,-0.103,-0.108,-0.115,-0.136
02-Jun-2021,0.5,0.044,0.046,0.045,0.045,0.047,0.06,0.08,0.07,0.08,0.1,0.12,-0.57,-0.6,-0.62,-0.63,-0.63,-0.65,-0.081,-0.088,-0.1,-0.107,-0.116,-0.136
03-Jun-2021,0.01,0.044,0.046,0.045,0.045,0.047,0.06,0.08,0.07,0.08,0.1,0.12,-0.59,-0.61,-0.62,-0.63,-0.63,-0.64,-0.083,-0.087,-0.098,-0.105,-0.115,-0.136
04-Jun-2021,0.01,0.035,0.049,0.048,0.045,0.046,0.06,0.08,0.07,0.08,0.1,0.12,-0.59,-0.61,-0.62,-0.63,-0.63,-0.64,-0.076,-0.082,-0.093,-0.103,-0.116,-0.135
07-Jun-2021,0.01,0.05,0.047,0.047,0.048,0.047,0.06,0.08,0.07,0.08,0.1,0.12,-0.58,-0.61,-0.62,-0.63,-0.64,-0.63,-0.069,-0.077,-0.093,-0.102,-0.115,-0.134
08-Jun-2021,0.01,0.045,0.048,0.048,0.048,0.048,0.06,0.08,0.07,0.08,0.1,0.12,-0.58,-0.61,-0.63,-0.63,-0.64,-0.63,-0.064,-0.075,-0.092,-0.102,-0.114,-0.133
09-Jun-2021,0.01,0.045,0.048,0.045,0.044,0.044,0.08,0.08,0.09,0.1,0.11,0.12,-0.58,-0.61,-0.63,-0.63,-0.64,-0.63,-0.063,-0.068,-0.091,-0.101,-0.114,-0.133
10-Jun-2021,0.01,0.045,0.048,0.046,0.046,0.046,0.08,0.08,0.09,0.1,0.11,0.12,-0.58,-0.61,-0.64,-0.63,-0.64,-0.63,-0.064,-0.075,-0.093,-0.101,-0.113,-0.133
11-Jun-2021,0.01,0.046,0.044,0.046,0.046,0.046,0.07,0.08,0.09,0.1,0.11,0.12,-0.57,-0.59,-0.63,-0.64,-0.64,-0.64,-0.071,-0.076,-0.093,-0.102,-0.114,-0.133
14-Jun-2021,0.01,0.056,0.058,0.054,0.054,0.052,0.08,0.08,0.09,0.1,0.11,0.12,-0.56,-0.59,-0.63,-0.64,-0.64,-0.63,-0.071,-0.083,-0.097,-0.103,-0.115,-0.132
15-Jun-2021,0.01,0.039,0.055,0.053,0.053,0.053,0.08,0.08,0.09,0.1,0.11,0.12,-0.57,-0.59,-0.63,-0.64,-0.64,-0.63,-0.076,-0.086,-0.098,-0.103,-0.114,-0.132
16-Jun-2021,0.01,0.073,0.07,0.066,0.065,0.064,0.08,0.08,0.09,0.1,0.11,0.12,-0.57,-0.59,-0.63,-0.64,-0.64,-0.63,-0.081,-0.085,-0.097,-0.102,-0.114,-0.132
17-Jun-2021,0.044,0.045,0.068,0.063,0.063,0.066,0.08,0.08,0.09,0.1,0.11,0.12,-0.57,-0.59,-0.63,-0.64,-0.63,-0.64,-0.082,-0.086,-0.095,-0.101,-0.114,-0.131
18-Jun-2021,0.04,0.063,0.07,0.063,0.075,0.069,0.08,0.08,0.09,0.1,0.11,0.12,-0.56,-0.59,-0.63,-0.64,-0.63,-0.64,-0.081,-0.085,-0.096,-0.101,-0.114,-0.131
21-Jun-2021,0.039,0.06,0.073,0.073,0.073,0.073,0.08,0.08,0.09,0.1,0.11,0.14,-0.55,-0.65,-0.62,-0.64,-0.63,-0.64,-0.083,-0.085,-0.095,-0.101,-0.113,-0.131
22-Jun-2021,0.039,0.035,0.073,0.068,0.067,0.067,0.08,0.08,0.09,0.09,0.11,0.14,-0.57,-0.65,-0.62,-0.64,-0.63,-0.64,-0.084,-0.086,-0.095,-0.102,-0.113,-0.131
23-Jun-2021,0.04,0.045,0.044,0.053,0.067,0.069,0.08,0.08,0.09,0.09,0.11,0.14,-0.57,-0.63,-0.62,-0.64,-0.64,-0.65,-0.083,-0.088,-0.095,-0.101,-0.113,-0.131
24-Jun-2021,0.04,0.045,0.05,0.06,0.067,0.071,0.08,0.08,0.09,0.1,0.11,0.14,-0.58,-0.63,-0.62,-0.64,-0.64,-0.65,-0.081,-0.088,-0.095,-0.101,-0.112,-0.13
25-Jun-2021,0.06,0.041,0.055,0.058,0.066,0.068,0.08,0.08,0.09,0.1,0.11,0.14,-0.59,-0.63,-0.62,-0.64,-0.64,-0.65,-0.084,-0.089,-0.095,-0.101,-0.113,-0.129
28-Jun-2021,0.049,0.065,0.066,0.067,0.066,0.069,0.08,0.08,0.08,0.09,0.11,0.13,-0.65,-0.62,-0.61,-0.64,-0.64,-0.65,-0.083,-0.088,-0.095,-0.101,-0.114,-0.129
29-Jun-2021,0.037,0.045,0.066,0.067,0.066,0.068,0.08,0.08,0.08,0.09,0.11,0.13,-0.65,-0.62,-0.61,-0.64,-0.64,-0.65,-0.082,-0.089,-0.095,-0.1,-0.113,-0.129
30-Jun-2021,0.056,0.061,0.061,0.061,0.063,0.065,-0.03,0.08,0.08,0.09,0.11,0.13,-0.65,-0.62,-0.61,-0.64,-0.64,-0.65,-0.089,-0.085,-0.095,-0.1,-0.113,-0.129
01-Jul-2021,0.063,0.04,0.061,0.06,0.063,0.066,-0.03,0.08,0.08,0.09,0.11,0.13,-0.61,-0.61,-0.61,-0.64,-0.64,-0.65,-0.082,-0.082,-0.093,-0.099,-0.114,-0.129
02-Jul-2021,0.067,0.055,0.061,0.06,0.063,0.063,0.08,0.09,0.08,0.09,0.1,0.12,-0.61,-0.61,-0.61,-0.64,-0.64,-0.65,-0.077,-0.08,-0.093,-0.1,-0.113,-0.129
05-Jul-2021,0.067,0.055,0.061,0.06,0.063,0.063,0.08,0.09,0.08,0.09,0.1,0.12,-0.6,-0.61,-0.62,-0.64,-0.64,-0.65,-0.073,-0.079,-0.092,-0.1,-0.113,-0.129
06-Jul-2021,0.068,0.077,0.077,0.077,0.076,0.076,0.08,0.09,0.08,0.09,0.1,0.12,-0.58,-0.6,-0.62,-0.64,-0.64,-0.65,-0.076,-0.079,-0.092,-0.099,-0.113,-0.129
07-Jul-2021,0.07,0.054,0.077,0.077,0.076,0.075,0.08,0.09,0.08,0.09,0.1,0.12,-0.59,-0.6,-0.62,-0.64,-0.65,-0.65,-0.072,-0.077,-0.091,-0.099,-0.112,-0.129
08-Jul-2021,0.06,0.063,0.072,0.073,0.071,0.072,0.08,0.09,0.08,0.09,0.1,0.12,-0.59,-0.6,-0.62,-0.64,-0.65,-0.65,-0.071,-0.078,-0.09,-0.1,-0.113,-0.129
09-Jul-2021,0.05,0.052,0.072,0.073,0.071,0.074,0.08,0.07,0.08,0.09,0.1,0.12,-0.59,-0.6,-0.62,-0.64,-0.65,-0.65,-0.072,-0.079,-0.091,-0.1,-0.116,-0.129
12-Jul-2021,0.05,0.056,0.051,0.072,0.071,0.075,0.08,0.07,0.08,0.09,0.1,0.12,-0.6,-0.6,-0.62,-0.64,-0.65,-0.65,-0.074,-0.081,-0.092,-0.1,-0.115,-0.129
13-Jul-2021,0.05,0.068,0.073,0.072,0.073,0.075,0.08,0.07,0.08,0.09,0.1,0.12,-0.6,-0.6,-0.62,-0.64,-0.65,-0.65,-0.081,-0.086,-0.093,-0.1,-0.115,-0.129
14-Jul-2021,0.041,0.048,0.053,0.072,0.073,0.069,0.08,0.07,0.08,0.09,0.1,0.12,-0.59,-0.6,-0.62,-0.64,-0.65,-0.65,-0.093,-0.09,-0.096,-0.1,-0.114,-0.129
15-Jul-2021,0.06,0.072,0.069,0.07,0.07,0.068,0.08,0.07,0.08,0.09,0.1,0.12,-0.59,-0.6,-0.62,-0.64,-0.65,-0.65,-0.089,-0.086,-0.096,-0.1,-0.114,-0.129
16-Jul-2021,0.05,0.045,0.052,0.051,0.051,0.05,0.08,0.07,0.08,0.09,0.1,0.14,-0.59,-0.6,-0.62,-0.64,-0.65,-0.65,-0.087,-0.087,-0.096,-0.101,-0.115,-0.129
19-Jul-2021,0.04,0.048,0.05,0.05,0.05,0.048,0.08,0.07,0.08,0.09,0.1,0.14,-0.59,-0.6,-0.62,-0.64,-0.65,-0.65,-0.089,-0.094,-0.097,-0.104,-0.115,-0.129
20-Jul-2021,0.04,0.047,0.046,0.05,0.05,0.046,0.08,0.07,0.08,0.09,0.1,0.14,-0.58,-0.59,-0.61,-0.64,-0.65,-0.65,-0.095,-0.097,-0.1,-0.105,-0.116,-0.129
21-Jul-2021,0.04,0.055,0.053,0.05,0.051,0.049,0.08,0.07,0.08,0.09,0.1,0.14,-0.56,-0.58,-0.61,-0.63,-0.65,-0.65,-0.092,-0.094,-0.1,-0.105,-0.116,-0.129
22-Jul-2021,0.04,0.05,0.053,0.05,0.05,0.047,0.08,0.07,0.08,0.09,0.1,0.14,-0.55,-0.57,-0.61,-0.62,-0.64,-0.64,-0.092,-0.094,-0.1,-0.105,-0.116,-0.129
23-Jul-2021,0.06,0.044,0.053,0.05,0.049,0.044,0.08,0.07,0.08,0.09,0.1,0.14,-0.55,-0.57,-0.61,-0.62,-0.64,-0.64,-0.092,-0.094,-0.1,-0.105,-0.116,-0.129
26-Jul-2021,0.054,0.045,0.044,0.048,0.049,0.045,0.08,0.09,0.08,0.09,0.1,0.14,-0.55,-0.57,-0.61,-0.6,-0.63,-0.64,-0.09,-0.092,-0.1,-0.104,-0.116,-0.129
27-Jul-2021,0.053,0.045,0.044,0.06,0.048,0.043,0.08,0.09,0.08,0.09,0.1,0.14,-0.55,-0.57,-0.61,-0.6,-0.63,-0.64,-0.089,-0.093,-0.1,-0.105,-0.116,-0.129
28-Jul-2021,0.05,0.045,0.044,0.06,0.047,0.041,0.08,0.09,0.08,0.09,0.1,0.14,-0.55,-0.57,-0.61,-0.6,-0.63,-0.64,-0.085,-0.091,-0.098,-0.104,-0.116,-0.129
29-Jul-2021,0.05,0.045,0.044,0.06,0.046,0.04,0.08,0.09,0.08,0.09,0.1,0.14,-0.55,-0.57,-0.61,-0.6,-0.63,-0.64,-0.086,-0.09,-0.099,-0.104,-0.116,-0.129
30-Jul-2021,0.047,0.045,0.05,0.06,0.048,0.04,0.08,0.09,0.08,0.09,0.1,0.14,-0.55,-0.57,-0.61,-0.6,-0.63,-0.64,-0.083,-0.089,-0.098,-0.104,-0.116,-0.129
02-Aug-2021,0.047,0.048,0.051,0.06,0.046,0.037,0.08,0.09,0.08,0.09,0.1,0.14,-0.58,-0.58,-0.61,-0.62,-0.64,-0.65,-0.085,-0.089,-0.098,-0.103,-0.116,-0.13
03-Aug-2021,0.06,0.048,0.051,0.059,0.047,0.036,0.08,0.09,0.08,0.09,0.1,0.14,-0.59,-0.6,-0.62,-0.62,-0.64,-0.65,-0.083,-0.09,-0.098,-0.103,-0.115,-0.129
04-Aug-2021,0.06,0.046,0.052,0.061,0.046,0.037,0.08,0.09,0.08,0.09,0.1,0.14,-0.59,-0.6,-0.62,-0.62,-0.64,-0.65,-0.082,-0.087,-0.097,-0.103,-0.116,-0.13
05-Aug-2021,0.06,0.05,0.05,0.062,0.05,0.042,0.08,0.09,0.08,0.09,0.1,0.14,-0.59,-0.6,-0.62,-0.62,-0.65,-0.66,-0.079,-0.084,-0.097,-0.103,-0.116,-0.13
06-Aug-2021,0.06,0.05,0.05,0.062,0.05,0.045,0.08,0.09,0.08,0.09,0.1,0.14,-0.59,-0.6,-0.62,-0.62,-0.65,-0.66,-0.077,-0.081,-0.097,-0.103,-0.116,-0.13
09-Aug-2021,0.049,0.05,0.05,0.062,0.05,0.046,0.08,0.08,0.08,0.09,0.1,0.16,-0.59,-0.6,-0.62,-0.62,-0.65,-0.66,-0.077,-0.081,-0.097,-0.103,-0.116,-0.13
10-Aug-2021,0.06,0.046,0.05,0.062,0.052,0.05,0.08,0.08,0.08,0.09,0.1,0.16,-0.59,-0.6,-0.62,-0.62,-0.66,-0.66,-0.073,-0.079,-0.097,-0.103,-0.116,-0.13
11-Aug-2021,0.05,0.046,0.05,0.062,0.051,0.047,0.08,0.08,0.08,0.09,0.1,0.16,-0.59,-0.6,-0.62,-0.62,-0.66,-0.66,-0.07,-0.079,-0.096,-0.103,-0.116,-0.13
12-Aug-2021,0.04,0.04,0.05,0.057,0.051,0.049,0.08,0.08,0.08,0.09,0.11,0.18,-0.59,-0.6,-0.62,-0.62,-0.66,-0.66,-0.069,-0.08,-0.096,-0.104,-0.116,-0.13
13-Aug-2021,0.05,0.056,0.058,0.057,0.056,0.058,0.08,0.08,0.08,0.09,0.11,0.18,-0.59,-0.6,-0.62,-0.62,-0.66,-0.66,-0.075,-0.093,-0.1,-0.107,-0.117,-0.13
16-Aug-2021,0.056,0.054,0.063,0.062,0.062,0.064,0.07,0.07,0.08,0.09,0.11,0.18,-0.6,-0.61,-0.62,-0.62,-0.66,-0.66,-0.097,-0.099,-0.104,-0.108,-0.117,-0.13
17-Aug-2021,0.052,0.048,0.063,0.062,0.062,0.064,0.07,0.07,0.08,0.09,0.11,0.18,-0.6,-0.61,-0.62,-0.62,-0.66,-0.66,-0.124,-0.109,-0.109,-0.112,-0.12,-0.13
18-Aug-2021,0.036,0.05,0.06,0.062,0.062,0.063,0.07,0.07,0.08,0.09,0.11,0.18,-0.59,-0.61,-0.62,-0.62,-0.66,-0.66,-0.131,-0.119,-0.115,-0.117,-0.121,-0.131
19-Aug-2021,0.02,0.05,0.058,0.059,0.06,0.062,0.06,0.06,0.08,0.09,0.11,0.18,-0.58,-0.6,-0.62,-0.62,-0.66,-0.66,-0.126,-0.117,-0.113,-0.117,-0.121,-0.13
20-Aug-2021,0.02,0.052,0.056,0.059,0.059,0.061,0.06,0.06,0.08,0.09,0.11,0.18,-0.57,-0.59,-0.62,-0.62,-0.66,-0.66,-0.092,-0.098,-0.106,-0.114,-0.12,-0.13
23-Aug-2021,0.02,0.035,0.055,0.065,0.064,0.063,0.07,0.07,0.08,0.09,0.11,0.17,-0.58,-0.59,-0.62,-0.62,-0.66,-0.66,-0.094,-0.097,-0.105,-0.113,-0.121,-0.13
24-Aug-2021,0.054,0.05,0.05,0.05,0.05,0.051,0.07,0.07,0.08,0.09,0.11,0.17,-0.56,-0.59,-0.62,-0.62,-0.66,-0.66,-0.095,-0.097,-0.106,-0.114,-0.121,-0.13
25-Aug-2021,0.06,0.06,0.06,0.067,0.067,0.068,0.06,0.02,0.06,0.09,0.11,0.17,-0.56,-0.59,-0.62,-0.62,-0.66,-0.66,-0.091,-0.094,-0.104,-0.114,-0.121,-0.13
26-Aug-2021,0.06,0.062,0.062,0.062,0.061,0.062,0.06,0.03,0.06,0.09,0.11,0.17,-0.57,-0.59,-0.62,-0.62,-0.66,-0.66,-0.089,-0.091,-0.102,-0.113,-0.121,-0.13
27-Aug-2021,0.056,0.061,0.05,0.057,0.058,0.055,0.06,0.03,0.06,0.09,0.11,0.17,-0.57,-0.61,-0.62,-0.62,-0.65,-0.66,-0.087,-0.087,-0.101,-0.113,-0.121,-0.13
30-Aug-2021,0.05,0.06,0.046,0.054,0.054,0.05,0.06,0.03,0.06,0.09,0.11,0.17,-0.57,-0.61,-0.62,-0.62,-0.65,-0.66,-0.088,-0.087,-0.1,-0.111,-0.121,-0.13
31-Aug-2021,0.06,0.06,0.046,0.054,0.055,0.052,0.02,0.08,0.06,0.08,0.1,0.17,-0.61,-0.61,-0.62,-0.62,-0.65,-0.66,-0.087,-0.087,-0.103,-0.111,-0.121,-0.13
01-Sep-2021,0.05,0.05,0.06,0.059,0.06,0.06,0.08,0.08,0.06,0.08,0.1,0.17,-0.57,-0.61,-0.63,-0.62,-0.65,-0.66,-0.081,-0.083,-0.101,-0.111,-0.121,-0.13
02-Sep-2021,0.06,0.058,0.058,0.057,0.059,0.058,0.08,0.08,0.06,0.08,0.1,0.17,-0.58,-0.6,-0.63,-0.62,-0.65,-0.66,-0.076,-0.079,-0.1,-0.109,-0.121,-0.13
03-Sep-2021,0.06,0.057,0.057,0.057,0.058,0.056,0.07,0.07,0.06,0.08,0.1,0.17,-0.58,-0.6,-0.63,-0.62,-0.65,-0.66,-0.073,-0.08,-0.1,-0.109,-0.121,-0.13
06-Sep-2021,0.06,0.057,0.057,0.057,0.058,0.056,0.07,0.07,0.06,0.08,0.1,0.17,-0.58,-0.6,-0.63,-0.62,-0.66,-0.66,-0.07,-0.077,-0.099,-0.109,-0.121,-0.13
07-Sep-2021,0.06,0.057,0.057,0.057,0.057,0.058,0.07,0.07,0.06,0.08,0.1,0.17,-0.58,-0.6,-0.63,-0.62,-0.66,-0.66,-0.071,-0.075,-0.1,-0.109,-0.121,-0.13
08-Sep-2021,0.06,0.05,0.059,0.058,0.056,0.056,0.07,0.07,0.06,0.08,0.1,0.17,-0.57,-0.6,-0.63,-0.62,-0.66,-0.66,-0.072,-0.078,-0.1,-0.109,-0.121,-0.13
09-Sep-2021,0.06,0.057,0.059,0.058,0.056,0.056,0.07,0.07,0.06,0.08,0.1,0.17,-0.57,-0.6,-0.63,-0.62,-0.66,-0.66,-0.074,-0.079,-0.1,-0.109,-0.12,-0.13
10-Sep-2021,0.059,0.05,0.062,0.061,0.06,0.059,0.07,0.07,0.06,0.08,0.1,0.17,-0.57,-0.6,-0.63,-0.62,-0.65,-0.65,-0.068,-0.078,-0.1,-0.108,-0.12,-0.13
13-Sep-2021,0.06,0.056,0.064,0.063,0.063,0.062,0.07,0.08,0.08,0.09,0.12,0.19,-0.58,-0.6,-0.63,-0.62,-0.65,-0.64,-0.066,-0.079,-0.1,-0.108,-0.12,-0.13
14-Sep-2021,0.05,0.04,0.058,0.058,0.059,0.061,0.07,0.08,0.08,0.09,0.12,0.19,-0.58,-0.6,-0.63,-0.62,-0.66,-0.66,-0.063,-0.083,-0.1,-0.109,-0.12,-0.13
15-Sep-2021,0.059,0.045,0.061,0.067,0.06,0.062,0.07,0.08,0.08,0.09,0.12,0.19,-0.59,-0.6,-0.63,-0.62,-0.66,-0.66,-0.069,-0.098,-0.102,-0.109,-0.12,-0.13
16-Sep-2021,0.059,0.058,0.061,0.062,0.062,0.062,0.07,0.08,0.08,0.09,0.12,0.19,-0.59,-0.6,-0.63,-0.62,-0.66,-0.66,-0.095,-0.098,-0.102,-0.109,-0.12,-0.13
17-Sep-2021,0.04,0.058,0.061,0.062,0.063,0.063,0.07,0.08,0.08,0.09,0.12,0.19,-0.59,-0.6,-0.63,-0.62,-0.66,-0.66,-0.097,-0.095,-0.102,-0.109,-0.12,-0.13
20-Sep-2021,0.038,0.05,0.061,0.062,0.061,0.06,0.07,0.08,0.08,0.08,0.12,0.21,-0.6,-0.6,-0.63,-0.62,-0.66,-0.66,-0.097,-0.095,-0.102,-0.109,-0.12,-0.13
21-Sep-2021,0.03,0.048,0.056,0.056,0.06,0.058,0.07,0.08,0.08,0.08,0.12,0.21,-0.59,-0.64,-0.63,-0.62,-0.66,-0.66,-0.094,-0.093,-0.102,-0.108,-0.12,-0.13
22-Sep-2021,0.03,0.05,0.053,0.052,0.053,0.058,0.07,0.08,0.08,0.08,0.11,0.21,-0.59,-0.64,-0.63,-0.62,-0.66,-0.66,-0.092,-0.098,-0.102,-0.108,-0.12,-0.13
23-Sep-2021,0.04,0.047,0.05,0.052,0.054,0.061,0.07,0.08,0.08,0.08,0.11,0.21,-0.58,-0.64,-0.63,-0.62,-0.67,-0.66,-0.092,-0.098,-0.102,-0.108,-0.12,-0.13
24-Sep-2021,0.05,0.048,0.052,0.053,0.055,0.065,0.07,0.08,0.08,0.08,0.11,0.21,-0.58,-0.64,-0.63,-0.62,-0.67,-0.66,-0.092,-0.099,-0.101,-0.108,-0.12,-0.13
27-Sep-2021,0.055,0.041,0.056,0.053,0.055,0.067,0.07,0.08,0.08,0.09,0.15,0.28,-0.6,-0.64,-0.63,-0.62,-0.67,-0.66,-0.097,-0.099,-0.101,-0.109,-0.12,-0.13
28-Sep-2021,0.044,0.042,0.056,0.052,0.053,0.066,0.07,0.08,0.08,0.09,0.15,0.29,-0.6,-0.63,-0.63,-0.62,-0.67,-0.66,-0.097,-0.099,-0.1,-0.109,-0.12,-0.13
29-Sep-2021,0.042,0.046,0.051,0.05,0.052,0.066,0.08,0.08,0.08,0.11,0.17,0.32,-0.64,-0.63,-0.63,-0.68,-0.67,-0.66,-0.087,-0.098,-0.099,-0.109,-0.12,-0.13
30-Sep-2021,0.05,0.048,0.053,0.05,0.051,0.067,-0.09,0.08,0.08,0.11,0.17,0.32,-0.86,-0.62,-0.63,-0.68,-0.67,-0.66,-0.132,-0.087,-0.098,-0.109,-0.12,-0.13
01-Oct-2021,0.05,0.051,0.056,0.051,0.052,0.063,-0.09,0.08,0.08,0.12,0.17,0.33,-0.62,-0.63,-0.63,-0.68,-0.67,-0.66,-0.079,-0.082,-0.098,-0.109,-0.12,-0.13
04-Oct-2021,0.05,0.055,0.054,0.054,0.054,0.055,-0.09,0.08,0.08,0.12,0.17,0.33,-0.64,-0.63,-0.63,-0.68,-0.67,-0.66,-0.082,-0.082,-0.098,-0.11,-0.121,-0.131
05-Oct-2021,0.045,0.055,0.054,0.054,0.054,0.058,-0.09,0.08,0.08,0.12,0.17,0.33,-0.63,-0.63,-0.63,-0.69,-0.68,-0.67,-0.083,-0.084,-0.099,-0.109,-0.121,-0.131
06-Oct-2021,0.05,0.055,0.054,0.053,0.051,0.053,-0.09,0.08,0.08,0.13,0.21,0.37,-0.61,-0.62,-0.63,-0.69,-0.68,-0.66,-0.084,-0.084,-0.098,-0.109,-0.121,-0.131
07-Oct-2021,0.04,0.051,0.051,0.05,0.051,0.056,-0.09,0.08,0.08,0.13,0.21,0.37,-0.57,-0.61,-0.62,-0.69,-0.68,-0.66,-0.083,-0.084,-0.098,-0.109,-0.121,-0.131
08-Oct-2021,0.04,0.041,0.051,0.05,0.052,0.064,0.07,0.08,0.08,0.13,0.23,0.4,-0.57,-0.61,-0.62,-0.69,-0.68,-0.66,-0.084,-0.083,-0.098,-0.109,-0.121,-0.131
11-Oct-2021,0.04,0.041,0.051,0.05,0.052,0.064,0.08,0.08,0.08,0.17,0.23,0.4,-0.59,-0.61,-0.62,-0.69,-0.68,-0.66,-0.082,-0.085,-0.098,-0.108,-0.12,-0.13
12-Oct-2021,0.041,0.045,0.053,0.051,0.053,0.072,0.07,0.07,0.07,0.17,0.3,0.52,-0.58,-0.61,-0.62,-0.69,-0.68,-0.66,-0.088,-0.092,-0.101,-0.11,-0.12,-0.13
13-Oct-2021,0.04,0.057,0.057,0.058,0.057,0.056,0.07,0.07,0.07,0.17,0.3,0.52,-0.58,-0.6,-0.62,-0.68,-0.68,-0.66,-0.106,-0.11,-0.107,-0.112,-0.12,-0.13
14-Oct-2021,0.028,0.041,0.054,0.057,0.057,0.058,0.08,0.08,0.08,0.17,0.3,0.52,-0.58,-0.6,-0.62,-0.7,-0.68,-0.66,-0.127,-0.114,-0.109,-0.113,-0.12,-0.13
15-Oct-2021,0.034,0.053,0.054,0.054,0.056,0.062,0.08,0.08,0.08,0.17,0.3,0.51,-0.57,-0.6,-0.62,-0.71,-0.68,-0.66,-0.085,-0.097,-0.106,-0.113,-0.12,-0.13
18-Oct-2021,0.014,0.039,0.055,0.054,0.058,0.067,0.08,0.08,0.12,0.25,0.44,0.7,-0.59,-0.6,-0.62,-0.71,-0.67,-0.65,-0.093,-0.099,-0.105,-0.114,-0.121,-0.131
19-Oct-2021,0.02,0.052,0.047,0.046,0.051,0.055,0.08,0.08,0.16,0.29,0.46,0.72,-0.6,-0.6,-0.62,-0.71,-0.66,-0.65,-0.096,-0.1,-0.106,-0.114,-0.121,-0.131
20-Oct-2021,0.019,0.04,0.043,0.043,0.048,0.056,0.08,0.08,0.16,0.29,0.46,0.72,-0.59,-0.6,-0.62,-0.71,-0.67,-0.66,-0.096,-0.102,-0.107,-0.114,-0.121,-0.131
21-Oct-2021,0.01,0.051,0.046,0.047,0.053,0.083,0.08,0.08,0.16,0.29,0.44,0.7,-0.58,-0.6,-0.62,-0.71,-0.66,-0.64,-0.096,-0.103,-0.108,-0.115,-0.121,-0.131
22-Oct-2021,0.046,0.052,0.053,0.046,0.058,0.093,0.08,0.08,0.16,0.26,0.43,0.67,-0.58,-0.6,-0.62,-0.71,-0.66,-0.64,-0.092,-0.099,-0.109,-0.113,-0.121,-0.131
25-Oct-2021,0.037,0.044,0.058,0.046,0.053,0.082,0.08,0.08,0.16,0.26,0.43,0.67,-0.59,-0.6,-0.62,-0.71,-0.66,-0.63,-0.095,-0.099,-0.107,-0.113,-0.12,-0.13
26-Oct-2021,0.044,0.055,0.06,0.046,0.053,0.083,0.08,0.08,0.14,0.24,0.41,0.65,-0.59,-0.6,-0.62,-0.72,-0.66,-0.63,-0.094,-0.098,-0.105,-0.113,-0.12,-0.13
27-Oct-2021,0.048,0.039,0.058,0.058,0.059,0.067,0.09,0.09,0.15,0.25,0.4,0.65,-0.6,-0.6,-0.63,-0.76,-0.66,-0.64,-0.095,-0.098,-0.104,-0.112,-0.12,-0.13
28-Oct-2021,0.059,0.043,0.061,0.06,0.059,0.064,-0.09,0.09,0.17,0.29,0.5,0.65,-0.6,-0.6,-0.63,-0.76,-0.65,-0.61,-0.102,-0.104,-0.106,-0.112,-0.12,-0.13
29-Oct-2021,0.024,0.043,0.061,0.061,0.062,0.078,-0.19,0.08,0.17,0.28,0.46,0.76,-0.66,-0.6,-0.62,-0.74,-0.64,-0.63,-0.093,-0.098,-0.105,-0.114,-0.12,-0.13
01-Nov-2021,0.059,0.057,0.059,0.06,0.06,0.05,-0.01,0.13,0.17,0.28,0.48,0.77,-0.67,-0.6,-0.63,-0.75,-0.64,-0.63,-0.095,-0.098,-0.106,-0.113,-0.12,-0.131
02-Nov-2021,0.053,0.057,0.059,0.059,0.054,0.03,-0.01,0.13,0.17,0.28,0.48,0.77,-0.68,-0.63,-0.65,-0.76,-0.65,-0.65,-0.093,-0.096,-0.104,-0.113,-0.12,-0.131
03-Nov-2021,0.052,0.056,0.058,0.061,0.056,0.044,-0.01,0.12,0.11,0.27,0.44,0.71,-0.67,-0.63,-0.65,-0.76,-0.65,-0.65,-0.093,-0.096,-0.104,-0.113,-0.12,-0.131
04-Nov-2021,0.054,0.052,0.058,0.058,0.055,0.036,0.06,0.04,0.06,0.13,0.3,0.6,-0.68,-0.63,-0.66,-0.77,-0.65,-0.65,-0.092,-0.096,-0.104,-0.113,-0.12,-0.131
05-Nov-2021,0.055,0.052,0.058,0.058,0.052,0.042,0.06,0.04,0.02,0.11,0.25,0.5,-0.66,-0.63,-0.66,-0.8,-0.71,-0.65,-0.094,-0.095,-0.103,-0.113,-0.12,-0.131
08-Nov-2021,0.06,0.07,0.063,0.058,0.061,0.071,0.06,0.04,0.02,0.11,0.25,0.5,-0.6,-0.63,-0.66,-0.8,-0.71,-0.65,-0.091,-0.095,-0.103,-0.114,-0.12,-0.13
09-Nov-2021,0.054,0.062,0.063,0.061,0.061,0.058,0.05,0.04,0.04,0.11,0.29,0.55,-0.6,-0.63,-0.66,-0.8,-0.71,-0.65,-0.085,-0.09,-0.102,-0.113,-0.12,-0.13
10-Nov-2021,0.05,0.062,0.063,0.063,0.057,0.057,0.05,0.04,0.04,0.11,0.29,0.55,-0.6,-0.63,-0.66,-0.8,-0.71,-0.65,-0.083,-0.09,-0.101,-0.114,-0.12,-0.13
11-Nov-2021,0.05,0.062,0.063,0.063,0.057,0.057,0.04,0.03,0.03,0.1,0.3,0.58,-0.6,-0.62,-0.65,-0.78,-0.74,-0.65,-0.084,-0.09,-0.101,-0.114,-0.12,-0.13
12-Nov-2021,0.05,0.055,0.063,0.063,0.061,0.069,0.04,0.03,0.03,0.1,0.3,0.6,-0.6,-0.62,-0.66,-0.81,-0.73,-0.66,-0.083,-0.093,-0.102,-0.114,-0.12,-0.13
15-Nov-2021,0.06,0.063,0.063,0.065,0.063,0.073,0.04,0.03,0.03,0.1,0.3,0.6,-0.61,-0.63,-0.66,-0.84,-0.73,-0.67,-0.085,-0.101,-0.105,-0.113,-0.121,-0.131
16-Nov-2021,0.575,0.063,0.063,0.065,0.064,0.072,0.03,0.03,0.03,0.13,0.33,0.64,-0.61,-0.63,-0.66,-0.86,-0.73,-0.67,-0.094,-0.101,-0.104,-0.114,-0.122,-0.131
17-Nov-2021,0.048,0.055,0.06,0.067,0.062,0.063,0.03,0.03,0.03,0.15,0.35,0.69,-0.58,-0.63,-0.68,-0.86,-0.73,-0.67,-0.094,-0.1,-0.105,-0.114,-0.122,-0.131
18-Nov-2021,0.049,0.063,0.065,0.068,0.062,0.063,0.03,0.03,0.03,0.15,0.35,0.69,-0.6,-0.63,-0.68,-0.86,-0.73,-0.68,-0.097,-0.102,-0.106,-0.115,-0.123,-0.131
19-Nov-2021,0.044,0.057,0.065,0.067,0.069,0.082,0.03,0.02,0.02,0.15,0.34,0.66,-0.6,-0.63,-0.68,-0.86,-0.73,-0.68,-0.098,-0.104,-0.106,-0.116,-0.123,-0.13
22-Nov-2021,0.044,0.057,0.065,0.069,0.079,0.119,0.04,0.04,0.02,0.15,0.34,0.64,-0.6,-0.63,-0.69,-0.87,-0.73,-0.68,-0.102,-0.104,-0.107,-0.115,-0.123,-0.131
23-Nov-2021,0.057,0.057,0.065,0.069,0.077,0.113,0.04,0.04,0.02,0.15,0.34,0.64,-0.6,-0.63,-0.69,-0.88,-0.73,-0.68,-0.102,-0.104,-0.107,-0.115,-0.123,-0.131
24-Nov-2021,0.05,0.053,0.044,0.063,0.086,0.137,0.04,0.04,0.02,0.15,0.34,0.64,-0.6,-0.63,-0.69,-0.88,-0.73,-0.68,-0.1,-0.105,-0.107,-0.116,-0.123,-0.13
25-Nov-2021,0.05,0.053,0.044,0.063,0.086,0.137,0.04,0.04,0.02,0.14,0.34,0.64,-0.58,-0.63,-0.69,-0.87,-0.72,-0.68,-0.099,-0.104,-0.109,-0.117,-0.124,-0.131
26-Nov-2021,0.058,0.06,0.044,0.06,0.065,0.038,0.04,0.04,0.01,0.11,0.3,0.58,-0.57,-0.6,-1.09,-0.87,-0.72,-0.69,-0.098,-0.103,-0.108,-0.116,-0.124,-0.132
29-Nov-2021,0.058,0.06,0.049,0.079,0.064,0.049,0.03,0.03,0.01,0.11,0.3,0.58,-0.58,-0.6,-1.05,-0.81,-0.71,-0.68,-0.098,-0.103,-0.109,-0.119,-0.126,-0.134
30-Nov-2021,0.063,0.065,0.051,0.08,0.081,0.121,0.01,0.01,-0.04,0.1,0.29,0.55,-0.59,-0.6,-1.01,-0.8,-0.71,-0.69,-0.094,-0.099,-0.112,-0.119,-0.127,-0.135
01-Dec-2021,0.04,0.065,0.049,0.079,0.08,0.118,0.01,0.01,-0.04,0.1,0.33,0.59,-0.59,-0.6,-1.02,-0.8,-0.71,-0.68,-0.091,-0.097,-0.115,-0.119,-0.127,-0.136
02-Dec-2021,0.06,0.065,0.048,0.082,0.09,0.144,0.01,0.01,-0.04,0.13,0.34,0.6,-0.6,-0.6,-1.02,-0.8,-0.7,-0.68,-0.09,-0.094,-0.114,-0.118,-0.127,-0.136
03-Dec-2021,0.06,0.055,0.048,0.082,0.085,0.066,0.01,0.01,-0.04,0.13,0.34,0.6,-0.6,-0.6,-1.02,-0.8,-0.7,-0.67,-0.087,-0.09,-0.112,-0.118,-0.127,-0.136
06-Dec-2021,0.06,0.06,0.058,0.057,0.068,0.075,0.02,0.02,-0.06,0.13,0.32,0.58,-0.63,-0.63,-1.04,-0.81,-0.7,-0.67,-0.084,-0.087,-0.111,-0.117,-0.126,-0.135
07-Dec-2021,0.06,0.06,0.059,0.059,0.065,0.075,0.01,0.01,-0.05,0.13,0.32,0.58,-0.64,-0.63,-1.01,-0.81,-0.7,-0.67,-0.084,-0.086,-0.109,-0.116,-0.127,-0.134
08-Dec-2021,0.058,0.062,0.064,0.065,0.06,0.052,0.03,0.01,-0.03,0.13,0.32,0.58,-0.62,-0.63,-1.01,-0.81,-0.7,-0.67,-0.083,-0.085,-0.11,-0.116,-0.127,-0.134
09-Dec-2021,0.06,0.063,0.08,0.064,0.067,0.065,0.03,0.01,-0.04,0.11,0.3,0.56,-0.62,-0.63,-1.01,-0.81,-0.7,-0.67,-0.083,-0.084,-0.109,-0.117,-0.127,-0.134
10-Dec-2021,0.034,0.064,0.075,0.065,0.065,0.056,0.03,0.01,-0.04,0.09,0.29,0.55,-0.62,-0.63,-1.01,-0.81,-0.7,-0.67,-0.06,-0.069,-0.102,-0.111,-0.124,-0.133
13-Dec-2021,0.031,0.044,0.079,0.08,0.06,0.045,0.03,0.02,-0.04,0.1,0.3,0.56,-0.62,-0.63,-1,-0.83,-0.7,-0.66,-0.046,-0.069,-0.102,-0.113,-0.122,-0.133
14-Dec-2021,0.03,0.049,0.068,0.085,0.071,0.061,0.03,0.03,-0.01,0.1,0.31,0.56,-0.62,-0.63,-0.98,-0.77,-0.7,-0.66,-0.049,-0.091,-0.103,-0.114,-0.122,-0.133
15-Dec-2021,0.03,0.045,0.056,0.052,0.065,0.079,0.03,0.03,-0.01,0.1,0.31,0.56,-0.62,-0.63,-0.99,-0.77,-0.7,-0.66,-0.048,-0.091,-0.104,-0.114,-0.122,-0.133
16-Dec-2021,0.04,0.055,0.056,0.058,0.059,0.063,0.03,0.06,0.09,0.1,0.46,0.72,-0.63,-0.63,-1.04,-0.77,-0.7,-0.67,-0.086,-0.091,-0.103,-0.111,-0.121,-0.133
17-Dec-2021,0.04,0.064,0.078,0.061,0.072,0.085,0.06,0.06,0.11,0.1,0.44,0.69,-0.63,-0.63,-1.04,-0.78,-0.72,-0.7,-0.085,-0.091,-0.102,-0.111,-0.121,-0.132
20-Dec-2021,0.04,0.056,0.054,0.056,0.06,0.06,0.06,0.06,0.11,0.23,0.44,0.69,-0.68,-0.67,-1.11,-0.75,-0.71,-0.7,-0.084,-0.09,-0.102,-0.11,-0.121,-0.131
21-Dec-2021,0.026,0.056,0.059,0.06,0.069,0.076,0.06,0.06,0.11,0.23,0.44,0.69,-0.67,-0.66,-1.09,-0.75,-0.71,-0.68,-0.084,-0.089,-0.102,-0.109,-0.12,-0.131
22-Dec-2021,0.02,0.056,0.077,0.069,0.073,0.085,0.06,0.06,0.11,0.23,0.44,0.69,-0.67,-2.46,-1.09,-0.75,-0.71,-0.68,-0.086,-0.089,-0.099,-0.109,-0.12,-0.131
23-Dec-2021,0.05,0.054,0.076,0.077,0.084,0.102,0.06,0,0.09,0.24,0.46,0.7,-0.67,-2.46,-1.07,-0.75,-0.71,-0.67,-0.082,-0.084,-0.096,-0.108,-0.119,-0.13
24-Dec-2021,0.05,0.054,0.076,0.077,0.084,0.102,0.06,0,0.09,0.24,0.46,0.7,-0.67,-2.46,-1.07,-0.73,-0.7,-0.67,-0.067,-0.084,-0.096,-0.108,-0.119,-0.129
27-Dec-2021,0.03,0.076,0.074,0.077,0.083,0.085,0.06,0,0.09,0.24,0.46,0.7,-0.67,-2.46,-1.07,-0.73,-0.7,-0.67,-0.076,-0.084,-0.095,-0.107,-0.119,-0.13
28-Dec-2021,0.038,0.08,0.08,0.081,0.082,0.084,0.06,0,0.09,0.24,0.46,0.7,-0.67,-2.46,-1.07,-0.73,-0.7,-0.67,-0.077,-0.085,-0.094,-0.107,-0.119,-0.13
29-Dec-2021,0.041,0.074,0.075,0.078,0.081,0.087,0.03,-0.15,0.1,0.24,0.52,0.78,-1.09,-0.67,-0.66,-0.65,-0.66,-0.67,-0.083,-0.084,-0.094,-0.108,-0.119,-0.129
30-Dec-2021,0.04,0.079,0.079,0.076,0.07,0.068,-0.03,0.1,0.11,0.26,0.51,0.78,-1.74,-0.67,-0.66,-0.65,-0.66,-0.67,-0.08,-0.08,-0.093,-0.107,-0.119,-0.129
31-Dec-2021,0.013,0.079,0.079,0.077,0.071,0.072,-0.03,0.06,0.11,0.31,0.51,0.78,-1.74,-0.67,-0.66,-0.65,-0.66,-0.67,-0.08,-0.08,-0.093,-0.107,-0.119,-0.129
03-Jan-2022,0.04,0.077,0.079,0.08,0.08,0.086,0,0.06,0.17,0.31,0.51,0.78,-0.65,-0.66,-0.66,-0.65,-0.65,-0.66,-0.08,-0.08,-0.093,-0.107,-0.119,-0.129
04-Jan-2022,0.069,0.077,0.079,0.082,0.08,0.077,0.07,0.06,0.17,0.35,0.52,0.79,-0.64,-0.66,-0.66,-0.66,-0.65,-0.66,-0.077,-0.077,-0.089,-0.105,-0.119,-0.129
05-Jan-2022,0.069,0.076,0.08,0.091,0.102,0.123,0.13,0.13,0.16,0.35,0.52,0.78,-0.64,-0.65,-0.65,-0.65,-0.64,-0.65,-0.072,-0.072,-0.087,-0.105,-0.119,-0.129
06-Jan-2022,0.05,0.059,0.065,0.083,0.091,0.092,0.14,0.14,0.16,0.34,0.52,0.8,-0.64,-0.65,-0.65,-0.65,-0.64,-0.65,-0.064,-0.076,-0.088,-0.105,-0.119,-0.129
07-Jan-2022,0.03,0.077,0.077,0.078,0.076,0.069,0.17,0.14,0.19,0.34,0.53,0.81,-0.64,-0.65,-0.65,-0.65,-0.64,-0.65,-0.077,-0.079,-0.088,-0.105,-0.119,-0.129
10-Jan-2022,0.07,0.075,0.08,0.085,0.089,0.092,0.2,0.2,0.21,0.35,0.56,0.83,-0.64,-0.65,-0.65,-0.65,-0.65,-0.65,-0.077,-0.079,-0.088,-0.105,-0.119,-0.129
11-Jan-2022,0.07,0.058,0.071,0.08,0.082,0.08,0.23,0.23,0.21,0.35,0.56,0.83,-0.66,-0.66,-0.66,-0.66,-0.66,-0.66,-0.082,-0.088,-0.094,-0.103,-0.119,-0.129
12-Jan-2022,0.033,0.048,0.056,0.071,0.077,0.091,0.25,0.25,0.23,0.37,0.56,0.83,-0.65,-0.65,-0.66,-0.67,-0.67,-0.67,-0.084,-0.087,-0.095,-0.103,-0.119,-0.129
13-Jan-2022,0.022,0.048,0.056,0.057,0.067,0.07,0.25,0.25,0.27,0.37,0.56,0.83,-0.65,-0.65,-0.66,-0.67,-0.67,-0.67,-0.082,-0.087,-0.095,-0.103,-0.118,-0.129
14-Jan-2022,0.022,0.062,0.077,0.08,0.086,0.109,0.27,0.27,0.29,0.37,0.56,0.83,-0.63,-0.63,-0.66,-0.66,-0.65,-0.65,-0.084,-0.086,-0.094,-0.102,-0.117,-0.128
17-Jan-2022,0.022,0.062,0.077,0.08,0.086,0.107,0.27,0.27,0.3,0.38,0.57,0.84,-0.64,-0.64,-0.66,-0.66,-0.64,-0.64,-0.084,-0.085,-0.093,-0.103,-0.118,-0.129
18-Jan-2022,0.04,0.058,0.08,0.095,0.122,0.174,0.22,0.22,0.3,0.38,0.57,0.84,-0.64,-0.64,-0.65,-0.65,-0.64,-0.63,-0.086,-0.085,-0.093,-0.102,-0.117,-0.128
19-Jan-2022,0.04,0.069,0.079,0.087,0.097,0.128,0.22,0.22,0.3,0.41,0.6,0.89,-0.65,-0.65,-0.65,-0.65,-0.64,-0.63,-0.085,-0.086,-0.094,-0.103,-0.117,-0.128
20-Jan-2022,0.01,0.074,0.075,0.076,0.086,0.085,0.2,0.2,0.32,0.43,0.62,0.9,-0.63,-0.63,-0.63,-0.63,-0.62,-0.62,-0.086,-0.087,-0.094,-0.102,-0.116,-0.126
21-Jan-2022,0.01,0.066,0.077,0.078,0.084,0.077,0.2,0.2,0.32,0.43,0.62,0.9,-0.63,-0.63,-0.63,-0.63,-0.62,-0.62,-0.086,-0.087,-0.094,-0.102,-0.116,-0.126
24-Jan-2022,0.01,0.067,0.071,0.075,0.067,0.062,0.11,0.11,0.35,0.45,0.62,0.9,-0.61,-0.63,-0.63,-0.63,-0.62,-0.62,-0.086,-0.087,-0.094,-0.102,-0.115,-0.125
25-Jan-2022,0.038,0.049,0.072,0.074,0.085,0.096,0.21,0.21,0.33,0.45,0.62,0.9,-0.6,-0.63,-0.63,-0.63,-0.62,-0.62,-0.088,-0.083,-0.092,-0.101,-0.114,-0.125
26-Jan-2022,0.042,0.056,0.061,0.088,0.121,0.135,0.21,0.21,0.35,0.47,0.64,0.91,-0.6,-0.62,-0.62,-0.63,-0.62,-0.62,-0.085,-0.082,-0.093,-0.101,-0.114,-0.124
27-Jan-2022,0.05,0.056,0.056,0.102,0.149,0.083,0.21,0.21,0.36,0.48,0.69,1.01,-0.59,-0.61,-0.63,-0.63,-0.62,-0.61,-0.087,-0.086,-0.094,-0.1,-0.114,-0.124
28-Jan-2022,0.01,0.053,0.056,0.102,0.147,0.076,0.21,0.21,0.36,0.48,0.69,1.01,-0.62,-0.62,-0.63,-0.63,-0.62,-0.61,-0.087,-0.086,-0.094,-0.102,-0.114,-0.124
31-Jan-2022,0.04,0.044,0.084,0.101,0.114,0.118,0.21,0.29,0.39,0.48,0.7,1.01,-0.81,-0.63,-0.63,-0.63,-0.62,-0.62,-0.085,-0.086,-0.094,-0.103,-0.114,-0.124
01-Feb-2022,0.05,0.044,0.051,0.095,0.099,0.089,0.09,0.28,0.42,0.51,0.73,1.01,-0.77,-0.63,-0.63,-0.63,-0.62,-0.62,-0.085,-0.087,-0.094,-0.102,-0.114,-0.124
02-Feb-2022,0.05,0.089,0.091,0.093,0.092,0.102,0.06,0.42,0.43,0.52,0.73,1.02,-0.77,-0.63,-0.63,-0.63,-0.62,-0.62,-0.084,-0.087,-0.094,-0.102,-0.114,-0.124
03-Feb-2022,0.06,0.122,0.126,0.138,0.133,0.143,0.06,0.42,0.43,0.52,0.73,1.02,-0.72,-0.65,-0.65,-0.65,-0.62,-0.56,-0.083,-0.085,-0.094,-0.102,-0.114,-0.124
04-Feb-2022,0.05,0.132,0.136,0.139,0.151,0.167,0.44,0.44,0.44,0.61,0.91,1.25,-0.69,-0.66,-0.66,-0.66,-0.62,-0.52,-0.08,-0.083,-0.093,-0.102,-0.114,-0.124
07-Feb-2022,0.01,0.049,0.133,0.13,0.132,0.143,0.42,0.42,0.44,0.65,0.95,1.28,-0.69,-0.66,-0.66,-0.65,-0.62,-0.49,-0.081,-0.083,-0.093,-0.102,-0.114,-0.124
08-Feb-2022,0.005,0.039,0.052,0.146,0.154,0.179,0.42,0.42,0.44,0.66,0.99,1.33,-0.69,-0.66,-0.66,-0.66,-0.63,-0.51,-0.08,-0.083,-0.092,-0.102,-0.114,-0.123
09-Feb-2022,0.03,0.04,0.053,0.148,0.165,0.196,0.41,0.41,0.43,0.65,0.98,1.32,-0.68,-0.66,-0.66,-0.66,-0.63,-0.53,-0.08,-0.082,-0.093,-0.102,-0.114,-0.123
10-Feb-2022,0.053,0.07,0.124,0.301,0.337,0.421,0.41,0.41,0.42,0.66,0.96,1.32,-0.68,-0.67,-0.67,-0.67,-0.65,-0.54,-0.083,-0.084,-0.093,-0.102,-0.114,-0.123
11-Feb-2022,0.06,0.078,0.115,0.231,0.605,1.093,0.41,0.41,0.42,0.66,0.96,1.33,-0.68,-0.67,-0.67,-0.67,-0.65,-0.5,-0.083,-0.084,-0.093,-0.102,-0.114,-0.123
14-Feb-2022,0.05,0.083,0.195,0.199,0.181,0.185,0.41,0.41,0.42,0.77,1.12,1.51,-0.68,-0.67,-0.67,-0.67,-0.65,-0.51,-0.087,-0.085,-0.092,-0.102,-0.113,-0.124
15-Feb-2022,0.05,0.169,0.191,0.18,0.173,0.172,0.43,0.43,0.43,0.77,1.12,1.55,-0.66,-0.66,-0.67,-0.67,-0.65,-0.51,-0.085,-0.087,-0.092,-0.102,-0.113,-0.124
16-Feb-2022,0.058,0.053,0.055,0.334,0.143,0.132,0.44,0.44,0.43,0.77,1.11,1.53,-0.66,-0.65,-0.67,-0.65,-0.65,-0.53,-0.084,-0.086,-0.093,-0.102,-0.113,-0.124
17-Feb-2022,0.05,0.055,0.124,0.2,0.202,0.256,0.44,0.44,0.45,0.75,1.03,1.44,-0.61,-0.62,-0.65,-0.65,-0.65,-0.54,-0.086,-0.086,-0.092,-0.1,-0.11,-0.119
18-Feb-2022,0.05,0.117,0.117,0.117,0.12,0.13,0.44,0.44,0.45,0.75,1.03,1.44,-0.61,-0.62,-0.65,-0.65,-0.65,-0.54,-0.086,-0.085,-0.092,-0.098,-0.108,-0.118
21-Feb-2022,0.05,0.117,0.117,0.117,0.12,0.13,0.41,0.41,0.47,0.76,1.07,1.42,-0.61,-0.62,-0.65,-0.65,-0.65,-0.54,-0.086,-0.085,-0.094,-0.098,-0.108,-0.116
22-Feb-2022,0.05,0.117,0.123,0.129,0.141,0.164,0.41,0.41,0.47,0.76,1.06,1.39,-0.61,-0.62,-0.65,-0.65,-0.65,-0.54,-0.087,-0.089,-0.094,-0.098,-0.107,-0.116
23-Feb-2022,0.05,0.118,0.132,0.131,0.15,0.189,0.39,0.39,0.48,0.76,1.06,1.46,-0.61,-0.63,-0.65,-0.65,-0.65,-0.54,-0.087,-0.089,-0.094,-0.098,-0.107,-0.116
24-Feb-2022,0.05,0.121,0.144,0.152,0.16,0.186,0.39,0.39,0.47,0.73,1.01,1.35,-0.6,-0.63,-0.66,-0.66,-0.65,-0.54,-0.087,-0.087,-0.095,-0.098,-0.106,-0.115
25-Feb-2022,0.058,0.145,0.165,0.181,0.175,0.187,0.39,0.39,0.51,0.75,1.01,1.35,-0.6,-0.63,-0.66,-0.66,-0.65,-0.54,-0.087,-0.088,-0.094,-0.099,-0.105,-0.114
28-Feb-2022,0.062,0.099,0.196,0.144,0.48,0.259,0.39,0.39,0.54,0.75,1.01,1.35,-0.62,-0.64,-0.67,-0.67,-0.66,-0.57,-0.087,-0.087,-0.096,-0.1,-0.105,-0.114
01-Mar-2022,0.062,0.17,0.194,0.203,0.199,0.187,0.42,0.42,0.54,0.74,0.98,1.25,-0.63,-0.64,-0.67,-0.67,-0.66,-0.6,-0.086,-0.088,-0.098,-0.102,-0.105,-0.114
02-Mar-2022,0.058,0.166,0.193,0.209,0.257,0.302,0.42,0.42,0.57,0.76,1.01,1.29,-0.63,-0.7,-0.69,-0.67,-0.66,-0.62,-0.085,-0.087,-0.1,-0.101,-0.105,-0.114
03-Mar-2022,0.06,0.167,0.23,0.329,0.276,0.322,0.44,0.44,0.63,0.83,1.1,1.4,-0.63,-0.69,-0.7,-0.7,-0.69,-0.62,-0.084,-0.087,-0.1,-0.101,-0.105,-0.114
04-Mar-2022,0.06,0.192,0.219,0.23,0.256,0.288,0.44,0.44,0.64,0.82,1.09,1.39,-0.63,-0.69,-0.7,-0.7,-0.69,-0.61,-0.085,-0.084,-0.1,-0.101,-0.105,-0.114
07-Mar-2022,0.061,0.105,0.23,0.37,0.285,0.328,0.49,0.49,0.68,0.86,1.18,1.47,-0.63,-0.7,-0.7,-0.7,-0.7,-0.61,-0.082,-0.081,-0.099,-0.101,-0.106,-0.115
08-Mar-2022,0.061,0.238,0.238,0.241,0.259,0.278,0.51,0.51,0.69,0.88,1.2,1.54,-0.65,-0.7,-0.71,-0.71,-0.7,-0.59,-0.078,-0.083,-0.099,-0.101,-0.106,-0.115
09-Mar-2022,0.049,0.266,0.255,0.277,0.3,0.345,0.51,0.51,0.69,0.88,1.2,1.54,-0.63,-0.7,-0.7,-0.7,-0.69,-0.57,-0.08,-0.086,-0.099,-0.101,-0.106,-0.115
10-Mar-2022,0.05,0.223,0.269,0.284,0.674,0.361,0.49,0.66,0.71,0.88,1.22,1.59,-0.62,-0.69,-0.69,-0.69,-0.68,-0.55,-0.081,-0.086,-0.1,-0.102,-0.106,-0.114
11-Mar-2022,0.04,0.264,0.306,0.303,0.308,0.338,0.47,0.69,0.71,0.9,1.24,1.62,-0.62,-0.69,-0.69,-0.69,-0.66,-0.49,-0.082,-0.086,-0.1,-0.101,-0.105,-0.114
14-Mar-2022,0.01,0.322,0.321,0.524,0.356,0.405,0.47,0.74,0.75,0.92,1.26,1.66,-0.62,-0.65,-0.69,-0.69,-0.66,-0.49,-0.077,-0.085,-0.099,-0.101,-0.104,-0.112
15-Mar-2022,0.046,0.356,0.335,0.535,0.366,0.406,0.52,0.79,0.8,0.92,1.29,1.66,-0.62,-0.65,-0.69,-0.69,-0.66,-0.49,-0.088,-0.085,-0.099,-0.101,-0.104,-0.112
16-Mar-2022,0.045,0.348,0.32,0.517,0.339,0.446,0.52,0.79,0.8,0.97,1.3,1.7,-0.62,-0.65,-0.69,-0.69,-0.66,-0.5,-0.085,-0.085,-0.099,-0.1,-0.103,-0.111
17-Mar-2022,0.3,0.382,0.377,0.369,0.356,0.394,0.71,0.71,0.72,0.87,1.17,1.55,-0.62,-0.65,-0.69,-0.69,-0.66,-0.5,-0.085,-0.086,-0.097,-0.099,-0.103,-0.111
18-Mar-2022,0.28,0.382,0.345,0.384,0.394,0.445,0.75,0.75,0.76,0.87,1.17,1.55,-0.62,-0.65,-0.69,-0.69,-0.66,-0.51,-0.083,-0.084,-0.097,-0.099,-0.103,-0.11
21-Mar-2022,0.3,0.291,0.349,0.422,0.473,0.576,0.74,0.74,0.75,0.88,1.16,1.53,-0.62,-0.65,-0.69,-0.69,-0.66,-0.5,-0.083,-0.084,-0.097,-0.099,-0.103,-0.11
22-Mar-2022,0.27,0.349,0.363,0.373,0.36,0.38,0.72,0.72,0.73,0.91,1.19,1.61,-0.63,-0.74,-0.69,-0.69,-0.66,-0.49,-0.084,-0.085,-0.097,-0.099,-0.104,-0.111
23-Mar-2022,0.26,0.301,0.36,0.599,0.347,0.354,0.57,0.64,0.7,0.9,1.19,1.6,-0.63,-0.74,-0.69,-0.69,-0.66,-0.47,-0.084,-0.085,-0.097,-0.098,-0.104,-0.111
24-Mar-2022,0.28,0.3,0.358,0.614,0.403,0.434,0.67,0.69,0.7,0.9,1.19,1.6,-0.63,-0.79,-0.69,-0.69,-0.66,-0.47,-0.095,-0.092,-0.098,-0.098,-0.103,-0.111
25-Mar-2022,0.28,0.321,0.316,0.632,0.439,0.51,0.69,0.71,0.72,0.91,1.19,1.59,-0.63,-0.79,-0.7,-0.69,-0.66,-0.47,-0.087,-0.092,-0.098,-0.099,-0.104,-0.111
28-Mar-2022,0.28,0.323,0.316,0.645,0.607,1.698,0.7,0.72,0.73,0.93,1.2,1.59,-0.63,-0.77,-0.7,-0.69,-0.63,-0.41,-0.092,-0.094,-0.099,-0.099,-0.103,-0.109
29-Mar-2022,0.269,0.321,0.311,0.636,0.596,1.69,0.67,0.66,0.74,0.94,1.21,1.62,-0.63,-0.7,-0.7,-0.69,-0.63,-0.41,-0.1,-0.103,-0.102,-0.1,-0.103,-0.109
30-Mar-2022,0.271,0.321,0.3,0.641,0.591,1.655,0.67,0.72,0.73,0.94,1.21,1.62,-0.63,-0.69,-0.69,-0.69,-0.62,-0.35,-0.098,-0.121,-0.104,-0.102,-0.103,-0.109
31-Mar-2022,0.09,0.303,0.3,0.678,0.621,1.692,0.67,0.7,0.71,0.94,1.21,1.63,-1.04,-0.67,-0.69,-0.69,-0.62,-0.35,-0.264,-0.111,-0.107,-0.102,-0.103,-0.108
01-Apr-2022,0.307,0.307,0.302,0.695,0.657,1.768,0.71,0.73,0.71,0.94,1.21,1.66,-0.66,-0.67,-0.69,-0.69,-0.62,-0.35,-0.105,-0.102,-0.105,-0.102,-0.103,-0.108
04-Apr-2022,0.31,0.311,0.33,0.708,0.665,1.754,0.71,0.73,0.73,0.94,1.22,1.66,-0.66,-0.67,-0.69,-0.69,-0.63,-0.38,-0.087,-0.093,-0.101,-0.102,-0.104,-0.11
05-Apr-2022,0.31,0.309,0.37,0.725,0.693,1.811,0.71,0.73,0.73,0.94,1.22,1.66,-0.66,-0.67,-0.69,-0.69,-0.63,-0.36,-0.1,-0.103,-0.107,-0.105,-0.105,-0.11
06-Apr-2022,0.293,0.321,0.328,0.742,0.724,1.813,0.71,0.73,0.73,0.94,1.22,1.67,-0.66,-0.67,-0.69,-0.69,-0.63,-0.35,-0.098,-0.109,-0.111,-0.109,-0.106,-0.111
07-Apr-2022,0.292,0.32,0.328,0.772,0.736,1.821,0.71,0.73,0.73,0.94,1.22,1.67,-0.66,-0.67,-0.69,-0.69,-0.63,-0.33,-0.098,-0.109,-0.112,-0.109,-0.106,-0.111
08-Apr-2022,0.287,0.33,0.423,0.785,0.758,1.854,0.72,0.74,0.74,0.94,1.22,1.66,-0.66,-0.67,-0.69,-0.69,-0.63,-0.3,-0.106,-0.116,-0.116,-0.11,-0.108,-0.112
11-Apr-2022,0.293,0.332,0.445,0.806,0.773,1.861,0.72,0.74,0.74,0.95,1.23,1.67,-0.66,-0.67,-0.68,-0.68,-0.59,-0.27,-0.198,-0.164,-0.128,-0.116,-0.112,-0.114
12-Apr-2022,0.3,0.321,0.49,0.798,0.744,1.799,0.74,0.76,0.79,0.99,1.24,1.69,-0.66,-0.67,-0.68,-0.68,-0.59,-0.27,-0.2,-0.173,-0.133,-0.116,-0.114,-0.115
13-Apr-2022,0.29,0.302,0.505,0.816,1.267,1.792,0.74,0.76,0.79,0.99,1.24,1.69,-0.64,-0.67,-0.68,-0.68,-0.59,-0.27,-0.186,-0.157,-0.13,-0.115,-0.114,-0.114
14-Apr-2022,0.292,0.324,0.482,0.854,1.304,1.854,0.75,0.76,0.79,0.99,1.24,1.72,-0.63,-0.67,-0.68,-0.68,-0.59,-0.27,-0.148,-0.125,-0.12,-0.115,-0.113,-0.114
15-Apr-2022,0.292,0.324,0.482,0.854,1.304,1.854,0.75,0.76,0.79,0.99,1.24,1.72,-0.63,-0.67,-0.68,-0.68,-0.59,-0.27,-0.093,-0.107,-0.112,-0.114,-0.115,-0.115
18-Apr-2022,0.29,0.324,0.547,0.875,1.323,1.867,0.75,0.76,0.79,0.99,1.24,1.72,-0.63,-0.67,-0.68,-0.68,-0.59,-0.27,-0.088,-0.094,-0.104,-0.11,-0.112,-0.113
19-Apr-2022,0.286,0.294,0.564,0.902,1.378,1.963,0.76,0.77,0.86,1.03,1.3,1.77,-0.62,-0.66,-0.67,-0.67,-0.58,-0.28,-0.104,-0.097,-0.106,-0.11,-0.112,-0.113
20-Apr-2022,0.254,0.294,0.573,0.918,1.405,1.979,0.76,0.77,0.88,1.07,1.33,1.8,-0.62,-0.66,-0.67,-0.67,-0.57,-0.27,-0.088,-0.097,-0.106,-0.109,-0.112,-0.112
21-Apr-2022,0.32,0.324,0.624,0.972,1.473,2.089,0.75,0.77,0.88,1.07,1.33,1.8,-0.62,-0.66,-0.67,-0.67,-0.56,-0.23,-0.091,-0.098,-0.106,-0.108,-0.111,-0.112
22-Apr-2022,0.287,0.332,0.641,0.995,1.529,2.136,0.75,0.76,0.89,1.12,1.43,1.92,-0.62,-0.66,-0.68,-0.68,-0.53,-0.16,-0.091,-0.098,-0.107,-0.109,-0.112,-0.112
25-Apr-2022,0.263,0.33,0.659,1.011,1.545,2.122,0.75,0.76,0.9,1.12,1.43,1.88,-0.62,-0.66,-0.68,-0.68,-0.53,-0.14,-0.106,-0.128,-0.121,-0.117,-0.111,-0.111
26-Apr-2022,0.28,0.33,0.675,1.035,1.509,2.048,0.75,0.76,0.9,1.12,1.42,1.84,-0.62,-0.66,-0.68,-0.68,-0.54,-0.18,-0.111,-0.15,-0.135,-0.122,-0.112,-0.112
27-Apr-2022,0.29,0.385,0.732,1.057,1.572,2.107,0.75,0.76,0.91,1.12,1.42,1.84,-0.62,-0.66,-0.68,-0.68,-0.54,-0.18,-0.118,-0.173,-0.148,-0.125,-0.114,-0.111
28-Apr-2022,0.27,0.51,0.779,1.126,1.612,0.735,0.75,0.83,0.92,1.13,1.42,1.84,-0.62,-0.66,-0.68,-0.68,-0.54,-0.16,-0.128,-0.144,-0.14,-0.127,-0.114,-0.111
29-Apr-2022,0.247,0.591,0.806,1.177,1.688,0.847,0.75,0.94,0.96,1.16,1.44,1.85,-0.62,-0.66,-0.68,-0.67,-0.5,-0.1,-0.128,-0.144,-0.14,-0.127,-0.114,-0.111
02-May-2022,0.302,0.662,0.82,1.166,1.662,0.825,0.75,0.94,0.96,1.16,1.44,1.85,-0.65,-0.68,-0.68,-0.67,-0.5,-0.1,-0.109,-0.133,-0.127,-0.123,-0.113,-0.111
03-May-2022,0.3,0.738,0.838,1.197,1.712,0.875,0.75,0.95,0.97,1.16,1.48,1.92,-0.65,-0.68,-0.68,-0.67,-0.5,-0.08,-0.109,-0.133,-0.127,-0.123,-0.113,-0.111
04-May-2022,0.29,0.726,0.826,1.189,1.655,0.802,0.75,0.99,1.01,1.22,1.54,1.97,-0.65,-0.68,-0.68,-0.67,-0.5,-0.08,-0.109,-0.133,-0.127,-0.123,-0.113,-0.111
05-May-2022,0.781,0.72,0.82,1.2,1.682,0.84,0.99,0.99,1.01,1.13,1.4,1.84,-0.65,-0.68,-0.68,-0.67,-0.5,-0.1,-0.109,-0.133,-0.127,-0.123,-0.113,-0.111
06-May-2022,0.783,0.72,0.82,1.22,1.689,0.855,0.96,0.96,0.98,1.16,1.41,1.84,-0.65,-0.68,-0.68,-0.63,-0.46,-0.06,-0.107,-0.122,-0.125,-0.125,-0.114,-0.112
09-May-2022,0.77,0.79,0.82,1.214,1.666,0.747,0.97,0.97,0.99,1.16,1.41,1.85,-0.63,-0.68,-0.68,-0.63,-0.46,-0.04,-0.087,-0.093,-0.112,-0.119,-0.113,-0.111
10-May-2022,0.772,0.79,0.78,1.229,1.7,0.783,0.99,0.99,1.01,1.16,1.41,1.81,-0.63,-0.68,-0.68,-0.63,-0.46,-0.06,-0.088,-0.096,-0.11,-0.117,-0.112,-0.111
11-May-2022,0.783,0.79,0.78,1.252,1.717,0.821,0.99,0.99,1.01,1.16,1.41,1.79,-0.63,-0.68,-0.68,-0.63,-0.45,-0.04,-0.094,-0.102,-0.115,-0.118,-0.113,-0.111
12-May-2022,0.8,0.79,0.82,1.245,1.727,0.81,0.99,0.99,1.01,1.16,1.41,1.75,-0.63,-0.68,-0.68,-0.63,-0.45,-0.1,-0.092,-0.102,-0.115,-0.117,-0.113,-0.111
13-May-2022,0.804,0.79,0.838,1.255,1.735,0.827,0.99,0.99,1.01,1.16,1.41,1.75,-0.63,-0.68,-0.68,-0.63,-0.45,-0.09,-0.089,-0.103,-0.115,-0.119,-0.113,-0.111
16-May-2022,0.804,0.854,0.911,1.285,1.673,1.878,0.99,0.99,1.01,1.19,1.44,1.79,-0.63,-0.68,-0.68,-0.63,-0.42,-0.03,-0.098,-0.106,-0.118,-0.12,-0.113,-0.111
17-May-2022,0.8,0.854,0.913,1.3,1.718,1.959,0.99,0.99,1.01,1.19,1.5,1.84,-0.63,-0.68,-0.68,-0.62,-0.37,0.07,-0.104,-0.131,-0.125,-0.121,-0.114,-0.112
18-May-2022,0.79,0.822,0.914,1.319,1.715,1.951,0.99,0.99,1.01,1.19,1.5,1.91,-0.63,-0.68,-0.68,-0.61,-0.37,0.12,-0.098,-0.121,-0.124,-0.123,-0.114,-0.112
19-May-2022,0.79,0.812,0.914,1.334,1.72,0.802,0.99,0.99,1.01,1.25,1.53,1.92,-0.63,-0.68,-0.68,-0.61,-0.35,0.11,-0.098,-0.112,-0.121,-0.121,-0.114,-0.111
20-May-2022,0.79,0.831,0.966,1.338,1.717,0.79,0.99,0.99,1.01,1.25,1.53,1.92,-0.63,-0.68,-0.68,-0.61,-0.35,0.11,-0.099,-0.108,-0.119,-0.121,-0.114,-0.111
23-May-2022,0.797,0.831,0.967,1.364,1.745,0.824,0.99,0.99,1.01,1.25,1.53,1.92,-0.62,-0.67,-0.68,-0.61,-0.35,0.09,-0.1,-0.109,-0.118,-0.118,-0.113,-0.111
24-May-2022,0.79,0.831,1.003,1.422,1.801,0.746,0.99,0.99,1.01,1.28,1.55,1.96,-0.62,-0.67,-0.68,-0.61,-0.33,0.09,-0.099,-0.108,-0.119,-0.118,-0.115,-0.112
25-May-2022,0.78,0.812,1.009,1.401,1.798,0.738,1,1,1.02,1.24,1.52,1.9,-0.62,-0.67,-0.68,-0.61,-0.33,0.1,-0.1,-0.108,-0.119,-0.118,-0.114,-0.113
26-May-2022,0.79,0.81,1.062,1.429,1.822,0.756,1,1,1.02,1.24,1.52,1.9,-0.62,-0.67,-0.68,-0.61,-0.33,0.1,-0.1,-0.106,-0.119,-0.117,-0.114,-0.114
27-May-2022,0.777,0.81,1.062,1.429,1.821,0.758,1,1,1.06,1.28,1.56,1.96,-0.62,-0.66,-0.67,-0.6,-0.32,0.11,-0.088,-0.1,-0.117,-0.117,-0.114,-0.114
30-May-2022,0.777,0.81,1.072,1.44,1.852,0.822,1,1,1.07,1.29,1.57,1.97,-0.62,-0.66,-0.68,-0.58,-0.32,0.14,-0.088,-0.1,-0.118,-0.113,-0.112,-0.111
31-May-2022,0.808,0.81,1.072,1.451,1.87,0.836,1.04,1.04,1.11,1.33,1.61,2.02,-0.62,-0.66,-0.68,-0.56,-0.3,0.16,-0.096,-0.1,-0.117,-0.115,-0.112,-0.111
01-Jun-2022,0.8,0.81,1.123,1.478,1.905,0.898,1.08,1.08,1.15,1.37,1.65,2.08,-0.62,-0.66,-0.68,-0.55,-0.28,0.18,-0.093,-0.097,-0.116,-0.113,-0.112,-0.111
02-Jun-2022,0.8,0.81,1.161,1.5,1.926,0.913,1.08,1.08,1.15,1.37,1.65,2.08,-0.62,-0.66,-0.68,-0.55,-0.26,0.24,-0.089,-0.095,-0.113,-0.114,-0.112,-0.112
03-Jun-2022,0.759,0.81,1.179,1.513,1.942,0.937,1.08,1.08,1.15,1.37,1.65,2.08,-0.62,-0.66,-0.68,-0.52,-0.24,0.29,-0.087,-0.092,-0.112,-0.113,-0.112,-0.112
06-Jun-2022,0.78,0.81,1.198,1.529,1.961,0.974,1.08,1.08,1.15,1.39,1.68,2.08,-0.62,-0.66,-0.68,-0.52,-0.22,0.31,-0.091,-0.089,-0.109,-0.111,-0.112,-0.112
07-Jun-2022,0.75,0.79,1.251,1.513,1.965,0.969,1.09,1.09,1.16,1.39,1.68,2.19,-0.62,-0.66,-0.68,-0.52,-0.21,0.32,-0.083,-0.089,-0.109,-0.111,-0.112,-0.112
08-Jun-2022,0.757,0.863,1.263,1.533,1.991,1.004,1.1,1.09,1.17,1.37,1.69,2.2,-0.62,-0.66,-0.68,-0.52,-0.2,0.37,-0.086,-0.089,-0.107,-0.111,-0.112,-0.112
09-Jun-2022,0.759,1.114,1.317,1.572,2.032,1.058,1.14,1.13,1.19,1.41,1.73,2.2,-0.62,-0.66,-0.68,-0.52,-0.16,0.37,-0.087,-0.089,-0.107,-0.111,-0.112,-0.112
10-Jun-2022,0.754,1.181,1.366,1.649,2.188,1.316,1.14,1.15,1.25,1.47,1.79,2.27,-0.62,-0.66,-0.67,-0.52,-0.15,0.54,-0.086,-0.089,-0.108,-0.111,-0.112,-0.112
13-Jun-2022,0.709,1.375,1.526,1.868,2.47,1.68,1.15,1.16,1.25,1.49,1.88,2.49,-0.62,-0.66,-0.68,-0.51,-0.15,0.54,-0.085,-0.09,-0.108,-0.112,-0.111,-0.111
14-Jun-2022,0.709,1.375,1.576,1.937,2.571,1.742,1.21,1.3,1.31,1.55,1.94,2.6,-0.62,-0.66,-0.69,-0.47,-0.03,0.75,-0.087,-0.094,-0.109,-0.111,-0.111,-0.112
15-Jun-2022,0.723,1.54,1.611,1.944,2.54,1.615,1.21,1.3,1.31,1.55,1.94,2.6,-0.62,-0.66,-0.69,-0.47,-0.03,0.75,-0.091,-0.108,-0.122,-0.111,-0.111,-0.111
16-Jun-2022,1.495,1.54,1.613,1.979,2.596,1.624,1.21,1.26,1.27,1.54,2.01,2.67,-0.62,-0.66,-0.69,-0.44,0.02,0.75,-0.102,-0.148,-0.149,-0.123,-0.117,-0.115
17-Jun-2022,1.47,1.54,1.612,1.99,2.616,1.641,1.21,1.26,1.27,1.54,2.01,2.67,-0.62,-0.66,-0.69,-0.44,0.02,0.77,-0.143,-0.156,-0.154,-0.131,-0.124,-0.118
20-Jun-2022,1.47,1.54,1.612,1.99,2.616,1.641,1.19,1.24,1.25,1.54,2.01,2.67,-0.62,-0.66,-0.69,-0.44,0.02,0.72,-0.114,-0.124,-0.141,-0.127,-0.122,-0.117
21-Jun-2022,1.483,1.54,1.5,2.015,2.656,1.68,1.19,1.24,1.25,1.54,2.09,2.74,-0.62,-0.66,-0.69,-0.44,0.01,0.73,-0.137,-0.131,-0.142,-0.13,-0.123,-0.118
22-Jun-2022,1.492,1.54,1.501,2.048,2.663,1.597,1.19,1.24,1.25,1.54,2.09,2.71,-0.62,-0.66,-0.69,-0.44,0.02,0.72,-0.113,-0.129,-0.145,-0.131,-0.125,-0.12
23-Jun-2022,1.492,1.545,1.51,2.081,2.658,1.554,1.19,1.21,1.22,1.55,2.05,2.71,-0.62,-0.74,-0.71,-0.44,-0.03,0.72,-0.135,-0.193,-0.169,-0.143,-0.134,-0.127
24-Jun-2022,1.518,1.55,1.517,2.076,2.633,1.537,1.19,1.21,1.22,1.55,2.01,2.64,-0.62,-0.96,-0.71,-0.44,-0.03,0.6,-0.1,-0.182,-0.154,-0.144,-0.135,-0.127
27-Jun-2022,1.559,1.493,1.535,2.105,2.67,1.582,1.2,1.22,1.23,1.56,2.02,2.52,-0.62,-0.77,-0.71,-0.43,-0.03,0.6,-0.087,-0.167,-0.147,-0.142,-0.134,-0.13
28-Jun-2022,1.542,1.492,1.533,2.104,2.668,1.586,1.2,1.22,1.23,1.56,2.02,2.52,-0.62,-0.77,-0.71,-0.43,0.02,0.68,-0.087,-0.157,-0.145,-0.139,-0.133,-0.129
29-Jun-2022,1.54,1.55,1.607,2.128,2.681,1.597,1.18,1.2,1.23,1.55,2.02,2.58,-0.64,-0.69,-0.67,-0.39,0.02,0.68,-0.093,-0.164,-0.146,-0.139,-0.133,-0.129
30-Jun-2022,1.466,1.55,1.694,2.161,2.687,1.549,1.2,1.22,1.23,1.57,2.02,2.59,-0.63,-0.64,-0.62,-0.38,0.01,0.52,-0.233,-0.139,-0.137,-0.136,-0.131,-0.128
01-Jul-2022,1.532,1.57,1.797,2.172,2.676,1.473,1.18,1.2,1.21,1.55,2,2.5,-0.63,-0.64,-0.62,-0.38,0.01,0.52,-0.114,-0.144,-0.146,-0.143,-0.132,-0.129
04-Jul-2022,1.532,1.57,1.797,2.172,2.676,1.473,1.18,1.2,1.21,1.59,2.01,2.47,-0.63,-0.64,-0.6,-0.37,-0.01,0.51,-0.095,-0.137,-0.149,-0.144,-0.134,-0.129
05-Jul-2022,1.48,1.57,1.805,2.181,2.675,1.455,1.21,1.23,1.24,1.62,2.04,2.52,-0.63,-0.64,-0.6,-0.39,-0.01,0.49,-0.147,-0.159,-0.161,-0.146,-0.135,-0.13
06-Jul-2022,1.55,1.57,1.822,2.245,2.741,1.551,1.22,1.24,1.24,1.63,2.05,2.47,-0.63,-0.64,-0.6,-0.36,-0.03,0.4,-0.106,-0.169,-0.167,-0.149,-0.135,-0.132
07-Jul-2022,1.55,1.57,1.89,2.259,2.758,1.577,1.22,1.24,1.25,1.63,2.05,2.49,-0.63,-0.64,-0.6,-0.34,0.02,0.46,-0.104,-0.158,-0.162,-0.151,-0.137,-0.134
08-Jul-2022,1.55,1.57,1.926,2.304,2.826,1.674,1.26,1.28,1.29,1.67,2.09,2.54,-0.63,-0.62,-0.55,-0.34,0.02,0.46,-0.104,-0.152,-0.161,-0.151,-0.137,-0.133
11-Jul-2022,1.55,1.57,1.974,2.323,2.834,1.64,1.28,1.3,1.31,1.67,2.09,2.57,-0.63,-0.62,-0.53,-0.29,0.1,0.56,-0.146,-0.161,-0.161,-0.15,-0.142,-0.134
12-Jul-2022,1.55,1.55,1.284,2.339,2.846,1.604,1.32,1.34,1.35,1.67,2.06,2.46,-0.63,-0.62,-0.53,-0.3,0.09,0.46,-0.119,-0.162,-0.16,-0.151,-0.141,-0.135
13-Jul-2022,1.55,1.55,1.398,2.553,3.099,1.816,1.38,1.4,1.41,1.73,2.12,2.51,-0.63,-0.62,-0.52,-0.26,0.13,0.55,-0.106,-0.161,-0.163,-0.153,-0.141,-0.135
14-Jul-2022,1.58,1.55,1.434,2.508,3.015,1.753,1.38,1.4,1.41,1.8,2.25,2.64,-0.63,-0.62,-0.52,-0.16,0.26,0.66,-0.099,-0.134,-0.144,-0.151,-0.14,-0.133
15-Jul-2022,1.56,1.55,1.429,2.469,2.967,1.704,1.4,1.42,1.43,1.82,2.27,2.66,-0.63,-0.62,-0.45,-0.16,0.24,0.64,-0.093,-0.124,-0.147,-0.148,-0.141,-0.136
18-Jul-2022,1.553,1.55,1.464,2.481,2.981,1.715,1.41,1.43,1.44,1.83,2.28,2.67,-0.62,-0.61,-0.46,-0.16,0.24,0.65,-0.093,-0.124,-0.147,-0.148,-0.141,-0.136
19-Jul-2022,1.55,1.55,1.493,2.515,3.026,1.77,1.43,1.45,1.46,1.85,2.28,2.67,-0.61,-0.57,-0.42,-0.12,0.28,0.71,-0.099,-0.122,-0.144,-0.147,-0.14,-0.136
20-Jul-2022,1.534,1.665,1.506,2.529,3.016,1.754,1.43,1.45,1.48,1.87,2.3,2.71,-0.61,-0.48,-0.35,-0.08,0.34,0.73,-0.103,-0.141,-0.148,-0.148,-0.143,-0.137
21-Jul-2022,1.53,1.999,1.573,2.552,3.005,1.675,1.43,1.45,1.49,1.84,2.3,2.75,-0.61,-0.3,-0.21,0.06,0.48,0.91,-0.126,-0.155,-0.158,-0.15,-0.146,-0.142
22-Jul-2022,1.53,2.098,1.584,2.539,2.955,1.571,1.43,1.45,1.49,1.84,2.3,2.75,-0.61,-0.21,-0.21,0,0.35,0.71,-0.102,-0.15,-0.156,-0.153,-0.147,-0.142
25-Jul-2022,1.549,2.221,1.617,2.563,2.985,1.618,1.43,1.45,1.5,1.81,2.23,2.59,-0.61,-0.21,-0.2,0,0.37,0.68,-0.095,-0.139,-0.153,-0.15,-0.149,-0.144
26-Jul-2022,1.56,1.929,1.636,2.578,3.001,1.638,1.43,1.45,1.54,1.85,2.25,2.58,-0.61,-0.19,-0.2,0,0.37,0.68,-0.093,-0.134,-0.15,-0.15,-0.148,-0.144
27-Jul-2022,1.553,2.269,2.28,2.58,2.96,1.583,1.43,1.5,1.59,1.9,2.3,2.63,-0.2,-0.18,-0.2,0,0.37,0.68,-0.093,-0.134,-0.149,-0.15,-0.147,-0.144
28-Jul-2022,2.27,2.269,2.28,2.582,2.938,1.517,1.45,1.52,1.59,1.9,2.3,2.63,-0.19,-0.17,-0.18,0.01,0.38,0.69,-0.14,-0.17,-0.158,-0.15,-0.15,-0.144
29-Jul-2022,2.32,2.27,2.28,2.593,2.968,1.565,1.45,1.53,1.61,1.83,2.23,2.56,-0.2,-0.18,-0.19,0.03,0.34,0.6,-0.115,-0.148,-0.154,-0.15,-0.149,-0.144
01-Aug-2022,2.31,2.27,2.282,2.592,2.947,1.54,1.45,1.56,1.61,1.83,2.23,2.56,-0.2,-0.18,-0.19,0.03,0.34,0.6,-0.099,-0.136,-0.149,-0.148,-0.149,-0.145
02-Aug-2022,2.313,2.27,2.283,2.624,3.018,1.661,1.22,1.57,1.62,1.87,2.24,2.53,-0.2,-0.18,-0.19,0.03,0.28,0.54,-0.103,-0.137,-0.148,-0.149,-0.15,-0.142
03-Aug-2022,2.31,2.31,2.283,2.647,3.027,1.686,1.17,1.61,1.63,1.9,2.28,2.6,-0.2,-0.18,-0.19,0.07,0.34,0.62,-0.095,-0.122,-0.141,-0.147,-0.151,-0.141
04-Aug-2022,2.31,2.31,2.283,2.655,3.036,1.688,1.7,1.7,1.7,1.93,2.28,2.67,-0.2,-0.18,-0.19,0.09,0.36,0.64,-0.095,-0.119,-0.139,-0.144,-0.15,-0.141
05-Aug-2022,2.31,2.31,2.291,2.726,3.156,1.859,1.7,1.7,1.7,1.98,2.33,2.67,-0.2,-0.18,-0.19,0.11,0.38,0.68,-0.092,-0.109,-0.137,-0.142,-0.15,-0.142
08-Aug-2022,2.31,2.305,2.297,2.732,3.151,1.847,1.68,1.68,1.68,2,2.41,2.77,-0.2,-0.18,-0.19,0.11,0.38,0.73,-0.089,-0.102,-0.13,-0.134,-0.149,-0.141
09-Aug-2022,2.305,2.305,2.292,2.769,3.187,1.894,1.68,1.68,1.68,2,2.4,2.76,-0.2,-0.18,-0.19,0.13,0.43,0.79,-0.087,-0.1,-0.127,-0.132,-0.147,-0.14
10-Aug-2022,2.305,2.305,2.287,2.728,3.135,1.844,1.68,1.68,1.68,2.01,2.44,2.84,-0.2,-0.18,-0.19,0.15,0.46,0.83,-0.086,-0.099,-0.125,-0.129,-0.148,-0.141
11-Aug-2022,2.31,2.305,2.287,2.741,3.147,1.861,1.69,1.69,1.69,2.01,2.43,2.8,-0.2,-0.18,-0.17,0.15,0.44,0.78,-0.086,-0.099,-0.125,-0.129,-0.148,-0.141
12-Aug-2022,2.29,2.305,2.289,2.756,3.159,1.887,1.69,1.69,1.69,2.06,2.48,2.85,-0.18,-0.18,-0.17,0.15,0.44,0.78,-0.087,-0.099,-0.118,-0.123,-0.147,-0.14
15-Aug-2022,2.31,2.305,2.289,2.735,3.15,1.853,1.69,1.69,1.69,2.06,2.48,2.9,-0.18,-0.18,-0.14,0.15,0.44,0.78,-0.088,-0.099,-0.116,-0.123,-0.146,-0.141
16-Aug-2022,2.302,2.305,2.292,2.75,3.178,1.887,1.69,1.69,1.69,2.09,2.51,2.94,-0.18,-0.18,-0.14,0.15,0.41,0.76,-0.086,-0.096,-0.114,-0.121,-0.147,-0.141
17-Aug-2022,2.3,2.305,2.292,2.765,3.185,1.919,1.73,1.73,1.73,2.13,2.6,3.08,-0.18,-0.18,-0.12,0.22,0.47,0.85,-0.086,-0.096,-0.112,-0.121,-0.146,-0.141
18-Aug-2022,2.297,2.31,2.292,2.769,3.191,1.888,1.73,1.73,1.75,2.21,2.68,3.16,-0.18,-0.18,-0.08,0.27,0.52,0.92,-0.085,-0.095,-0.112,-0.121,-0.143,-0.137
19-Aug-2022,2.29,2.31,2.314,2.788,3.211,1.912,1.73,1.73,1.75,2.21,2.73,3.24,-0.18,-0.18,-0.08,0.27,0.55,0.95,-0.085,-0.094,-0.113,-0.124,-0.145,-0.142
22-Aug-2022,2.29,2.31,2.373,2.836,3.267,1.992,1.73,1.73,1.82,2.28,2.8,3.31,-0.18,-0.18,-0.05,0.28,0.57,0.99,-0.086,-0.095,-0.116,-0.127,-0.146,-0.142
23-Aug-2022,2.289,2.31,2.371,2.834,3.278,1.996,1.75,1.73,1.84,2.3,2.82,3.4,-0.15,-0.18,-0.02,0.31,0.61,1.04,-0.089,-0.096,-0.119,-0.127,-0.145,-0.143
24-Aug-2022,2.289,2.314,2.377,2.92,3.266,2.549,1.75,1.75,1.89,2.31,2.86,3.52,-0.15,-0.18,-0.01,0.35,0.62,1.07,-0.093,-0.103,-0.122,-0.129,-0.146,-0.143
25-Aug-2022,2.29,2.321,2.435,2.944,3.286,2.563,1.75,1.75,1.9,2.31,2.92,3.61,-0.15,-0.18,0.04,0.35,0.61,1.07,-0.094,-0.107,-0.125,-0.13,-0.147,-0.144
26-Aug-2022,2.3,2.317,2.451,2.956,3.296,2.572,1.8,1.8,1.95,2.33,2.9,3.54,-0.15,-0.18,0.06,0.38,0.63,1.07,-0.093,-0.104,-0.125,-0.129,-0.147,-0.144
29-Aug-2022,2.29,2.319,2.466,2.991,3.344,2.622,1.8,1.8,1.95,2.33,2.9,3.54,-0.15,-0.18,0.12,0.49,0.83,1.33,-0.093,-0.105,-0.124,-0.128,-0.147,-0.144
30-Aug-2022,2.29,2.319,2.513,3,3.359,2.656,1.8,1.8,1.95,2.33,2.9,3.54,-0.15,-0.18,0.14,0.49,0.83,1.33,-0.096,-0.111,-0.128,-0.128,-0.147,-0.144
31-Aug-2022,2.284,2.319,2.524,3.022,3.387,2.702,1.77,1.77,2.02,2.41,2.99,3.67,-0.15,-0.18,0.19,0.56,0.86,1.37,-0.094,-0.107,-0.13,-0.128,-0.147,-0.144
01-Sep-2022,2.3,2.319,2.6,3.074,3.426,2.728,1.78,1.78,2.03,2.42,3,3.68,-0.15,-0.18,0.19,0.56,0.86,1.35,-0.093,-0.105,-0.132,-0.128,-0.147,-0.144
02-Sep-2022,2.298,2.322,2.598,3.044,3.371,2.631,1.78,1.78,2.03,2.52,3,3.75,-0.15,-0.18,0.19,0.5,0.86,1.35,-0.092,-0.098,-0.131,-0.127,-0.147,-0.144
05-Sep-2022,2.298,2.322,2.598,3.044,3.371,2.63,1.78,1.78,2.03,2.52,3,3.75,-0.15,-0.15,0.27,0.58,0.95,1.39,-0.087,-0.097,-0.134,-0.127,-0.147,-0.144
06-Sep-2022,2.298,2.322,2.671,3.107,3.463,2.742,1.78,1.78,2.12,2.55,3.09,3.74,-0.15,-0.05,0.25,0.53,0.89,1.37,-0.087,-0.096,-0.134,-0.129,-0.147,-0.145
07-Sep-2022,2.3,2.312,2.688,3.129,3.465,2.706,1.72,1.72,2.21,2.6,3.15,3.81,-0.15,0.2,0.3,0.54,0.9,1.35,-0.089,-0.093,-0.134,-0.129,-0.147,-0.146
08-Sep-2022,2.297,2.312,2.758,3.196,3.527,2.762,1.77,1.77,2.2,2.57,3.15,3.81,-0.15,0.2,0.3,0.63,1.01,1.46,-0.086,-0.092,-0.131,-0.127,-0.147,-0.145
09-Sep-2022,2.296,2.312,2.787,3.228,3.577,2.824,1.77,1.77,2.2,2.57,3.13,3.71,-0.15,0.48,0.47,0.74,1.12,1.58,-0.086,-0.091,-0.13,-0.129,-0.147,-0.145
12-Sep-2022,2.295,2.312,2.813,3.252,3.6,2.844,1.67,1.72,2.16,2.57,3.13,3.71,-0.15,0.44,0.44,0.73,1.16,1.55,-0.084,-0.091,-0.129,-0.128,-0.15,-0.146
13-Sep-2022,2.297,2.312,2.928,3.405,3.818,3.091,1.67,1.72,2.17,2.57,3.18,3.78,-0.15,0.5,0.43,0.73,1.16,1.63,-0.086,-0.094,-0.129,-0.128,-0.15,-0.146
14-Sep-2022,2.296,2.428,2.969,3.43,3.849,3.148,1.67,1.7,2.16,2.57,3.18,3.82,-0.38,0.05,0.31,0.73,1.16,1.71,-0.086,-0.097,-0.13,-0.128,-0.15,-0.146
15-Sep-2022,2.304,2.766,3.034,3.489,3.904,3.216,1.62,2.1,2.24,2.59,3.18,3.82,-0.16,0.01,0.28,0.73,1.16,1.71,-0.084,-0.101,-0.13,-0.128,-0.151,-0.146
16-Sep-2022,2.286,2.879,3.058,3.499,3.884,3.177,1.62,2.13,2.27,2.71,3.3,3.93,0.32,0.39,0.36,0.69,1.26,1.85,-0.087,-0.098,-0.128,-0.127,-0.151,-0.145
19-Sep-2022,2.274,2.993,3.084,3.526,3.922,3.239,1.62,2.13,2.27,2.71,3.3,3.93,0.32,0.39,0.36,0.69,1.26,1.85,-0.087,-0.098,-0.128,-0.127,-0.151,-0.145
20-Sep-2022,2.283,3.103,3.109,3.544,3.937,3.257,1.62,2.15,2.29,2.75,3.34,4,0.39,0.39,0.36,0.72,1.31,1.94,-0.087,-0.099,-0.13,-0.129,-0.151,-0.146
21-Sep-2022,2.23,3.066,3.071,3.529,3.966,3.338,1.62,2.17,2.31,2.76,3.36,4.05,0.49,0.43,0.36,0.77,1.34,1.96,-0.088,-0.099,-0.13,-0.13,-0.149,-0.146
22-Sep-2022,2.99,3.065,3.071,3.583,4.007,3.391,2.15,2.15,2.16,2.66,3.32,4.13,0.49,0.04,0.3,0.82,1.36,1.96,-0.086,-0.126,-0.129,-0.131,-0.149,-0.145
23-Sep-2022,2.997,3.068,3.076,3.592,4.024,3.427,1.67,1.92,2.32,2.84,3.59,4.47,0.51,0.04,0.32,0.83,1.37,2.06,-0.086,-0.126,-0.129,-0.131,-0.149,-0.145
26-Sep-2022,2.996,3.071,3.081,3.61,4.036,3.429,1.98,1.99,2.32,2.84,4.58,5.56,0.51,0.04,0.32,0.87,1.43,2.13,-0.085,-0.134,-0.128,-0.13,-0.149,-0.144
27-Sep-2022,2.985,3.071,3.081,3.588,3.983,3.322,2.02,2.02,2.32,3.29,4.17,5.04,0.51,0.04,0.32,0.87,1.38,2.06,-0.087,-0.136,-0.129,-0.129,-0.149,-0.144
28-Sep-2022,2.964,3.063,3.066,3.597,3.968,3.246,2.32,2.32,2.32,3.39,4.47,5.29,0.51,0.16,0.44,0.89,1.4,2.05,-0.087,-0.138,-0.129,-0.129,-0.149,-0.143
29-Sep-2022,2.989,3.063,3.066,3.637,4.006,3.292,2.23,2.32,2.35,3.42,4.35,5.22,0.56,0.47,0.49,0.87,1.51,2.11,-0.088,-0.122,-0.127,-0.128,-0.148,-0.143
30-Sep-2022,3.019,3.063,3.086,3.664,4.042,3.341,2.2,2.29,2.32,3.39,4.27,5.04,-0.4,0.47,0.54,0.87,1.49,2.06,-0.091,-0.104,-0.125,-0.139,-0.152,-0.144
03-Oct-2022,3.062,3.063,3.146,3.672,4.024,3.268,2.17,2.17,2.32,3.27,4.12,4.98,0.56,0.47,0.54,0.87,1.45,1.99,-0.096,-0.103,-0.128,-0.15,-0.15,-0.144
04-Oct-2022,3.05,3.063,3.151,3.696,4.044,3.277,2.17,2.12,2.2,3.18,3.97,4.8,0.56,0.47,0.55,0.87,1.4,1.87,-0.106,-0.116,-0.136,-0.162,-0.151,-0.144
05-Oct-2022,3.063,3.071,3.154,3.728,4.065,3.314,2.24,2.24,2.32,3.18,3.98,4.8,0.56,0.47,0.55,0.88,1.47,1.95,-0.104,-0.128,-0.139,-0.165,-0.151,-0.144
06-Oct-2022,3.067,3.071,3.297,3.792,4.148,3.415,2.24,2.24,2.32,3.21,4.05,4.89,0.56,0.48,0.62,0.94,1.51,2.05,-0.098,-0.121,-0.134,-0.164,-0.15,-0.144
07-Oct-2022,3.062,3.071,3.307,3.825,4.195,3.48,2.37,2.37,2.45,3.35,4.21,5.09,0.56,0.48,0.62,0.94,1.51,2.05,-0.086,-0.094,-0.126,-0.161,-0.15,-0.144
10-Oct-2022,3.062,3.071,3.308,3.83,4.212,3.508,2.42,2.42,2.5,3.37,4.23,5.1,0.54,0.48,0.67,0.94,1.51,2.07,-0.086,-0.094,-0.126,-0.161,-0.15,-0.144
11-Oct-2022,3.069,3.071,3.314,3.845,4.217,3.489,2.49,2.49,2.57,3.38,4.23,5.15,0.55,0.48,0.68,0.96,1.54,2.1,-0.081,-0.09,-0.126,-0.157,-0.151,-0.144
12-Oct-2022,3.06,3.071,3.321,3.879,4.224,3.485,2.48,2.48,2.56,3.35,4.23,5.11,0.55,0.5,0.74,0.92,1.48,2.14,-0.082,-0.09,-0.124,-0.157,-0.151,-0.144
13-Oct-2022,3.04,3.071,3.416,3.974,4.396,3.707,2.48,2.48,2.56,3.4,4.23,5.04,0.55,0.5,0.81,1,1.54,2.22,-0.115,-0.092,-0.124,-0.156,-0.149,-0.144
14-Oct-2022,3.05,3.071,3.438,3.983,4.414,3.744,2.52,2.52,2.6,3.32,4.14,4.87,0.55,0.5,0.82,1,1.55,2.16,-0.085,-0.092,-0.124,-0.156,-0.148,-0.144
17-Oct-2022,3.062,3.071,3.48,3.994,4.417,3.729,2.52,2.52,2.61,3.27,4.02,4.78,0.55,0.5,0.89,1.02,1.57,2.19,-0.084,-0.091,-0.121,-0.152,-0.147,-0.143
18-Oct-2022,3.06,3.071,3.493,4.002,4.406,3.695,2.52,2.52,2.65,3.25,3.98,4.68,0.55,0.5,0.9,1.03,1.6,2.23,-0.084,-0.09,-0.119,-0.151,-0.146,-0.142
19-Oct-2022,3.05,3.071,3.514,4.048,4.461,3.781,2.52,2.52,2.68,3.29,4.06,4.73,0.55,0.51,0.93,1.08,1.62,2.26,-0.084,-0.089,-0.119,-0.149,-0.145,-0.139
20-Oct-2022,3.043,3.071,3.599,4.089,4.505,3.832,2.52,2.52,2.68,3.28,3.97,4.67,0.55,0.51,1.01,1.11,1.67,2.31,-0.085,-0.087,-0.113,-0.149,-0.143,-0.135
21-Oct-2022,3.043,3.071,3.608,4.064,4.432,3.718,2.52,2.52,2.73,3.25,3.91,4.62,0.55,0.51,1.02,1.13,1.7,2.35,-0.075,-0.083,-0.109,-0.143,-0.143,-0.133
24-Oct-2022,3.038,3.071,3.649,4.092,4.475,3.763,2.52,2.52,2.7,3.25,3.82,4.48,0.55,0.51,0.98,1.13,1.64,2.22,-0.074,-0.084,-0.108,-0.143,-0.141,-0.132
25-Oct-2022,3.041,3.071,3.665,4.097,4.467,3.742,2.52,2.62,2.74,3.25,3.86,4.5,0.55,0.61,0.97,1.12,1.67,2.19,-0.076,-0.088,-0.109,-0.142,-0.141,-0.134
26-Oct-2022,3.043,3.359,3.708,4.096,4.433,3.69,2.52,2.62,2.74,3.25,3.86,4.5,0.55,0.61,0.97,1.12,1.67,2.19,-0.086,-0.091,-0.111,-0.139,-0.141,-0.133
27-Oct-2022,3.052,3.678,3.768,4.117,4.411,3.614,2.52,2.63,2.75,3.25,3.75,4.38,0.55,1.03,1.05,1.18,1.63,2.05,-0.085,-0.092,-0.112,-0.139,-0.14,-0.131
28-Oct-2022,3.06,3.783,3.791,4.146,4.488,3.749,2.52,2.66,2.74,3.25,3.67,4.24,0.55,1.09,1.05,1.18,1.7,2.13,-0.084,-0.092,-0.111,-0.136,-0.141,-0.13
31-Oct-2022,3.047,3.897,3.825,4.178,4.538,3.812,1.94,2.67,2.76,3.18,3.74,4.33,0.55,1.23,1.25,1.28,1.74,2.2,-0.085,-0.092,-0.109,-0.136,-0.139,-0.132
01-Nov-2022,3.057,3.771,3.849,4.194,4.556,3.868,1.94,2.65,2.74,3.16,3.7,4.3,0.23,1.23,1.25,1.28,1.74,2.18,-0.085,-0.09,-0.109,-0.134,-0.14,-0.134
02-Nov-2022,3.059,3.802,3.864,4.235,4.559,3.9,1.94,2.77,2.77,3.18,3.71,4.3,1.19,1.23,1.23,1.32,1.84,2.24,-0.084,-0.091,-0.108,-0.135,-0.14,-0.134
03-Nov-2022,3.799,3.847,3.842,4.252,4.604,3.96,2.71,2.77,2.77,3.18,3.71,4.3,1.19,1.23,1.23,1.34,1.88,2.32,-0.084,-0.091,-0.108,-0.135,-0.14,-0.134
04-Nov-2022,3.79,3.847,3.843,4.249,4.576,3.914,2.76,2.81,2.81,3.24,3.74,4.3,1.22,1.23,1.23,1.35,1.91,2.37,-0.084,-0.089,-0.108,-0.134,-0.14,-0.134
07-Nov-2022,3.791,3.847,3.84,4.272,4.609,3.954,2.79,2.84,2.84,3.27,3.74,4.3,1.22,1.23,1.23,1.35,1.91,2.36,-0.084,-0.089,-0.109,-0.131,-0.139,-0.134
08-Nov-2022,3.795,3.826,3.823,4.275,4.594,3.815,2.79,2.84,2.84,3.27,3.75,4.3,1.22,1.23,1.23,1.35,1.94,2.36,-0.086,-0.089,-0.109,-0.13,-0.139,-0.134
09-Nov-2022,3.786,3.826,3.817,4.31,4.609,3.776,2.81,2.86,2.86,3.29,3.77,4.28,1.25,1.26,1.26,1.39,1.94,2.37,-0.085,-0.089,-0.11,-0.128,-0.138,-0.132
10-Nov-2022,3.794,3.826,3.815,4.278,4.541,3.641,2.84,2.89,2.89,3.29,3.76,4.28,1.29,1.3,1.3,1.44,1.97,2.28,-0.084,-0.089,-0.11,-0.126,-0.135,-0.132
11-Nov-2022,3.794,3.826,3.815,4.278,4.541,3.641,2.84,2.89,2.89,3.29,3.72,4.2,1.29,1.3,1.3,1.51,1.97,2.36,-0.085,-0.089,-0.109,-0.125,-0.133,-0.131
14-Nov-2022,3.813,3.826,3.851,4.296,4.553,3.672,2.84,2.89,2.89,3.29,3.72,4.2,1.29,1.3,1.3,1.51,2,2.44,-0.084,-0.091,-0.11,-0.127,-0.133,-0.131
15-Nov-2022,3.823,3.841,3.851,4.332,4.541,3.638,2.83,2.87,2.87,3.3,3.72,4.2,1.26,1.27,1.27,1.51,1.97,2.36,-0.084,-0.093,-0.112,-0.126,-0.133,-0.13
16-Nov-2022,3.824,3.841,3.853,4.356,4.555,3.662,2.81,2.85,2.85,3.41,3.78,4.28,1.26,1.27,1.27,1.51,1.95,2.32,-0.085,-0.094,-0.112,-0.126,-0.133,-0.13
17-Nov-2022,3.821,3.841,3.898,4.385,4.608,3.734,2.82,2.85,2.85,3.41,3.78,4.28,1.27,1.28,1.28,1.52,1.96,2.29,-0.084,-0.093,-0.114,-0.127,-0.133,-0.129
18-Nov-2022,3.818,3.841,3.917,4.408,4.643,3.8,2.84,2.87,2.85,3.41,3.78,4.28,1.27,1.28,1.28,1.54,1.96,2.4,-0.085,-0.094,-0.115,-0.126,-0.132,-0.129
21-Nov-2022,3.818,3.841,3.939,4.422,4.663,3.819,2.84,2.87,2.93,3.41,3.84,4.32,1.29,1.3,1.32,1.58,1.96,2.38,-0.092,-0.098,-0.119,-0.127,-0.131,-0.129
22-Nov-2022,3.819,3.845,4.006,4.427,4.689,4.296,2.84,2.87,2.95,3.43,3.85,4.32,1.29,1.3,1.39,1.58,2,2.39,-0.092,-0.101,-0.121,-0.128,-0.13,-0.129
23-Nov-2022,3.78,3.849,4.026,4.432,4.68,4.26,2.84,2.87,2.99,3.43,3.86,4.32,1.29,1.3,1.39,1.6,2.04,2.43,-0.092,-0.101,-0.121,-0.128,-0.13,-0.129
24-Nov-2022,3.78,3.849,4.026,4.432,4.68,4.26,2.84,2.87,3.07,3.43,3.86,4.31,1.31,1.32,1.37,1.6,2.04,2.38,-0.093,-0.102,-0.12,-0.129,-0.129,-0.128
25-Nov-2022,3.815,3.846,4.043,4.441,4.689,4.051,2.84,2.87,3.1,3.48,3.9,4.37,1.31,1.32,1.4,1.65,2.09,2.43,-0.097,-0.104,-0.121,-0.13,-0.129,-0.128
28-Nov-2022,3.831,3.843,4.059,4.442,4.68,4.242,2.84,2.87,3.1,3.48,3.9,4.37,1.31,1.32,1.41,1.66,2.12,2.47,-0.119,-0.127,-0.132,-0.139,-0.131,-0.13
29-Nov-2022,3.838,3.843,4.096,4.449,4.69,4.266,2.84,2.87,3.13,3.5,3.9,4.35,1.31,1.32,1.1,1.63,2.07,2.38,-0.107,-0.122,-0.135,-0.139,-0.131,-0.128
30-Nov-2022,3.838,3.843,4.097,4.436,4.653,4.178,2.84,2.87,3.16,3.5,3.94,4.37,1.31,1.32,1.1,1.63,2.07,2.38,-0.115,-0.126,-0.148,-0.14,-0.131,-0.129
01-Dec-2022,3.836,3.843,4.141,4.465,4.648,4.141,2.84,2.87,3.2,3.52,3.93,4.34,1.31,1.32,1.14,1.66,2.06,2.32,-0.104,-0.124,-0.154,-0.139,-0.131,-0.129
02-Dec-2022,3.837,3.843,4.155,4.475,4.672,4.173,2.84,2.87,3.2,3.52,3.93,4.34,1.31,1.32,1.14,1.65,2.06,2.3,-0.103,-0.123,-0.153,-0.14,-0.132,-0.128
05-Dec-2022,3.837,3.843,4.181,4.493,4.718,4.266,2.84,2.87,3.25,3.57,3.96,4.38,1.31,1.32,1.23,1.66,2.1,2.37,-0.102,-0.117,-0.153,-0.139,-0.131,-0.128
06-Dec-2022,3.815,3.843,4.191,4.5,4.713,4.237,2.84,2.87,3.28,3.6,3.98,4.4,1.31,1.32,1.23,1.66,2.1,2.37,-0.099,-0.114,-0.152,-0.139,-0.131,-0.128
07-Dec-2022,3.804,3.839,4.267,4.562,4.694,4.191,2.94,2.97,3.29,3.6,3.98,4.38,1.31,1.32,1.24,1.66,2.1,2.35,-0.098,-0.109,-0.152,-0.139,-0.13,-0.125
08-Dec-2022,3.817,3.839,4.315,4.593,4.717,4.22,2.94,2.97,3.31,3.58,3.99,4.38,1.31,1.32,1.31,1.71,2.14,2.36,-0.096,-0.109,-0.153,-0.138,-0.13,-0.125
09-Dec-2022,3.826,4.131,4.329,4.605,4.733,4.243,2.94,3.26,3.37,3.61,4,4.38,1.31,1.32,1.31,1.71,2.14,2.36,-0.097,-0.107,-0.151,-0.138,-0.13,-0.125
12-Dec-2022,3.829,4.208,4.352,4.624,4.756,4.263,2.94,3.27,3.38,3.62,4.01,4.39,1.31,1.32,1.36,1.74,2.14,2.37,-0.089,-0.102,-0.151,-0.137,-0.13,-0.126
13-Dec-2022,3.82,4.279,4.352,4.595,4.687,4.144,2.94,3.28,3.38,3.62,4.03,4.43,1.31,1.32,1.36,1.75,2.15,2.39,-0.086,-0.098,-0.151,-0.138,-0.13,-0.126
14-Dec-2022,3.812,4.274,4.375,4.593,4.684,4.138,2.94,3.38,3.41,3.62,4.01,4.38,1.31,1.32,1.38,1.75,2.14,2.39,-0.086,-0.1,-0.149,-0.137,-0.13,-0.126
15-Dec-2022,4.362,4.352,4.362,4.606,4.704,4.409,2.94,3.38,3.41,3.62,4.01,4.38,1.31,1.7,1.4,1.75,2.14,2.39,-0.086,-0.099,-0.148,-0.139,-0.13,-0.126
16-Dec-2022,4.352,4.352,4.372,4.606,4.686,4.364,3.46,3.4,3.43,3.64,4,4.35,1.31,1.74,1.41,1.85,2.24,2.61,-0.086,-0.1,-0.149,-0.14,-0.13,-0.126
19-Dec-2022,4.329,4.342,4.371,4.621,4.715,4.411,3.4,3.39,3.42,3.65,4.03,4.38,1.31,1.75,1.41,1.81,2.25,2.62,-0.086,-0.099,-0.151,-0.137,-0.13,-0.122
20-Dec-2022,4.3,4.342,4.373,4.625,4.712,4.403,3.4,3.39,3.42,3.66,4.03,4.43,1.31,1.75,1.42,1.83,2.29,2.66,-0.087,-0.099,-0.154,-0.138,-0.13,-0.12
21-Dec-2022,4.3,4.342,4.369,4.619,4.7,4.379,3.4,3.39,3.42,3.66,4.03,4.43,1.69,1.69,1.42,1.84,2.3,2.69,-0.099,-0.131,-0.171,-0.143,-0.13,-0.112
22-Dec-2022,4.307,4.342,4.37,4.646,4.734,4.417,3.4,3.4,3.41,3.68,4.04,4.43,1.69,-0.39,1.42,1.87,2.34,2.73,-0.091,-0.129,-0.176,-0.145,-0.129,-0.109
23-Dec-2022,4.294,4.342,4.37,4.656,4.747,4.438,3.4,3.4,3.41,3.68,4.07,4.46,1.69,-0.39,1.42,1.87,2.34,2.73,-0.094,-0.216,-0.176,-0.146,-0.129,-0.105
26-Dec-2022,4.294,4.342,4.37,4.656,4.747,4.438,3.4,3.4,3.41,3.68,4.07,4.46,1.69,-0.39,1.42,1.87,2.34,2.73,-0.091,-0.209,-0.172,-0.147,-0.129,-0.106
27-Dec-2022,4.321,4.342,4.37,4.668,4.777,4.489,3.4,3.4,3.41,3.68,4.07,4.46,1.49,-0.39,1.42,1.87,2.37,2.76,-0.089,-0.192,-0.159,-0.149,-0.129,-0.103
28-Dec-2022,4.306,4.342,4.37,4.666,4.757,4.469,3.4,3.4,3.41,3.73,4.1,4.49,1.49,-0.34,1.45,1.9,2.4,2.79,-0.089,-0.183,-0.154,-0.147,-0.126,-0.103
29-Dec-2022,4.304,4.342,4.37,4.695,4.777,4.477,3.4,3.4,3.41,3.73,4.1,4.49,1.47,1.77,1.77,2.07,2.49,2.9,-0.091,-0.154,-0.142,-0.144,-0.127,-0.101
30-Dec-2022,4.279,4.342,4.416,4.714,4.806,4.515,3.52,3.43,3.42,3.75,4.1,4.47,1.47,1.77,1.77,2.07,2.5,2.93,-0.091,-0.11,-0.129,-0.138,-0.123,-0.101
02-Jan-2023,4.279,4.342,4.416,4.714,4.806,4.515,3.52,3.43,3.42,3.75,4.1,4.47,1.77,1.77,1.77,2.09,2.51,2.93,-0.091,-0.11,-0.129,-0.138,-0.123,-0.101
03-Jan-2023,4.321,4.342,4.41,4.697,4.795,4.486,3.42,3.42,3.41,3.75,4.1,4.47,1.77,1.77,1.77,2.1,2.51,2.91,-0.091,-0.11,-0.129,-0.138,-0.123,-0.101
04-Jan-2023,4.314,4.342,4.41,4.701,4.793,4.481,3.44,3.44,3.43,3.77,4.09,4.46,1.77,1.77,1.77,2.11,2.5,2.85,-0.091,-0.105,-0.124,-0.135,-0.12,-0.1
05-Jan-2023,4.32,4.342,4.45,4.749,4.849,4.562,3.45,3.45,3.46,3.77,4.09,4.4,1.77,1.77,1.79,2.16,2.54,2.9,-0.093,-0.104,-0.124,-0.129,-0.114,-0.099
06-Jan-2023,4.31,4.342,4.451,4.72,4.802,4.468,3.48,3.48,3.49,3.8,4.13,4.44,1.77,1.77,1.79,2.17,2.56,2.92,-0.091,-0.103,-0.123,-0.127,-0.108,-0.098
09-Jan-2023,4.321,4.342,4.472,4.716,4.79,4.441,3.5,3.5,3.51,3.82,4.13,4.44,1.87,1.84,1.84,2.17,2.56,2.92,-0.091,-0.103,-0.123,-0.127,-0.108,-0.098
10-Jan-2023,4.327,4.342,4.505,4.68,4.794,4.451,3.5,3.5,3.56,3.84,4.13,4.42,1.87,1.84,1.84,2.17,2.58,2.93,-0.092,-0.107,-0.126,-0.127,-0.11,-0.099
11-Jan-2023,4.323,4.342,4.51,4.689,4.803,4.451,3.5,3.5,3.57,3.86,4.13,4.42,1.87,1.84,1.84,2.19,2.58,2.93,-0.097,-0.109,-0.127,-0.127,-0.109,-0.097
12-Jan-2023,4.327,4.342,4.48,4.695,4.784,4.422,3.5,3.5,3.57,3.86,4.13,4.42,1.87,1.84,1.91,2.19,2.58,2.93,-0.094,-0.109,-0.127,-0.128,-0.109,-0.093
13-Jan-2023,4.311,4.342,4.501,4.701,4.79,4.446,3.5,3.5,3.6,3.89,4.13,4.37,1.87,1.84,1.93,2.23,2.59,2.91,-0.096,-0.112,-0.129,-0.129,-0.107,-0.091
16-Jan-2023,4.311,4.342,4.501,4.701,4.79,4.446,3.5,3.5,3.63,3.89,4.13,4.37,1.87,1.84,1.97,2.24,2.6,2.93,-0.096,-0.119,-0.133,-0.132,-0.106,-0.087
17-Jan-2023,4.324,4.342,4.504,4.705,4.792,4.436,3.5,3.5,3.65,3.91,4.13,4.37,1.87,1.84,1.97,2.25,2.61,2.94,-0.095,-0.126,-0.143,-0.133,-0.106,-0.086
18-Jan-2023,4.317,4.342,4.507,4.702,4.768,4.379,3.5,3.5,3.65,3.91,4.16,4.34,1.87,1.86,1.97,2.25,2.57,2.86,-0.098,-0.129,-0.143,-0.136,-0.103,-0.081
19-Jan-2023,4.311,4.342,4.528,4.719,4.789,4.414,3.5,3.5,3.67,3.94,4.19,4.38,1.87,1.86,1.97,2.25,2.57,2.86,-0.096,-0.124,-0.142,-0.139,-0.103,-0.081
20-Jan-2023,4.311,4.352,4.542,4.719,4.796,4.419,3.5,3.5,3.72,3.96,4.19,4.38,1.87,1.86,2.03,2.31,2.63,2.95,-0.095,-0.122,-0.142,-0.14,-0.106,-0.081
23-Jan-2023,4.311,4.352,4.557,4.728,4.805,4.442,3.5,3.5,3.73,3.96,4.2,4.38,1.87,1.86,2.06,2.33,2.64,2.96,-0.095,-0.12,-0.144,-0.142,-0.105,-0.083
24-Jan-2023,4.311,4.352,4.563,4.738,4.814,4.446,3.5,3.5,3.75,3.98,4.21,4.39,1.87,1.86,2.06,2.33,2.64,2.96,-0.094,-0.118,-0.145,-0.143,-0.106,-0.083
25-Jan-2023,4.321,4.388,4.563,4.734,4.797,4.404,3.5,3.5,3.76,3.98,4.21,4.39,1.87,1.86,2.07,2.33,2.64,2.94,-0.093,-0.114,-0.144,-0.143,-0.106,-0.082
26-Jan-2023,4.32,4.501,4.583,4.704,4.819,4.926,3.5,3.5,3.76,3.98,4.21,4.39,1.87,1.86,2.07,2.33,2.64,2.94,-0.092,-0.113,-0.143,-0.143,-0.106,-0.081
27-Jan-2023,4.328,4.533,4.584,4.699,4.816,4.929,3.5,3.52,3.81,3.99,4.2,4.36,1.87,1.86,2.13,2.37,2.68,2.97,-0.092,-0.113,-0.144,-0.143,-0.106,-0.081
30-Jan-2023,4.33,4.574,4.598,4.714,4.833,4.955,3.72,3.67,3.84,4.02,4.2,4.36,1.87,1.86,2.14,2.39,2.73,3.02,-0.092,-0.115,-0.142,-0.142,-0.103,-0.08
31-Jan-2023,4.35,4.574,4.61,4.715,4.827,5.001,3.87,3.87,3.87,4.02,4.2,4.36,1.87,1.91,2.18,2.42,2.76,3.02,-0.111,-0.117,-0.144,-0.142,-0.103,-0.079
01-Feb-2023,4.6,4.602,4.598,4.714,4.816,4.959,3.87,3.87,3.87,4.02,4.21,4.36,1.87,1.98,2.2,2.42,2.76,3.04,-0.099,-0.116,-0.144,-0.144,-0.103,-0.079
02-Feb-2023,4.6,4.602,4.596,4.723,4.822,4.964,3.9,3.9,3.9,4.05,4.21,4.33,1.89,2.17,2.23,2.47,2.79,3.06,-0.1,-0.118,-0.146,-0.145,-0.103,-0.08
03-Feb-2023,4.604,4.602,4.596,4.743,4.895,5.107,3.91,3.91,3.91,4.06,4.21,4.22,1.89,2.26,2.27,2.49,2.75,2.98,-0.102,-0.118,-0.146,-0.144,-0.103,-0.08
06-Feb-2023,4.579,4.602,4.597,4.758,4.952,5.226,3.85,3.85,3.85,4.03,4.21,4.22,1.89,2.3,2.31,2.5,2.82,3.04,-0.1,-0.116,-0.147,-0.146,-0.106,-0.084
07-Feb-2023,4.596,4.602,4.596,4.764,4.956,5.223,3.93,3.85,3.93,4.03,4.21,4.27,1.89,2.31,2.32,2.51,2.83,3.07,-0.101,-0.116,-0.144,-0.146,-0.107,-0.081
08-Feb-2023,4.596,4.602,4.599,4.771,4.95,5.202,3.93,3.93,3.93,4.03,4.21,4.27,2.31,2.3,2.31,2.52,2.84,3.07,-0.101,-0.116,-0.147,-0.146,-0.107,-0.082
09-Feb-2023,4.586,4.602,4.6,4.795,4.968,5.229,3.95,3.95,3.95,4.04,4.21,4.29,2.38,2.37,2.32,2.54,2.86,3.08,-0.102,-0.116,-0.147,-0.147,-0.106,-0.082
10-Feb-2023,4.584,4.602,4.596,4.795,4.98,5.269,3.95,3.95,3.95,4.04,4.22,4.3,2.38,2.37,2.32,2.55,2.89,3.08,-0.101,-0.115,-0.144,-0.147,-0.108,-0.082
13-Feb-2023,4.584,4.602,4.6,4.8,4.991,5.273,3.97,3.97,3.97,4.09,4.27,4.4,2.35,2.34,2.35,2.55,2.89,3.14,-0.091,-0.107,-0.143,-0.147,-0.107,-0.082
14-Feb-2023,4.58,4.602,4.599,4.804,5.01,5.342,3.97,3.97,3.97,4.1,4.29,4.43,2.35,2.34,2.35,2.56,2.91,3.15,-0.091,-0.11,-0.139,-0.146,-0.105,-0.081
15-Feb-2023,4.6,4.602,4.598,4.812,5.01,5.325,3.97,3.97,3.97,4.1,4.29,4.43,2.35,2.34,2.35,2.56,2.93,3.2,-0.088,-0.106,-0.135,-0.146,-0.104,-0.081
16-Feb-2023,4.59,4.602,4.597,4.847,5.044,5.351,3.97,3.97,3.97,4.1,4.25,4.39,2.35,2.34,2.35,2.63,2.96,3.23,-0.087,-0.103,-0.135,-0.147,-0.104,-0.085
17-Feb-2023,4.558,4.602,4.591,4.851,5.058,5.363,3.97,3.97,3.97,4.1,4.25,4.39,2.35,2.34,2.35,2.63,2.98,3.25,-0.083,-0.101,-0.135,-0.147,-0.104,-0.084
20-Feb-2023,4.558,4.602,4.591,4.859,5.07,5.347,3.97,3.97,3.97,4.1,4.26,4.4,2.35,2.34,2.35,2.65,2.99,3.26,-0.081,-0.098,-0.134,-0.146,-0.105,-0.085
21-Feb-2023,4.57,4.602,4.589,4.875,5.103,5.443,3.97,3.97,3.97,4.1,4.26,4.4,2.35,2.34,2.36,2.66,3,3.29,-0.08,-0.098,-0.132,-0.146,-0.105,-0.083
22-Feb-2023,4.547,4.603,4.603,4.89,5.117,5.442,3.97,3.97,3.97,4.14,4.33,4.51,2.35,2.34,2.4,2.68,3.01,3.3,-0.079,-0.096,-0.131,-0.146,-0.105,-0.084
23-Feb-2023,4.56,4.603,4.633,4.919,5.124,5.439,3.97,3.97,3.97,4.14,4.34,4.52,2.37,2.36,2.45,2.73,3.06,3.31,-0.079,-0.096,-0.131,-0.146,-0.105,-0.084
24-Feb-2023,4.56,4.601,4.667,4.923,5.148,5.497,3.97,3.98,3.98,4.15,4.35,4.53,2.37,2.36,2.51,2.74,3.06,3.34,-0.081,-0.098,-0.132,-0.145,-0.105,-0.084
27-Feb-2023,4.552,4.601,4.688,4.924,5.146,5.491,4,4,4,4.23,4.43,4.65,2.37,2.36,2.54,2.74,3.08,3.38,-0.087,-0.098,-0.135,-0.143,-0.107,-0.083
28-Feb-2023,4.59,4.601,4.689,4.929,5.16,5.497,4,4,4.02,4.25,4.45,4.67,2.37,2.36,2.55,2.77,3.11,3.41,-0.087,-0.096,-0.141,-0.145,-0.107,-0.083
01-Mar-2023,4.58,4.601,4.695,4.951,5.185,5.542,4,4,4.04,4.3,4.47,4.69,2.37,2.36,2.55,2.8,3.16,3.46,-0.086,-0.097,-0.145,-0.145,-0.106,-0.083
02-Mar-2023,4.58,4.601,4.721,4.959,5.183,5.532,4,4,4.04,4.2,4.42,4.64,2.37,2.36,2.58,2.82,3.21,3.52,-0.085,-0.097,-0.147,-0.146,-0.106,-0.083
03-Mar-2023,4.55,4.601,4.734,4.976,5.198,5.532,4,4,4.04,4.2,4.42,4.64,2.37,2.36,2.58,2.82,3.21,3.52,-0.086,-0.098,-0.147,-0.146,-0.106,-0.083
06-Mar-2023,4.565,4.601,4.754,4.987,5.216,5.56,4,4,4.06,4.21,4.42,4.64,2.37,2.36,2.62,2.82,3.21,3.52,-0.092,-0.108,-0.154,-0.15,-0.108,-0.084
07-Mar-2023,4.57,4.601,4.812,5.09,5.352,5.707,4.01,4.01,4.07,4.22,4.43,4.65,2.37,2.36,2.64,2.85,3.27,3.58,-0.091,-0.108,-0.163,-0.152,-0.108,-0.084
08-Mar-2023,4.58,4.601,4.83,5.131,5.398,5.761,4.04,4.04,4.1,4.26,4.51,4.77,2.37,2.37,2.65,2.88,3.27,3.63,-0.089,-0.111,-0.166,-0.151,-0.113,-0.085
09-Mar-2023,4.58,4.601,4.843,5.101,5.321,5.609,4.04,4.04,4.12,4.28,4.51,4.77,2.37,2.37,2.67,2.91,3.29,3.64,-0.092,-0.113,-0.17,-0.152,-0.11,-0.086
10-Mar-2023,4.58,4.601,4.803,5.02,5.171,5.324,4.04,4.04,4.12,4.28,4.51,4.77,2.37,2.37,2.64,2.87,3.23,3.5,-0.093,-0.117,-0.174,-0.156,-0.109,-0.086
13-Mar-2023,4.574,4.602,4.668,4.748,4.523,4.386,4.01,4.02,4.05,4.1,4.19,4.32,2.37,2.37,2.57,2.7,2.85,2.98,-0.093,-0.115,-0.179,-0.154,-0.108,-0.086
14-Mar-2023,4.648,4.602,4.746,4.883,4.829,4.802,4.01,4.02,4.06,4.11,4.2,4.22,2.37,2.42,2.63,2.8,3.03,3.22,-0.094,-0.117,-0.186,-0.162,-0.109,-0.086
15-Mar-2023,4.627,4.618,4.685,4.768,4.545,4.39,4.04,4.05,4.09,4.19,4.33,4.42,2.37,2.44,2.58,2.7,2.83,2.95,-0.091,-0.117,-0.182,-0.161,-0.109,-0.086
16-Mar-2023,4.602,4.725,4.772,4.879,4.791,4.748,4.04,4.05,4.09,4.19,4.28,4.31,2.37,2.68,2.58,2.78,2.85,2.91,-0.09,-0.117,-0.183,-0.162,-0.111,-0.087
17-Mar-2023,4.603,4.713,4.732,4.783,4.568,4.45,4.04,4.05,4.09,4.19,4.26,4.29,2.37,2.77,2.75,2.83,2.93,3,-0.09,-0.115,-0.184,-0.166,-0.117,-0.091
20-Mar-2023,4.584,4.764,4.768,4.862,4.719,4.631,4.04,4.05,4.09,4.16,4.18,4.15,2.37,2.77,2.74,2.81,2.89,2.89,-0.09,-0.115,-0.19,-0.173,-0.12,-0.095
21-Mar-2023,4.584,4.764,4.783,4.914,4.872,4.869,4.05,4.06,4.1,4.17,4.19,4.16,2.37,2.83,2.76,2.86,3.03,3.09,-0.09,-0.115,-0.19,-0.173,-0.12,-0.095
22-Mar-2023,4.588,4.764,4.904,4.913,4.815,4.746,4.05,4.22,4.22,4.17,4.42,4.47,2.84,2.83,2.77,2.86,3.07,3.17,-0.091,-0.114,-0.189,-0.174,-0.122,-0.096
23-Mar-2023,4.849,4.887,4.866,4.882,4.751,4.79,4.21,4.22,4.22,4.33,4.43,4.48,2.84,2.77,2.78,2.9,3.08,3.18,-0.1,-0.119,-0.187,-0.175,-0.123,-0.097
24-Mar-2023,4.852,4.883,4.909,4.855,4.718,4.729,4.21,4.22,4.22,4.33,4.43,4.46,2.84,2.77,2.78,2.86,2.95,2.95,-0.101,-0.207,-0.187,-0.175,-0.121,-0.097
27-Mar-2023,4.88,4.893,4.928,4.927,4.854,4.942,4.2,4.21,4.21,4.32,4.42,4.45,2.84,2.77,2.78,2.88,3.05,3.12,-0.149,-0.309,-0.205,-0.186,-0.126,-0.099
28-Mar-2023,4.863,4.893,4.94,4.913,4.861,5.005,4.2,4.21,4.21,4.32,4.46,4.47,2.84,2.77,2.78,2.89,3.07,3.16,-0.187,-0.36,-0.213,-0.19,-0.128,-0.1
29-Mar-2023,4.823,4.925,4.925,4.915,5.052,5.025,4.2,4.21,4.21,4.32,4.46,4.53,2.84,2.77,2.78,2.88,3.05,3.13,-0.191,-0.414,-0.23,-0.19,-0.129,-0.1
30-Mar-2023,4.872,4.925,4.925,4.94,5.079,5.054,4.2,4.21,4.21,4.32,4.46,4.53,2.84,2.8,2.8,2.89,3.07,3.18,-0.328,-0.639,-0.276,-0.197,-0.13,-0.101
31-Mar-2023,4.88,4.925,4.925,4.94,5.086,5.037,4.24,4.25,4.25,4.36,4.5,4.59,2.47,2.81,2.81,2.92,3.12,3.27,-0.15,-0.144,-0.171,-0.179,-0.129,-0.1
03-Apr-2023,4.926,4.925,4.94,4.957,5.105,5.023,4.21,4.22,4.22,4.35,4.5,4.59,2.82,2.81,2.81,2.92,3.12,3.27,-0.13,-0.141,-0.167,-0.174,-0.128,-0.098
04-Apr-2023,4.9,4.925,4.951,4.922,5.022,4.879,4.21,4.22,4.22,4.34,4.48,4.52,2.82,2.81,2.81,2.93,3.13,3.28,-0.099,-0.138,-0.163,-0.17,-0.127,-0.098
05-Apr-2023,4.882,4.925,4.951,4.925,5.007,4.848,4.21,4.22,4.22,4.33,4.46,4.49,2.82,2.81,2.82,2.93,3.13,3.21,-0.098,-0.137,-0.166,-0.169,-0.127,-0.098
06-Apr-2023,4.87,4.925,4.964,4.945,5.04,4.912,4.22,4.22,4.22,4.35,4.48,4.51,2.82,2.81,2.83,2.93,3.12,3.17,-0.11,-0.148,-0.175,-0.174,-0.129,-0.099
07-Apr-2023,4.87,4.925,4.981,4.994,5.105,5.044,4.22,4.22,4.22,4.35,4.48,4.51,2.82,2.81,2.83,2.93,3.12,3.17,-0.113,-0.161,-0.178,-0.177,-0.132,-0.099
10-Apr-2023,4.8,4.925,4.99,5.006,5.149,5.073,4.22,4.22,4.22,4.35,4.48,4.51,2.82,2.81,2.83,2.93,3.12,3.17,-0.116,-0.164,-0.177,-0.178,-0.131,-0.099
11-Apr-2023,4.838,4.933,5.003,5.004,5.137,5.052,4.22,4.22,4.22,4.37,4.52,4.57,2.83,2.83,2.85,2.98,3.18,3.27,-0.102,-0.16,-0.177,-0.175,-0.131,-0.099
12-Apr-2023,4.83,4.953,5.012,5.003,5.119,5.01,4.26,4.26,4.26,4.39,4.54,4.59,2.83,2.83,2.86,2.99,3.21,3.33,-0.088,-0.137,-0.164,-0.172,-0.13,-0.099
13-Apr-2023,4.84,4.945,5.027,5.014,5.126,5.019,4.26,4.26,4.26,4.39,4.55,4.62,2.84,2.84,2.88,3.03,3.24,3.35,-0.091,-0.132,-0.159,-0.168,-0.13,-0.099
14-Apr-2023,4.88,4.945,5.05,5.055,5.205,5.136,4.28,4.28,4.28,4.41,4.57,4.64,2.84,2.84,2.88,3.03,3.27,3.35,-0.109,-0.127,-0.157,-0.168,-0.13,-0.099
17-Apr-2023,4.85,4.945,5.066,5.079,5.243,5.201,4.29,4.29,4.29,4.42,4.58,4.65,2.85,2.85,2.89,3.05,3.29,3.39,-0.096,-0.125,-0.155,-0.164,-0.131,-0.099
18-Apr-2023,4.824,4.948,5.008,5.072,5.243,5.206,4.29,4.29,4.29,4.42,4.58,4.65,2.85,2.85,2.91,3.05,3.27,3.36,-0.099,-0.126,-0.154,-0.166,-0.131,-0.099
19-Apr-2023,4.795,4.87,4.98,5.086,5.271,5.244,4.33,4.33,4.33,4.46,4.71,4.85,2.85,2.85,2.93,3.08,3.33,3.45,-0.1,-0.125,-0.153,-0.165,-0.131,-0.099
20-Apr-2023,4.821,4.867,5.025,5.089,5.251,5.182,4.33,4.33,4.33,4.48,4.71,4.85,2.85,2.85,2.93,3.09,3.33,3.45,-0.099,-0.124,-0.154,-0.164,-0.131,-0.099
21-Apr-2023,4.815,4.867,5.037,5.098,5.261,5.203,4.35,4.35,4.35,4.5,4.71,4.85,2.85,2.85,2.93,3.09,3.33,3.45,-0.098,-0.127,-0.153,-0.163,-0.131,-0.099
24-Apr-2023,4.84,4.867,5.044,5.097,5.244,5.138,4.35,4.35,4.35,4.5,4.71,4.85,2.85,2.85,2.97,3.11,3.35,3.47,-0.104,-0.133,-0.152,-0.16,-0.13,-0.102
25-Apr-2023,4.852,4.867,5.036,5.062,5.181,5.029,4.35,4.35,4.35,4.5,4.71,4.85,2.85,2.85,3,3.11,3.34,3.46,-0.106,-0.14,-0.154,-0.16,-0.129,-0.102
26-Apr-2023,4.827,4.895,5.044,5.074,5.206,5.061,4.36,4.36,4.36,4.51,4.7,4.81,2.85,2.85,3,3.09,3.3,3.36,-0.103,-0.156,-0.162,-0.161,-0.129,-0.102
27-Apr-2023,4.844,4.998,5.081,5.116,5.261,5.149,4.37,4.37,4.37,4.52,4.71,4.82,2.85,2.85,3,3.11,3.31,3.36,-0.161,-0.191,-0.18,-0.166,-0.129,-0.102
28-Apr-2023,4.812,5.025,5.076,5.099,5.237,5.117,4.39,4.39,4.39,4.54,4.73,4.85,2.85,2.85,3,3.1,3.29,3.33,-0.165,-0.167,-0.167,-0.163,-0.129,-0.102
01-May-2023,4.871,5.079,5.112,5.141,5.293,5.213,4.39,4.39,4.39,4.54,4.73,4.85,2.85,2.85,3,3.1,3.29,3.33,-0.134,-0.171,-0.17,-0.164,-0.13,-0.102
02-May-2023,4.876,5.117,5.091,5.078,5.183,5.045,4.31,4.43,4.43,4.58,4.77,4.89,2.85,2.85,3.01,3.12,3.33,3.38,-0.224,-0.162,-0.17,-0.164,-0.131,-0.102
03-May-2023,4.882,5.117,5.091,5.08,5.149,4.938,4.31,4.43,4.43,4.55,4.74,4.81,2.85,2.93,3.03,3.12,3.31,3.32,-0.224,-0.162,-0.17,-0.164,-0.131,-0.102
04-May-2023,5.13,5.137,5.111,5.07,5.128,4.89,4.28,4.34,4.43,4.55,4.71,4.78,2.85,2.98,3.03,3.11,3.28,3.28,-0.224,-0.162,-0.17,-0.164,-0.131,-0.102
05-May-2023,5.125,5.147,5.121,5.094,5.179,4.985,4.28,4.36,4.45,4.55,4.71,4.78,2.85,2.98,3.02,3.11,3.28,3.28,-0.224,-0.162,-0.17,-0.164,-0.131,-0.102
08-May-2023,5.112,5.147,5.121,5.104,5.202,5.04,4.28,4.36,4.45,4.55,4.71,4.78,2.85,3.01,3.03,3.11,3.29,3.31,-0.097,-0.123,-0.15,-0.157,-0.129,-0.102
09-May-2023,5.113,5.147,5.121,5.123,5.219,5.051,4.28,4.46,4.46,4.58,4.74,4.81,2.85,3.02,3.03,3.12,3.3,3.32,-0.103,-0.126,-0.151,-0.155,-0.129,-0.102
10-May-2023,5.068,5.147,5.121,5.09,5.167,4.956,4.28,4.47,4.47,4.58,4.76,4.83,3.03,3.03,3.03,3.13,3.31,3.32,-0.096,-0.124,-0.148,-0.153,-0.129,-0.102
11-May-2023,5.09,5.147,5.121,5.094,5.161,4.949,4.28,4.49,4.49,4.59,4.74,4.81,3.03,3.03,3.03,3.15,3.31,3.31,-0.097,-0.124,-0.15,-0.154,-0.129,-0.102
12-May-2023,5.099,5.152,5.126,5.109,5.196,5.013,4.48,4.49,4.49,4.59,4.74,4.81,3.05,3.05,3.03,3.15,3.32,3.32,-0.091,-0.123,-0.149,-0.157,-0.129,-0.102
15-May-2023,5.11,5.148,5.127,5.2,5.188,5.031,4.48,4.49,4.49,4.59,4.76,4.84,3.05,3.05,3.03,3.15,3.32,3.33,-0.091,-0.123,-0.15,-0.156,-0.13,-0.102
16-May-2023,5.106,5.152,5.13,5.203,5.201,5.073,4.48,4.49,4.49,4.61,4.74,4.82,3.05,3.05,3.03,3.17,3.33,3.32,-0.091,-0.124,-0.149,-0.157,-0.13,-0.102
17-May-2023,5.093,5.154,5.135,5.225,5.232,5.122,4.48,4.49,4.49,4.61,4.74,4.82,3.05,3.05,3.03,3.19,3.34,3.35,-0.095,-0.123,-0.15,-0.156,-0.13,-0.102
18-May-2023,5.094,5.159,5.148,5.257,5.287,5.206,4.48,4.49,4.49,4.62,4.75,4.83,3.05,3.05,3.04,3.21,3.36,3.4,-0.093,-0.124,-0.151,-0.157,-0.13,-0.102
19-May-2023,5.06,5.159,5.141,5.238,5.268,5.193,4.49,4.49,4.49,4.63,4.78,4.86,3.05,3.05,3.04,3.21,3.37,3.41,-0.096,-0.124,-0.151,-0.158,-0.13,-0.102
22-May-2023,5.09,5.159,5.15,5.258,5.303,5.24,4.49,4.49,4.49,4.64,4.79,4.87,3.05,3.05,3.06,3.22,3.37,3.4,-0.104,-0.134,-0.155,-0.161,-0.133,-0.102
23-May-2023,5.12,5.157,5.153,5.275,5.32,5.243,4.5,4.5,4.5,4.65,4.82,4.93,3.05,3.05,3.07,3.23,3.39,3.44,-0.107,-0.14,-0.158,-0.162,-0.134,-0.102
24-May-2023,5.063,5.157,5.164,5.317,5.388,5.346,4.52,4.52,4.52,4.75,5.02,5.23,3.05,3.05,3.07,3.24,3.4,3.45,-0.153,-0.187,-0.166,-0.163,-0.135,-0.102
25-May-2023,5.155,5.158,5.189,5.353,5.441,5.454,4.54,4.54,4.54,4.77,5.07,5.28,3.05,3.05,3.07,3.24,3.4,3.45,-0.173,-0.238,-0.186,-0.168,-0.136,-0.102
26-May-2023,5.119,5.158,5.283,5.36,5.44,5.463,4.57,4.57,4.57,4.82,5.12,5.41,3.05,3.05,3.1,3.26,3.41,3.46,-0.108,-0.161,-0.172,-0.166,-0.136,-0.102
29-May-2023,5.119,5.158,5.283,5.36,5.44,5.463,4.57,4.57,4.57,4.82,5.12,5.41,3.05,3.05,3.1,3.26,3.41,3.46,-0.124,-0.159,-0.168,-0.164,-0.135,-0.102
30-May-2023,5.136,5.158,5.308,5.375,5.447,5.42,4.57,4.57,4.57,4.82,5.12,5.41,3.06,3.06,3.13,3.27,3.41,3.45,-0.147,-0.167,-0.168,-0.166,-0.134,-0.102
31-May-2023,5.18,5.153,5.281,5.333,5.401,5.371,4.57,4.57,4.57,4.8,5.1,5.37,3.06,3.08,3.14,3.27,3.38,3.37,-0.105,-0.147,-0.178,-0.165,-0.134,-0.102
01-Jun-2023,5.21,5.153,5.268,5.309,5.365,5.312,4.57,4.57,4.58,4.8,5.1,5.33,3.09,3.09,3.16,3.29,3.4,3.39,-0.119,-0.152,-0.175,-0.164,-0.134,-0.102
02-Jun-2023,5.15,5.153,5.273,5.332,5.417,5.428,4.58,4.58,4.59,4.81,5.1,5.33,3.1,3.1,3.17,3.29,3.4,3.39,-0.102,-0.138,-0.174,-0.162,-0.134,-0.102
05-Jun-2023,5.114,5.153,5.265,5.318,5.4,5.392,4.6,4.6,4.61,4.83,5.12,5.35,3.12,3.12,3.18,3.31,3.42,3.44,-0.098,-0.132,-0.175,-0.161,-0.134,-0.102
06-Jun-2023,5.1,5.153,5.263,5.313,5.391,5.391,4.53,4.53,4.62,4.84,5.13,5.36,3.14,3.14,3.2,3.32,3.43,3.43,-0.096,-0.131,-0.172,-0.164,-0.134,-0.102
07-Jun-2023,5.073,5.164,5.281,5.338,5.42,5.45,4.53,4.53,4.64,4.84,5.13,5.36,3.16,3.16,3.2,3.34,3.45,3.46,-0.09,-0.122,-0.171,-0.163,-0.134,-0.102
08-Jun-2023,5.105,5.198,5.281,5.337,5.414,5.433,4.53,4.53,4.66,4.86,5.15,5.38,3.16,3.15,3.21,3.35,3.46,3.47,-0.088,-0.116,-0.166,-0.161,-0.134,-0.102
09-Jun-2023,5.11,5.21,5.291,5.349,5.435,5.484,4.53,4.53,4.66,4.86,5.15,5.38,3.16,3.15,3.24,3.38,3.49,3.5,-0.088,-0.113,-0.163,-0.163,-0.135,-0.102
12-Jun-2023,5.092,5.211,5.282,5.349,5.439,5.478,4.53,4.53,4.68,4.88,5.17,5.4,3.16,3.15,3.25,3.38,3.48,3.48,-0.089,-0.114,-0.164,-0.164,-0.136,-0.102
13-Jun-2023,5.08,5.211,5.237,5.312,5.42,5.516,4.53,4.53,4.69,4.94,5.23,5.48,3.16,3.18,3.26,3.38,3.49,3.5,-0.095,-0.12,-0.162,-0.165,-0.136,-0.102
14-Jun-2023,5.082,5.211,5.222,5.295,5.419,5.545,4.53,4.53,4.69,4.94,5.23,5.61,3.16,3.21,3.27,3.39,3.5,3.52,-0.1,-0.124,-0.161,-0.166,-0.136,-0.102
15-Jun-2023,5.13,5.211,5.223,5.305,5.432,5.539,4.54,4.54,4.7,4.92,5.25,5.59,3.16,3.28,3.29,3.4,3.54,3.57,-0.094,-0.122,-0.159,-0.165,-0.135,-0.101
16-Jun-2023,5.089,5.211,5.221,5.313,5.442,5.567,4.54,4.54,4.72,4.94,5.27,5.61,3.16,3.29,3.3,3.41,3.59,3.61,-0.091,-0.113,-0.155,-0.158,-0.134,-0.102
19-Jun-2023,5.089,5.211,5.221,5.313,5.442,5.567,4.54,4.66,4.72,4.94,5.27,5.63,3.16,3.3,3.31,3.41,3.59,3.61,-0.088,-0.113,-0.151,-0.154,-0.133,-0.102
20-Jun-2023,5.11,5.159,5.222,5.322,5.453,5.562,4.56,4.68,4.74,4.96,5.29,5.68,3.16,3.32,3.31,3.41,3.61,3.64,-0.088,-0.112,-0.148,-0.154,-0.134,-0.102
21-Jun-2023,5.1,5.159,5.223,5.32,5.449,5.567,4.56,4.76,4.82,5.07,5.43,5.82,3.16,3.32,3.31,3.43,3.63,3.66,-0.089,-0.108,-0.145,-0.153,-0.134,-0.102
22-Jun-2023,5.111,5.155,5.221,5.329,5.468,5.611,4.56,4.98,4.98,5.23,5.59,5.95,3.33,3.27,3.31,3.44,3.66,3.7,-0.088,-0.108,-0.139,-0.151,-0.132,-0.102
23-Jun-2023,5.102,5.156,5.22,5.324,5.456,5.575,4.97,4.98,4.98,5.26,5.62,5.98,3.33,3.27,3.31,3.44,3.63,3.65,-0.085,-0.121,-0.137,-0.148,-0.132,-0.102
26-Jun-2023,5.11,5.155,5.225,5.333,5.462,5.585,4.97,4.98,4.98,5.26,5.67,6.03,3.33,3.27,3.31,3.45,3.63,3.65,-0.084,-0.119,-0.132,-0.142,-0.131,-0.102
27-Jun-2023,5.137,5.152,5.239,5.333,5.474,5.626,4.97,4.98,4.98,5.27,5.68,6.04,3.33,3.27,3.31,3.45,3.63,3.66,-0.085,-0.115,-0.126,-0.136,-0.132,-0.102
28-Jun-2023,5.15,5.15,5.238,5.335,5.479,5.613,4.97,4.98,4.98,5.29,5.7,6.06,3.33,3.27,3.31,3.45,3.62,3.66,-0.085,-0.113,-0.124,-0.129,-0.132,-0.102
29-Jun-2023,5.15,5.15,5.259,5.362,5.52,5.703,4.97,4.98,4.98,5.29,5.68,6.04,3.31,3.3,3.31,3.45,3.62,3.66,-0.085,-0.109,-0.122,-0.131,-0.132,-0.102
30-Jun-2023,5.17,5.15,5.282,5.364,5.516,5.696,4.98,4.99,4.99,5.32,5.71,6.07,3.24,3.32,3.33,3.46,3.63,3.69,-0.084,-0.104,-0.122,-0.133,-0.131,-0.102
03-Jul-2023,5.17,5.15,5.286,5.371,5.524,5.709,4.98,4.99,4.99,5.34,5.73,6.09,3.33,3.34,3.34,3.47,3.65,3.72,-0.078,-0.092,-0.115,-0.128,-0.131,-0.102
04-Jul-2023,5.17,5.15,5.286,5.371,5.524,5.709,4.98,4.99,5.03,5.34,5.73,6.11,3.39,3.37,3.37,3.47,3.65,3.71,-0.077,-0.088,-0.113,-0.128,-0.131,-0.102
05-Jul-2023,5.148,5.15,5.289,5.379,5.52,5.696,4.99,5,5.04,5.35,5.74,6.12,3.4,3.4,3.38,3.48,3.64,3.69,-0.074,-0.088,-0.113,-0.13,-0.131,-0.102
06-Jul-2023,5.135,5.15,5.314,5.393,5.547,5.736,4.99,5,5.05,5.39,5.78,6.2,3.4,3.4,3.4,3.49,3.66,3.72,-0.071,-0.086,-0.111,-0.129,-0.133,-0.102
07-Jul-2023,5.14,5.15,5.322,5.398,5.544,5.723,4.99,5,5.05,5.39,5.78,6.2,3.41,3.41,3.42,3.5,3.68,3.74,-0.067,-0.076,-0.106,-0.127,-0.133,-0.102
10-Jul-2023,5.131,5.15,5.339,5.402,5.541,5.686,4.99,5,5.09,5.41,5.82,6.25,3.41,3.41,3.43,3.51,3.68,3.73,-0.09,-0.089,-0.117,-0.129,-0.133,-0.102
11-Jul-2023,5.138,5.15,5.341,5.406,5.553,5.703,4.99,5,5.13,5.41,5.82,6.25,3.41,3.41,3.44,3.52,3.69,3.74,-0.088,-0.09,-0.116,-0.129,-0.133,-0.102
12-Jul-2023,5.12,5.15,5.292,5.444,5.525,5.629,4.99,5,5.13,5.42,5.82,6.25,3.41,3.41,3.44,3.53,3.69,3.74,-0.076,-0.087,-0.114,-0.131,-0.133,-0.102
13-Jul-2023,5.105,5.15,5.311,5.446,5.515,5.573,4.99,5,5.13,5.42,5.77,6.1,3.42,3.42,3.46,3.53,3.67,3.69,-0.087,-0.093,-0.117,-0.132,-0.133,-0.102
14-Jul-2023,5.11,5.15,5.327,5.463,5.544,5.637,4.99,5,5.13,5.42,5.77,6.1,3.42,3.42,3.47,3.54,3.69,3.71,-0.076,-0.091,-0.118,-0.134,-0.134,-0.102
17-Jul-2023,5.12,5.13,5.342,5.468,5.54,5.614,4.99,5,5.19,5.46,5.81,6.12,3.42,3.42,3.48,3.55,3.7,3.72,-0.076,-0.091,-0.118,-0.134,-0.134,-0.102
18-Jul-2023,5.12,5.103,5.35,5.474,5.55,5.63,4.99,5,5.21,5.46,5.79,6.09,3.42,3.42,3.49,3.54,3.67,3.66,-0.087,-0.096,-0.12,-0.133,-0.135,-0.102
19-Jul-2023,5.119,5.138,5.357,5.48,5.55,5.633,4.99,5,5.21,5.41,5.68,5.91,3.42,3.42,3.5,3.55,3.68,3.66,-0.088,-0.097,-0.122,-0.133,-0.136,-0.102
20-Jul-2023,5.11,5.248,5.383,5.492,5.565,5.67,4.99,5,5.2,5.4,5.67,5.86,3.42,3.42,3.54,3.59,3.72,3.7,-0.086,-0.099,-0.119,-0.133,-0.136,-0.102
21-Jul-2023,5.09,5.284,5.389,5.493,5.563,5.667,4.99,5,5.23,5.43,5.7,5.89,3.42,3.42,3.54,3.59,3.72,3.73,-0.093,-0.103,-0.122,-0.132,-0.136,-0.102
24-Jul-2023,5.11,5.28,5.403,5.504,5.582,5.71,4.99,5,5.24,5.43,5.7,5.89,3.42,3.43,3.54,3.63,3.71,3.69,-0.095,-0.105,-0.119,-0.13,-0.135,-0.102
25-Jul-2023,5.126,5.295,5.252,5.444,5.554,5.684,4.99,5,5.25,5.43,5.68,5.87,3.42,3.44,3.55,3.63,3.71,3.69,-0.093,-0.106,-0.118,-0.129,-0.134,-0.102
26-Jul-2023,5.1,5.27,5.25,5.454,5.556,5.678,4.99,5.16,5.27,5.43,5.68,5.87,3.42,3.44,3.55,3.63,3.71,3.69,-0.093,-0.105,-0.118,-0.129,-0.134,-0.102
27-Jul-2023,5.37,5.192,5.231,5.452,5.556,5.712,4.99,5.19,5.28,5.44,5.69,5.88,3.42,3.56,3.58,3.65,3.71,3.69,-0.093,-0.107,-0.118,-0.128,-0.135,-0.102
28-Jul-2023,5.36,5.192,5.231,5.516,5.581,5.699,4.99,5.19,5.29,5.44,5.69,5.89,3.42,3.56,3.58,3.65,3.7,3.69,-0.093,-0.107,-0.119,-0.128,-0.134,-0.102
31-Jul-2023,5.366,5.192,5.412,5.517,5.581,5.696,4.99,5.21,5.31,5.46,5.69,5.87,3.42,3.63,3.63,3.65,3.7,3.69,-0.093,-0.106,-0.119,-0.128,-0.13,-0.101
01-Aug-2023,5.36,5.347,5.412,5.518,5.582,5.693,4.99,5.23,5.31,5.46,5.69,5.87,3.42,3.65,3.65,3.65,3.7,3.68,-0.091,-0.106,-0.12,-0.128,-0.129,-0.101
02-Aug-2023,5.299,5.347,5.411,5.522,5.578,5.67,4.99,5.23,5.31,5.45,5.68,5.86,3.68,3.68,3.65,3.66,3.69,3.65,-0.092,-0.104,-0.119,-0.128,-0.129,-0.101
03-Aug-2023,5.35,5.347,5.413,5.522,5.582,5.68,4.99,5.29,5.31,5.45,5.68,5.86,3.68,3.68,3.65,3.66,3.69,3.65,-0.094,-0.104,-0.119,-0.128,-0.129,-0.101
04-Aug-2023,5.26,5.347,5.413,5.515,5.566,5.632,5.22,5.25,5.27,5.41,5.64,5.82,3.68,3.68,3.65,3.67,3.71,3.69,-0.096,-0.106,-0.12,-0.126,-0.129,-0.101
07-Aug-2023,5.3,5.347,5.418,5.52,5.573,5.64,5.22,5.25,5.27,5.41,5.68,5.82,3.68,3.68,3.65,3.67,3.71,3.69,-0.096,-0.106,-0.119,-0.123,-0.129,-0.1
08-Aug-2023,5.32,5.347,5.418,5.521,5.571,5.628,5.22,5.25,5.27,5.41,5.6,5.78,3.68,3.68,3.65,3.67,3.7,3.65,-0.108,-0.123,-0.126,-0.123,-0.129,-0.1
09-Aug-2023,5.325,5.347,5.418,5.524,5.575,5.656,5.22,5.25,5.27,5.41,5.6,5.78,3.68,3.68,3.65,3.67,3.71,3.67,-0.103,-0.133,-0.135,-0.124,-0.13,-0.1
10-Aug-2023,5.35,5.347,5.421,5.522,5.566,5.648,5.22,5.25,5.27,5.42,5.61,5.8,3.68,3.68,3.65,3.68,3.72,3.68,-0.098,-0.107,-0.124,-0.122,-0.131,-0.1
11-Aug-2023,5.326,5.347,5.423,5.525,5.579,5.68,5.22,5.25,5.27,5.42,5.61,5.8,3.68,3.68,3.65,3.68,3.72,3.68,-0.098,-0.107,-0.124,-0.122,-0.131,-0.1
14-Aug-2023,5.35,5.347,5.426,5.528,5.589,5.716,5.22,5.25,5.27,5.45,5.64,5.83,3.68,3.68,3.65,3.68,3.72,3.69,-0.108,-0.111,-0.125,-0.123,-0.13,-0.1
15-Aug-2023,5.36,5.347,5.428,5.528,5.582,5.693,5.22,5.25,5.27,5.49,5.72,5.96,3.68,3.68,3.65,3.7,3.74,3.75,-0.097,-0.109,-0.124,-0.122,-0.133,-0.1
16-Aug-2023,5.35,5.347,5.427,5.534,5.588,5.707,5.22,5.25,5.27,5.49,5.75,5.96,3.68,3.68,3.65,3.7,3.73,3.72,-0.098,-0.115,-0.126,-0.125,-0.129,-0.1
17-Aug-2023,5.35,5.347,5.431,5.533,5.58,5.681,5.22,5.25,5.27,5.53,5.79,6.05,3.68,3.68,3.66,3.72,3.75,3.74,-0.1,-0.117,-0.127,-0.126,-0.128,-0.094
18-Aug-2023,5.3,5.347,5.431,5.532,5.579,5.685,5.22,5.25,5.27,5.53,5.79,6.05,3.68,3.68,3.66,3.7,3.73,3.69,-0.114,-0.117,-0.129,-0.127,-0.124,-0.092
21-Aug-2023,5.311,5.36,5.39,5.545,5.602,5.394,5.22,5.25,5.27,5.53,5.79,6.03,3.68,3.68,3.67,3.71,3.75,3.7,-0.106,-0.118,-0.129,-0.126,-0.122,-0.091
22-Aug-2023,5.311,5.36,5.39,5.546,5.607,5.405,5.25,5.28,5.3,5.56,5.82,6.06,3.68,3.68,3.68,3.72,3.75,3.7,-0.108,-0.125,-0.137,-0.128,-0.124,-0.092
23-Aug-2023,5.33,5.36,5.389,5.544,5.593,5.366,5.25,5.28,5.3,5.56,5.82,6.04,3.68,3.68,3.68,3.68,3.72,3.65,-0.111,-0.137,-0.147,-0.132,-0.124,-0.092
24-Aug-2023,5.33,5.378,5.397,5.561,5.617,5.411,5.25,5.28,5.3,5.51,5.73,5.91,3.68,3.68,3.68,3.68,3.71,3.62,-0.115,-0.142,-0.148,-0.133,-0.125,-0.091
25-Aug-2023,5.354,5.385,5.404,5.57,5.64,5.466,5.25,5.3,5.32,5.53,5.73,5.91,3.68,3.68,3.68,3.68,3.72,3.64,-0.108,-0.132,-0.139,-0.133,-0.127,-0.091
28-Aug-2023,5.354,5.387,5.403,5.579,5.647,5.463,5.25,5.3,5.32,5.53,5.73,5.91,3.68,3.68,3.68,3.7,3.74,3.68,-0.135,-0.162,-0.158,-0.141,-0.125,-0.092
29-Aug-2023,5.36,5.393,5.399,5.556,5.607,5.383,5.25,5.3,5.32,5.53,5.73,5.91,3.68,3.69,3.69,3.7,3.74,3.67,-0.122,-0.163,-0.16,-0.142,-0.124,-0.092
30-Aug-2023,5.36,5.393,5.382,5.548,5.599,5.358,5.27,5.3,5.32,5.54,5.74,5.92,3.69,3.69,3.7,3.71,3.75,3.68,-0.164,-0.179,-0.163,-0.144,-0.124,-0.092
31-Aug-2023,5.375,5.393,5.419,5.562,5.599,5.349,5.25,5.28,5.34,5.54,5.74,5.92,3.69,3.69,3.67,3.68,3.67,3.63,-0.161,-0.162,-0.162,-0.142,-0.123,-0.092
01-Sep-2023,5.375,5.393,5.416,5.552,5.585,5.343,5.25,5.28,5.34,5.52,5.68,5.84,3.69,3.69,3.67,3.68,3.66,3.62,-0.148,-0.155,-0.165,-0.143,-0.123,-0.092
04-Sep-2023,5.375,5.393,5.416,5.552,5.585,5.343,5.25,5.28,5.35,5.52,5.68,5.81,3.69,3.69,3.67,3.68,3.66,3.62,-0.107,-0.135,-0.16,-0.141,-0.124,-0.093
05-Sep-2023,5.365,5.372,5.413,5.56,5.604,5.387,5.26,5.29,5.36,5.53,5.69,5.82,3.7,3.7,3.68,3.69,3.67,3.63,-0.107,-0.129,-0.165,-0.141,-0.124,-0.093
06-Sep-2023,5.344,5.372,5.415,5.567,5.615,5.416,5.26,5.29,5.37,5.53,5.69,5.84,3.7,3.7,3.69,3.72,3.7,3.66,-0.099,-0.122,-0.163,-0.139,-0.124,-0.093
07-Sep-2023,5.357,5.362,5.45,5.567,5.593,5.386,5.26,5.29,5.37,5.53,5.68,5.83,3.71,3.7,3.73,3.76,3.74,3.7,-0.1,-0.122,-0.162,-0.138,-0.126,-0.093
08-Sep-2023,5.36,5.362,5.448,5.568,5.598,5.405,5.26,5.29,5.37,5.5,5.63,5.74,3.71,3.69,3.73,3.76,3.73,3.69,-0.096,-0.116,-0.162,-0.137,-0.124,-0.093
11-Sep-2023,5.35,5.362,5.453,5.568,5.602,5.407,5.26,5.29,5.39,5.52,5.63,5.74,3.71,3.69,3.73,3.76,3.73,3.69,-0.097,-0.117,-0.159,-0.137,-0.124,-0.091
12-Sep-2023,5.358,5.362,5.452,5.566,5.6,5.416,5.26,5.29,5.39,5.52,5.63,5.74,3.72,3.7,3.75,3.77,3.74,3.7,-0.096,-0.117,-0.156,-0.136,-0.124,-0.086
13-Sep-2023,5.35,5.383,5.447,5.562,5.595,5.398,5.26,5.29,5.39,5.52,5.63,5.71,3.72,3.74,3.8,3.82,3.79,3.75,-0.092,-0.114,-0.149,-0.136,-0.124,-0.085
14-Sep-2023,5.36,5.414,5.445,5.557,5.593,5.415,5.26,5.29,5.39,5.52,5.63,5.71,3.72,3.74,3.8,3.82,3.79,3.75,-0.091,-0.118,-0.15,-0.135,-0.124,-0.085
15-Sep-2023,5.37,5.433,5.445,5.553,5.587,5.419,5.26,5.29,5.39,5.52,5.63,5.71,3.72,3.83,3.88,3.9,3.86,3.78,-0.114,-0.127,-0.152,-0.135,-0.12,-0.084
18-Sep-2023,5.37,5.43,5.444,5.557,5.485,5.373,5.26,5.44,5.48,5.56,5.65,5.71,3.72,3.84,3.89,3.9,3.86,3.8,-0.114,-0.127,-0.152,-0.135,-0.12,-0.084
19-Sep-2023,5.36,5.43,5.432,5.556,5.483,5.383,5.26,5.44,5.48,5.56,5.65,5.71,3.72,3.89,3.9,3.91,3.89,3.83,-0.13,-0.163,-0.165,-0.139,-0.125,-0.084
20-Sep-2023,5.356,5.43,5.426,5.555,5.484,5.427,5.26,5.44,5.46,5.51,5.55,5.57,3.91,3.9,3.91,3.91,3.89,3.83,-0.128,-0.179,-0.17,-0.14,-0.126,-0.081
21-Sep-2023,5.35,5.344,5.431,5.558,5.482,5.398,5.26,5.27,5.28,5.35,5.45,5.55,3.91,3.86,3.91,3.92,3.9,3.84,-0.162,-0.188,-0.173,-0.143,-0.127,-0.081
22-Sep-2023,5.361,5.344,5.432,5.548,5.476,5.386,5.26,5.27,5.28,5.35,5.42,5.55,3.91,3.86,3.91,3.91,3.89,3.83,-0.208,-0.323,-0.213,-0.153,-0.127,-0.081
25-Sep-2023,5.38,5.357,5.431,5.545,5.473,5.384,5.26,5.27,5.28,5.35,5.42,5.5,3.91,3.86,3.91,3.91,3.89,3.82,-0.13,-0.275,-0.199,-0.149,-0.121,-0.082
26-Sep-2023,5.384,5.363,5.434,5.545,5.472,5.379,5.26,5.25,5.28,5.35,5.42,5.48,3.91,3.82,3.9,3.91,3.89,3.82,-0.185,-0.326,-0.203,-0.152,-0.12,-0.081
27-Sep-2023,5.37,5.373,5.439,5.555,5.479,5.408,5.26,5.27,5.28,5.35,5.42,5.48,3.91,3.81,3.9,3.91,3.89,3.81,-0.259,-0.409,-0.207,-0.155,-0.12,-0.083
28-Sep-2023,5.39,5.373,5.439,5.539,5.468,5.367,5.26,5.27,5.28,5.38,5.45,5.53,3.91,3.89,3.9,3.86,3.89,3.84,-0.259,-0.362,-0.197,-0.155,-0.12,-0.083
29-Sep-2023,5.38,5.373,5.439,5.533,5.466,5.363,5.26,5.27,5.28,5.38,5.45,5.55,3.91,3.89,3.9,3.86,3.89,3.84,-0.551,-0.139,-0.155,-0.182,-0.124,-0.084
02-Oct-2023,5.392,5.337,5.405,5.55,5.479,5.393,5.26,5.27,5.28,5.38,5.45,5.55,3.91,3.89,3.9,3.86,3.89,3.84,-0.122,-0.148,-0.163,-0.194,-0.125,-0.085
03-Oct-2023,5.4,5.337,5.405,5.55,5.481,5.394,5.28,5.28,5.28,5.37,5.45,5.53,3.91,3.9,3.91,3.85,3.88,3.81,-0.122,-0.162,-0.181,-0.201,-0.126,-0.087
04-Oct-2023,5.39,5.337,5.403,5.532,5.469,5.337,5.28,5.28,5.28,5.36,5.45,5.53,3.91,3.9,3.91,3.84,3.88,3.8,-0.103,-0.156,-0.18,-0.201,-0.126,-0.087
05-Oct-2023,5.38,5.337,5.414,5.524,5.463,5.314,5.28,5.28,5.28,5.36,5.45,5.52,3.93,3.91,3.91,3.84,3.87,3.78,-0.101,-0.15,-0.178,-0.2,-0.126,-0.087
06-Oct-2023,5.39,5.337,5.426,5.532,5.475,5.355,5.28,5.28,5.28,5.36,5.45,5.52,3.93,3.91,3.91,3.84,3.86,3.76,-0.098,-0.146,-0.179,-0.2,-0.127,-0.087
09-Oct-2023,5.39,5.337,5.426,5.534,5.476,5.355,5.28,5.28,5.28,5.35,5.43,5.49,3.93,3.92,3.91,3.84,3.86,3.74,-0.098,-0.146,-0.179,-0.2,-0.127,-0.087
10-Oct-2023,5.39,5.337,5.413,5.507,5.452,5.28,5.28,5.28,5.3,5.36,5.43,5.5,3.93,3.92,3.91,3.84,3.86,3.73,-0.101,-0.146,-0.177,-0.2,-0.126,-0.086
11-Oct-2023,5.38,5.337,5.409,5.493,5.45,5.29,5.28,5.28,5.3,5.36,5.43,5.48,3.93,3.92,3.91,3.84,3.86,3.72,-0.112,-0.148,-0.184,-0.199,-0.126,-0.086
12-Oct-2023,5.38,5.337,5.416,5.496,5.458,5.33,5.3,5.3,5.32,5.36,5.42,5.46,3.92,3.92,3.91,3.84,3.86,3.72,-0.108,-0.153,-0.19,-0.199,-0.126,-0.086
13-Oct-2023,5.38,5.34,5.434,5.549,5.452,5.315,5.3,5.3,5.32,5.36,5.43,5.47,3.92,3.92,3.91,3.84,3.86,3.73,-0.101,-0.148,-0.188,-0.199,-0.126,-0.086
16-Oct-2023,5.384,5.34,5.439,5.548,5.458,5.333,5.3,5.3,5.32,5.38,5.45,5.49,3.92,3.92,3.91,3.84,3.86,3.73,-0.097,-0.145,-0.178,-0.197,-0.127,-0.086
17-Oct-2023,5.367,5.38,5.423,5.583,5.603,5.379,5.3,5.3,5.32,5.38,5.45,5.49,3.92,3.92,3.91,3.84,3.86,3.73,-0.096,-0.147,-0.181,-0.198,-0.127,-0.087
18-Oct-2023,5.367,5.38,5.415,5.567,5.598,5.375,5.3,5.3,5.32,5.38,5.45,5.5,3.92,3.92,3.91,3.84,3.87,3.75,-0.096,-0.146,-0.177,-0.197,-0.127,-0.086
19-Oct-2023,5.34,5.38,5.414,5.555,5.582,5.329,5.3,5.3,5.32,5.38,5.48,5.55,3.92,3.92,3.91,3.84,3.87,3.76,-0.096,-0.14,-0.174,-0.197,-0.127,-0.087
20-Oct-2023,5.33,5.38,5.41,5.549,5.573,5.292,5.28,5.28,5.3,5.36,5.46,5.5,3.92,3.92,3.91,3.84,3.87,3.76,-0.094,-0.131,-0.168,-0.196,-0.125,-0.087
23-Oct-2023,5.33,5.38,5.416,5.55,5.579,5.296,5.28,5.28,5.3,5.36,5.45,5.5,3.92,3.92,3.91,3.84,3.87,3.78,-0.098,-0.13,-0.168,-0.193,-0.116,-0.082
24-Oct-2023,5.35,5.38,5.416,5.547,5.582,5.319,5.29,5.29,5.31,5.37,5.41,5.46,3.94,3.92,3.92,3.84,3.87,3.75,-0.099,-0.136,-0.169,-0.192,-0.115,-0.081
25-Oct-2023,5.35,5.38,5.418,5.542,5.585,5.327,5.3,5.3,5.31,5.37,5.41,5.44,3.96,3.94,3.92,3.84,3.87,3.77,-0.097,-0.141,-0.169,-0.191,-0.113,-0.081
26-Oct-2023,5.359,5.398,5.44,5.537,5.574,5.289,5.3,5.3,5.31,5.37,5.41,5.44,3.95,3.94,3.92,3.85,3.86,3.76,-0.099,-0.146,-0.168,-0.191,-0.113,-0.081
27-Oct-2023,5.346,5.397,5.433,5.53,5.569,5.273,5.3,5.3,5.31,5.37,5.41,5.42,3.95,3.94,3.92,3.85,3.85,3.72,-0.11,-0.145,-0.168,-0.189,-0.118,-0.084
30-Oct-2023,5.346,5.387,5.419,5.526,5.575,5.297,5.3,5.3,5.31,5.35,5.39,5.39,3.93,3.93,3.93,3.86,3.84,3.7,-0.132,-0.166,-0.174,-0.193,-0.118,-0.084
31-Oct-2023,5.39,5.387,5.419,5.527,5.583,5.32,5.3,5.3,5.31,5.35,5.39,5.39,3.93,3.93,3.93,3.86,3.83,3.67,-0.27,-0.169,-0.183,-0.192,-0.118,-0.084
01-Nov-2023,5.392,5.417,5.417,5.53,5.564,5.246,5.3,5.3,5.31,5.35,5.4,5.4,3.93,3.93,3.93,3.86,3.83,3.67,-0.103,-0.158,-0.175,-0.187,-0.118,-0.084
02-Nov-2023,5.404,5.417,5.417,5.525,5.564,5.254,5.3,5.3,5.31,5.35,5.4,5.4,3.95,3.93,3.93,3.86,3.82,3.63,-0.155,-0.157,-0.175,-0.189,-0.116,-0.083
03-Nov-2023,5.395,5.417,5.417,5.523,5.541,5.17,5.3,5.3,5.31,5.35,5.4,5.38,3.95,3.93,3.93,3.86,3.82,3.64,-0.155,-0.157,-0.175,-0.189,-0.116,-0.083
06-Nov-2023,5.395,5.417,5.417,5.52,5.548,5.214,5.3,5.3,5.31,5.35,5.4,5.38,3.95,3.93,3.93,3.86,3.83,3.65,-0.128,-0.16,-0.177,-0.19,-0.113,-0.081
07-Nov-2023,5.397,5.417,5.417,5.518,5.544,5.196,5.3,5.3,5.31,5.35,5.4,5.35,3.95,3.93,3.93,3.86,3.83,3.65,-0.138,-0.165,-0.181,-0.191,-0.113,-0.083
08-Nov-2023,5.39,5.417,5.417,5.515,5.551,5.215,5.3,5.3,5.31,5.35,5.4,5.33,3.95,3.93,3.93,3.87,3.84,3.67,-0.124,-0.167,-0.179,-0.192,-0.113,-0.083
09-Nov-2023,5.4,5.417,5.417,5.511,5.561,5.256,5.3,5.3,5.31,5.35,5.4,5.33,3.95,3.93,3.93,3.87,3.84,3.67,-0.133,-0.152,-0.178,-0.192,-0.114,-0.081
10-Nov-2023,5.4,5.417,5.417,5.508,5.567,5.277,5.3,5.3,5.31,5.35,5.4,5.33,3.95,3.93,3.93,3.87,3.84,3.69,-0.137,-0.149,-0.174,-0.193,-0.117,-0.081
13-Nov-2023,5.393,5.382,5.404,5.508,5.569,5.269,5.3,5.3,5.31,5.35,5.4,5.33,3.95,3.93,3.93,3.87,3.84,3.69,-0.146,-0.15,-0.173,-0.193,-0.121,-0.083
14-Nov-2023,5.36,5.39,5.403,5.494,5.526,5.395,5.3,5.3,5.31,5.35,5.4,5.33,3.95,3.93,3.93,3.87,3.84,3.69,-0.117,-0.148,-0.177,-0.194,-0.122,-0.083
15-Nov-2023,5.4,5.39,5.402,5.49,5.536,5.441,5.3,5.3,5.32,5.33,5.38,5.26,3.95,3.93,3.93,3.88,3.85,3.69,-0.104,-0.165,-0.185,-0.195,-0.12,-0.082
16-Nov-2023,5.4,5.39,5.406,5.487,5.525,5.402,5.3,5.3,5.32,5.33,5.38,5.27,3.95,3.93,3.93,3.87,3.83,3.65,-0.107,-0.159,-0.188,-0.197,-0.119,-0.08
17-Nov-2023,5.35,5.39,5.408,5.484,5.528,5.423,5.3,5.3,5.32,5.33,5.36,5.24,3.95,3.93,3.93,3.88,3.83,3.63,-0.11,-0.156,-0.183,-0.194,-0.119,-0.079
20-Nov-2023,5.35,5.39,5.413,5.484,5.533,5.44,5.28,5.28,5.3,5.33,5.36,5.25,3.95,3.93,3.93,3.88,3.84,3.66,-0.096,-0.146,-0.183,-0.195,-0.12,-0.08
21-Nov-2023,5.36,5.39,5.421,5.48,5.531,5.427,5.28,5.28,5.3,5.33,5.36,5.25,3.95,3.93,3.93,3.88,3.84,3.66,-0.094,-0.144,-0.183,-0.194,-0.12,-0.08
22-Nov-2023,5.4,5.39,5.427,5.476,5.537,5.444,5.28,5.28,5.3,5.33,5.36,5.29,3.95,3.93,3.93,3.88,3.84,3.66,-0.092,-0.137,-0.18,-0.192,-0.12,-0.08
23-Nov-2023,5.4,5.39,5.427,5.476,5.537,5.444,5.28,5.28,5.3,5.33,5.36,5.31,3.95,3.93,3.93,3.88,3.84,3.68,-0.092,-0.137,-0.18,-0.192,-0.12,-0.08
24-Nov-2023,5.4,5.39,5.431,5.475,5.545,5.465,5.28,5.28,5.3,5.33,5.36,5.31,3.95,3.93,3.93,3.88,3.84,3.68,-0.085,-0.132,-0.172,-0.194,-0.12,-0.08
27-Nov-2023,5.41,5.323,5.364,5.262,5.29,5.195,5.28,5.28,5.3,5.33,5.38,5.35,3.95,3.93,3.93,3.88,3.84,3.67,-0.077,-0.131,-0.172,-0.192,-0.116,-0.078
28-Nov-2023,5.41,5.323,5.361,5.26,5.264,5.121,5.28,5.28,5.3,5.33,5.38,5.33,3.95,3.93,3.92,3.88,3.83,3.64,-0.087,-0.132,-0.167,-0.195,-0.116,-0.076
29-Nov-2023,5.41,5.323,5.343,5.252,5.24,5.042,5.28,5.28,5.3,5.33,5.37,5.27,3.95,3.93,3.84,3.88,3.81,3.58,-0.089,-0.129,-0.167,-0.194,-0.115,-0.076
30-Nov-2023,5.443,5.323,5.356,5.254,5.241,5.047,5.28,5.28,5.3,5.32,5.34,5.27,3.95,3.93,3.84,3.87,3.79,3.53,-0.091,-0.127,-0.178,-0.189,-0.114,-0.076
01-Dec-2023,5.443,5.323,5.349,5.25,5.205,4.945,5.28,5.28,5.3,5.32,5.33,5.26,3.95,3.93,3.84,3.86,3.77,3.49,-0.094,-0.124,-0.183,-0.183,-0.114,-0.076
04-Dec-2023,5.43,5.323,5.338,5.249,5.223,4.995,5.28,5.28,5.3,5.32,5.33,5.24,3.95,3.93,3.84,3.86,3.74,3.41,-0.085,-0.122,-0.186,-0.178,-0.118,-0.079
05-Dec-2023,5.346,5.323,5.338,5.247,5.212,4.966,5.28,5.28,5.3,5.32,5.33,5.23,3.95,3.93,3.84,3.86,3.72,3.34,-0.077,-0.115,-0.177,-0.173,-0.119,-0.079
06-Dec-2023,5.36,5.323,5.335,5.244,5.213,4.985,5.28,5.28,5.3,5.32,5.33,5.21,3.95,3.93,3.84,3.86,3.7,3.33,-0.086,-0.113,-0.18,-0.166,-0.115,-0.077
07-Dec-2023,5.398,5.323,5.322,5.244,5.21,4.976,5.28,5.28,5.3,5.32,5.33,5.21,3.95,3.93,3.86,3.88,3.74,3.36,-0.08,-0.111,-0.173,-0.166,-0.118,-0.078
08-Dec-2023,5.41,5.367,5.316,5.237,5.241,5.054,5.3,5.32,5.32,5.32,5.33,5.2,3.95,3.93,3.86,3.88,3.74,3.37,-0.082,-0.111,-0.171,-0.159,-0.119,-0.078
11-Dec-2023,5.38,5.455,5.38,5.314,5.321,5.129,5.3,5.32,5.32,5.32,5.33,5.2,3.95,3.93,3.86,3.89,3.75,3.4,-0.086,-0.11,-0.168,-0.155,-0.115,-0.076
12-Dec-2023,5.37,5.455,5.504,5.5,5.318,5.491,5.3,5.32,5.32,5.32,5.33,5.2,3.95,3.93,3.86,3.89,3.75,3.4,-0.085,-0.107,-0.169,-0.153,-0.112,-0.076
13-Dec-2023,5.38,5.455,5.504,5.5,5.218,5.269,5.3,5.32,5.32,5.31,5.3,5.16,3.94,3.93,3.86,3.89,3.75,3.4,-0.086,-0.105,-0.168,-0.152,-0.109,-0.075
14-Dec-2023,5.38,5.455,5.504,5.5,5.219,5.269,5.3,5.3,5.32,5.31,5.23,5.02,3.94,3.93,3.86,3.88,3.7,3.28,-0.101,-0.14,-0.181,-0.152,-0.108,-0.076
15-Dec-2023,5.41,5.455,5.504,5.5,5.231,5.309,5.3,5.3,5.32,5.31,5.28,5.06,3.94,3.93,3.86,3.86,3.72,3.29,-0.132,-0.146,-0.171,-0.149,-0.107,-0.073
18-Dec-2023,5.379,5.455,5.522,5.504,5.391,5.385,5.3,5.3,5.32,5.31,5.29,5.06,3.94,3.93,3.86,3.86,3.72,3.29,-0.097,-0.156,-0.188,-0.151,-0.111,-0.071
19-Dec-2023,5.35,5.372,5.5,5.531,5.39,5.359,5.28,5.28,5.3,5.31,5.29,5.06,3.94,3.93,3.86,3.86,3.72,3.29,-0.207,-0.168,-0.189,-0.147,-0.112,-0.067
20-Dec-2023,5.36,5.372,5.498,5.548,5.39,5.29,5.28,5.28,5.3,5.31,5.29,4.95,3.94,3.93,3.84,3.84,3.7,3.24,-0.205,-0.167,-0.196,-0.147,-0.112,-0.067
21-Dec-2023,5.398,5.372,5.498,5.544,5.381,5.289,5.28,5.28,5.28,5.31,5.27,4.92,3.94,3.67,3.84,3.84,3.7,3.24,-0.097,-0.153,-0.194,-0.152,-0.112,-0.067
22-Dec-2023,5.4,5.372,5.541,5.55,5.379,5.265,5.28,5.28,5.28,5.31,5.27,4.9,3.94,3.67,3.84,3.84,3.7,3.24,-0.104,-0.261,-0.193,-0.156,-0.112,-0.067
25-Dec-2023,5.4,5.372,5.541,5.55,5.379,5.265,5.28,5.28,5.28,5.31,5.27,4.9,3.94,3.67,3.84,3.84,3.7,3.24,-0.094,-0.253,-0.184,-0.154,-0.107,-0.067
26-Dec-2023,5.45,5.372,5.542,5.539,5.374,5.291,5.28,5.28,5.28,5.31,5.27,4.9,3.94,3.67,3.84,3.84,3.7,3.24,-0.103,-0.227,-0.175,-0.155,-0.106,-0.066
27-Dec-2023,5.454,5.37,5.541,5.548,5.375,5.254,5.28,5.28,5.28,5.31,5.25,4.88,3.84,3.67,3.84,3.84,3.7,3.24,-0.097,-0.219,-0.166,-0.153,-0.108,-0.067
28-Dec-2023,5.516,5.369,5.541,5.54,5.361,5.264,5.28,5.28,5.28,5.31,5.23,4.85,3.87,3.9,3.89,3.85,3.63,3.16,-0.096,-0.167,-0.157,-0.15,-0.102,-0.065
29-Dec-2023,5.422,5.369,5.551,5.544,5.357,5.246,5.29,5.29,5.29,5.3,5.21,4.82,3.59,3.9,3.89,3.84,3.66,3.17,-0.087,-0.136,-0.146,-0.147,-0.097,-0.063
01-Jan-2024,5.422,5.369,5.551,5.544,5.357,5.246,5.29,5.29,5.29,5.3,5.21,4.82,3.59,3.9,3.89,3.84,3.66,3.17,-0.087,-0.136,-0.146,-0.147,-0.097,-0.063
02-Jan-2024,5.526,5.369,5.549,5.532,5.357,5.274,5.29,5.29,5.29,5.3,5.22,4.83,3.89,3.9,3.89,3.85,3.68,3.21,-0.087,-0.136,-0.146,-0.147,-0.097,-0.063
03-Jan-2024,5.437,5.371,5.548,5.524,5.357,5.295,5.29,5.29,5.29,5.3,5.22,4.86,3.89,3.9,3.89,3.85,3.68,3.21,-0.087,-0.136,-0.146,-0.147,-0.097,-0.063
04-Jan-2024,5.41,5.371,5.55,5.513,5.357,5.322,5.29,5.29,5.29,5.3,5.22,4.86,3.91,3.91,3.91,3.87,3.71,3.26,-0.088,-0.12,-0.134,-0.141,-0.097,-0.06
05-Jan-2024,5.35,5.371,5.553,5.518,5.337,5.304,5.29,5.29,5.29,5.3,5.23,4.91,3.91,3.91,3.91,3.87,3.71,3.28,-0.087,-0.116,-0.133,-0.139,-0.097,-0.061
08-Jan-2024,5.36,5.371,5.556,5.515,5.334,5.306,5.29,5.29,5.29,5.3,5.24,4.96,3.91,3.91,3.91,3.87,3.71,3.28,-0.087,-0.116,-0.133,-0.139,-0.097,-0.061
09-Jan-2024,5.36,5.371,5.556,5.514,5.331,5.292,5.29,5.29,5.29,5.3,5.24,4.96,3.91,3.91,3.91,3.87,3.72,3.3,-0.089,-0.118,-0.135,-0.142,-0.096,-0.061
10-Jan-2024,5.35,5.371,5.558,5.518,5.328,5.28,5.29,5.29,5.29,5.3,5.24,4.96,3.92,3.92,3.92,3.88,3.72,3.32,-0.186,-0.131,-0.143,-0.146,-0.1,-0.062
11-Jan-2024,5.35,5.37,5.575,5.536,5.31,5.2,5.29,5.29,5.29,5.3,5.24,4.96,3.92,3.92,3.92,3.88,3.72,3.33,-0.095,-0.122,-0.141,-0.148,-0.096,-0.061
12-Jan-2024,5.35,5.368,5.597,5.557,5.301,5.129,5.29,5.29,5.29,5.3,5.24,4.94,3.92,3.92,3.92,3.87,3.71,3.28,-0.096,-0.121,-0.137,-0.149,-0.095,-0.061
15-Jan-2024,5.35,5.368,5.597,5.557,5.301,5.129,5.27,5.27,5.27,5.28,5.22,4.89,3.92,3.92,3.92,3.88,3.72,3.29,-0.095,-0.12,-0.137,-0.147,-0.095,-0.061
16-Jan-2024,5.366,5.37,5.581,5.532,5.303,5.179,5.27,5.27,5.27,5.28,5.22,4.89,3.93,3.92,3.92,3.88,3.72,3.29,-0.094,-0.121,-0.136,-0.149,-0.095,-0.061
17-Jan-2024,5.37,5.37,5.564,5.508,5.305,5.266,5.27,5.27,5.27,5.28,5.22,4.89,3.93,3.92,3.92,3.88,3.75,3.34,-0.091,-0.113,-0.132,-0.145,-0.095,-0.058
18-Jan-2024,5.332,5.401,5.403,5.508,5.294,5.381,5.29,5.29,5.29,5.3,5.26,5,3.93,3.92,3.92,3.89,3.75,3.35,-0.091,-0.108,-0.124,-0.144,-0.094,-0.058
19-Jan-2024,5.32,5.401,5.393,5.494,5.296,5.413,5.29,5.29,5.29,5.3,5.24,4.95,3.93,3.92,3.92,3.89,3.76,3.36,-0.091,-0.105,-0.122,-0.144,-0.094,-0.059
22-Jan-2024,5.33,5.401,5.391,5.489,5.294,5.418,5.29,5.29,5.29,5.3,5.24,4.98,3.93,3.92,3.92,3.9,3.77,3.38,-0.081,-0.099,-0.121,-0.14,-0.097,-0.061
23-Jan-2024,5.34,5.401,5.397,5.495,5.288,5.391,5.29,5.29,5.29,5.3,5.24,4.98,3.92,3.91,3.91,3.9,3.77,3.38,-0.078,-0.092,-0.116,-0.138,-0.097,-0.061
24-Jan-2024,5.37,5.404,5.39,5.486,5.288,5.41,5.29,5.29,5.29,5.3,5.24,4.99,3.92,3.91,3.91,3.9,3.76,3.37,-0.076,-0.089,-0.113,-0.132,-0.097,-0.061
25-Jan-2024,5.38,5.42,5.421,5.428,5.271,5.414,5.29,5.29,5.29,5.3,5.26,5.03,3.93,3.92,3.92,3.9,3.74,3.36,-0.077,-0.089,-0.113,-0.133,-0.095,-0.061
26-Jan-2024,5.38,5.418,5.413,5.419,5.271,5.44,5.29,5.29,5.29,5.3,5.26,5.01,3.93,3.92,3.92,3.87,3.7,3.26,-0.08,-0.089,-0.111,-0.133,-0.095,-0.061
29-Jan-2024,5.38,5.422,5.414,5.418,5.268,5.431,5.29,5.29,5.29,5.3,5.26,4.98,3.93,3.92,3.92,3.86,3.67,3.23,-0.08,-0.089,-0.109,-0.128,-0.093,-0.061
30-Jan-2024,5.39,5.42,5.409,5.413,5.267,5.439,5.29,5.29,5.29,5.3,5.26,4.96,3.93,3.92,3.92,3.86,3.69,3.26,-0.08,-0.092,-0.11,-0.126,-0.093,-0.061
31-Jan-2024,5.39,5.403,5.392,5.409,5.24,5.359,5.29,5.29,5.29,5.3,5.26,4.96,3.94,3.93,3.92,3.87,3.69,3.26,-0.082,-0.091,-0.107,-0.123,-0.093,-0.061
01-Feb-2024,5.39,5.42,5.43,5.398,5.226,5.344,5.29,5.29,5.29,5.3,5.24,4.94,3.94,3.94,3.92,3.88,3.7,3.27,-0.08,-0.088,-0.105,-0.125,-0.093,-0.06
02-Feb-2024,5.39,5.42,5.43,5.383,5.263,5.474,5.29,5.29,5.29,5.3,5.24,4.94,3.95,3.94,3.93,3.87,3.69,3.28,-0.07,-0.081,-0.103,-0.123,-0.093,-0.057
05-Feb-2024,5.39,5.42,5.43,5.376,5.276,5.53,5.29,5.29,5.29,5.3,5.26,5.04,3.95,3.94,3.93,3.87,3.73,3.36,-0.068,-0.088,-0.104,-0.125,-0.091,-0.053
06-Feb-2024,5.37,5.42,5.43,5.377,5.26,5.473,5.29,5.29,5.29,5.3,5.26,5.04,3.95,3.96,3.95,3.89,3.75,3.36,-0.082,-0.087,-0.103,-0.123,-0.089,-0.054
07-Feb-2024,5.35,5.42,5.43,5.374,5.26,5.487,5.29,5.29,5.29,5.3,5.26,5.04,3.95,3.96,3.95,3.89,3.74,3.36,-0.082,-0.089,-0.104,-0.121,-0.089,-0.051
08-Feb-2024,5.35,5.42,5.43,5.363,5.254,5.495,5.29,5.29,5.29,5.3,5.26,5.04,3.97,3.97,3.97,3.9,3.76,3.39,-0.076,-0.081,-0.101,-0.118,-0.087,-0.05
09-Feb-2024,5.37,5.42,5.43,5.361,5.258,5.515,5.29,5.29,5.29,5.3,5.26,5.06,3.97,3.97,3.97,3.9,3.76,3.41,-0.074,-0.075,-0.096,-0.112,-0.082,-0.048
12-Feb-2024,5.35,5.42,5.43,5.357,5.358,5.516,5.29,5.29,5.29,5.3,5.26,5.06,3.97,3.97,3.97,3.9,3.75,3.4,-0.074,-0.075,-0.096,-0.112,-0.082,-0.048
13-Feb-2024,5.35,5.42,5.43,5.346,5.399,5.644,5.29,5.29,5.29,5.3,5.26,5.09,3.97,3.97,3.97,3.9,3.75,3.38,-0.07,-0.072,-0.091,-0.104,-0.079,-0.045
14-Feb-2024,5.31,5.42,5.43,5.346,5.384,5.597,5.29,5.29,5.29,5.3,5.26,5.09,3.97,3.97,3.97,3.91,3.77,3.44,-0.059,-0.07,-0.089,-0.098,-0.073,-0.043
15-Feb-2024,5.31,5.42,5.43,5.336,5.376,5.595,5.29,5.29,5.29,5.29,5.27,5.09,3.96,3.96,3.96,3.92,3.78,3.45,-0.075,-0.083,-0.094,-0.097,-0.073,-0.043
16-Feb-2024,5.33,5.42,5.43,5.332,5.387,5.626,5.29,5.29,5.29,5.29,5.27,5.09,3.95,3.95,3.95,3.91,3.79,3.47,-0.08,-0.084,-0.095,-0.095,-0.071,-0.043
19-Feb-2024,5.33,5.42,5.43,5.332,5.387,5.626,5.29,5.29,5.29,5.29,5.28,5.13,3.96,3.96,3.95,3.91,3.79,3.48,-0.092,-0.092,-0.099,-0.087,-0.067,-0.029
20-Feb-2024,5.33,5.42,5.43,5.33,5.381,5.608,5.29,5.29,5.29,5.29,5.28,5.13,3.95,3.95,3.95,3.91,3.78,3.45,-0.095,-0.098,-0.104,-0.075,-0.059,-0.004
21-Feb-2024,5.33,5.42,5.413,5.326,5.391,5.64,5.29,5.29,5.29,5.29,5.28,5.1,3.94,3.94,3.94,3.91,3.78,3.44,-0.095,-0.102,-0.108,-0.073,-0.051,0.008
22-Feb-2024,5.33,5.402,5.39,5.327,5.395,5.668,5.29,5.29,5.29,5.29,5.28,5.11,3.95,3.95,3.94,3.92,3.8,3.5,-0.097,-0.103,-0.11,-0.071,-0.047,0.008
23-Feb-2024,5.35,5.402,5.385,5.325,5.396,5.665,5.29,5.29,5.29,5.29,5.28,5.13,3.95,3.95,3.94,3.92,3.8,3.49,-0.097,-0.103,-0.11,-0.071,-0.047,0.008
26-Feb-2024,5.35,5.403,5.379,5.323,5.404,5.684,5.29,5.29,5.29,5.29,5.28,5.13,3.95,3.95,3.94,3.92,3.81,3.5,-0.092,-0.098,-0.105,-0.066,-0.041,0.01
27-Feb-2024,5.34,5.403,5.375,5.32,5.401,5.686,5.29,5.29,5.29,5.29,5.28,5.13,3.95,3.95,3.94,3.92,3.82,3.5,-0.1,-0.099,-0.1,-0.062,-0.037,0.011
28-Feb-2024,5.34,5.402,5.366,5.318,5.388,5.647,5.29,5.29,5.29,5.29,5.28,5.13,3.95,3.95,3.94,3.9,3.8,3.5,-0.1,-0.099,-0.1,-0.059,-0.036,0.012
29-Feb-2024,5.34,5.402,5.421,5.312,5.378,5.631,5.29,5.29,5.29,5.29,5.28,5.13,3.95,3.95,3.94,3.92,3.83,3.55,-0.1,-0.1,-0.099,-0.055,-0.033,0.012
01-Mar-2024,5.357,5.382,5.401,5.311,5.356,5.586,5.29,5.29,5.29,5.29,5.28,5.13,3.95,3.95,3.94,3.92,3.81,3.51,-0.099,-0.099,-0.099,-0.053,-0.033,0.012
04-Mar-2024,5.35,5.37,5.389,5.308,5.397,5.633,5.29,5.29,5.29,5.29,5.28,5.13,3.95,3.95,3.94,3.92,3.81,3.51,-0.098,-0.1,-0.102,-0.052,-0.029,0.015
05-Mar-2024,5.36,5.37,5.389,5.306,5.383,5.603,5.29,5.29,5.29,5.29,5.28,5.15,3.95,3.95,3.94,3.92,3.82,3.52,-0.098,-0.1,-0.102,-0.047,-0.028,0.016
06-Mar-2024,5.33,5.37,5.386,5.303,5.381,5.598,5.29,5.29,5.29,5.29,5.28,5.13,3.95,3.95,3.94,3.92,3.81,3.5,-0.098,-0.1,-0.097,-0.04,-0.017,0.018
07-Mar-2024,5.393,5.37,5.407,5.298,5.341,5.561,5.29,5.29,5.29,5.29,5.28,5.13,3.95,3.95,3.94,3.91,3.77,3.44,-0.098,-0.101,-0.087,-0.036,-0.006,0.024
08-Mar-2024,5.41,5.37,5.402,5.295,5.34,5.546,5.29,5.29,5.29,5.29,5.25,5.11,3.95,3.94,3.94,3.91,3.77,3.44,-0.099,-0.098,-0.083,-0.022,0.008,0.031
11-Mar-2024,5.41,5.37,5.393,5.295,5.352,5.576,5.29,5.29,5.29,5.29,5.25,5.09,3.95,3.94,3.94,3.91,3.78,3.41,-0.099,-0.098,-0.082,-0.021,0.018,0.035
12-Mar-2024,5.378,5.37,5.387,5.295,5.359,5.604,5.29,5.29,5.29,5.29,5.25,5.06,3.95,3.94,3.94,3.91,3.79,3.46,-0.104,-0.099,-0.077,-0.014,0.021,0.042
13-Mar-2024,5.36,5.37,5.38,5.295,5.368,5.628,5.29,5.29,5.29,5.27,5.22,5.03,3.95,3.94,3.94,3.91,3.79,3.47,-0.099,-0.094,-0.062,-0.008,0.024,0.046
14-Mar-2024,5.36,5.29,5.365,5.295,5.371,5.645,5.29,5.29,5.29,5.27,5.23,5.07,3.95,3.94,3.94,3.91,3.79,3.47,-0.098,-0.069,-0.04,0,0.03,0.057
15-Mar-2024,5.36,5.268,5.357,5.295,5.38,5.666,5.29,5.29,5.29,5.25,5.25,5.07,3.95,3.94,3.94,3.89,3.78,3.47,-0.086,-0.045,-0.014,0.021,0.043,0.07
18-Mar-2024,5.331,5.376,5.499,5.434,5.479,5.723,5.29,5.29,5.29,5.25,5.25,5.07,3.95,3.94,3.94,3.89,3.79,3.51,-0.085,-0.029,-0.001,0.033,0.059,0.089
19-Mar-2024,5.323,5.38,5.502,5.437,5.478,5.711,5.29,5.29,5.29,5.25,5.24,5.07,3.95,3.94,3.94,3.89,3.78,3.5,-0.181,0,0.004,0.04,0.067,0.1
20-Mar-2024,5.33,5.37,5.491,5.445,5.479,5.647,5.29,5.29,5.29,5.26,5.23,5.05,3.95,3.93,3.93,3.89,3.78,3.5,-0.181,0,0.004,0.04,0.067,0.1
21-Mar-2024,5.33,5.37,5.491,5.438,5.472,5.663,5.29,5.29,5.29,5.26,5.19,4.95,3.95,3.8,3.91,3.89,3.77,3.48,-0.101,0.012,0.019,0.044,0.074,0.104
22-Mar-2024,5.368,5.37,5.491,5.443,5.472,5.64,5.29,5.29,5.29,5.26,5.19,4.95,3.95,3.8,3.91,3.89,3.77,3.48,-0.024,-0.028,0.008,0.043,0.075,0.106
25-Mar-2024,5.375,5.37,5.491,5.437,5.468,5.66,5.29,5.29,5.29,5.26,5.16,4.92,3.95,3.83,3.92,3.87,3.76,3.45,0.007,-0.04,0.004,0.042,0.074,0.103
26-Mar-2024,5.375,5.37,5.491,5.434,5.468,5.662,5.29,5.29,5.29,5.26,5.17,4.97,3.95,3.88,3.92,3.87,3.75,3.45,0.028,-0.013,0.019,0.043,0.074,0.103
27-Mar-2024,5.42,5.37,5.491,5.435,5.462,5.65,5.29,5.29,5.29,5.26,5.17,4.97,3.95,3.92,3.93,3.86,3.71,3.43,0.006,-0.017,0.022,0.043,0.074,0.103
28-Mar-2024,5.385,5.37,5.491,5.424,5.462,5.674,5.29,5.29,5.29,5.26,5.17,4.97,3.98,3.95,3.94,3.86,3.72,3.43,0.029,-0.001,0.028,0.045,0.074,0.103
29-Mar-2024,5.385,5.37,5.491,5.424,5.462,5.674,5.29,5.29,5.29,5.26,5.17,4.97,3.98,3.95,3.94,3.86,3.72,3.43,-0.029,0.013,0.033,0.049,0.074,0.103
01-Apr-2024,5.453,5.37,5.49,5.412,5.451,5.703,5.29,5.29,5.29,5.26,5.17,4.97,3.98,3.95,3.94,3.86,3.72,3.43,0.013,0.016,0.038,0.051,0.074,0.103
02-Apr-2024,5.42,5.37,5.49,5.415,5.45,5.69,5.29,5.29,5.29,5.26,5.17,4.99,3.98,3.95,3.93,3.85,3.71,3.42,0.008,0.017,0.033,0.051,0.074,0.103
03-Apr-2024,5.42,5.37,5.488,5.417,5.45,5.673,5.29,5.29,5.29,5.26,5.17,4.99,3.98,3.95,3.94,3.85,3.7,3.42,0.019,0.02,0.031,0.051,0.074,0.104
04-Apr-2024,5.42,5.39,5.488,5.42,5.45,5.655,5.29,5.29,5.29,5.26,5.17,4.98,3.98,3.95,3.94,3.85,3.71,3.42,0.036,0.03,0.036,0.053,0.075,0.104
05-Apr-2024,5.356,5.39,5.483,5.404,5.45,5.7,5.29,5.29,5.29,5.26,5.14,4.95,3.98,3.95,3.94,3.85,3.71,3.42,0.048,0.039,0.036,0.053,0.075,0.104
08-Apr-2024,5.356,5.39,5.48,5.398,5.45,5.715,5.29,5.29,5.29,5.26,5.14,4.96,3.97,3.95,3.94,3.85,3.71,3.45,0.048,0.036,0.035,0.053,0.074,0.104
09-Apr-2024,5.35,5.39,5.48,5.405,5.45,5.687,5.29,5.29,5.29,5.26,5.14,4.96,3.97,3.95,3.94,3.85,3.71,3.45,0.017,0.037,0.034,0.052,0.074,0.104
10-Apr-2024,5.35,5.382,5.462,5.363,5.437,5.425,5.29,5.29,5.29,5.26,5.14,4.96,3.97,3.95,3.94,3.85,3.71,3.43,0.061,0.039,0.037,0.05,0.077,0.107
11-Apr-2024,5.343,5.382,5.457,5.363,5.433,5.416,5.29,5.29,5.29,5.26,5.16,5.08,3.97,3.95,3.95,3.85,3.74,3.48,0.051,0.044,0.04,0.053,0.077,0.108
12-Apr-2024,5.342,5.382,5.459,5.369,5.43,5.389,5.29,5.29,5.29,5.26,5.21,5.08,3.97,3.95,3.95,3.84,3.71,3.45,0.065,0.053,0.049,0.055,0.077,0.108
15-Apr-2024,5.399,5.382,5.454,5.363,5.43,5.398,5.29,5.29,5.29,5.26,5.21,5.08,3.97,3.95,3.95,3.84,3.71,3.44,0.065,0.053,0.045,0.051,0.076,0.107
16-Apr-2024,5.357,5.382,5.446,5.355,5.43,5.419,5.29,5.29,5.29,5.26,5.21,5.09,3.97,3.95,3.95,3.84,3.71,3.46,0.044,0.046,0.039,0.05,0.075,0.106
17-Apr-2024,5.33,5.382,5.448,5.359,5.427,5.393,5.29,5.29,5.29,5.26,5.26,5.19,3.97,3.95,3.95,3.84,3.71,3.47,0.036,0.032,0.032,0.051,0.075,0.111
18-Apr-2024,5.33,5.382,5.436,5.347,5.425,5.417,5.29,5.29,5.29,5.26,5.24,5.1,3.97,3.95,3.95,3.84,3.7,3.47,0.026,0.028,0.026,0.051,0.075,0.113
19-Apr-2024,5.331,5.382,5.434,5.346,5.424,5.416,5.29,5.29,5.29,5.26,5.23,5.11,3.97,3.95,3.95,3.84,3.7,3.48,0.033,0.031,0.03,0.051,0.075,0.11
22-Apr-2024,5.32,5.382,5.432,5.345,5.422,5.407,5.29,5.29,5.29,5.26,5.21,5.06,3.97,3.95,3.95,3.84,3.7,3.48,0.054,0.042,0.034,0.051,0.075,0.109
23-Apr-2024,5.33,5.382,5.434,5.349,5.419,5.386,5.3,5.3,5.3,5.26,5.18,5.02,3.97,3.95,3.95,3.83,3.69,3.47,0.06,0.041,0.037,0.052,0.075,0.109
24-Apr-2024,5.35,5.372,5.43,5.347,5.417,5.386,5.3,5.3,5.3,5.26,5.18,5.06,3.97,3.95,3.95,3.83,3.69,3.47,0.057,0.035,0.033,0.051,0.075,0.109
25-Apr-2024,5.38,5.33,5.409,5.327,5.42,5.43,5.3,5.3,5.3,5.26,5.2,5.09,3.97,3.95,3.95,3.82,3.69,3.47,0.004,0.029,0.034,0.051,0.075,0.109
26-Apr-2024,5.357,5.399,5.418,5.314,5.419,5.431,5.3,5.3,5.3,5.27,5.21,5.1,3.97,3.95,3.95,3.82,3.7,3.51,0.021,0.027,0.033,0.052,0.075,0.109
29-Apr-2024,5.37,5.387,5.417,5.314,5.417,5.422,5.3,5.3,5.3,5.27,5.21,5.1,3.97,3.95,3.95,3.81,3.68,3.47,0.021,0.027,0.033,0.052,0.075,0.109
30-Apr-2024,5.429,5.361,5.4,5.3,5.424,5.462,5.3,5.3,5.3,5.27,5.21,5.1,3.77,3.95,3.94,3.8,3.69,3.49,0.001,0.025,0.033,0.051,0.075,0.113
01-May-2024,5.39,5.465,5.4,5.358,5.441,5.433,5.3,5.3,5.3,5.27,5.23,5.14,3.77,3.95,3.94,3.8,3.69,3.49,0.073,0.034,0.037,0.051,0.076,0.114
02-May-2024,5.362,5.465,5.4,5.357,5.429,5.39,5.3,5.3,5.3,5.27,5.23,5.12,3.95,3.95,3.94,3.79,3.68,3.49,0.068,0.049,0.044,0.051,0.076,0.115
03-May-2024,5.37,5.465,5.4,5.358,5.419,5.349,5.3,5.3,5.3,5.27,5.21,5.09,3.95,3.95,3.94,3.78,3.65,3.44,0.068,0.049,0.044,0.051,0.076,0.115
06-May-2024,5.353,5.465,5.4,5.355,5.421,5.359,5.3,5.3,5.3,5.27,5.21,5.09,3.95,3.95,3.94,3.78,3.65,3.44,0.068,0.049,0.044,0.051,0.076,0.115
07-May-2024,5.37,5.465,5.4,5.352,5.42,5.357,5.3,5.3,5.3,5.27,5.19,5.05,3.96,3.96,3.94,3.78,3.65,3.45,0.072,0.052,0.049,0.053,0.075,0.115
08-May-2024,5.37,5.465,5.4,5.349,5.418,5.354,5.3,5.3,5.3,5.27,5.19,5.05,3.96,3.96,3.94,3.77,3.65,3.43,0.072,0.058,0.05,0.055,0.075,0.115
09-May-2024,5.35,5.465,5.4,5.345,5.412,5.338,5.3,5.3,5.3,5.27,5.18,5.03,3.96,3.96,3.94,3.77,3.65,3.43,0.071,0.059,0.05,0.056,0.076,0.117
10-May-2024,5.343,5.465,5.4,5.341,5.417,5.366,5.3,5.3,5.3,5.26,5.16,4.99,3.96,3.96,3.94,3.77,3.65,3.43,0.09,0.074,0.057,0.061,0.081,0.121
13-May-2024,5.331,5.382,5.4,5.338,5.425,5.366,5.31,5.31,5.31,5.25,5.16,4.99,3.96,3.96,3.92,3.76,3.65,3.43,0.079,0.068,0.058,0.063,0.085,0.125
14-May-2024,5.34,5.368,5.495,5.338,5.417,5.344,5.31,5.31,5.31,5.25,5.16,4.99,3.96,3.96,3.91,3.76,3.64,3.43,0.076,0.068,0.058,0.063,0.087,0.129
15-May-2024,5.365,5.368,5.495,5.337,5.407,5.291,5.31,5.31,5.3,5.25,5.16,4.99,3.96,3.96,3.88,3.75,3.63,3.42,0.08,0.07,0.059,0.066,0.092,0.141
16-May-2024,5.389,5.403,5.395,5.398,5.407,5.333,5.3,5.3,5.29,5.24,5.15,4.96,3.96,3.96,3.88,3.74,3.62,3.4,0.044,0.058,0.052,0.065,0.095,0.151
17-May-2024,5.358,5.403,5.391,5.395,5.409,5.344,5.3,5.3,5.29,5.24,5.15,4.96,3.96,3.96,3.88,3.74,3.63,3.42,0.075,0.063,0.057,0.072,0.094,0.156
20-May-2024,5.346,5.402,5.4,5.392,5.403,5.358,5.31,5.31,5.3,5.24,5.15,4.98,3.96,3.96,3.86,3.73,3.63,3.42,0.083,0.066,0.058,0.074,0.097,0.16
21-May-2024,5.354,5.372,5.38,5.39,5.397,5.343,5.31,5.31,5.3,5.24,5.15,4.99,3.96,3.95,3.86,3.73,3.63,3.43,0.042,0.058,0.057,0.075,0.098,0.167
22-May-2024,5.338,5.373,5.38,5.386,5.401,5.356,5.31,5.31,5.3,5.27,5.25,5.13,3.96,3.95,3.86,3.74,3.65,3.45,0.071,0.061,0.059,0.075,0.099,0.174
23-May-2024,5.373,5.373,5.361,5.375,5.409,5.394,5.31,5.31,5.3,5.27,5.25,5.13,3.96,3.91,3.86,3.73,3.64,3.45,0.082,0.064,0.06,0.076,0.099,0.178
24-May-2024,5.373,5.373,5.358,5.372,5.412,5.404,5.31,5.31,5.3,5.27,5.26,5.18,3.96,3.91,3.82,3.73,3.68,3.51,0.03,0.065,0.06,0.077,0.099,0.183
27-May-2024,5.373,5.373,5.358,5.372,5.413,5.398,5.31,5.31,5.3,5.27,5.26,5.18,3.96,3.91,3.82,3.73,3.68,3.5,0.06,0.06,0.059,0.079,0.107,0.189
28-May-2024,5.41,5.373,5.408,5.369,5.415,5.426,5.31,5.31,5.3,5.27,5.26,5.18,3.96,3.91,3.81,3.71,3.66,3.47,0.045,0.055,0.057,0.082,0.11,0.193
29-May-2024,5.408,5.373,5.4,5.368,5.412,5.421,5.31,5.31,5.3,5.27,5.26,5.18,3.96,3.93,3.8,3.71,3.66,3.48,0.047,0.057,0.058,0.083,0.117,0.195
30-May-2024,5.306,5.373,5.42,5.368,5.402,5.399,5.31,5.31,5.3,5.27,5.26,5.18,3.96,3.95,3.8,3.7,3.66,3.48,0.039,0.055,0.057,0.083,0.122,0.199
31-May-2024,5.451,5.383,5.415,5.361,5.398,5.379,5.31,5.31,5.3,5.27,5.27,5.19,3.87,3.95,3.76,3.7,3.65,3.49,0.018,0.056,0.057,0.085,0.127,0.2
03-Jun-2024,5.411,5.383,5.415,5.361,5.385,5.34,5.31,5.31,5.3,5.27,5.27,5.19,3.94,3.95,3.75,3.7,3.65,3.46,0.086,0.059,0.058,0.086,0.13,0.2
04-Jun-2024,5.402,5.383,5.41,5.359,5.377,5.31,5.31,5.31,5.3,5.27,5.27,5.16,3.94,3.92,3.74,3.69,3.64,3.44,0.072,0.06,0.059,0.087,0.133,0.2
05-Jun-2024,5.388,5.383,5.409,5.358,5.366,5.272,5.31,5.31,5.3,5.27,5.27,5.16,3.94,3.88,3.73,3.68,3.63,3.42,0.079,0.061,0.058,0.087,0.133,0.201
06-Jun-2024,5.41,5.342,5.397,5.351,5.362,5.266,5.31,5.31,5.3,5.27,5.26,5.14,3.94,3.78,3.71,3.71,3.62,3.42,0.079,0.059,0.058,0.086,0.133,0.2
07-Jun-2024,5.41,5.321,5.379,5.345,5.398,5.366,5.31,5.31,5.3,5.27,5.25,5.13,3.94,3.74,3.71,3.71,3.62,3.45,0.021,0.058,0.056,0.086,0.133,0.2
10-Jun-2024,5.387,5.305,5.374,5.344,5.396,5.36,5.31,5.3,5.3,5.27,5.25,5.14,3.94,3.71,3.71,3.71,3.65,3.48,0.08,0.051,0.051,0.087,0.134,0.2
11-Jun-2024,5.368,5.295,5.368,5.344,5.391,5.34,5.31,5.3,5.3,5.27,5.25,5.14,3.94,3.71,3.71,3.71,3.65,3.48,0.088,0.051,0.052,0.087,0.134,0.2
12-Jun-2024,5.35,5.384,5.381,5.402,5.376,5.289,5.31,5.3,5.3,5.27,5.25,5.14,3.94,3.71,3.71,3.71,3.65,3.48,0.077,0.052,0.052,0.087,0.135,0.201
13-Jun-2024,5.37,5.39,5.419,5.409,5.359,5.239,5.31,5.3,5.3,5.27,5.25,5.12,3.71,3.71,3.71,3.71,3.63,3.45,0.011,0.048,0.048,0.086,0.134,0.2
14-Jun-2024,5.37,5.386,5.414,5.409,5.362,5.243,5.31,5.3,5.3,5.27,5.22,5.06,3.71,3.71,3.71,3.7,3.59,3.38,0.037,0.043,0.041,0.086,0.135,0.2
17-Jun-2024,5.422,5.492,5.555,5.572,5.474,5.332,5.31,5.3,5.3,5.3,5.22,5.06,3.71,3.71,3.71,3.73,3.69,3.38,0.073,0.049,0.044,0.085,0.136,0.2
18-Jun-2024,5.39,5.471,5.54,5.569,5.468,5.298,5.3,5.29,5.29,5.29,5.22,5.06,3.7,3.71,3.71,3.7,3.62,3.4,0.072,0.045,0.042,0.083,0.137,0.2
19-Jun-2024,5.39,5.471,5.54,5.569,5.468,5.298,5.3,5.29,5.29,5.29,5.22,5.06,3.7,3.71,3.7,3.7,3.62,3.4,0.041,0.046,0.044,0.084,0.138,0.2
20-Jun-2024,5.38,5.476,5.54,5.565,5.464,5.304,5.3,5.29,5.29,5.29,5.22,5.06,3.7,3.67,3.7,3.7,3.62,3.39,0.068,0.049,0.05,0.083,0.138,0.2
21-Jun-2024,5.349,5.466,5.54,5.566,5.461,5.295,5.3,5.29,5.29,5.29,5.19,5.01,3.7,3.66,3.7,3.69,3.59,3.35,0.084,0.051,0.051,0.084,0.138,0.2
24-Jun-2024,5.367,5.466,5.54,5.567,5.461,5.287,5.3,5.29,5.29,5.29,5.19,5.01,3.7,3.66,3.7,3.69,3.6,3.36,0.084,0.051,0.052,0.083,0.138,0.2
25-Jun-2024,5.41,5.468,5.544,5.564,5.458,5.295,5.3,5.29,5.29,5.27,5.17,5.01,3.7,3.62,3.7,3.68,3.59,3.35,0.077,0.051,0.052,0.084,0.139,0.2
26-Jun-2024,5.299,5.472,5.543,5.557,5.451,5.314,5.3,5.29,5.29,5.27,5.17,5.02,3.7,3.66,3.7,3.67,3.58,3.34,0.082,0.05,0.052,0.084,0.139,0.2
27-Jun-2024,5.35,5.471,5.544,5.56,5.451,5.291,5.3,5.29,5.29,5.28,5.17,5.03,3.7,3.71,3.71,3.66,3.57,3.35,0.026,0.027,0.047,0.084,0.139,0.2
28-Jun-2024,5.35,5.473,5.542,5.554,5.445,5.304,5.3,5.29,5.29,5.26,5.17,5.03,3.75,3.71,3.71,3.67,3.58,3.36,0.028,0.049,0.051,0.084,0.139,0.2
01-Jul-2024,5.466,5.473,5.544,5.555,5.443,5.299,5.3,5.29,5.29,5.26,5.17,5.03,3.75,3.71,3.71,3.67,3.6,3.39,0.076,0.053,0.051,0.084,0.139,0.2
02-Jul-2024,5.45,5.433,5.544,5.554,5.443,5.285,5.3,5.29,5.29,5.24,5.17,5.03,3.75,3.71,3.71,3.67,3.6,3.4,0.078,0.054,0.051,0.084,0.139,0.2
03-Jul-2024,5.25,5.434,5.546,5.556,5.432,5.268,5.3,5.29,5.29,5.24,5.17,5.03,3.75,3.71,3.71,3.67,3.6,3.4,0.047,0.051,0.051,0.084,0.139,0.2
04-Jul-2024,5.25,5.434,5.545,5.555,5.432,5.27,5.3,5.29,5.29,5.24,5.17,5.03,3.75,3.73,3.73,3.66,3.59,3.39,0.054,0.05,0.05,0.085,0.139,0.2
05-Jul-2024,5.353,5.436,5.553,5.568,5.432,5.216,5.29,5.28,5.28,5.23,5.15,5,3.74,3.73,3.73,3.66,3.59,3.39,0.051,0.052,0.051,0.086,0.139,0.2
08-Jul-2024,5.38,5.437,5.552,5.564,5.432,5.223,5.29,5.28,5.28,5.23,5.15,5,3.74,3.73,3.73,3.66,3.59,3.39,0.087,0.051,0.051,0.087,0.14,0.2
09-Jul-2024,5.41,5.437,5.551,5.562,5.432,5.221,5.29,5.28,5.28,5.23,5.15,4.99,3.74,3.73,3.73,3.66,3.58,3.39,0.054,0.054,0.053,0.088,0.142,0.2
10-Jul-2024,5.375,5.428,5.432,5.561,5.432,5.208,5.27,5.26,5.26,5.21,5.13,4.97,3.75,3.73,3.73,3.66,3.57,3.37,0.083,0.055,0.056,0.089,0.142,0.2
11-Jul-2024,5.43,5.437,5.448,5.583,5.411,5.136,5.28,5.27,5.27,5.22,5.13,4.97,3.75,3.73,3.73,3.65,3.56,3.34,0.079,0.053,0.055,0.088,0.142,0.2
12-Jul-2024,5.34,5.421,5.453,5.458,5.451,5.403,5.28,5.27,5.27,5.22,5.13,4.95,3.75,3.73,3.73,3.64,3.55,3.33,0.086,0.057,0.055,0.088,0.142,0.2
15-Jul-2024,5.41,5.425,5.46,5.464,5.446,5.384,5.28,5.27,5.27,5.22,5.13,4.95,3.75,3.73,3.73,3.64,3.54,3.32,0.086,0.057,0.055,0.088,0.142,0.2
16-Jul-2024,5.42,5.433,5.476,5.464,5.435,5.371,5.28,5.27,5.27,5.22,5.13,4.94,3.75,3.73,3.73,3.64,3.53,3.28,0.081,0.056,0.056,0.089,0.142,0.2
17-Jul-2024,5.42,5.432,5.472,5.456,5.435,5.378,5.28,5.27,5.27,5.23,5.13,4.94,3.75,3.73,3.73,3.64,3.54,3.29,0.079,0.051,0.056,0.089,0.142,0.2
18-Jul-2024,5.403,5.418,5.469,5.448,5.43,5.388,5.28,5.27,5.27,5.23,5.13,4.94,3.75,3.73,3.73,3.63,3.54,3.3,0.033,0.044,0.055,0.09,0.142,0.2
19-Jul-2024,5.407,5.447,5.472,5.443,5.427,5.401,5.28,5.27,5.27,5.23,5.13,4.94,3.75,3.73,3.73,3.63,3.53,3.29,0.037,0.052,0.058,0.089,0.143,0.2
22-Jul-2024,5.408,5.446,5.471,5.442,5.425,5.404,5.28,5.27,5.27,5.23,5.13,4.94,3.75,3.73,3.73,3.63,3.54,3.3,0.092,0.055,0.058,0.088,0.143,0.2
23-Jul-2024,5.381,5.469,5.492,5.445,5.415,5.388,5.28,5.27,5.27,5.23,5.14,4.97,3.75,3.73,3.73,3.63,3.53,3.29,0.073,0.054,0.059,0.088,0.143,0.202
24-Jul-2024,5.385,5.468,5.489,5.449,5.411,5.361,5.27,5.26,5.26,5.22,5.13,4.95,3.75,3.73,3.73,3.63,3.53,3.27,0.043,0.052,0.059,0.09,0.144,0.202
25-Jul-2024,5.432,5.498,5.488,5.447,5.401,5.352,5.27,5.26,5.25,5.21,5.12,4.93,3.75,3.73,3.73,3.6,3.48,3.19,0.065,0.049,0.069,0.096,0.147,0.207
26-Jul-2024,5.389,5.503,5.494,5.451,5.394,5.329,5.27,5.24,5.23,5.19,5.1,4.91,3.75,3.73,3.73,3.6,3.49,3.2,0.079,0.067,0.08,0.108,0.153,0.209
29-Jul-2024,5.374,5.498,5.468,5.488,5.392,5.34,5.26,5.23,5.22,5.18,5.08,4.88,3.75,3.73,3.73,3.6,3.47,3.17,0.081,0.074,0.09,0.115,0.155,0.211
30-Jul-2024,5.396,5.49,5.46,5.45,5.379,5.311,5.26,5.23,5.22,5.18,5.08,4.87,3.75,3.73,3.73,3.59,3.47,3.17,0.024,0.069,0.089,0.119,0.156,0.211
31-Jul-2024,5.497,5.459,5.467,5.475,5.358,5.244,5.26,5.21,5.2,5.16,5.06,4.85,3.72,3.73,3.73,3.58,3.45,3.12,-0.062,0.11,0.117,0.138,0.176,0.23
01-Aug-2024,5.446,5.461,5.467,5.487,5.317,5.135,5.26,5.08,5.07,5.05,4.98,4.73,3.73,3.73,3.73,3.57,3.44,3.11,0.166,0.186,0.189,0.202,0.244,0.317
02-Aug-2024,5.382,5.438,5.45,5.451,5.239,4.899,5.26,5.08,5.07,5.04,4.9,4.62,3.73,3.73,3.73,3.54,3.35,2.99,0.22,0.192,0.192,0.203,0.254,0.332
05-Aug-2024,5.38,5.431,5.48,5.477,5.234,4.925,5.26,5.08,5.05,5.02,4.82,4.48,3.73,3.7,3.7,3.48,3.25,2.85,0.051,0.162,0.184,0.201,0.254,0.329
06-Aug-2024,5.395,5.447,5.45,5.503,5.238,4.974,5.05,5.05,5.05,5.02,4.88,4.62,3.73,3.72,3.72,3.52,3.32,2.95,0.046,0.154,0.175,0.2,0.254,0.328
07-Aug-2024,5.392,5.44,5.455,5.487,5.224,4.936,5.05,5.05,5.05,5.02,4.88,4.62,3.73,3.72,3.73,3.53,3.35,2.99,0.213,0.154,0.176,0.201,0.254,0.326
08-Aug-2024,5.419,5.469,5.491,5.478,5.229,4.985,5.05,5.05,5.05,5.02,4.88,4.62,3.73,3.72,3.73,3.51,3.32,2.94,0.216,0.162,0.177,0.201,0.257,0.325
09-Aug-2024,5.43,5.463,5.492,5.473,5.231,5.004,5.05,5.05,5.05,5.02,4.89,4.63,3.73,3.72,3.73,3.51,3.32,2.94,0.182,0.175,0.178,0.201,0.255,0.321
12-Aug-2024,5.38,5.44,5.472,5.47,5.226,4.989,5.05,5.05,5.05,5.02,4.89,4.63,3.73,3.72,3.73,3.51,3.32,2.97,0.182,0.175,0.178,0.201,0.255,0.321
13-Aug-2024,5.387,5.489,5.491,5.479,5.18,4.907,5.05,5.05,5.05,5.02,4.89,4.63,3.73,3.72,3.73,3.51,3.32,2.97,0.229,0.177,0.179,0.2,0.252,0.317
14-Aug-2024,5.3,5.467,5.478,5.466,5.192,4.922,5.05,5.05,5.04,5.01,4.86,4.56,3.73,3.72,3.73,3.5,3.3,2.92,0.224,0.18,0.18,0.2,0.252,0.315
15-Aug-2024,5.41,5.439,5.499,5.45,5.214,5.018,5.05,5.05,5.05,5.01,4.86,4.56,3.73,3.72,3.7,3.5,3.32,2.92,0.238,0.185,0.181,0.2,0.252,0.314
16-Aug-2024,5.32,5.39,5.501,5.45,5.199,4.985,5.05,5.05,5.05,5.01,4.86,4.56,3.73,3.72,3.7,3.5,3.34,2.99,0.233,0.186,0.184,0.201,0.253,0.314
19-Aug-2024,5.359,5.45,5.488,5.444,5.201,4.994,5.05,5.05,5.06,5.01,4.87,4.62,3.73,3.72,3.7,3.5,3.34,2.99,0.224,0.188,0.185,0.202,0.253,0.316
20-Aug-2024,5.37,5.455,5.497,5.449,5.162,4.929,5.05,5.05,5.06,5.01,4.88,4.65,3.73,3.72,3.71,3.5,3.34,2.99,0.242,0.19,0.188,0.204,0.254,0.317
21-Aug-2024,5.346,5.45,5.491,5.296,5.144,4.879,5.05,5.05,5.06,5.01,4.88,4.65,3.73,3.72,3.71,3.48,3.32,2.93,0.238,0.192,0.189,0.203,0.254,0.317
22-Aug-2024,5.38,5.526,5.491,5.283,5.149,4.926,5.05,5.05,5.06,5.01,4.88,4.63,3.73,3.72,3.69,3.47,3.32,2.93,0.232,0.196,0.191,0.204,0.254,0.318
23-Aug-2024,5.402,5.532,5.502,5.287,5.116,4.856,5.07,5.07,5.08,5.01,4.88,4.63,3.73,3.72,3.69,3.47,3.32,2.93,0.142,0.193,0.191,0.203,0.253,0.317
26-Aug-2024,5.391,5.51,5.389,5.311,5.12,4.874,5.07,5.07,5.08,5.01,4.88,4.63,3.73,3.72,3.65,3.47,3.3,2.91,0.239,0.193,0.19,0.204,0.253,0.316
27-Aug-2024,5.467,5.53,5.4,5.313,5.105,4.839,5.07,5.07,5.08,5.01,4.88,4.63,3.73,3.72,3.65,3.47,3.31,2.93,0.242,0.193,0.189,0.203,0.253,0.316
28-Aug-2024,5.393,5.519,5.398,5.249,5.105,4.844,5.07,5.07,5.08,5.01,4.88,4.63,3.73,3.72,3.64,3.46,3.3,2.91,0.243,0.182,0.186,0.203,0.253,0.316
29-Aug-2024,5.332,5.489,5.395,5.305,5.086,4.836,5.07,5.07,5.08,5.01,4.88,4.64,3.73,3.72,3.62,3.44,3.28,2.88,0.204,0.163,0.173,0.201,0.252,0.316
30-Aug-2024,5.39,5.472,5.363,5.3,5.079,4.839,5.07,5.07,5.08,5.01,4.88,4.64,3.73,3.72,3.62,3.47,3.3,2.89,0.173,0.187,0.185,0.201,0.252,0.316
02-Sep-2024,5.381,5.471,5.361,5.299,5.083,4.848,5.07,5.07,5.08,5.01,4.88,4.64,3.73,3.72,3.61,3.48,3.32,2.92,0.244,0.187,0.184,0.201,0.253,0.318
03-Sep-2024,5.478,5.477,5.366,5.296,5.061,4.806,5.07,5.07,5.08,5.01,4.88,4.64,3.73,3.72,3.6,3.48,3.32,2.94,0.24,0.191,0.184,0.201,0.253,0.318
04-Sep-2024,5.434,5.466,5.381,5.298,5.012,4.696,5.06,5.06,5.07,5,4.88,4.61,3.73,3.72,3.58,3.47,3.3,2.89,0.243,0.191,0.184,0.201,0.253,0.318
05-Sep-2024,5.429,5.468,5.376,5.278,4.987,4.69,5.06,5.06,5.05,4.98,4.83,4.55,3.73,3.72,3.56,3.45,3.28,2.86,0.246,0.193,0.192,0.201,0.253,0.318
06-Sep-2024,5.416,5.478,5.385,5.274,4.954,4.594,5.06,5.06,5.05,4.98,4.83,4.53,3.73,3.72,3.55,3.44,3.25,2.8,0.243,0.198,0.194,0.203,0.254,0.319
09-Sep-2024,5.405,5.439,5.299,5.255,4.96,4.616,5.06,5.06,5.05,4.98,4.83,4.53,3.73,3.72,3.54,3.45,3.27,2.8,0.248,0.2,0.195,0.204,0.253,0.318
10-Sep-2024,5.375,5.439,5.303,5.25,4.931,4.56,5.06,5.07,5.05,4.98,4.83,4.53,3.73,3.67,3.53,3.45,3.26,2.78,0.234,0.202,0.197,0.204,0.253,0.317
11-Sep-2024,5.375,5.424,5.267,5.239,4.963,4.605,5.06,5.07,5.05,4.98,4.81,4.46,3.73,3.67,3.53,3.45,3.26,2.76,0.251,0.203,0.198,0.205,0.251,0.317
12-Sep-2024,5.385,5.433,5.273,5.218,4.907,4.573,5.06,5.07,5.05,4.98,4.79,4.44,3.73,3.55,3.5,3.43,3.24,2.76,0.237,0.198,0.198,0.203,0.251,0.317
13-Sep-2024,5.414,5.441,5.256,5.218,4.878,4.519,5.06,5.07,5.05,4.96,4.79,4.41,3.73,3.51,3.49,3.44,3.24,2.76,0.244,0.201,0.198,0.203,0.251,0.317
16-Sep-2024,5.435,5.519,5.251,5.793,5.746,4.932,5.06,5.07,5.05,4.96,4.79,4.41,3.73,3.5,3.5,3.45,3.21,2.75,0.244,0.201,0.198,0.203,0.251,0.317
17-Sep-2024,5.428,5.515,5.255,5.774,5.728,4.962,5.06,5.07,5.03,4.93,4.72,4.32,3.73,3.5,3.5,3.45,3.21,2.94,0.248,0.206,0.198,0.203,0.252,0.318
18-Sep-2024,5.372,5.134,5.147,5.154,5.153,5.045,5.06,5.07,5.03,4.93,4.72,4.32,3.73,3.5,3.5,3.45,3.21,2.94,0.243,0.205,0.198,0.202,0.252,0.318
19-Sep-2024,4.855,5.078,4.999,5.18,5.134,5.021,5.06,5.07,5.06,4.96,4.77,4.41,3.5,3.5,3.5,3.45,3.22,2.78,0.227,0.202,0.198,0.202,0.249,0.318
20-Sep-2024,4.86,5.046,4.985,4.977,4.985,5.015,5.06,5.07,5.06,4.97,4.8,4.47,3.5,3.5,3.5,3.45,3.21,2.77,0.244,0.201,0.198,0.204,0.252,0.318
23-Sep-2024,4.88,5.033,4.981,4.987,4.98,5.005,5.06,5.07,5.07,4.97,4.81,4.47,3.5,3.5,3.49,3.41,3.16,2.71,0.244,0.201,0.198,0.204,0.252,0.318
24-Sep-2024,4.875,5.087,5.01,4.884,4.581,4.969,5.06,5.07,5.07,4.97,4.81,4.44,3.49,3.5,3.48,3.37,3.12,2.66,0.219,0.201,0.199,0.205,0.251,0.317
25-Sep-2024,4.884,5.072,5.08,4.883,4.573,4.983,5.06,5.07,5.07,4.97,4.81,4.44,3.49,3.5,3.48,3.37,3.11,2.64,0.243,0.2,0.199,0.205,0.251,0.317
26-Sep-2024,4.894,5.033,5.02,4.888,4.544,5.017,5.06,5.07,5.07,4.97,4.81,4.44,3.49,3.5,3.46,3.35,3.07,2.61,0.241,0.201,0.199,0.206,0.251,0.317
27-Sep-2024,4.886,5.009,4.95,4.907,4.539,4.968,5.06,5.07,5.07,4.97,4.81,4.46,3.49,3.5,3.44,3.33,3.05,2.59,0.244,0.199,0.199,0.207,0.249,0.317
30-Sep-2024,5.29,5.035,4.969,4.888,4.53,5.031,5.06,5.07,5.07,4.95,4.81,4.44,3.58,3.53,3.44,3.33,3.07,2.61,0.232,0.199,0.199,0.207,0.25,0.318
01-Oct-2024,5.186,5.106,5.039,4.897,4.523,5.01,5.06,5.07,5.07,4.95,4.8,4.48,3.58,3.53,3.42,3.29,3.02,2.54,0.242,0.202,0.2,0.207,0.252,0.318
02-Oct-2024,4.942,4.961,5.009,4.896,4.523,5.018,5.06,5.07,5.07,4.95,4.8,4.48,3.52,3.53,3.42,3.28,3.01,2.54,0.242,0.201,0.2,0.208,0.252,0.318
03-Oct-2024,4.89,4.97,4.958,4.89,4.492,5.054,5.06,5.07,5.07,4.91,4.76,4.4,3.52,3.53,3.4,3.28,2.99,2.54,0.242,0.2,0.2,0.208,0.252,0.318
04-Oct-2024,4.88,4.93,4.949,4.844,4.492,5.19,5.06,5.07,5.07,4.91,4.76,4.41,3.52,3.53,3.4,3.28,3,2.58,0.241,0.201,0.2,0.207,0.252,0.318
07-Oct-2024,4.876,4.95,4.969,4.831,4.478,5.225,5.06,5.07,5.07,4.94,4.79,4.57,3.52,3.53,3.38,3.28,3.03,2.66,0.233,0.201,0.201,0.209,0.251,0.317
08-Oct-2024,4.885,4.93,4.98,4.839,4.7,5.201,5.06,5.07,5.07,4.94,4.79,4.57,3.52,3.53,3.37,3.27,3.04,2.67,0.191,0.2,0.201,0.209,0.252,0.317
09-Oct-2024,4.861,4.937,4.975,4.823,4.695,5.233,5.06,5.07,5.07,4.94,4.79,4.57,3.52,3.53,3.37,3.26,3.03,2.66,0.197,0.2,0.201,0.209,0.252,0.317
10-Oct-2024,4.843,4.925,4.937,4.935,4.912,4.879,5.06,5.07,5.07,4.94,4.79,4.57,3.52,3.53,3.37,3.26,3.03,2.67,0.236,0.201,0.202,0.21,0.252,0.317
11-Oct-2024,4.831,4.919,4.929,4.936,4.904,4.869,5.03,5.04,5.04,4.91,4.77,4.55,3.52,3.53,3.34,3.26,3.03,2.67,0.248,0.201,0.202,0.21,0.252,0.317
14-Oct-2024,4.831,4.917,4.925,4.931,4.904,4.883,5.03,5.04,5.04,4.91,4.77,4.52,3.52,3.53,3.34,3.26,3.03,2.65,0.248,0.201,0.202,0.21,0.252,0.317
15-Oct-2024,4.948,4.93,4.931,4.852,4.897,4.867,5.03,5.04,5.04,4.89,4.77,4.52,3.52,3.53,3.34,3.23,3.02,2.65,0.236,0.202,0.202,0.209,0.254,0.318
16-Oct-2024,4.939,4.93,4.91,4.851,4.889,4.852,5.01,5.02,5,4.87,4.72,4.44,3.52,3.48,3.32,3.22,3,2.6,0.24,0.201,0.202,0.209,0.255,0.32
17-Oct-2024,4.93,4.956,4.917,4.842,4.869,4.864,5.01,5.02,5,4.87,4.72,4.44,3.52,3.34,3.29,3.19,2.98,2.58,0.237,0.203,0.201,0.21,0.256,0.321
18-Oct-2024,4.876,4.951,4.948,4.902,4.859,4.847,5.01,5.02,4.98,4.87,4.7,4.42,3.52,3.3,3.27,3.15,2.89,2.49,0.232,0.201,0.202,0.209,0.257,0.321
21-Oct-2024,4.865,4.937,4.92,4.882,4.858,4.896,5.01,5.02,4.98,4.85,4.68,4.4,3.52,3.27,3.27,3.15,2.9,2.52,0.236,0.201,0.201,0.211,0.266,0.324
22-Oct-2024,4.88,4.95,4.923,4.883,4.849,4.892,5.01,5.02,4.98,4.85,4.68,4.4,3.52,3.27,3.27,3.15,2.9,2.54,0.229,0.204,0.203,0.212,0.274,0.327
23-Oct-2024,4.872,4.952,4.92,4.872,4.843,4.904,5.03,5,4.96,4.83,4.68,4.41,3.28,3.27,3.27,3.12,2.84,2.47,0.241,0.203,0.204,0.212,0.279,0.328
24-Oct-2024,4.869,5.007,4.896,4.856,4.817,4.883,5.03,5,4.96,4.86,4.71,4.47,3.28,3.27,3.27,3.11,2.81,2.43,0.239,0.202,0.204,0.212,0.276,0.328
25-Oct-2024,4.858,4.997,4.865,4.814,4.81,4.893,5.01,4.98,4.94,4.86,4.71,4.47,3.26,3.27,3.27,3.11,2.81,2.44,0.24,0.204,0.205,0.213,0.276,0.329
28-Oct-2024,4.825,5.032,4.863,4.893,4.803,4.9,5.01,4.98,4.92,4.87,4.71,4.47,3.26,3.27,3.27,3.1,2.79,2.41,0.24,0.204,0.206,0.213,0.278,0.33
29-Oct-2024,4.847,5.024,4.836,4.856,4.797,4.868,4.97,4.98,4.92,4.87,4.71,4.47,3.26,3.25,3.27,3.15,2.81,2.43,0.137,0.203,0.205,0.213,0.276,0.33
30-Oct-2024,4.845,4.981,4.843,4.742,4.754,4.883,4.97,4.98,4.92,4.87,4.71,4.48,3.26,3.25,3.27,3.15,2.81,2.43,0.174,0.189,0.202,0.214,0.278,0.329
31-Oct-2024,4.98,4.89,4.81,4.746,4.728,4.874,4.95,4.96,4.9,4.9,4.71,4.64,3.14,3.25,3.25,3.16,2.87,2.54,0.178,0.201,0.202,0.213,0.278,0.33
01-Nov-2024,4.89,4.794,4.811,4.745,4.729,4.886,4.95,4.96,4.9,4.9,4.71,4.67,3.24,3.25,3.25,3.16,2.86,2.52,0.241,0.203,0.204,0.23,0.289,0.339
04-Nov-2024,4.847,4.769,4.72,4.747,4.718,4.86,4.93,4.94,4.88,4.88,4.77,4.65,3.24,3.25,3.25,3.16,2.87,2.53,0.241,0.203,0.204,0.23,0.289,0.339
05-Nov-2024,4.845,4.718,4.72,4.747,4.71,4.866,4.93,4.94,4.88,4.88,4.78,4.66,3.24,3.25,3.25,3.15,2.87,2.53,0.238,0.204,0.207,0.239,0.301,0.35
06-Nov-2024,4.816,4.701,4.699,4.739,4.721,4.921,4.88,4.89,4.83,4.83,4.73,4.61,3.24,3.25,3.25,3.13,2.82,2.44,0.24,0.204,0.207,0.241,0.302,0.356
07-Nov-2024,4.852,4.7,4.701,4.741,4.685,4.877,4.86,4.87,4.81,4.83,4.73,4.62,3.24,3.25,3.25,3.12,2.8,2.45,0.226,0.204,0.207,0.243,0.308,0.359
08-Nov-2024,4.634,4.681,4.699,4.731,4.695,4.924,4.86,4.87,4.81,4.84,4.74,4.63,3.24,3.25,3.25,3.12,2.8,2.43,0.164,0.204,0.208,0.246,0.309,0.36
11-Nov-2024,4.634,4.681,4.699,4.731,4.695,4.944,4.85,4.86,4.8,4.83,4.74,4.63,3.24,3.25,3.25,3.11,2.78,2.41,0.243,0.207,0.209,0.247,0.31,0.366
12-Nov-2024,4.645,4.669,4.721,4.723,4.7,4.971,4.85,4.86,4.8,4.83,4.76,4.65,3.24,3.25,3.25,3.09,2.75,2.36,0.215,0.207,0.208,0.251,0.314,0.375
13-Nov-2024,4.62,4.673,4.729,4.723,4.673,4.906,4.85,4.86,4.8,4.83,4.76,4.69,3.24,3.25,3.25,3.09,2.76,2.39,0.24,0.207,0.209,0.253,0.323,0.384
14-Nov-2024,4.564,4.689,4.684,4.713,4.665,4.943,4.85,4.86,4.8,4.82,4.77,4.69,3.24,3.25,3.25,3.06,2.72,2.34,0.192,0.206,0.208,0.254,0.335,0.39
15-Nov-2024,4.605,4.69,4.679,4.712,4.658,4.921,4.85,4.86,4.81,4.82,4.77,4.69,3.24,3.25,3.25,3.06,2.73,2.35,0.203,0.208,0.21,0.256,0.349,0.401
18-Nov-2024,4.59,4.652,4.682,4.708,4.651,4.908,4.85,4.86,4.81,4.82,4.77,4.67,3.23,3.24,3.24,3.06,2.74,2.38,0.24,0.208,0.212,0.269,0.352,0.406
19-Nov-2024,4.58,4.658,4.684,4.74,4.649,4.918,4.85,4.86,4.81,4.82,4.77,4.67,3.23,3.24,3.24,3.06,2.74,2.38,0.231,0.209,0.213,0.272,0.352,0.407
20-Nov-2024,4.569,4.66,4.697,4.729,4.647,4.929,4.85,4.86,4.81,4.82,4.77,4.67,3.23,3.24,3.22,3.05,2.76,2.4,0.231,0.211,0.214,0.274,0.352,0.411
21-Nov-2024,4.614,4.659,4.698,4.722,4.623,4.942,4.85,4.86,4.81,4.83,4.77,4.67,3.23,3.24,3.18,3.03,2.71,2.36,0.234,0.211,0.216,0.275,0.354,0.415
22-Nov-2024,4.587,4.679,4.729,4.717,4.623,4.956,4.85,4.86,4.81,4.83,4.74,4.64,3.23,3.24,3.18,3.03,2.71,2.36,0.223,0.212,0.216,0.273,0.357,0.418
25-Nov-2024,4.587,4.752,4.702,4.715,4.61,4.91,4.85,4.86,4.81,4.81,4.72,4.59,3.23,3.24,3.16,2.97,2.63,2.28,0.234,0.212,0.217,0.273,0.36,0.421
26-Nov-2024,4.605,4.703,4.688,4.71,4.59,4.914,4.85,4.86,4.81,4.81,4.72,4.59,3.23,3.24,3.13,2.98,2.65,2.31,0.176,0.203,0.216,0.286,0.362,0.425
27-Nov-2024,4.585,4.712,4.692,4.697,4.561,4.882,4.85,4.86,4.81,4.81,4.72,4.59,3.23,3.24,3.15,3,2.67,2.33,0.158,0.181,0.215,0.299,0.363,0.43
28-Nov-2024,4.585,4.712,4.692,4.697,4.561,4.882,4.85,4.86,4.81,4.81,4.72,4.59,3.23,3.24,3.13,2.98,2.65,2.31,0.197,0.171,0.216,0.304,0.365,0.442
29-Nov-2024,4.653,4.717,4.696,4.697,4.545,4.852,4.85,4.86,4.81,4.81,4.72,4.59,3.23,3.24,3.12,2.98,2.64,2.29,0.228,0.209,0.228,0.308,0.368,0.45
02-Dec-2024,4.692,4.719,4.736,4.692,4.537,4.847,4.85,4.86,4.85,4.81,4.72,4.59,3.23,3.24,3.1,2.97,2.61,2.22,0.234,0.211,0.252,0.324,0.38,0.456
03-Dec-2024,4.663,4.726,4.719,4.689,4.516,4.823,4.85,4.86,4.89,4.81,4.7,4.57,3.23,3.24,3.1,2.97,2.62,2.24,0.23,0.212,0.254,0.331,0.387,0.458
04-Dec-2024,4.621,4.66,4.689,4.685,4.497,4.779,4.85,4.86,4.87,4.81,4.7,4.57,3.23,3.24,3.1,2.98,2.64,2.27,0.237,0.212,0.254,0.333,0.386,0.459
05-Dec-2024,4.625,4.66,4.649,4.66,4.521,4.781,4.85,4.86,4.87,4.81,4.7,4.57,3.23,3.24,3.07,2.97,2.64,2.28,0.238,0.212,0.256,0.341,0.388,0.465
06-Dec-2024,4.644,4.698,4.668,4.661,4.492,4.744,4.85,4.86,4.89,4.81,4.7,4.57,3.23,3.24,3.07,2.96,2.63,2.31,0.245,0.214,0.262,0.346,0.39,0.472
09-Dec-2024,4.669,4.7,4.63,4.661,4.487,4.748,4.85,4.86,4.89,4.81,4.7,4.57,3.23,3.24,3.08,2.95,2.61,2.28,0.243,0.219,0.264,0.346,0.391,0.475
10-Dec-2024,4.648,4.7,4.633,4.645,4.481,4.61,4.85,4.81,4.89,4.81,4.7,4.55,3.23,3.19,3.06,2.95,2.61,2.26,0.243,0.226,0.254,0.348,0.391,0.48
11-Dec-2024,4.63,4.681,4.624,4.638,4.473,4.606,4.85,4.81,4.89,4.81,4.7,4.55,3.23,3.19,3.05,2.94,2.6,2.26,0.248,0.229,0.254,0.349,0.391,0.48
12-Dec-2024,4.64,4.608,4.609,4.558,4.449,4.616,4.85,4.81,4.89,4.81,4.7,4.55,3.23,3.07,3.02,2.9,2.57,2.24,0.237,0.231,0.249,0.35,0.394,0.486
13-Dec-2024,4.646,4.578,4.619,4.558,4.455,4.645,4.85,4.81,4.89,4.81,4.7,4.55,3.23,3.07,3.02,2.9,2.61,2.28,0.242,0.231,0.246,0.35,0.394,0.488
16-Dec-2024,4.684,4.598,4.578,4.945,5.189,5.025,4.85,4.81,4.89,4.81,4.7,4.55,3.23,2.99,3.02,2.92,2.61,2.32,0.239,0.231,0.241,0.35,0.396,0.489
17-Dec-2024,4.667,4.561,4.58,4.627,4.585,4.467,4.85,4.81,4.89,4.73,4.66,4.61,3.23,2.99,3.02,2.88,2.61,2.41,0.237,0.233,0.239,0.348,0.396,0.489
18-Dec-2024,4.6,4.529,4.589,4.47,4.505,4.485,4.83,4.79,4.87,4.78,4.72,4.66,2.98,2.99,3.02,2.87,2.59,2.41,0.242,0.23,0.236,0.348,0.397,0.489
19-Dec-2024,4.407,4.411,4.605,4.528,4.498,4.458,4.83,4.81,4.89,4.8,4.76,4.72,2.98,2.99,3.02,2.87,2.59,2.29,0.239,0.232,0.239,0.348,0.397,0.489
20-Dec-2024,4.35,4.417,4.612,4.533,4.495,4.446,4.83,4.81,4.88,4.77,4.73,4.68,2.98,2.99,3.02,2.85,2.56,2.26,0.234,0.229,0.233,0.331,0.397,0.49
23-Dec-2024,4.38,4.438,4.631,4.537,4.486,4.45,4.78,4.89,4.88,4.78,4.73,4.66,2.98,3,3,2.81,2.55,2.25,0.235,0.221,0.229,0.328,0.396,0.492
24-Dec-2024,4.46,4.75,4.631,4.542,4.483,4.437,4.78,4.89,4.88,4.78,4.73,4.66,2.98,3,3,2.81,2.55,2.25,0.244,0.203,0.223,0.324,0.396,0.492
25-Dec-2024,4.46,4.75,4.631,4.542,4.483,4.437,4.78,4.89,4.88,4.78,4.73,4.66,2.98,3,3,2.81,2.55,2.25,0.247,0.201,0.223,0.324,0.396,0.492
26-Dec-2024,4.47,4.775,4.656,4.553,4.47,4.427,4.78,4.89,4.88,4.78,4.73,4.66,2.98,3,3,2.81,2.55,2.25,0.241,0.201,0.223,0.323,0.396,0.492
27-Dec-2024,4.424,4.782,4.663,4.557,4.47,4.42,4.78,4.89,4.88,4.78,4.73,4.66,2.96,2.98,2.99,2.77,2.51,2.25,0.241,0.223,0.23,0.324,0.396,0.492
30-Dec-2024,4.338,4.796,4.682,4.573,4.463,4.378,4.78,4.88,4.87,4.77,4.72,4.66,2.96,2.98,2.99,2.77,2.51,2.25,0.244,0.223,0.235,0.325,0.397,0.494
31-Dec-2024,4.5,4.5,4.551,4.55,3.579,3.949,4.78,4.88,4.87,4.77,4.72,4.66,2.96,2.98,2.99,2.77,2.51,2.25,0.244,0.223,0.235,0.325,0.397,0.494
01-Jan-2025,4.5,4.5,4.551,4.55,3.579,3.949,4.78,4.88,4.87,4.77,4.72,4.66,2.96,2.98,2.99,2.77,2.51,2.25,0.244,0.223,0.235,0.325,0.397,0.494
02-Jan-2025,4.4,4.418,4.467,4.447,4.375,4.218,4.83,4.86,4.85,4.77,4.72,4.66,2.95,2.98,2.99,2.77,2.51,2.25,0.244,0.223,0.235,0.325,0.397,0.494
03-Jan-2025,4.318,4.429,4.421,4.445,4.382,4.237,4.83,4.86,4.85,4.77,4.72,4.64,2.97,2.98,2.99,2.77,2.51,2.28,0.244,0.223,0.235,0.325,0.397,0.494
06-Jan-2025,4.276,4.351,4.451,4.436,4.379,4.235,4.82,4.82,4.84,4.76,4.71,4.64,2.99,2.99,2.95,2.76,2.56,2.34,0.246,0.226,0.241,0.326,0.397,0.494
07-Jan-2025,4.345,4.332,4.445,4.43,4.383,4.246,4.82,4.82,4.84,4.76,4.71,4.64,2.99,2.99,2.95,2.77,2.57,2.34,0.243,0.231,0.246,0.325,0.397,0.494
08-Jan-2025,4.323,4.314,4.436,4.418,4.375,4.233,4.82,4.82,4.84,4.76,4.71,4.64,2.99,2.99,2.95,2.76,2.57,2.35,0.248,0.234,0.246,0.326,0.397,0.494
09-Jan-2025,4.36,4.359,4.395,4.377,4.377,4.383,4.82,4.82,4.84,4.76,4.71,4.69,2.99,2.99,2.92,2.72,2.53,2.35,0.24,0.236,0.247,0.325,0.397,0.494
10-Jan-2025,4.33,4.352,4.387,4.388,4.41,4.459,4.81,4.81,4.83,4.75,4.7,4.67,2.99,2.99,2.92,2.72,2.54,2.35,0.243,0.24,0.249,0.325,0.397,0.494
13-Jan-2025,4.32,4.387,4.386,4.387,4.417,4.466,4.79,4.79,4.81,4.73,4.68,4.67,2.99,2.99,2.91,2.73,2.56,2.39,0.243,0.24,0.249,0.325,0.397,0.494
14-Jan-2025,4.32,4.37,4.366,4.373,4.407,4.458,4.79,4.79,4.81,4.73,4.68,4.67,2.99,2.99,2.9,2.72,2.55,2.38,0.244,0.24,0.255,0.33,0.397,0.496
15-Jan-2025,4.308,4.349,4.371,4.369,4.373,4.393,4.78,4.78,4.8,4.73,4.71,4.69,2.99,2.99,2.9,2.72,2.55,2.38,0.244,0.24,0.267,0.334,0.398,0.497
16-Jan-2025,4.326,4.282,4.319,4.326,4.344,4.367,4.78,4.78,4.77,4.7,4.65,4.58,2.99,2.99,2.88,2.68,2.54,2.36,0.241,0.241,0.291,0.349,0.41,0.5
17-Jan-2025,4.32,4.365,4.371,4.396,4.397,4.389,4.78,4.78,4.74,4.67,4.62,4.53,2.99,2.99,2.87,2.67,2.52,2.34,0.242,0.241,0.352,0.402,0.434,0.512
20-Jan-2025,4.32,4.365,4.37,4.394,4.391,4.374,4.78,4.78,4.74,4.65,4.6,4.53,2.99,2.99,2.87,2.67,2.52,2.35,0.248,0.255,0.369,0.41,0.445,0.52
21-Jan-2025,4.32,4.352,4.368,4.393,4.396,4.384,4.77,4.77,4.73,4.65,4.6,4.52,2.99,2.99,2.85,2.67,2.52,2.34,0.238,0.276,0.388,0.42,0.451,0.53
22-Jan-2025,4.36,4.34,4.365,4.391,4.4,4.386,4.76,4.76,4.72,4.65,4.6,4.51,2.99,2.99,2.84,2.66,2.52,2.34,0.236,0.292,0.393,0.427,0.456,0.538
23-Jan-2025,4.41,4.389,4.378,4.4,4.374,4.389,4.77,4.77,4.7,4.65,4.59,4.49,3,3,2.82,2.64,2.52,2.35,0.239,0.32,0.401,0.435,0.462,0.543
24-Jan-2025,4.39,4.381,4.411,4.391,4.377,4.367,4.75,4.75,4.68,4.63,4.57,4.46,3,3,2.81,2.6,2.52,2.35,0.232,0.402,0.423,0.446,0.466,0.548
27-Jan-2025,4.39,4.447,4.405,4.382,4.362,4.326,4.75,4.75,4.68,4.63,4.56,4.45,3,3,2.81,2.58,2.5,2.32,0.09,0.3,0.412,0.436,0.468,0.55
28-Jan-2025,4.413,4.451,4.448,4.417,4.356,4.324,4.74,4.74,4.67,4.63,4.56,4.45,3,2.97,2.79,2.58,2.51,2.37,0.056,0.198,0.38,0.428,0.468,0.55
29-Jan-2025,4.39,4.411,4.419,4.457,4.443,4.438,4.73,4.73,4.66,4.62,4.55,4.44,2.99,2.92,2.77,2.58,2.5,2.36,0.208,0.355,0.409,0.438,0.47,0.55
30-Jan-2025,4.397,4.379,4.324,4.375,4.412,4.423,4.73,4.73,4.66,4.62,4.55,4.44,2.99,2.82,2.75,2.54,2.46,2.32,0.293,0.276,0.403,0.436,0.472,0.55
31-Jan-2025,4.43,4.342,4.292,4.363,4.405,4.418,4.71,4.71,4.64,4.6,4.53,4.42,2.99,2.78,2.74,2.57,2.43,2.23,0.169,0.373,0.422,0.439,0.472,0.55
03-Feb-2025,4.39,4.393,4.395,4.404,4.408,4.443,4.7,4.7,4.62,4.6,4.51,4.38,3.01,2.74,2.74,2.55,2.39,2.17,0.474,0.422,0.428,0.442,0.474,0.551
04-Feb-2025,4.38,4.359,4.364,4.382,4.393,4.424,4.67,4.67,4.59,4.58,4.49,4.36,3.01,2.74,2.74,2.55,2.41,2.22,0.454,0.436,0.438,0.445,0.477,0.551
05-Feb-2025,4.386,4.401,4.4,4.4,4.379,4.404,4.65,4.65,4.57,4.56,4.47,4.34,2.76,2.74,2.74,2.55,2.39,2.19,0.46,0.434,0.434,0.447,0.479,0.551
06-Feb-2025,4.401,4.385,4.373,4.33,4.355,4.406,4.55,4.55,4.56,4.56,4.47,4.34,2.76,2.74,2.74,2.53,2.4,2.21,0.482,0.426,0.433,0.448,0.48,0.551
07-Feb-2025,4.395,4.395,4.375,4.379,4.376,4.396,4.55,4.55,4.56,4.53,4.44,4.31,2.76,2.74,2.74,2.53,2.4,2.21,0.381,0.426,0.429,0.448,0.48,0.551
10-Feb-2025,4.39,4.381,4.407,4.39,4.368,4.386,4.55,4.55,4.56,4.53,4.44,4.31,2.76,2.74,2.75,2.53,2.38,2.19,0.467,0.436,0.434,0.449,0.48,0.551
11-Feb-2025,4.37,4.378,4.38,4.378,4.37,4.396,4.55,4.55,4.56,4.53,4.44,4.3,2.76,2.74,2.75,2.53,2.38,2.2,0.467,0.436,0.434,0.449,0.48,0.551
12-Feb-2025,4.375,4.366,4.374,4.367,4.387,4.443,4.55,4.55,4.56,4.53,4.44,4.3,2.76,2.74,2.75,2.53,2.38,2.2,0.407,0.439,0.434,0.45,0.48,0.552
13-Feb-2025,4.38,4.396,4.391,4.406,4.36,4.403,4.55,4.55,4.56,4.54,4.45,4.33,2.76,2.74,2.7,2.51,2.39,2.24,0.384,0.411,0.427,0.449,0.482,0.552
14-Feb-2025,4.38,4.397,4.408,4.409,4.385,4.375,4.55,4.55,4.56,4.54,4.45,4.33,2.76,2.74,2.69,2.51,2.39,2.23,0.307,0.419,0.424,0.449,0.482,0.554
17-Feb-2025,4.38,4.397,4.41,4.412,4.383,4.366,4.55,4.55,4.56,4.54,4.45,4.33,2.76,2.74,2.66,2.52,2.39,2.24,0.479,0.419,0.428,0.449,0.484,0.554
18-Feb-2025,4.42,4.42,4.425,4.429,4.421,4.407,4.55,4.55,4.56,4.54,4.45,4.34,2.76,2.74,2.66,2.52,2.39,2.25,0.459,0.421,0.423,0.449,0.486,0.554
19-Feb-2025,4.385,4.381,4.401,4.412,4.408,4.384,4.55,4.55,4.56,4.54,4.47,4.35,2.76,2.74,2.66,2.52,2.41,2.27,0.489,0.433,0.428,0.45,0.487,0.56
20-Feb-2025,4.387,4.4,4.421,4.35,4.379,4.364,4.55,4.55,4.56,4.54,4.47,4.37,2.76,2.74,2.64,2.5,2.39,2.27,0.495,0.44,0.431,0.451,0.488,0.562
21-Feb-2025,4.38,4.402,4.429,4.371,4.35,4.34,4.55,4.55,4.56,4.54,4.47,4.37,2.76,2.74,2.62,2.48,2.37,2.22,0.497,0.447,0.432,0.454,0.489,0.564
24-Feb-2025,4.38,4.396,4.408,4.365,4.344,4.324,4.55,4.55,4.56,4.53,4.46,4.37,2.76,2.74,2.62,2.48,2.37,2.22,0.497,0.447,0.432,0.454,0.489,0.564
25-Feb-2025,4.37,4.404,4.428,4.422,4.413,4.343,4.55,4.55,4.56,4.53,4.46,4.36,2.76,2.74,2.61,2.47,2.36,2.21,0.492,0.445,0.435,0.457,0.489,0.577
26-Feb-2025,4.4,4.451,4.441,4.404,4.409,4.336,4.54,4.54,4.55,4.53,4.46,4.36,2.76,2.74,2.6,2.47,2.34,2.19,0.476,0.444,0.435,0.456,0.492,0.58
27-Feb-2025,4.4,4.407,4.41,4.381,4.384,4.312,4.54,4.54,4.55,4.53,4.46,4.34,2.76,2.74,2.57,2.45,2.33,2.19,0.478,0.441,0.434,0.458,0.493,0.586
28-Feb-2025,4.405,4.385,4.392,4.366,4.356,4.262,4.54,4.54,4.55,4.52,4.45,4.33,2.76,2.74,2.56,2.43,2.3,2.16,0.401,0.441,0.432,0.458,0.494,0.588
03-Mar-2025,4.37,4.401,4.351,4.343,4.332,4.228,4.54,4.54,4.55,4.52,4.45,4.33,2.76,2.74,2.55,2.45,2.33,2.22,0.482,0.443,0.433,0.456,0.494,0.593
04-Mar-2025,4.38,4.398,4.393,4.399,4.34,4.245,4.54,4.54,4.55,4.52,4.45,4.33,2.76,2.71,2.54,2.43,2.3,2.16,0.494,0.444,0.434,0.457,0.495,0.594
05-Mar-2025,4.39,4.397,4.394,4.383,4.339,4.245,4.54,4.54,4.55,4.52,4.45,4.35,2.76,2.68,2.53,2.44,2.34,2.23,0.486,0.447,0.437,0.458,0.497,0.594
06-Mar-2025,4.383,4.409,4.409,3.997,4.288,4.187,4.55,4.55,4.56,4.52,4.47,4.38,2.76,2.57,2.51,2.44,2.35,2.26,0.49,0.447,0.436,0.456,0.497,0.595
07-Mar-2025,4.37,4.393,4.399,4.405,4.428,4.406,4.55,4.55,4.55,4.5,4.45,4.36,2.76,2.54,2.5,2.44,2.35,2.26,0.483,0.45,0.436,0.457,0.497,0.595
10-Mar-2025,4.36,4.371,4.362,4.376,4.373,4.315,4.55,4.56,4.55,4.5,4.44,4.35,2.76,2.5,2.5,2.43,2.35,2.25,0.481,0.451,0.436,0.458,0.497,0.599
11-Mar-2025,4.36,4.352,4.356,4.377,4.395,4.364,4.55,4.56,4.56,4.5,4.44,4.33,2.76,2.51,2.51,2.43,2.33,2.24,0.491,0.45,0.437,0.458,0.497,0.6
12-Mar-2025,4.34,4.383,4.425,4.418,4.414,4.398,4.55,4.56,4.56,4.5,4.43,4.32,2.5,2.51,2.51,2.43,2.34,2.26,0.484,0.449,0.436,0.457,0.497,0.601
13-Mar-2025,4.34,4.324,4.373,4.39,4.392,4.372,4.55,4.56,4.56,4.5,4.43,4.33,2.5,2.51,2.51,2.41,2.32,2.24,0.493,0.449,0.436,0.457,0.498,0.601
14-Mar-2025,4.35,4.4,4.365,4.392,4.403,4.413,4.55,4.56,4.56,4.5,4.43,4.33,2.5,2.51,2.51,2.41,2.31,2.23,0.493,0.451,0.435,0.457,0.498,0.603
17-Mar-2025,4.38,4.378,4.439,4.407,4.393,4.446,4.55,4.56,4.56,4.5,4.39,4.33,2.5,2.51,2.51,2.41,2.3,2.27,0.491,0.45,0.434,0.457,0.499,0.604
18-Mar-2025,4.34,4.399,4.438,4.41,4.394,4.452,4.55,4.56,4.56,4.5,4.39,4.34,2.5,2.51,2.51,2.41,2.3,2.23,0.496,0.453,0.435,0.458,0.502,0.603
19-Mar-2025,4.32,4.41,4.42,4.408,4.384,4.37,4.55,4.56,4.56,4.5,4.42,4.34,2.5,2.51,2.51,2.41,2.3,2.22,0.491,0.455,0.437,0.458,0.502,0.604
20-Mar-2025,4.347,4.343,4.42,4.37,4.349,4.346,4.55,4.56,4.56,4.5,4.43,4.34,2.5,2.51,2.51,2.4,2.29,2.21,0.491,0.455,0.437,0.458,0.502,0.604
21-Mar-2025,4.34,4.323,4.42,4.349,4.327,4.322,4.56,4.56,4.53,4.48,4.42,4.36,2.5,2.51,2.5,2.39,2.28,2.2,0.487,0.455,0.438,0.458,0.502,0.604
24-Mar-2025,4.354,4.403,4.397,4.399,4.403,4.408,4.56,4.56,4.53,4.48,4.43,4.37,2.5,2.51,2.49,2.38,2.27,2.19,0.484,0.451,0.442,0.46,0.502,0.604
25-Mar-2025,4.38,4.432,4.436,4.4,4.403,4.396,4.56,4.56,4.53,4.48,4.43,4.37,2.5,2.51,2.49,2.37,2.27,2.19,0.482,0.455,0.444,0.461,0.502,0.604
26-Mar-2025,4.396,4.47,4.44,4.376,4.4,4.393,4.56,4.56,4.53,4.47,4.41,4.36,2.5,2.51,2.48,2.35,2.25,2.17,0.484,0.453,0.447,0.461,0.502,0.604
27-Mar-2025,4.39,4.424,4.411,4.433,4.4,4.404,4.56,4.56,4.53,4.47,4.41,4.36,2.5,2.51,2.48,2.34,2.23,2.13,0.479,0.443,0.444,0.461,0.502,0.604
28-Mar-2025,4.39,4.416,4.413,4.398,4.35,4.327,4.56,4.56,4.53,4.46,4.4,4.34,2.5,2.51,2.46,2.32,2.21,2.11,0.481,0.425,0.441,0.461,0.504,0.604
31-Mar-2025,4.52,4.424,4.426,4.419,4.384,4.349,4.56,4.56,4.53,4.44,4.37,4.27,2.53,2.51,2.45,2.31,2.19,2.08,0.186,0.437,0.441,0.461,0.504,0.604
01-Apr-2025,4.43,4.413,4.399,4.404,4.373,4.343,4.56,4.56,4.53,4.45,4.38,4.3,2.53,2.51,2.44,2.32,2.2,2.09,0.495,0.445,0.442,0.462,0.504,0.604
02-Apr-2025,4.42,4.391,4.394,4.391,4.382,4.341,4.56,4.56,4.53,4.44,4.38,4.31,2.5,2.51,2.44,2.32,2.2,2.08,0.495,0.449,0.449,0.466,0.509,0.604
03-Apr-2025,4.404,4.41,4.404,4.393,4.39,4.391,4.56,4.56,4.53,4.43,4.34,4.25,2.5,2.51,2.41,2.29,2.17,2.04,0.493,0.45,0.452,0.47,0.512,0.604
04-Apr-2025,4.36,4.385,4.392,4.39,4.41,4.491,4.56,4.56,4.53,4.43,4.32,4.17,2.5,2.51,2.41,2.28,2.13,1.96,0.497,0.452,0.454,0.469,0.509,0.602
07-Apr-2025,4.41,4.414,4.419,4.434,4.453,4.469,4.56,4.56,4.53,4.38,4.24,4.07,2.5,2.51,2.39,2.24,2.09,1.92,0.497,0.457,0.452,0.468,0.495,0.589
08-Apr-2025,4.44,4.416,4.406,4.362,4.362,4.374,4.56,4.56,4.53,4.38,4.26,4.14,2.5,2.51,2.38,2.25,2.12,1.96,0.494,0.454,0.451,0.466,0.496,0.583
09-Apr-2025,4.42,4.552,4.546,4.506,4.55,4.609,4.56,4.56,4.55,4.34,4.22,4.04,2.5,2.51,2.35,2.22,2.07,1.9,0.489,0.452,0.444,0.457,0.494,0.579
10-Apr-2025,4.37,4.428,4.426,4.432,4.463,4.476,4.56,4.56,4.55,4.4,4.3,4.16,2.5,2.51,2.35,2.24,2.11,1.97,0.495,0.454,0.449,0.458,0.492,0.578
11-Apr-2025,4.352,4.411,4.415,4.437,4.494,4.545,4.56,4.56,4.55,4.39,4.27,4.06,2.5,2.51,2.34,2.22,2.08,1.91,0.494,0.455,0.449,0.459,0.49,0.576
14-Apr-2025,4.32,4.457,4.447,4.446,4.464,4.454,4.56,4.56,4.55,4.39,4.28,4.1,2.5,2.51,2.33,2.22,2.09,1.93,0.492,0.456,0.45,0.461,0.489,0.577
15-Apr-2025,4.388,4.442,4.481,4.444,4.468,4.453,4.55,4.55,4.54,4.39,4.29,4.11,2.5,2.48,2.32,2.22,2.08,1.93,0.483,0.457,0.452,0.462,0.489,0.574
16-Apr-2025,4.38,4.495,4.433,4.431,4.444,4.404,4.57,4.57,4.52,4.37,4.23,4.05,2.5,2.3,2.27,2.19,2.05,1.9,0.49,0.457,0.45,0.462,0.489,0.573
17-Apr-2025,4.38,4.448,4.403,4.414,4.455,4.431,4.53,4.53,4.48,4.37,4.25,4.08,2.5,2.3,2.27,2.19,2.06,1.93,0.496,0.458,0.451,0.461,0.487,0.573
18-Apr-2025,4.38,4.448,4.403,4.414,4.455,4.431,4.53,4.53,4.48,4.37,4.25,4.08,2.5,2.3,2.27,2.19,2.06,1.93,0.497,0.459,0.451,0.462,0.486,0.575
21-Apr-2025,4.35,4.468,4.432,4.433,4.432,4.406,4.53,4.53,4.48,4.37,4.25,4.08,2.5,2.3,2.27,2.19,2.06,1.93,0.496,0.46,0.453,0.464,0.488,0.576
22-Apr-2025,4.32,4.476,4.454,4.437,4.452,4.448,4.53,4.53,4.45,4.33,4.2,4.04,2.5,2.26,2.26,2.16,1.99,1.83,0.49,0.464,0.453,0.464,0.488,0.576
23-Apr-2025,4.29,4.448,4.461,4.441,4.47,4.479,4.53,4.53,4.45,4.33,4.2,4.04,2.5,2.26,2.26,2.16,2,1.85,0.491,0.462,0.453,0.464,0.488,0.575
24-Apr-2025,4.338,4.936,4.775,4.457,4.191,3.885,4.51,4.51,4.43,4.33,4.2,4.04,2.25,2.26,2.26,2.15,1.98,1.83,0.497,0.46,0.452,0.465,0.488,0.576
25-Apr-2025,4.38,4.457,4.446,4.428,4.418,4.399,4.51,4.51,4.41,4.32,4.19,4.02,2.25,2.26,2.26,2.13,1.97,1.83,0.494,0.459,0.453,0.466,0.49,0.577
28-Apr-2025,4.382,4.474,4.475,4.426,4.407,4.382,4.55,4.54,4.41,4.32,4.19,4,2.25,2.26,2.26,2.15,1.99,1.84,0.459,0.453,0.452,0.465,0.49,0.578
29-Apr-2025,4.38,4.46,4.449,4.414,4.386,4.35,4.59,4.58,4.38,4.3,4.16,3.98,2.25,2.26,2.26,2.14,1.99,1.84,0.459,0.453,0.452,0.465,0.49,0.578
30-Apr-2025,4.515,4.468,4.462,4.469,4.463,4.454,4.63,4.62,4.38,4.3,4.15,3.97,2.22,2.26,2.26,2.13,1.98,1.83,0.272,0.429,0.451,0.464,0.49,0.577
01-May-2025,4.44,4.437,4.467,4.459,4.499,4.534,4.62,4.61,4.38,4.3,4.15,3.97,2.24,2.26,2.26,2.13,1.98,1.83,0.493,0.446,0.451,0.464,0.49,0.578
02-May-2025,4.392,4.475,4.461,4.475,4.558,4.632,4.62,4.61,4.38,4.3,4.15,3.97,2.24,2.26,2.26,2.13,1.98,1.83,0.493,0.454,0.454,0.465,0.489,0.576
05-May-2025,4.347,4.428,4.434,4.46,4.466,4.445,4.61,4.35,4.38,4.27,4.12,3.95,2.28,2.28,2.28,2.13,1.95,1.84,0.493,0.454,0.454,0.465,0.489,0.576
06-May-2025,4.364,4.413,4.448,4.454,4.432,4.421,4.61,4.33,4.33,4.26,4.12,3.95,2.27,2.27,2.27,2.09,1.95,1.84,0.493,0.454,0.454,0.465,0.489,0.576
07-May-2025,4.3,4.407,4.435,4.434,4.446,4.43,4.61,4.34,4.31,4.25,4.11,3.92,2.25,2.25,2.26,2.09,1.95,1.83,0.49,0.457,0.457,0.467,0.491,0.576
08-May-2025,4.34,4.405,4.417,4.423,4.448,4.486,4.32,4.32,4.33,4.31,4.2,4.01,2.25,2.25,2.26,2.08,1.95,1.84,0.478,0.46,0.457,0.467,0.491,0.576
09-May-2025,4.33,4.416,4.442,4.426,4.442,4.472,4.34,4.34,4.32,4.31,4.2,4.03,2.25,2.25,2.26,2.08,1.96,1.86,0.493,0.463,0.458,0.467,0.491,0.571
12-May-2025,4.34,4.435,4.429,4.43,4.462,4.473,4.34,4.34,4.32,4.31,4.23,4.09,2.25,2.25,2.23,2.09,2.01,1.94,0.487,0.466,0.46,0.465,0.492,0.57
13-May-2025,4.35,4.407,4.416,4.414,4.456,4.476,4.34,4.34,4.32,4.31,4.23,4.09,2.25,2.25,2.23,2.09,2.01,1.95,0.477,0.466,0.46,0.467,0.492,0.571
14-May-2025,4.329,4.407,4.401,4.448,4.461,4.5,4.34,4.34,4.32,4.31,4.23,4.09,2.25,2.25,2.23,2.09,2.01,1.94,0.487,0.466,0.461,0.468,0.494,0.573
15-May-2025,4.376,4.41,4.323,4.438,4.427,4.439,4.34,4.34,4.3,4.31,4.26,4.14,2.25,2.25,2.2,2.08,2,1.93,0.483,0.466,0.463,0.469,0.494,0.574
16-May-2025,4.338,4.42,4.44,4.45,4.438,4.474,4.34,4.34,4.3,4.3,4.24,4.1,2.25,2.25,2.2,2.07,1.98,1.9,0.496,0.469,0.465,0.469,0.494,0.573
19-May-2025,4.33,4.426,4.453,4.441,4.43,4.453,4.34,4.34,4.3,4.3,4.25,4.12,2.25,2.25,2.18,2.07,1.99,1.92,0.489,0.472,0.466,0.471,0.495,0.574
20-May-2025,4.33,4.43,4.442,4.431,4.427,4.451,4.34,4.34,4.3,4.29,4.23,4.09,2.25,2.25,2.18,2.06,1.97,1.9,0.497,0.473,0.468,0.474,0.496,0.573
21-May-2025,4.31,4.405,4.451,4.411,4.426,4.459,4.33,4.33,4.31,4.3,4.27,4.17,2.25,2.25,2.18,2.05,1.98,1.9,0.49,0.474,0.471,0.477,0.495,0.573
22-May-2025,4.28,4.308,4.369,4.369,4.405,4.449,4.34,4.34,4.31,4.29,4.27,4.16,2.25,2.25,2.16,2.04,1.96,1.88,0.49,0.475,0.471,0.479,0.496,0.573
23-May-2025,4.304,4.459,4.459,4.46,4.407,4.459,4.32,4.32,4.31,4.28,4.23,4.1,2.25,2.25,2.13,2.02,1.93,1.82,0.494,0.475,0.473,0.482,0.496,0.573
26-May-2025,4.304,4.459,4.459,4.46,4.41,4.465,4.32,4.32,4.31,4.28,4.23,4.1,2.25,2.25,2.13,2.03,1.95,1.85,0.492,0.476,0.473,0.481,0.497,0.573
27-May-2025,4.304,4.458,4.456,4.447,4.402,4.453,4.29,4.31,4.31,4.29,4.26,4.13,2.25,2.25,2.12,2.02,1.95,1.84,0.491,0.475,0.473,0.481,0.498,0.572
28-May-2025,4.304,4.467,4.445,4.44,4.451,4.464,4.31,4.31,4.31,4.29,4.26,4.15,2.25,2.25,2.12,2.02,1.95,1.85,0.495,0.476,0.473,0.481,0.499,0.572
29-May-2025,4.304,4.43,4.422,4.413,4.412,4.412,4.34,4.34,4.31,4.29,4.26,4.14,2.25,2.25,2.09,2.01,1.94,1.84,0.488,0.473,0.472,0.481,0.5,0.572
30-May-2025,4.304,4.421,4.406,4.402,4.395,4.381,4.38,4.34,4.31,4.29,4.26,4.14,2.21,2.25,2.09,2.01,1.94,1.84,0.496,0.477,0.473,0.482,0.5,0.572
02-Jun-2025,4.304,4.396,4.36,4.388,4.397,4.4,4.34,4.34,4.31,4.29,4.26,4.14,2.25,2.25,2.08,2.03,1.94,1.84,0.497,0.478,0.474,0.483,0.5,0.573
03-Jun-2025,4.304,4.384,4.378,4.375,4.391,4.406,4.36,4.36,4.33,4.28,4.25,4.13,2.25,2.22,2.07,2.03,1.93,1.83,0.497,0.479,0.475,0.484,0.5,0.572
04-Jun-2025,4.37,4.367,4.371,4.356,4.361,4.339,4.36,4.36,4.36,4.33,4.27,4.13,2.25,2.18,2.06,2.02,1.93,1.83,0.495,0.479,0.475,0.484,0.5,0.572
05-Jun-2025,4.33,4.374,4.365,4.351,4.366,4.38,4.34,4.34,4.34,4.32,4.25,4.1,2.25,2.08,2.04,2.01,1.93,1.83,0.487,0.478,0.475,0.483,0.5,0.572
06-Jun-2025,4.33,4.357,4.354,4.359,4.403,4.457,4.36,4.38,4.34,4.32,4.25,4.13,2.25,2.05,2.04,2.02,1.95,1.87,0.491,0.479,0.477,0.485,0.5,0.572
09-Jun-2025,4.35,4.388,4.387,4.39,4.4,4.45,4.36,4.36,4.35,4.32,4.25,4.13,2.27,2.02,2.02,2.02,1.95,1.88,0.493,0.479,0.477,0.487,0.5,0.572
10-Jun-2025,4.35,4.357,4.354,4.379,4.399,4.455,4.34,4.34,4.34,4.29,4.21,4.07,2.25,2.02,2.02,2.02,1.95,1.88,0.488,0.48,0.477,0.486,0.5,0.572
11-Jun-2025,4.333,4.4,4.384,4.41,4.433,4.443,4.34,4.34,4.34,4.29,4.2,4.04,2.04,2.03,2.03,2.03,1.95,1.88,0.494,0.48,0.477,0.487,0.5,0.572
12-Jun-2025,4.333,4.377,4.438,4.481,4.367,4.392,4.34,4.34,4.34,4.29,4.2,4.04,2.04,2.03,2.03,2.03,1.94,1.86,0.493,0.48,0.478,0.486,0.5,0.572
13-Jun-2025,4.333,4.278,4.356,4.444,4.358,4.403,4.32,4.32,4.32,4.27,4.17,4.01,2.04,2.03,2.02,2.02,1.95,1.87,0.493,0.48,0.477,0.485,0.5,0.572
16-Jun-2025,4.333,4.385,4.439,4.434,4.427,4.395,4.32,4.32,4.31,4.28,4.19,4.05,2.04,2.03,2.02,2.02,1.96,1.89,0.485,0.481,0.478,0.487,0.5,0.57
17-Jun-2025,4.37,4.44,4.41,4.417,4.412,4.438,4.32,4.32,4.31,4.27,4.18,4.05,2.02,2.03,2.02,2.02,1.96,1.89,0.493,0.481,0.478,0.487,0.5,0.57
18-Jun-2025,4.37,4.392,4.43,4.445,4.39,4.411,4.32,4.32,4.31,4.27,4.18,4.04,2.02,2.03,2.02,2.02,1.98,1.91,0.492,0.478,0.478,0.487,0.5,0.569
19-Jun-2025,4.37,4.392,4.43,4.445,4.39,4.411,4.32,4.32,4.31,4.28,4.21,4.05,2.02,2.03,2.02,2.02,1.97,1.9,0.482,0.481,0.478,0.485,0.5,0.569
20-Jun-2025,4.37,4.52,4.423,4.422,4.364,4.379,4.3,4.31,4.31,4.27,4.18,4.02,2.03,2.03,2.02,2.02,1.97,1.91,0.496,0.481,0.478,0.484,0.5,0.57
23-Jun-2025,4.34,4.416,4.413,4.433,4.451,4.47,4.3,4.31,4.31,4.28,4.19,4.05,2.02,2.02,2.01,2.02,1.97,1.91,0.491,0.478,0.477,0.485,0.5,0.571
24-Jun-2025,4.34,4.397,4.376,4.412,4.428,4.427,4.3,4.32,4.32,4.26,4.17,4.02,2.02,2.02,2.01,2.01,1.96,1.9,0.47,0.477,0.476,0.484,0.5,0.571
25-Jun-2025,4.41,4.449,4.443,4.415,4.412,4.388,4.32,4.34,4.34,4.25,4.14,4.02,2.02,2.02,2.01,2.01,1.96,1.9,0.49,0.476,0.477,0.484,0.5,0.571
26-Jun-2025,4.43,4.457,4.436,4.43,4.426,4.43,4.32,4.34,4.34,4.24,4.12,3.95,2.02,2,2.01,2,1.94,1.87,0.49,0.473,0.478,0.484,0.5,0.571
27-Jun-2025,4.43,4.457,4.42,4.422,4.423,4.437,4.42,4.34,4.34,4.24,4.13,3.95,2.02,2.02,2.01,2,1.95,1.89,0.491,0.475,0.477,0.484,0.5,0.571
30-Jun-2025,4.49,4.476,4.425,4.408,4.421,4.411,4.42,4.34,4.34,4.24,4.13,3.95,2.02,2.02,2.01,2,1.95,1.87,0.491,0.478,0.478,0.485,0.5,0.57
01-Jul-2025,4.49,4.476,4.413,4.391,4.41,4.432,4.42,4.34,4.34,4.24,4.13,3.95,2.02,2.02,2.01,2,1.95,1.87,0.482,0.479,0.48,0.485,0.5,0.57
02-Jul-2025,4.44,4.447,4.438,4.433,4.445,4.445,4.37,4.34,4.34,4.22,4.11,3.94,2.02,2.02,2.01,2,1.95,1.87,0.492,0.479,0.48,0.487,0.5,0.57
03-Jul-2025,4.38,4.437,4.449,4.474,4.471,4.454,4.33,4.33,4.33,4.21,4.11,3.94,2.02,2.02,2.01,2,1.94,1.86,0.494,0.481,0.48,0.486,0.5,0.57
04-Jul-2025,4.38,4.437,4.448,4.471,4.464,4.439,4.33,4.33,4.33,4.21,4.1,3.93,2.02,2.02,2.01,2,1.93,1.84,0.499,0.481,0.481,0.486,0.5,0.57
07-Jul-2025,4.37,4.42,4.42,4.465,4.468,4.454,4.33,4.33,4.33,4.21,4.1,3.93,2.02,2.02,2.01,2,1.93,1.86,0.486,0.481,0.481,0.486,0.5,0.571
08-Jul-2025,4.37,4.402,4.411,4.453,4.46,4.459,4.33,4.33,4.33,4.21,4.1,3.93,2.02,2.02,2.01,2.01,1.96,1.89,0.489,0.481,0.48,0.485,0.5,0.571
09-Jul-2025,4.37,4.385,4.401,4.423,4.438,4.414,4.33,4.33,4.33,4.2,4.1,3.95,2.02,2.02,2.01,2.01,1.96,1.88,0.489,0.48,0.48,0.485,0.5,0.571
10-Jul-2025,4.39,4.413,4.414,4.442,4.421,4.417,4.33,4.33,4.33,4.2,4.1,3.95,2.02,2.02,2.01,2,1.96,1.88,0.499,0.48,0.481,0.486,0.5,0.571
11-Jul-2025,4.38,4.438,4.421,4.435,4.423,4.43,4.33,4.33,4.33,4.2,4.09,3.94,2.02,2.02,2.01,2.01,1.97,1.9,0.492,0.481,0.481,0.486,0.5,0.571
14-Jul-2025,4.38,4.423,4.397,4.431,4.428,4.439,4.35,4.35,4.3,4.17,4.06,3.9,2.02,2.02,2.01,2.01,1.96,1.9,0.491,0.481,0.481,0.486,0.5,0.57
15-Jul-2025,4.38,4.411,4.397,4.435,4.441,4.474,4.33,4.33,4.28,4.17,4.06,3.9,2.02,2.02,2.01,2,1.94,1.88,0.489,0.481,0.481,0.487,0.5,0.57
16-Jul-2025,4.38,4.396,4.389,4.415,4.428,4.439,4.33,4.33,4.28,4.17,4.06,3.9,2.02,2.02,2.01,2,1.94,1.88,0.486,0.481,0.482,0.488,0.5,0.57
17-Jul-2025,4.38,4.351,4.351,4.4,4.427,4.454,4.31,4.31,4.27,4.19,4.12,3.98,2.02,2.02,2.01,2,1.95,1.87,0.486,0.48,0.48,0.487,0.5,0.571
18-Jul-2025,4.38,4.328,4.325,4.37,4.397,4.423,4.29,4.29,4.25,4.18,4.13,4.01,2.02,2.02,2.01,2,1.95,1.88,0.482,0.481,0.481,0.488,0.502,0.576
21-Jul-2025,4.35,4.427,4.425,4.449,4.439,4.452,4.29,4.29,4.24,4.17,4.12,3.99,2.02,2.02,2.01,1.99,1.94,1.86,0.482,0.481,0.481,0.488,0.502,0.576
22-Jul-2025,4.35,4.409,4.414,4.433,4.423,4.433,4.29,4.29,4.22,4.17,4.12,4,2.02,2.02,2.01,1.99,1.94,1.86,0.491,0.482,0.481,0.487,0.502,0.58
23-Jul-2025,4.318,4.391,4.402,4.411,4.419,4.446,4.3,4.3,4.21,4.15,4.1,3.97,2.02,2.02,2.01,1.99,1.93,1.85,0.486,0.482,0.481,0.487,0.505,0.582
24-Jul-2025,4.34,4.346,4.362,4.392,4.411,4.463,4.3,4.3,4.21,4.15,4.1,3.97,2.02,2.02,2.01,2.01,1.98,1.91,0.487,0.481,0.481,0.49,0.511,0.595
25-Jul-2025,4.39,4.37,4.368,4.381,4.403,4.461,4.3,4.3,4.21,4.15,4.1,3.98,2.02,2.02,2.01,2.01,1.98,1.91,0.488,0.482,0.482,0.493,0.521,0.605
28-Jul-2025,4.39,4.355,4.36,4.37,4.395,4.457,4.3,4.3,4.18,4.14,4.1,3.99,2.02,2,2.01,2.03,1.99,1.93,0.487,0.481,0.481,0.496,0.526,0.608
29-Jul-2025,4.38,4.381,4.373,4.378,4.379,4.423,4.3,4.3,4.18,4.14,4.1,4,2.02,2,2.01,2.02,1.99,1.93,0.486,0.482,0.482,0.497,0.53,0.611
30-Jul-2025,4.37,4.402,4.437,4.467,4.497,4.504,4.31,4.31,4.18,4.14,4.09,3.98,2.02,2,2.01,2.02,2,1.94,0.488,0.479,0.481,0.497,0.531,0.611
31-Jul-2025,4.44,4.442,4.426,4.421,4.449,4.477,4.34,4.31,4.17,4.14,4.1,3.99,2.01,2.01,2,2,1.99,1.96,0.364,0.482,0.482,0.497,0.532,0.612
01-Aug-2025,4.38,4.401,4.406,4.366,4.358,4.37,4.34,4.31,4.18,4.14,4.1,3.99,2.01,2.01,2,2,1.99,1.96,0.496,0.482,0.483,0.499,0.531,0.611
04-Aug-2025,4.37,4.425,4.422,4.428,4.403,4.396,4.3,4.31,4.18,4.14,4.1,3.99,2.01,2.01,2,2,2,1.92,0.496,0.482,0.482,0.497,0.529,0.611
05-Aug-2025,4.38,4.428,4.413,4.418,4.415,4.432,4.3,4.2,4.1,4.1,4.05,3.93,2.01,2.01,2,2,1.98,1.92,0.49,0.482,0.483,0.497,0.529,0.609
06-Aug-2025,4.38,4.393,4.413,4.374,4.393,4.406,4.24,4.07,4.1,4.09,4.05,3.95,2.01,2.01,2,2,1.98,1.91,0.492,0.482,0.483,0.496,0.529,0.609
07-Aug-2025,4.39,4.431,4.429,4.418,4.412,4.411,4.06,4.07,4.08,4.07,4.06,3.98,2.01,2.01,2,2,1.98,1.92,0.491,0.482,0.483,0.496,0.529,0.609
08-Aug-2025,4.39,4.391,4.399,4.416,4.422,4.44,4.06,4.06,4.07,4.06,4.05,3.99,2.01,2.01,2,2,1.99,1.93,0.491,0.482,0.483,0.497,0.529,0.609
11-Aug-2025,4.39,4.354,4.342,4.4,4.418,4.437,4.06,4.06,4.07,4.06,4.05,4,2.01,2.01,2,2,1.99,1.94,0.491,0.482,0.483,0.497,0.529,0.609
12-Aug-2025,4.39,4.323,4.322,4.363,4.372,4.39,4.06,4.07,4.08,4.08,4.07,4,2.01,2.01,2,2,1.99,1.95,0.49,0.482,0.484,0.497,0.53,0.609
13-Aug-2025,4.39,4.293,4.301,4.307,4.334,4.339,4.05,4.07,4.07,4.07,4.04,3.99,2.01,2.01,2,2,1.99,1.94,0.487,0.482,0.484,0.498,0.53,0.609
14-Aug-2025,4.362,4.401,4.429,4.308,4.361,4.365,4.05,4.07,4.07,4.08,4.05,4,2.01,2.01,2,2,1.99,1.94,0.487,0.482,0.484,0.499,0.53,0.609
15-Aug-2025,4.362,4.367,4.406,4.305,4.373,4.387,4.05,4.07,4.07,4.07,4.05,4.01,2.01,2.01,2,2,1.99,1.94,0.491,0.482,0.484,0.5,0.53,0.609
18-Aug-2025,4.362,4.367,4.358,4.295,4.375,4.397,4.05,4.07,4.08,4.07,4.05,4.02,2.01,2.01,2,2,2,1.95,0.487,0.482,0.484,0.503,0.532,0.612
19-Aug-2025,4.362,4.367,4.341,4.271,4.352,4.373,4.05,4.07,4.08,4.07,4.05,4.03,2.01,2.01,2,2,2,1.95,0.493,0.482,0.484,0.503,0.533,0.612
20-Aug-2025,4.37,4.377,4.39,4.282,4.327,4.33,4.05,4.07,4.08,4.07,4.05,4.02,2.01,2.01,2,2,1.99,1.94,0.492,0.483,0.485,0.506,0.535,0.618
21-Aug-2025,4.37,4.376,4.363,4.306,4.343,4.368,4.05,4.07,4.07,4.08,4.07,4.05,2.01,2.01,2.01,2.01,2,1.95,0.493,0.483,0.485,0.506,0.539,0.633
22-Aug-2025,4.376,4.439,4.442,4.38,4.316,4.28,4.05,4.07,4.07,4.07,4.07,4.05,2.01,2.01,2.01,2.01,2.01,1.96,0.491,0.483,0.486,0.511,0.543,0.644
25-Aug-2025,4.376,4.412,4.402,4.369,4.323,4.3,4.05,4.07,4.07,4.07,4.06,4.03,2.01,2.01,2.01,2.01,2.01,1.96,0.493,0.483,0.486,0.518,0.548,0.653
26-Aug-2025,4.427,4.43,4.429,4.421,4.415,4.439,4.05,4.07,4.07,4.07,4.06,4.05,2.01,2.01,2.01,2.01,2.01,1.96,0.488,0.483,0.487,0.52,0.549,0.656
27-Aug-2025,4.427,4.401,4.404,4.408,4.4,4.411,4.05,4.07,4.08,4.07,4.06,4.05,2.01,2.01,2.01,2.01,2,1.95,0.488,0.483,0.486,0.524,0.553,0.661
28-Aug-2025,4.377,4.421,4.352,4.35,4.381,4.416,4.05,4.07,4.07,4.07,4.06,4.04,2.01,2.01,2.01,2,2,1.96,0.486,0.468,0.485,0.528,0.564,0.667
29-Aug-2025,4.37,4.402,4.406,4.369,4.365,4.403,4.05,4.07,4.07,4.07,4.06,4.04,2.01,2.01,2.01,2,2,1.96,0.455,0.482,0.485,0.529,0.568,0.671
01-Sep-2025,4.37,4.402,4.405,4.369,4.366,4.41,4.1,4.07,4.07,4.07,4.06,4.04,2.01,2.01,2.01,2,2.01,1.97,0.489,0.482,0.485,0.531,0.568,0.672
02-Sep-2025,4.37,4.375,4.362,4.352,4.358,4.409,4.1,4.07,4.07,4.07,4.06,4.05,2.01,2.01,2.01,2.01,2.02,1.98,0.489,0.482,0.484,0.532,0.568,0.672
03-Sep-2025,4.43,4.406,4.415,4.42,4.427,4.4,4.1,4.07,4.07,4.07,4.06,4.04,2.01,2.01,2.01,2.01,2.01,1.97,0.488,0.482,0.484,0.531,0.568,0.671
04-Sep-2025,4.47,4.4,4.398,4.373,4.388,4.365,4.1,4.07,4.07,4.07,4.05,4.03,2.01,2.01,2.01,2,2,1.96,0.487,0.482,0.484,0.531,0.568,0.671
05-Sep-2025,4.47,4.359,4.353,4.345,4.343,4.423,4.1,4.07,4.07,4.07,4.05,4.01,2.01,2.01,2.01,2,2,1.96,0.49,0.482,0.484,0.53,0.568,0.672
08-Sep-2025,4.47,4.33,4.326,4.32,4.316,4.392,4.08,4.07,4.07,4.06,4.04,4,2.01,2.01,2.01,2,2,1.95,0.492,0.482,0.485,0.528,0.568,0.67
09-Sep-2025,4.447,4.383,4.289,4.332,4.355,4.459,4.08,4.07,4.07,4.06,4.04,3.99,2.01,2.01,2.01,2,2,1.96,0.486,0.482,0.485,0.526,0.568,0.669
10-Sep-2025,4.447,4.36,4.278,4.317,4.34,4.439,4.07,4.07,4.07,4.06,4.04,4.02,2.01,2.01,2.01,2,2.01,1.97,0.489,0.482,0.484,0.525,0.569,0.67
11-Sep-2025,4.447,4.348,4.231,4.268,4.292,4.403,4.07,4.07,4.07,4.06,4.04,4.02,2.01,2.01,2.01,2.01,2.01,1.97,0.489,0.482,0.483,0.524,0.571,0.673
12-Sep-2025,4.447,4.339,4.229,4.279,4.307,4.417,4.07,4.07,4.07,4.07,4.05,4.03,2.01,2.01,2.01,2.01,2.02,2,0.498,0.482,0.484,0.525,0.571,0.674
15-Sep-2025,4.447,4.497,4.443,4.374,4.364,4.361,4.08,4.07,4.07,4.06,4.04,4.02,2.01,2.01,2.01,2.01,2.03,2,0.498,0.482,0.484,0.525,0.571,0.674
16-Sep-2025,4.434,4.38,4.436,4.413,4.379,4.355,4.07,4.07,4.07,4.07,4.05,4.03,2.01,2.01,2.01,2.01,2.03,2,0.492,0.482,0.482,0.524,0.57,0.675
17-Sep-2025,4.43,4.264,4.249,4.264,4.261,4.282,4.06,4.07,4.07,4.07,4.05,4.03,2.01,2.01,2.01,2.01,2.02,2,0.492,0.483,0.483,0.523,0.571,0.684
18-Sep-2025,4.19,4.234,4.242,4.246,4.216,4.268,4.06,4.07,4.07,4.07,4.05,4.03,2.01,2.01,2,2,2.02,2.01,0.493,0.482,0.483,0.523,0.571,0.689
19-Sep-2025,4.177,4.202,4.242,4.223,4.209,4.271,4.08,4.07,4.07,4.07,4.06,4.03,2.01,2.01,2,2,2.03,2.02,0.487,0.482,0.482,0.523,0.57,0.692
22-Sep-2025,4.177,4.165,4.181,4.208,4.211,4.291,4.08,4.07,4.08,4.07,4.05,4.03,2.01,2.01,2,2,2.03,2.01,0.488,0.48,0.481,0.532,0.576,0.697
23-Sep-2025,4.177,4.135,4.126,4.174,4.192,4.276,4.08,4.07,4.08,4.07,4.05,4.03,2.01,2.01,2,2,2.03,2.02,0.488,0.48,0.481,0.532,0.576,0.697
24-Sep-2025,4.19,4.101,4.126,4.166,4.19,4.286,4.1,3.98,3.99,4.07,4.05,4.02,2.01,1.99,2,2,2.03,2.02,0.49,0.478,0.481,0.535,0.583,0.704
25-Sep-2025,4.19,4.221,4.28,4.24,4.244,4.328,4.09,4.07,4.08,4.07,4.06,4.04,2.01,1.99,2,2,2.03,2.02,0.491,0.474,0.481,0.543,0.586,0.707
26-Sep-2025,4.17,4.253,4.249,4.267,4.302,4.304,4.09,4.07,4.08,4.08,4.07,4.04,2.01,2,2,2,2.03,2.02,0.487,0.473,0.481,0.551,0.592,0.709
29-Sep-2025,4.19,4.325,4.266,4.272,4.277,4.278,4.08,4.07,4.08,4.07,4.06,4.05,2.01,2.01,2,2,2.03,2.03,0.489,0.468,0.48,0.552,0.594,0.711
30-Sep-2025,4.19,4.295,4.252,4.259,4.261,4.262,4.08,4.07,4.08,4.07,4.06,4.04,1.98,2.01,2,2.03,2.03,2.03,0.362,0.483,0.484,0.556,0.598,0.715
01-Oct-2025,4.23,4.229,4.233,4.222,4.211,4.19,4.09,4.07,4.08,4.07,4.05,4.02,1.98,2.01,2,2.03,2.03,2.03,0.494,0.483,0.484,0.565,0.608,0.719
02-Oct-2025,4.23,4.246,4.153,4.18,4.177,4.173,4.08,4.07,4.08,4.07,4.06,4.04,1.98,2.01,2,2.03,2.03,2.03,0.491,0.483,0.486,0.571,0.61,0.721
03-Oct-2025,4.21,4.246,4.228,4.168,4.181,4.193,4.08,4.07,4.08,4.07,4.06,4.03,1.98,2.01,2,2.03,2.03,2.03,0.491,0.483,0.486,0.581,0.62,0.723
06-Oct-2025,4.19,4.261,4.269,4.212,4.175,4.198,4.08,4.07,4.08,4.07,4.05,4.03,1.98,2.01,2,2.03,2.03,2.02,0.492,0.483,0.488,0.556,0.607,0.711
07-Oct-2025,4.18,4.223,4.225,4.192,4.162,4.186,4.07,4.07,4.07,4.07,4.05,4.04,1.98,2.01,2,2.03,2.03,2.02,0.489,0.483,0.49,0.552,0.606,0.71
08-Oct-2025,4.155,4.205,4.223,4.173,4.178,4.186,4.07,4.07,4.07,4.07,4.05,4.03,1.98,2.01,2,2.03,2.02,2,0.492,0.484,0.49,0.556,0.611,0.716
09-Oct-2025,4.155,4.214,4.203,4.175,4.167,4.169,4.09,4.07,4.07,4.07,4.05,4.04,1.99,2,2,2.01,2.02,2.01,0.492,0.485,0.492,0.554,0.612,0.716
10-Oct-2025,4.18,4.223,4.207,4.134,4.113,4.086,4.07,4.07,4.07,4.07,4.05,4.03,1.99,2,2,2.01,2.02,2.01,0.495,0.487,0.494,0.556,0.613,0.717
13-Oct-2025,4.18,4.224,4.209,4.138,4.117,4.086,4.07,4.07,4.07,4.06,4.03,4.01,2,2,2,2.01,2.01,1.99,0.495,0.487,0.494,0.556,0.613,0.717
14-Oct-2025,4.25,4.198,4.197,4.123,4.108,4.078,4.04,4.07,4.07,4.05,4.01,3.96,2.01,2.01,2,2.01,2.01,1.98,0.496,0.488,0.494,0.551,0.612,0.716
15-Oct-2025,4.25,4.173,4.188,4.094,4.107,4.077,4.06,4.07,4.06,4.04,3.99,3.94,2.01,2.01,2.01,2.01,2.01,1.98,0.498,0.489,0.494,0.545,0.612,0.716
16-Oct-2025,4.32,4.265,4.16,4.108,4.085,4.068,4.06,4.07,4.06,4.04,3.99,3.94,2.01,2.01,2.01,2.01,2.02,1.98,0.494,0.489,0.495,0.547,0.613,0.716
17-Oct-2025,4.22,4.243,4.176,4.129,4.141,4.097,4.06,4.07,4.06,4.04,3.99,3.93,2.01,2.01,2.01,2.01,2.01,1.98,0.497,0.49,0.496,0.548,0.612,0.718
20-Oct-2025,4.19,4.231,4.169,4.164,4.163,4.14,4.08,4.07,4.06,4.03,3.98,3.92,2.01,2.01,2.01,2.01,2.01,1.97,0.499,0.491,0.497,0.55,0.614,0.72
21-Oct-2025,4.19,4.208,4.16,4.153,4.157,4.135,4.09,4.07,4.06,4.03,3.98,3.93,2.01,2.01,2.01,2.01,2.01,1.98,0.497,0.491,0.497,0.562,0.618,0.726
22-Oct-2025,4.19,4.184,4.15,4.128,4.151,4.127,4.09,4.07,4.02,3.97,3.9,3.83,2.01,2.01,2.01,2.01,2.01,1.98,0.496,0.491,0.496,0.557,0.618,0.728
23-Oct-2025,4.26,4.169,4.113,4.113,4.135,4.148,4.09,4.07,4.03,3.98,3.91,3.83,2.01,2.01,2.01,2.01,2.01,1.98,0.496,0.49,0.496,0.559,0.62,0.729
24-Oct-2025,4.26,4.137,4.09,4.082,4.11,4.132,4.09,4.07,4.04,4,3.92,3.85,2.01,2.01,2.01,2.02,2.02,2.01,0.498,0.491,0.496,0.559,0.626,0.73
27-Oct-2025,4.26,4.117,4.085,4.078,4.116,4.143,4.09,4.07,4.03,3.99,3.91,3.84,2.01,2.01,2.01,2.02,2.03,2.01,0.497,0.491,0.495,0.562,0.626,0.732
28-Oct-2025,4.26,4.091,4.07,4.059,4.107,4.142,4.09,4.07,4.02,3.98,3.9,3.82,2.01,1.97,2.01,2.02,2.02,2.01,0.494,0.491,0.495,0.562,0.626,0.734
29-Oct-2025,4.29,4.105,4.111,4.134,4.214,4.263,4.31,4.29,4.1,4.04,3.92,3.82,2.01,1.97,2.01,2.02,2.02,2.01,0.496,0.491,0.495,0.566,0.627,0.734
30-Oct-2025,4.29,4.036,4.031,4.083,4.186,4.251,4.31,4.09,4.09,4.04,3.95,3.85,2.01,1.97,2.01,2.02,2.02,2.02,0.496,0.491,0.495,0.571,0.632,0.737
31-Oct-2025,4.29,4.009,4.017,4.076,4.183,4.238,4.07,4.08,4.08,4.03,3.93,3.82,1.98,2.01,2.01,2.02,2.02,2.01,0.493,0.491,0.493,0.566,0.629,0.737
03-Nov-2025,4.29,4.129,4.05,4.108,4.183,4.251,4.08,4.08,4.08,4.01,3.92,3.82,2.01,2.01,2.01,2.02,2.03,2.02,0.493,0.491,0.493,0.566,0.629,0.737
04-Nov-2025,4.29,4.103,4.009,4.084,4.16,4.225,4.06,4.06,4.06,4,3.91,3.81,2.01,2.01,2.01,2.02,2.02,2.01,0.496,0.491,0.492,0.568,0.629,0.738
05-Nov-2025,3.955,4.028,4.035,4.133,4.173,4.178,4.04,4.06,4.06,4.01,3.91,3.81,2.01,2.01,2.01,2.02,2.03,2.01,0.492,0.491,0.493,0.569,0.629,0.738
06-Nov-2025,3.955,4.028,4.035,4.133,4.173,4.178,4.04,4.05,4.07,4.03,3.92,3.82,2.01,2.01,2.01,2.02,2.03,2.02,0.494,0.491,0.493,0.572,0.632,0.738
07-Nov-2025,3.955,3.77,3.828,3.992,4.068,4.082,4.19,4.16,4.1,4.03,3.93,3.84,2.01,2.01,2.01,2.02,2.03,2.02,0.494,0.491,0.494,0.574,0.632,0.739
10-Nov-2025,3.98,4.042,3.945,3.978,4.075,4.099,4.17,4.15,4.1,4.01,3.94,3.84,2.01,2.01,2.01,2.02,2.03,2.02,0.497,0.491,0.494,0.572,0.631,0.738
11-Nov-2025,3.98,4.042,3.945,3.978,4.075,4.099,4.17,4.15,4.1,4.01,3.94,3.84,2.01,2.01,2.01,2.02,2.03,2.02,0.495,0.492,0.494,0.574,0.631,0.739
12-Nov-2025,3.98,4.037,4.022,4.048,4.064,4.079,4.17,4.11,4.1,4.01,3.89,3.77,2.01,2.01,2.01,2.02,2.03,2.02,0.496,0.492,0.494,0.575,0.632,0.742
13-Nov-2025,4.04,4.088,4.07,4.074,4.048,4.045,4.09,4.09,4.09,3.98,3.9,3.78,2.01,2.01,2.01,2.02,2.03,2.03,0.495,0.492,0.494,0.574,0.632,0.743
14-Nov-2025,3.95,4.031,4.031,4.053,4.045,4.048,4.09,4.09,4.09,3.98,3.91,3.81,1.99,2.01,2.01,2.02,2.03,2.03,0.496,0.492,0.494,0.574,0.632,0.743
17-Nov-2025,4.02,4.014,4.045,4.037,4.044,4.05,4.07,4.07,4.07,3.98,3.92,3.82,2.01,2.01,2.01,2.02,2.04,2.04,0.496,0.492,0.495,0.575,0.632,0.743
18-Nov-2025,4.02,3.949,3.971,4.004,4.016,4.011,4.07,4.07,4.07,3.98,3.91,3.81,2.01,2.01,2.01,2.02,2.04,2.04,0.494,0.492,0.495,0.576,0.632,0.743
19-Nov-2025,3.94,4.024,4.055,4.07,4.055,4.072,4.07,4.07,4.08,3.96,3.89,3.79,2.01,2.01,2.01,2.02,2.04,2.03,0.494,0.491,0.495,0.575,0.632,0.743
20-Nov-2025,3.95,4.027,4.043,4.043,4.033,4.016,4.07,4.09,4.07,3.96,3.9,3.8,2.01,2.01,2.01,2.02,2.03,2.03,0.502,0.493,0.495,0.577,0.635,0.743
21-Nov-2025,3.96,4.033,4.043,4.029,4.051,4.049,4.07,4.09,4.06,3.95,3.88,3.77,2.01,2.01,2.01,2.02,2.03,2.02,0.501,0.494,0.497,0.581,0.636,0.743
24-Nov-2025,3.995,4.028,4.043,4.017,4.027,4.036,4.07,4.12,4.06,3.95,3.88,3.78,2.01,2.01,2.01,2.02,2.03,2.02,0.501,0.494,0.497,0.581,0.636,0.743
25-Nov-2025,3.995,3.941,3.918,3.966,3.988,4.003,4.07,4.14,4.03,3.95,3.88,3.78,2.02,2.02,2.01,2.02,2.03,2.02,0.498,0.495,0.497,0.583,0.642,0.745
26-Nov-2025,3.995,4.078,3.653,3.828,3.965,3.996,4.07,4.14,4.03,3.94,3.88,3.78,2.02,2.02,2.01,2.02,2.03,2.02,0.501,0.496,0.497,0.588,0.645,0.746
27-Nov-2025,3.995,4.078,3.653,3.828,3.965,3.996,4.07,4.14,4.03,3.94,3.88,3.78,2.02,2.02,2.01,2.02,2.03,2.02,0.5,0.494,0.501,0.594,0.646,0.747
28-Nov-2025,4.13,4.064,4.025,4.002,4.008,4.026,4.09,4.07,4.05,3.92,3.85,3.77,2.03,2.02,2.03,2.02,2.03,2.03,0.498,0.495,0.507,0.598,0.646,0.747
01-Dec-2025,4.13,4.029,3.974,3.997,4.007,4.036,4.09,4.09,4.04,3.92,3.85,3.78,2.03,2.02,2.02,2.02,2.03,2.03,0.501,0.496,0.523,0.614,0.657,0.75
02-Dec-2025,4.03,4.036,4.008,3.995,3.983,3.972,4.08,4.08,4.02,3.92,3.84,3.78,2.04,2.03,2.02,2.02,2.04,2.04,0.5,0.496,0.543,0.639,0.673,0.754
03-Dec-2025,3.98,3.998,3.99,3.973,3.964,3.946,4.08,4.08,4.01,3.91,3.84,3.77,2.04,2.03,2.02,2.02,2.04,2.04,0.499,0.496,0.562,0.646,0.684,0.76
04-Dec-2025,3.96,3.927,3.919,3.919,3.951,3.957,4.07,4.07,4,3.91,3.83,3.75,2.04,2.03,2.02,2.02,2.04,2.04,0.499,0.496,0.576,0.652,0.694,0.766
05-Dec-2025,3.96,3.893,3.893,3.914,3.954,3.976,4.07,4.07,4,3.91,3.83,3.76,2.03,2.03,2.02,2.02,2.04,2.05,0.5,0.497,0.59,0.663,0.705,0.775
08-Dec-2025,3.96,3.857,3.836,3.896,3.948,3.983,4.05,4.05,4.02,3.92,3.86,3.8,2.04,2.04,2.03,2.03,2.05,2.07,0.5,0.497,0.603,0.676,0.715,0.779
09-Dec-2025,3.96,3.841,3.934,3.877,3.953,4.007,4.05,4.05,4.01,3.91,3.86,3.8,2.04,2.04,2.03,2.03,2.05,2.08,0.498,0.497,0.611,0.678,0.721,0.779
10-Dec-2025,3.94,3.798,3.909,3.842,3.912,3.944,4.05,3.99,4,3.91,3.85,3.81,2.04,2.04,2.03,2.03,2.05,2.09,0.5,0.497,0.618,0.682,0.723,0.781
11-Dec-2025,3.94,3.772,3.817,3.855,3.887,3.937,4.05,3.98,3.97,3.9,3.84,3.79,2.04,2.04,2.03,2.03,2.05,2.08,0.5,0.497,0.624,0.686,0.723,0.781
12-Dec-2025,3.69,3.804,3.815,3.849,3.879,3.919,4.05,3.95,3.94,3.89,3.8,3.77,2.04,2.04,2.03,2.03,2.05,2.08,0.499,0.498,0.631,0.692,0.728,0.792
15-Dec-2025,3.81,3.804,3.782,3.91,3.885,3.919,4.06,3.94,3.96,3.89,3.82,3.75,2.04,2.04,2.03,2.03,2.05,2.08,0.499,0.502,0.649,0.696,0.736,0.804
16-Dec-2025,3.73,3.814,3.831,3.894,3.874,3.913,4.06,3.94,3.96,3.89,3.82,3.75,2.01,2.01,2.03,2.03,2.05,2.09,0.499,0.526,0.663,0.701,0.742,0.814
17-Dec-2025,3.71,3.794,3.852,3.881,3.892,3.86,4.06,3.84,3.93,3.89,3.82,3.72,2.01,2.01,2.03,2.03,2.07,2.07,0.5,0.546,0.676,0.702,0.745,0.818
18-Dec-2025,3.71,3.696,3.852,3.791,3.846,3.823,4.06,3.84,3.93,3.89,3.82,3.72,2.01,2.01,2.03,2.03,2.07,2.07,0.497,0.586,0.692,0.709,0.749,0.824
19-Dec-2025,3.7,3.811,3.842,3.878,3.904,3.864,3.85,3.83,3.94,3.9,3.83,3.74,2.01,2.01,2.03,2.03,2.07,2.08,0.497,0.696,0.709,0.723,0.752,0.837
22-Dec-2025,3.7,3.776,3.783,3.858,3.898,3.868,3.9,3.88,3.94,3.9,3.83,3.74,2.01,2.02,2.02,2.02,2.06,2.07,0.743,0.724,0.721,0.734,0.757,0.846
23-Dec-2025,3.7,3.705,3.751,3.823,3.891,3.885,3.9,3.96,3.95,3.9,3.83,3.74,2,2.04,2.02,2.02,2.05,2.06,0.735,0.719,0.722,0.733,0.759,0.853
24-Dec-2025,3.74,3.61,3.663,3.744,3.842,3.846,4.03,4.38,3.95,3.9,3.83,3.74,1.99,2.04,2.02,2.02,2.05,2.06,0.737,0.711,0.724,0.734,0.76,0.858
25-Dec-2025,3.74,3.61,3.663,3.744,3.842,3.846,4.03,4.38,3.95,3.9,3.83,3.74,1.99,2.04,2.02,2.02,2.05,2.06,0.744,0.716,0.727,0.735,0.761,0.863
26-Dec-2025,3.802,3.819,3.832,3.823,3.82,3.821,4.03,4.38,3.95,3.9,3.83,3.74,1.99,2.04,2.02,2.02,2.05,2.06,0.741,0.718,0.729,0.736,0.762,0.866
29-Dec-2025,3.79,3.897,3.917,3.873,3.814,3.822,3.86,3.96,3.95,3.9,3.83,3.73,1.99,2.04,2.02,2.02,2.05,2.06,0.739,0.729,0.733,0.739,0.762,0.872
30-Dec-2025,3.79,3.834,3.847,3.831,3.789,3.805,3.84,3.9,3.93,3.89,3.81,3.72,1.99,2.03,2.02,2.02,2.04,2.05,0.747,0.737,0.735,0.742,0.766,0.878
31-Dec-2025,3.89,3.892,3.815,3.762,3.755,3.806,3.92,3.87,3.88,3.87,3.8,3.71,1.77,2.02,2.02,2.02,2.04,2.05,0.747,0.737,0.735,0.742,0.766,0.878
01-Jan-2026,3.89,3.892,3.815,3.762,3.755,3.806,3.92,3.87,3.88,3.87,3.8,3.71,1.77,2.02,2.02,2.02,2.04,2.05,0.747,0.737,0.735,0.742,0.766,0.878
02-Jan-2026,3.89,3.892,3.786,3.747,3.742,3.795,3.87,3.87,3.88,3.86,3.8,3.71,2.02,2.02,2.02,2.02,2.04,2.05,0.747,0.737,0.735,0.742,0.766,0.878
05-Jan-2026,3.71,3.813,3.737,3.732,3.736,3.787,3.87,3.87,3.88,3.85,3.8,3.72,2.01,2.01,2.02,2.02,2.04,2.06,0.742,0.739,0.738,0.744,0.772,0.881
06-Jan-2026,3.71,3.784,3.726,3.72,3.738,3.802,3.87,3.87,3.88,3.85,3.8,3.71,2.01,2.01,2.02,2.02,2.04,2.04,0.731,0.739,0.739,0.746,0.776,0.884
07-Jan-2026,3.68,3.725,3.714,3.705,3.732,3.796,3.85,3.85,3.84,3.84,3.8,3.7,2.01,2.01,2.02,2.02,2.04,2.04,0.746,0.74,0.74,0.746,0.78,0.885
08-Jan-2026,3.68,3.718,3.71,3.708,3.708,3.765,3.84,3.84,3.83,3.83,3.79,3.69,2.01,2.01,2.02,2.02,2.03,2.04,0.739,0.738,0.738,0.745,0.779,0.884
09-Jan-2026,3.68,3.708,3.735,3.738,3.732,3.802,3.82,3.82,3.82,3.82,3.78,3.69,2.02,2.02,2.02,2.02,2.03,2.04,0.743,0.739,0.739,0.745,0.781,0.885
12-Jan-2026,3.68,3.708,3.734,3.736,3.731,3.801,3.82,3.82,3.82,3.82,3.77,3.69,2.02,2.02,2.02,2.02,2.03,2.04,0.743,0.739,0.739,0.745,0.781,0.885
13-Jan-2026,3.68,3.708,3.734,3.736,3.731,3.801,3.82,3.82,3.82,3.82,3.77,3.68,2.02,2.02,2.02,2.02,2.03,2.05,0.746,0.741,0.74,0.747,0.781,0.886
14-Jan-2026,3.68,3.739,3.725,3.74,3.738,3.781,3.82,3.82,3.82,3.82,3.77,3.69,2.02,2.02,2.02,2.02,2.03,2.04,0.74,0.74,0.74,0.745,0.78,0.886
15-Jan-2026,3.68,3.739,3.725,3.74,3.738,3.781,3.82,3.82,3.81,3.82,3.77,3.68,2.02,2.02,2.02,2.02,2.03,2.05,0.744,0.741,0.74,0.746,0.781,0.886
16-Jan-2026,3.68,3.739,3.725,3.74,3.738,3.781,3.82,3.82,3.81,3.83,3.79,3.71,2.02,2.02,2.02,2.02,2.03,2.05,0.743,0.742,0.741,0.748,0.787,0.891
19-Jan-2026,3.68,3.739,3.725,3.74,3.738,3.781,3.82,3.82,3.81,3.82,3.77,3.69,2.02,2.02,2.02,2.02,2.02,2.04,0.746,0.741,0.741,0.747,0.789,0.898
20-Jan-2026,3.68,3.733,3.726,3.74,3.744,3.795,3.82,3.82,3.81,3.81,3.77,3.69,2.02,2.02,2.02,2.02,2.02,2.03,0.741,0.742,0.742,0.749,0.795,0.907
21-Jan-2026,3.68,3.711,3.718,3.731,3.744,3.795,3.82,3.82,3.81,3.81,3.77,3.69,2.02,2.02,2.02,2.02,2.02,2.02,0.745,0.742,0.744,0.75,0.802,0.912
22-Jan-2026,3.68,3.738,3.713,3.729,3.721,3.796,3.81,3.81,3.81,3.82,3.77,3.7,2,2,2.01,2.01,2.02,2.04,0.746,0.742,0.744,0.752,0.804,0.915
23-Jan-2026,3.68,3.713,3.691,3.719,3.714,3.791,3.81,3.81,3.81,3.82,3.79,3.69,2,2,2.01,2.01,2.03,2.05,0.748,0.742,0.744,0.753,0.807,0.917
26-Jan-2026,3.69,3.594,3.686,3.712,3.711,3.78,3.82,3.82,3.82,3.82,3.79,3.71,2,2,2.01,2.01,2.02,2.05,0.744,0.743,0.746,0.756,0.816,0.926
27-Jan-2026,3.69,3.57,3.674,3.694,3.693,3.756,3.82,3.82,3.82,3.82,3.79,3.73,2,2,2.01,2.01,2.02,2.05,0.744,0.746,0.747,0.758,0.82,0.932
28-Jan-2026,3.68,3.731,3.739,3.745,3.772,3.792,3.82,3.82,3.82,3.85,3.79,3.73,2,2,2.01,2.01,2.02,2.02,0.741,0.745,0.747,0.76,0.821,0.935
29-Jan-2026,3.68,3.538,3.564,3.603,3.702,3.75,3.82,3.82,3.82,3.85,3.79,3.73,2,2,2.01,2.01,2.02,2.02,0.745,0.744,0.747,0.761,0.824,0.94
30-Jan-2026,3.72,3.721,3.755,3.748,3.738,3.727,3.82,3.82,3.82,3.82,3.78,3.72,2,2,2.01,2.01,2.02,2.03,0.738,0.746,0.747,0.761,0.825,0.941
02-Feb-2026,3.73,3.72,3.744,3.729,3.737,3.75,3.82,3.82,3.82,3.82,3.78,3.7,2,2,2.01,2.01,2.02,2.03,0.748,0.745,0.747,0.762,0.827,0.943
03-Feb-2026,3.73,3.656,3.687,3.691,3.72,3.74,3.82,3.82,3.82,3.82,3.78,3.71,2,2,2.01,2.01,2.02,2.04,0.742,0.746,0.747,0.766,0.828,0.945
04-Feb-2026,3.73,3.595,3.632,3.65,3.696,3.718,3.8,3.8,3.82,3.81,3.77,3.7,2,2,2.01,2.01,2.02,2.03,0.747,0.746,0.747,0.77,0.83,0.949
05-Feb-2026,3.68,3.72,3.74,3.713,3.678,3.657,3.8,3.8,3.82,3.76,3.7,3.62,2,2,2.01,2.01,2.02,2.02,0.744,0.746,0.748,0.771,0.834,0.953
06-Feb-2026,3.68,3.683,3.684,3.7,3.687,3.685,3.8,3.8,3.82,3.75,3.69,3.6,2,2,2.01,2.01,2.02,2.02,0.749,0.747,0.747,0.773,0.842,0.956
09-Feb-2026,3.66,3.702,3.711,3.729,3.708,3.687,3.79,3.8,3.8,3.75,3.69,3.6,2,2,2.01,2.01,2.02,2.02,0.748,0.747,0.748,0.783,0.851,0.965
10-Feb-2026,3.66,3.647,3.711,3.685,3.677,3.659,3.79,3.79,3.81,3.73,3.68,3.6,2,2,2.01,2.01,2.02,2.03,0.748,0.747,0.748,0.792,0.855,0.969
11-Feb-2026,3.66,3.578,3.711,3.675,3.713,3.712,3.79,3.79,3.81,3.73,3.67,3.6,2.01,2,2.01,2.01,2.02,2.03,0.748,0.747,0.748,0.792,0.855,0.969
12-Feb-2026,3.704,3.722,3.709,3.734,3.707,3.685,3.79,3.79,3.81,3.72,3.67,3.59,2.02,2,2.01,2.01,2.02,2.03,0.742,0.747,0.748,0.794,0.861,0.97
13-Feb-2026,3.69,3.668,3.662,3.713,3.687,3.656,3.79,3.79,3.81,3.72,3.66,3.58,2.02,2,2.01,2.01,2.01,2.01,0.747,0.747,0.748,0.797,0.865,0.974
16-Feb-2026,3.69,3.667,3.662,3.716,3.691,3.658,3.79,3.8,3.81,3.71,3.66,3.58,2.02,2,2.01,2.01,2.02,2.02,0.743,0.746,0.747,0.794,0.867,0.979
17-Feb-2026,3.75,3.743,3.745,3.738,3.748,3.713,3.79,3.8,3.8,3.72,3.65,3.56,2.01,2.01,2.01,2.01,2.02,2.01,0.737,0.746,0.748,0.794,0.868,0.982
18-Feb-2026,3.77,3.729,3.74,3.744,3.745,3.721,3.79,3.79,3.78,3.71,3.64,3.56,2.01,2.01,2.01,2.01,2.02,2.02,0.743,0.746,0.748,0.793,0.87,0.984
19-Feb-2026,3.706,3.724,3.725,3.739,3.742,3.708,3.79,3.79,3.78,3.71,3.64,3.56,2.02,2.01,2.01,2.01,2.02,2.02,0.747,0.746,0.747,0.794,0.871,0.986
20-Feb-2026,3.706,3.674,3.683,3.727,3.743,3.724,3.79,3.8,3.77,3.71,3.64,3.57,2.02,2.01,2.01,2.01,2.02,2.03,0.747,0.746,0.748,0.794,0.872,0.988
23-Feb-2026,3.67,3.704,3.722,3.733,3.731,3.703,3.81,3.81,3.78,3.7,3.64,3.57,2.02,2.01,2.01,2.01,2.02,2.03,0.747,0.746,0.748,0.794,0.872,0.988
24-Feb-2026,3.67,3.704,3.677,3.712,3.723,3.715,3.81,3.81,3.78,3.7,3.64,3.57,2.02,2.01,2.01,2.01,2.02,2.03,0.749,0.747,0.748,0.801,0.874,0.989
25-Feb-2026,3.69,3.726,3.73,3.709,3.714,3.721,3.81,3.81,3.76,3.7,3.64,3.58,2.02,2.01,2.01,2.01,2.02,2.03,0.747,0.747,0.748,0.803,0.874,0.989
26-Feb-2026,3.69,3.584,3.626,3.62,3.672,3.679,3.81,3.81,3.73,3.68,3.62,3.55,2.02,2.01,2.01,2.01,2.02,2.03,0.748,0.747,0.748,0.803,0.874,0.989
27-Feb-2026,3.71,3.718,3.737,3.712,3.719,3.697,3.88,3.81,3.73,3.68,3.61,3.54,2.02,2.01,2.01,2.01,2.02,2.01,0.748,0.747,0.748,0.805,0.878,0.99
02-Mar-2026,3.74,3.724,3.7,3.702,3.735,3.748,3.85,3.81,3.74,3.72,3.68,3.63,2.02,2.01,2.01,2.02,2.04,2.06,0.749,0.747,0.748,0.805,0.879,0.989
03-Mar-2026,3.73,3.73,3.729,3.723,3.735,3.73,3.85,3.81,3.77,3.77,3.76,3.75,2.02,2.02,2.02,2.03,2.07,2.13,0.748,0.747,0.748,0.805,0.88,0.99
04-Mar-2026,3.71,3.734,3.736,3.728,3.736,3.747,3.82,3.81,3.77,3.76,3.73,3.71,2.02,2.02,2.02,2.02,2.06,2.1,0.748,0.747,0.748,0.807,0.88,0.99
05-Mar-2026,3.71,3.604,3.626,3.675,3.712,3.752,3.82,3.81,3.77,3.76,3.73,3.71,2.02,2.02,2.02,2.02,2.06,2.1,0.749,0.747,0.748,0.807,0.88,0.99
06-Mar-2026,3.71,3.568,3.599,3.66,3.689,3.716,3.82,3.81,3.79,3.81,3.83,3.89,2.03,2.02,2.03,2.04,2.14,2.27,0.75,0.747,0.748,0.807,0.88,0.991
09-Mar-2026,3.686,3.729,3.736,3.725,3.709,3.692,3.82,3.81,3.8,3.85,3.83,4.03,2.03,2.03,2.03,2.05,2.14,2.31,0.75,0.748,0.749,0.808,0.879,0.992
10-Mar-2026,3.688,3.738,3.747,3.728,3.745,3.724,3.81,3.81,3.81,3.81,3.8,3.84,2.03,2.03,2.02,2.05,2.1,2.21,0.751,0.748,0.749,0.811,0.879,0.991
11-Mar-2026,3.68,3.719,3.731,3.727,3.751,3.761,3.81,3.81,3.82,3.84,3.85,3.92,2.03,2.03,2.02,2.07,2.16,2.3,0.75,0.748,0.749,0.813,0.879,0.992
12-Mar-2026,3.69,3.725,3.736,3.731,3.752,3.782,3.81,3.82,3.81,3.82,3.88,3.98,2.03,2.03,2.03,2.08,2.18,2.33,0.751,0.749,0.749,0.814,0.879,0.994
13-Mar-2026,3.67,3.691,3.709,3.72,3.747,3.758,3.81,3.82,3.8,3.81,3.89,4,2.02,2.02,2.03,2.07,2.16,2.32,0.751,0.749,0.749,0.815,0.88,0.995
16-Mar-2026,3.67,4.28,4.433,4.544,4.226,3.978,3.81,3.82,3.81,3.81,3.89,4.01,2.02,2.02,2.03,2.07,2.17,2.32,0.75,0.75,0.751,0.817,0.88,0.998
17-Mar-2026,3.68,3.74,3.724,3.724,3.735,3.755,3.81,3.82,3.8,3.82,3.89,4,2.02,2.02,2.02,2.07,2.16,2.31,0.75,0.75,0.75,0.819,0.882,1.001
18-Mar-2026,3.66,3.708,3.726,3.74,3.769,3.825,3.81,3.82,3.81,3.83,3.94,4.08,2.02,2.02,2.02,2.09,2.21,2.39,0.751,0.75,0.751,0.822,0.885,1.003
19-Mar-2026,3.66,3.647,3.67,3.709,3.757,3.859,3.81,3.83,3.82,3.93,4.14,4.39,2.02,2.02,2.02,2.12,2.26,2.47,0.749,0.75,0.75,0.832,0.887,1.005
20-Mar-2026,3.66,3.673,3.731,3.735,3.791,3.775,3.81,3.83,3.82,3.95,4.2,4.5,2.02,2.02,2.03,2.15,2.34,2.57,0.749,0.75,0.75,0.832,0.887,1.005
23-Mar-2026,3.66,3.699,3.711,3.708,3.759,3.754,3.81,3.83,3.82,3.94,4.2,4.39,2.02,2.03,2.03,2.14,2.32,2.52,0.752,0.749,0.749,0.837,0.894,1.009
24-Mar-2026,3.66,3.677,3.698,3.692,3.754,3.78,3.81,3.83,3.82,3.94,4.16,4.39,2.02,2.03,2.03,2.14,2.32,2.52,0.749,0.749,0.749,0.841,0.898,1.014
25-Mar-2026,3.695,3.72,3.721,3.733,3.777,3.774,3.81,3.83,3.82,3.94,4.16,4.37,2.02,2.03,2.03,2.16,2.34,2.57,0.748,0.743,0.748,0.841,0.901,1.016
26-Mar-2026,3.695,3.666,3.674,3.714,3.781,3.827,3.82,3.83,3.83,3.96,4.16,4.37,2.02,2.03,2.03,2.17,2.34,2.57,0.747,0.741,0.745,0.846,0.901,1.017
27-Mar-2026,3.695,3.638,3.651,3.682,3.737,3.756,3.82,3.83,3.84,3.96,4.2,4.49,2.02,2.02,2.02,2.17,2.38,2.65,0.749,0.739,0.746,0.852,0.906,1.02
30-Mar-2026,3.67,3.739,3.714,3.794,3.818,3.827,3.82,3.83,3.85,3.94,4.17,4.43,2.02,2.02,2.02,2.15,2.33,2.58,0.748,0.744,0.747,0.857,0.908,1.023
31-Mar-2026,3.728,3.722,3.739,3.759,3.786,3.787,3.88,3.83,3.85,3.94,4.17,4.43,2.02,2.02,2.02,2.16,2.36,2.6,0.738,0.747,0.75,0.861,0.911,1.033
01-Apr-2026,3.728,3.672,3.715,3.732,3.771,3.788,3.82,3.84,3.85,3.92,4.11,4.3,2.01,2.02,2.03,2.16,2.32,2.54,0.748,0.747,0.752,0.865,0.915,1.039
02-Apr-2026,3.72,3.743,3.725,3.731,3.724,3.77,3.82,3.84,3.85,3.92,4.11,4.3,2.01,2.02,2.03,2.16,2.32,2.54,0.749,0.747,0.752,0.868,0.918,1.046
03-Apr-2026,3.72,3.699,3.685,3.704,3.718,3.794,3.82,3.84,3.85,3.92,4.11,4.3,2.01,2.02,2.03,2.16,2.32,2.54,0.75,0.748,0.757,0.878,0.924,1.055
06-Apr-2026,3.72,3.652,3.645,3.679,3.709,3.797,3.82,3.84,3.85,3.92,4.11,4.3,2.01,2.02,2.03,2.16,2.32,2.54,0.75,0.75,0.767,0.888,0.928,1.06
07-Apr-2026,3.65,3.664,3.712,3.705,3.725,3.725,3.82,3.84,3.84,3.94,4.14,4.36,2.01,2.03,2.04,2.21,2.4,2.65,0.749,0.75,0.777,0.894,0.935,1.066
08-Apr-2026,3.616,3.654,3.69,3.685,3.716,3.725,3.82,3.84,3.83,3.89,4.14,4.36,2.01,2.03,2.03,2.15,2.4,2.65,0.751,0.75,0.785,0.897,0.939,1.068
09-Apr-2026,3.656,3.678,3.745,3.748,3.731,3.714,3.81,3.83,3.83,3.9,4.05,4.21,2.03,2.03,2.04,2.17,2.33,2.52,0.752,0.75,0.791,0.9,0.943,1.072
10-Apr-2026,3.68,3.719,3.738,3.749,3.736,3.736,3.81,3.83,3.83,3.9,4.05,4.22,2.03,2.03,2.04,2.17,2.33,2.52,0.751,0.75,0.809,0.902,0.949,1.077
13-Apr-2026,3.68,3.676,3.738,3.727,3.724,3.721,3.81,3.83,3.84,3.9,4.1,4.29,2.03,2.03,2.06,2.17,2.38,2.59,0.75,0.75,0.814,0.902,0.952,1.085
14-Apr-2026,3.68,3.637,3.738,3.701,3.707,3.703,3.81,3.83,3.83,3.92,4.07,4.24,2.03,2.03,2.05,2.18,2.34,2.54,0.751,0.75,0.811,0.894,0.949,1.087
15-Apr-2026,3.76,3.727,3.735,3.777,3.772,3.76,3.81,3.83,3.83,3.91,4.04,4.19,2.03,2.03,2.05,2.16,2.31,2.49,0.751,0.75,0.803,0.889,0.949,1.087
16-Apr-2026,3.704,3.722,3.747,3.741,3.734,3.743,3.81,3.83,3.83,3.91,4.04,4.19,2.03,2.03,2.04,2.14,2.27,2.45,0.751,0.75,0.799,0.883,0.948,1.087
17-Apr-2026,3.67,3.704,3.733,3.735,3.706,3.691,3.81,3.83,3.82,3.89,4,4.11,2.03,2.03,2.02,2.12,2.24,2.4,0.751,0.75,0.795,0.871,0.947,1.087
20-Apr-2026,3.67,3.675,3.7,3.715,3.702,3.697,3.81,3.83,3.82,3.89,4,4.11,2.03,2.03,2.03,2.14,2.26,2.42,0.751,0.75,0.791,0.869,0.946,1.087
21-Apr-2026,3.68,3.718,3.731,3.731,3.739,3.747,3.81,3.83,3.82,3.91,4.05,4.21,2.03,2.03,2.03,2.14,2.28,2.44,0.751,0.75,0.777,0.848,0.942,1.084
22-Apr-2026,3.68,3.718,3.712,3.706,3.723,3.745,3.81,3.83,3.82,3.92,4.08,4.25,2.03,2.03,2.03,2.15,2.3,2.49,0.751,0.75,0.758,0.844,0.94,1.082
23-Apr-2026,3.668,3.732,3.736,3.742,3.736,3.745,3.81,3.83,3.83,3.93,4.11,4.31,2.03,2.03,2.03,2.16,2.32,2.51,0.75,0.75,0.754,0.84,0.939,1.082
24-Apr-2026,3.7,3.736,3.714,3.736,3.731,3.722,3.81,3.83,3.83,3.94,4.14,4.35,2.02,2.03,2.04,2.16,2.33,2.54,0.75,0.75,0.753,0.839,0.938,1.08
27-Apr-2026,3.7,3.701,3.682,3.714,3.726,3.732,3.81,3.84,3.83,3.94,4.12,4.32,2.02,2.03,2.03,2.16,2.31,2.51,0.751,0.75,0.75,0.839,0.938,1.082
28-Apr-2026,3.68,3.715,3.734,3.736,3.72,3.743,3.81,3.83,3.82,3.96,4.16,4.39,2.02,2.04,2.04,2.2,2.38,2.61,0.751,0.75,0.75,0.837,0.938,1.082
29-Apr-2026,3.67,3.72,3.726,3.735,3.741,3.798,3.81,3.84,3.83,3.97,4.18,4.43,2.02,2.04,2.04,2.22,2.4,2.64,0.751,0.75,0.75,0.837,0.938,1.082
30-Apr-2026,3.67,3.617,3.633,3.679,3.695,3.744,3.81,3.82,3.81,3.94,4.14,4.39,2.02,2.03,2.05,2.2,2.39,2.62,0.75,0.75,0.75,0.84,0.938,1.086
01-May-2026,3.67,3.723,3.724,3.739,3.745,3.742,3.81,3.82,3.81,3.95,4.14,4.39,2.02,2.03,2.05,2.19,2.39,2.62,0.751,0.75,0.75,0.844,0.938,1.087
04-May-2026,3.66,3.697,3.714,3.715,3.745,3.789,3.81,3.82,3.81,3.95,4.16,4.42,2.02,2.03,2.05,2.21,2.42,2.68,0.751,0.75,0.75,0.844,0.938,1.087
05-May-2026,3.66,3.663,3.698,3.695,3.733,3.776,3.81,3.82,3.81,3.95,4.17,4.42,2.02,2.03,2.05,2.21,2.4,2.65,0.751,0.75,0.75,0.844,0.938,1.087
06-May-2026,3.636,3.673,3.685,3.684,3.713,3.728,3.81,3.83,3.81,3.93,4.11,4.34,2.02,2.03,2.05,2.19,2.35,2.55,0.751,0.75,0.75,0.844,0.938,1.087
07-May-2026,3.636,3.575,3.6,3.642,3.696,3.738,3.81,3.82,3.81,3.92,4.08,4.29,2.02,2.03,2.02,2.19,2.33,2.51,0.748,0.75,0.75,0.849,0.938,1.088
08-May-2026,3.646,3.674,3.673,3.723,3.735,3.726,3.81,3.82,3.81,3.93,4.11,4.32,2.02,2.03,2.02,2.2,2.36,2.55,0.752,0.75,0.75,0.856,0.941,1.089
11-May-2026,3.64,3.675,3.686,3.713,3.743,3.759,3.81,3.82,3.81,3.94,4.14,4.39,2.01,2.03,2.02,2.21,2.39,2.61,0.745,0.75,0.75,0.857,0.943,1.091
12-May-2026,3.64,3.644,3.672,3.698,3.743,3.781,3.81,3.82,3.81,3.96,4.17,4.44,2.02,2.02,2.02,2.22,2.4,2.64,0.749,0.75,0.75,0.866,0.946,1.092
13-May-2026,3.64,3.613,3.657,3.67,3.737,3.774,3.82,3.83,3.81,3.95,4.15,4.42,2.01,2.02,2.03,2.23,2.4,2.64,0.75,0.75,0.75,0.867,0.947,1.092
14-May-2026,3.64,3.531,3.581,3.633,3.72,3.784,3.82,3.84,3.82,3.93,4.11,4.36,2.01,2.02,2.03,2.22,2.39,2.61,0.749,0.75,0.75,0.87,0.948,1.092
15-May-2026,3.64,3.518,3.529,3.622,3.718,3.801,3.82,3.84,3.82,3.95,4.14,4.42,2.02,2.02,2.05,2.24,2.41,2.65,0.751,0.75,0.75,0.882,0.95,1.093
18-May-2026,3.64,3.492,3.519,3.61,3.712,3.785,3.82,3.84,3.82,3.95,4.13,4.41,2.02,2.02,2.06,2.25,2.42,2.66,0.751,0.75,0.756,0.891,0.952,1.098
19-May-2026,3.64,3.457,3.497,3.59,3.72,3.834,3.82,3.83,3.82,3.93,4.1,4.37,2.02,2.02,2.06,2.25,2.41,2.65,0.751,0.75,0.764,0.893,0.954,1.104
20-May-2026,3.64,3.433,3.488,3.569,3.706,3.791,3.82,3.83,3.82,3.93,4.11,4.39,2.02,2.02,2.06,2.25,2.42,2.66,0.752,0.75,0.772,0.903,0.956,1.111
