Date,GBP_SC_GC,USD_SC_GC
31-Dec-1998,NaN,NaN
01-Jan-1999,NaN,NaN
04-Jan-1999,NaN,NaN
05-Jan-1999,NaN,NaN
06-Jan-1999,NaN,NaN
07-Jan-1999,NaN,NaN
08-Jan-1999,NaN,NaN
11-Jan-1999,NaN,NaN
12-Jan-1999,NaN,NaN
13-Jan-1999,NaN,NaN
14-Jan-1999,NaN,NaN
15-Jan-1999,NaN,NaN
18-Jan-1999,NaN,NaN
19-Jan-1999,NaN,NaN
20-Jan-1999,NaN,NaN
21-Jan-1999,NaN,NaN
22-Jan-1999,NaN,NaN
25-Jan-1999,NaN,NaN
26-Jan-1999,NaN,NaN
27-Jan-1999,NaN,NaN
28-Jan-1999,NaN,NaN
29-Jan-1999,NaN,NaN
01-Feb-1999,NaN,NaN
02-Feb-1999,NaN,NaN
03-Feb-1999,NaN,NaN
04-Feb-1999,NaN,NaN
05-Feb-1999,NaN,NaN
08-Feb-1999,NaN,NaN
09-Feb-1999,NaN,NaN
10-Feb-1999,NaN,NaN
11-Feb-1999,NaN,NaN
12-Feb-1999,NaN,NaN
15-Feb-1999,NaN,NaN
16-Feb-1999,NaN,NaN
17-Feb-1999,NaN,NaN
18-Feb-1999,NaN,NaN
19-Feb-1999,NaN,NaN
22-Feb-1999,NaN,NaN
23-Feb-1999,NaN,NaN
24-Feb-1999,NaN,NaN
25-Feb-1999,NaN,NaN
26-Feb-1999,NaN,NaN
01-Mar-1999,NaN,NaN
02-Mar-1999,NaN,NaN
03-Mar-1999,NaN,NaN
04-Mar-1999,NaN,NaN
05-Mar-1999,NaN,NaN
08-Mar-1999,NaN,NaN
09-Mar-1999,NaN,NaN
10-Mar-1999,NaN,NaN
11-Mar-1999,NaN,NaN
12-Mar-1999,NaN,NaN
15-Mar-1999,NaN,NaN
16-Mar-1999,NaN,NaN
17-Mar-1999,NaN,NaN
18-Mar-1999,NaN,NaN
19-Mar-1999,NaN,NaN
22-Mar-1999,NaN,NaN
23-Mar-1999,NaN,NaN
24-Mar-1999,NaN,NaN
25-Mar-1999,NaN,NaN
26-Mar-1999,NaN,NaN
29-Mar-1999,NaN,NaN
30-Mar-1999,NaN,NaN
31-Mar-1999,NaN,NaN
01-Apr-1999,NaN,NaN
02-Apr-1999,NaN,NaN
05-Apr-1999,NaN,NaN
06-Apr-1999,NaN,NaN
07-Apr-1999,NaN,NaN
08-Apr-1999,NaN,NaN
09-Apr-1999,NaN,NaN
12-Apr-1999,NaN,NaN
13-Apr-1999,NaN,NaN
14-Apr-1999,NaN,NaN
15-Apr-1999,NaN,NaN
16-Apr-1999,NaN,NaN
19-Apr-1999,NaN,NaN
20-Apr-1999,NaN,NaN
21-Apr-1999,NaN,NaN
22-Apr-1999,NaN,NaN
23-Apr-1999,NaN,NaN
26-Apr-1999,NaN,NaN
27-Apr-1999,NaN,NaN
28-Apr-1999,NaN,NaN
29-Apr-1999,NaN,NaN
30-Apr-1999,NaN,NaN
03-May-1999,NaN,NaN
04-May-1999,NaN,NaN
05-May-1999,NaN,NaN
06-May-1999,NaN,NaN
07-May-1999,NaN,NaN
10-May-1999,NaN,NaN
11-May-1999,NaN,NaN
12-May-1999,NaN,NaN
13-May-1999,NaN,NaN
14-May-1999,NaN,NaN
17-May-1999,NaN,NaN
18-May-1999,NaN,NaN
19-May-1999,NaN,NaN
20-May-1999,NaN,NaN
21-May-1999,NaN,NaN
24-May-1999,NaN,NaN
25-May-1999,NaN,NaN
26-May-1999,NaN,NaN
27-May-1999,NaN,NaN
28-May-1999,NaN,NaN
31-May-1999,NaN,NaN
01-Jun-1999,NaN,NaN
02-Jun-1999,NaN,NaN
03-Jun-1999,NaN,NaN
04-Jun-1999,NaN,NaN
07-Jun-1999,NaN,NaN
08-Jun-1999,NaN,NaN
09-Jun-1999,NaN,NaN
10-Jun-1999,NaN,NaN
11-Jun-1999,NaN,NaN
14-Jun-1999,NaN,NaN
15-Jun-1999,NaN,NaN
16-Jun-1999,NaN,NaN
17-Jun-1999,NaN,NaN
18-Jun-1999,NaN,NaN
21-Jun-1999,NaN,NaN
22-Jun-1999,NaN,NaN
23-Jun-1999,NaN,NaN
24-Jun-1999,NaN,NaN
25-Jun-1999,NaN,NaN
28-Jun-1999,NaN,NaN
29-Jun-1999,NaN,NaN
30-Jun-1999,NaN,NaN
01-Jul-1999,NaN,NaN
02-Jul-1999,NaN,NaN
05-Jul-1999,NaN,NaN
06-Jul-1999,NaN,NaN
07-Jul-1999,NaN,NaN
08-Jul-1999,NaN,NaN
09-Jul-1999,NaN,NaN
12-Jul-1999,NaN,NaN
13-Jul-1999,NaN,NaN
14-Jul-1999,NaN,NaN
15-Jul-1999,NaN,NaN
16-Jul-1999,NaN,NaN
19-Jul-1999,NaN,NaN
20-Jul-1999,NaN,NaN
21-Jul-1999,NaN,NaN
22-Jul-1999,NaN,NaN
23-Jul-1999,NaN,NaN
26-Jul-1999,NaN,NaN
27-Jul-1999,NaN,NaN
28-Jul-1999,NaN,NaN
29-Jul-1999,NaN,NaN
30-Jul-1999,NaN,NaN
02-Aug-1999,NaN,NaN
03-Aug-1999,NaN,NaN
04-Aug-1999,NaN,NaN
05-Aug-1999,NaN,NaN
06-Aug-1999,NaN,NaN
09-Aug-1999,NaN,NaN
10-Aug-1999,NaN,NaN
11-Aug-1999,NaN,NaN
12-Aug-1999,NaN,NaN
13-Aug-1999,NaN,NaN
16-Aug-1999,NaN,NaN
17-Aug-1999,NaN,NaN
18-Aug-1999,NaN,NaN
19-Aug-1999,NaN,NaN
20-Aug-1999,NaN,NaN
23-Aug-1999,NaN,NaN
24-Aug-1999,NaN,NaN
25-Aug-1999,NaN,NaN
26-Aug-1999,NaN,NaN
27-Aug-1999,NaN,NaN
30-Aug-1999,NaN,NaN
31-Aug-1999,NaN,NaN
01-Sep-1999,NaN,NaN
02-Sep-1999,NaN,NaN
03-Sep-1999,NaN,NaN
06-Sep-1999,NaN,NaN
07-Sep-1999,NaN,NaN
08-Sep-1999,NaN,NaN
09-Sep-1999,NaN,NaN
10-Sep-1999,NaN,NaN
13-Sep-1999,NaN,NaN
14-Sep-1999,NaN,NaN
15-Sep-1999,NaN,NaN
16-Sep-1999,NaN,NaN
17-Sep-1999,NaN,NaN
20-Sep-1999,NaN,NaN
21-Sep-1999,NaN,NaN
22-Sep-1999,NaN,NaN
23-Sep-1999,NaN,NaN
24-Sep-1999,NaN,NaN
27-Sep-1999,NaN,NaN
28-Sep-1999,NaN,NaN
29-Sep-1999,NaN,NaN
30-Sep-1999,NaN,NaN
01-Oct-1999,NaN,NaN
04-Oct-1999,NaN,NaN
05-Oct-1999,NaN,NaN
06-Oct-1999,NaN,NaN
07-Oct-1999,NaN,NaN
08-Oct-1999,NaN,NaN
11-Oct-1999,NaN,NaN
12-Oct-1999,NaN,NaN
13-Oct-1999,NaN,NaN
14-Oct-1999,NaN,NaN
15-Oct-1999,NaN,NaN
18-Oct-1999,NaN,NaN
19-Oct-1999,NaN,NaN
20-Oct-1999,NaN,NaN
21-Oct-1999,NaN,NaN
22-Oct-1999,NaN,NaN
25-Oct-1999,NaN,NaN
26-Oct-1999,NaN,NaN
27-Oct-1999,NaN,NaN
28-Oct-1999,NaN,NaN
29-Oct-1999,NaN,NaN
01-Nov-1999,NaN,NaN
02-Nov-1999,NaN,NaN
03-Nov-1999,NaN,NaN
04-Nov-1999,NaN,NaN
05-Nov-1999,NaN,NaN
08-Nov-1999,NaN,NaN
09-Nov-1999,NaN,NaN
10-Nov-1999,NaN,NaN
11-Nov-1999,NaN,NaN
12-Nov-1999,NaN,NaN
15-Nov-1999,NaN,NaN
16-Nov-1999,NaN,NaN
17-Nov-1999,NaN,NaN
18-Nov-1999,NaN,NaN
19-Nov-1999,NaN,NaN
22-Nov-1999,NaN,NaN
23-Nov-1999,NaN,NaN
24-Nov-1999,NaN,NaN
25-Nov-1999,NaN,NaN
26-Nov-1999,NaN,NaN
29-Nov-1999,NaN,NaN
30-Nov-1999,NaN,NaN
01-Dec-1999,NaN,NaN
02-Dec-1999,NaN,NaN
03-Dec-1999,NaN,NaN
06-Dec-1999,NaN,NaN
07-Dec-1999,NaN,NaN
08-Dec-1999,NaN,NaN
09-Dec-1999,NaN,NaN
10-Dec-1999,NaN,NaN
13-Dec-1999,NaN,NaN
14-Dec-1999,NaN,NaN
15-Dec-1999,NaN,NaN
16-Dec-1999,NaN,NaN
17-Dec-1999,NaN,NaN
20-Dec-1999,NaN,NaN
21-Dec-1999,NaN,NaN
22-Dec-1999,NaN,NaN
23-Dec-1999,NaN,NaN
24-Dec-1999,NaN,NaN
27-Dec-1999,NaN,NaN
28-Dec-1999,NaN,NaN
29-Dec-1999,NaN,NaN
30-Dec-1999,NaN,NaN
31-Dec-1999,NaN,NaN
03-Jan-2000,NaN,NaN
04-Jan-2000,NaN,NaN
05-Jan-2000,NaN,NaN
06-Jan-2000,NaN,NaN
07-Jan-2000,NaN,NaN
10-Jan-2000,NaN,NaN
11-Jan-2000,NaN,NaN
12-Jan-2000,NaN,NaN
13-Jan-2000,NaN,NaN
14-Jan-2000,NaN,NaN
17-Jan-2000,NaN,NaN
18-Jan-2000,NaN,NaN
19-Jan-2000,NaN,NaN
20-Jan-2000,NaN,NaN
21-Jan-2000,NaN,NaN
24-Jan-2000,NaN,NaN
25-Jan-2000,NaN,NaN
26-Jan-2000,NaN,NaN
27-Jan-2000,NaN,NaN
28-Jan-2000,NaN,NaN
31-Jan-2000,NaN,NaN
01-Feb-2000,NaN,NaN
02-Feb-2000,NaN,NaN
03-Feb-2000,NaN,NaN
04-Feb-2000,NaN,NaN
07-Feb-2000,NaN,NaN
08-Feb-2000,NaN,NaN
09-Feb-2000,NaN,NaN
10-Feb-2000,NaN,NaN
11-Feb-2000,NaN,NaN
14-Feb-2000,NaN,NaN
15-Feb-2000,NaN,NaN
16-Feb-2000,NaN,NaN
17-Feb-2000,NaN,NaN
18-Feb-2000,NaN,NaN
21-Feb-2000,NaN,NaN
22-Feb-2000,NaN,NaN
23-Feb-2000,NaN,NaN
24-Feb-2000,NaN,NaN
25-Feb-2000,NaN,NaN
28-Feb-2000,NaN,NaN
29-Feb-2000,NaN,NaN
01-Mar-2000,NaN,NaN
02-Mar-2000,NaN,NaN
03-Mar-2000,NaN,NaN
06-Mar-2000,NaN,NaN
07-Mar-2000,NaN,NaN
08-Mar-2000,NaN,NaN
09-Mar-2000,NaN,NaN
10-Mar-2000,NaN,NaN
13-Mar-2000,NaN,NaN
14-Mar-2000,NaN,NaN
15-Mar-2000,NaN,NaN
16-Mar-2000,NaN,NaN
17-Mar-2000,NaN,NaN
20-Mar-2000,NaN,NaN
21-Mar-2000,NaN,NaN
22-Mar-2000,NaN,NaN
23-Mar-2000,NaN,NaN
24-Mar-2000,NaN,NaN
27-Mar-2000,NaN,NaN
28-Mar-2000,NaN,NaN
29-Mar-2000,NaN,NaN
30-Mar-2000,NaN,NaN
31-Mar-2000,NaN,NaN
03-Apr-2000,NaN,NaN
04-Apr-2000,NaN,NaN
05-Apr-2000,NaN,NaN
06-Apr-2000,NaN,NaN
07-Apr-2000,NaN,NaN
10-Apr-2000,NaN,NaN
11-Apr-2000,NaN,NaN
12-Apr-2000,NaN,NaN
13-Apr-2000,NaN,NaN
14-Apr-2000,NaN,NaN
17-Apr-2000,NaN,NaN
18-Apr-2000,NaN,NaN
19-Apr-2000,NaN,NaN
20-Apr-2000,NaN,NaN
21-Apr-2000,NaN,NaN
24-Apr-2000,NaN,NaN
25-Apr-2000,NaN,NaN
26-Apr-2000,NaN,NaN
27-Apr-2000,NaN,NaN
28-Apr-2000,NaN,NaN
01-May-2000,NaN,NaN
02-May-2000,NaN,NaN
03-May-2000,NaN,NaN
04-May-2000,NaN,NaN
05-May-2000,NaN,NaN
08-May-2000,NaN,NaN
09-May-2000,NaN,NaN
10-May-2000,NaN,NaN
11-May-2000,NaN,NaN
12-May-2000,NaN,NaN
15-May-2000,NaN,NaN
16-May-2000,NaN,NaN
17-May-2000,NaN,NaN
18-May-2000,NaN,NaN
19-May-2000,NaN,NaN
22-May-2000,NaN,NaN
23-May-2000,NaN,NaN
24-May-2000,NaN,NaN
25-May-2000,NaN,NaN
26-May-2000,NaN,NaN
29-May-2000,NaN,NaN
30-May-2000,NaN,NaN
31-May-2000,NaN,NaN
01-Jun-2000,NaN,NaN
02-Jun-2000,NaN,NaN
05-Jun-2000,NaN,NaN
06-Jun-2000,NaN,NaN
07-Jun-2000,NaN,NaN
08-Jun-2000,NaN,NaN
09-Jun-2000,NaN,NaN
12-Jun-2000,NaN,NaN
13-Jun-2000,NaN,NaN
14-Jun-2000,NaN,NaN
15-Jun-2000,NaN,NaN
16-Jun-2000,NaN,NaN
19-Jun-2000,NaN,NaN
20-Jun-2000,NaN,NaN
21-Jun-2000,NaN,NaN
22-Jun-2000,NaN,NaN
23-Jun-2000,NaN,NaN
26-Jun-2000,NaN,NaN
27-Jun-2000,NaN,NaN
28-Jun-2000,NaN,NaN
29-Jun-2000,NaN,NaN
30-Jun-2000,NaN,NaN
03-Jul-2000,NaN,NaN
04-Jul-2000,NaN,NaN
05-Jul-2000,NaN,NaN
06-Jul-2000,NaN,NaN
07-Jul-2000,NaN,NaN
10-Jul-2000,NaN,NaN
11-Jul-2000,NaN,NaN
12-Jul-2000,NaN,NaN
13-Jul-2000,NaN,NaN
14-Jul-2000,NaN,NaN
17-Jul-2000,NaN,NaN
18-Jul-2000,NaN,NaN
19-Jul-2000,NaN,NaN
20-Jul-2000,NaN,NaN
21-Jul-2000,NaN,NaN
24-Jul-2000,NaN,NaN
25-Jul-2000,NaN,NaN
26-Jul-2000,NaN,NaN
27-Jul-2000,NaN,NaN
28-Jul-2000,NaN,NaN
31-Jul-2000,NaN,NaN
01-Aug-2000,NaN,NaN
02-Aug-2000,NaN,NaN
03-Aug-2000,NaN,NaN
04-Aug-2000,NaN,NaN
07-Aug-2000,NaN,NaN
08-Aug-2000,NaN,NaN
09-Aug-2000,NaN,NaN
10-Aug-2000,NaN,NaN
11-Aug-2000,NaN,NaN
14-Aug-2000,NaN,NaN
15-Aug-2000,NaN,NaN
16-Aug-2000,NaN,NaN
17-Aug-2000,NaN,NaN
18-Aug-2000,NaN,NaN
21-Aug-2000,NaN,NaN
22-Aug-2000,NaN,NaN
23-Aug-2000,NaN,NaN
24-Aug-2000,NaN,NaN
25-Aug-2000,NaN,NaN
28-Aug-2000,NaN,NaN
29-Aug-2000,NaN,NaN
30-Aug-2000,NaN,NaN
31-Aug-2000,NaN,NaN
01-Sep-2000,NaN,NaN
04-Sep-2000,NaN,NaN
05-Sep-2000,NaN,NaN
06-Sep-2000,NaN,NaN
07-Sep-2000,NaN,NaN
08-Sep-2000,NaN,NaN
11-Sep-2000,NaN,NaN
12-Sep-2000,NaN,NaN
13-Sep-2000,NaN,NaN
14-Sep-2000,NaN,NaN
15-Sep-2000,NaN,NaN
18-Sep-2000,NaN,NaN
19-Sep-2000,NaN,NaN
20-Sep-2000,NaN,NaN
21-Sep-2000,NaN,NaN
22-Sep-2000,NaN,NaN
25-Sep-2000,NaN,NaN
26-Sep-2000,NaN,NaN
27-Sep-2000,NaN,NaN
28-Sep-2000,NaN,NaN
29-Sep-2000,NaN,NaN
02-Oct-2000,NaN,NaN
03-Oct-2000,NaN,NaN
04-Oct-2000,NaN,NaN
05-Oct-2000,NaN,NaN
06-Oct-2000,NaN,NaN
09-Oct-2000,NaN,NaN
10-Oct-2000,NaN,NaN
11-Oct-2000,NaN,NaN
12-Oct-2000,NaN,NaN
13-Oct-2000,NaN,NaN
16-Oct-2000,NaN,NaN
17-Oct-2000,NaN,NaN
18-Oct-2000,NaN,NaN
19-Oct-2000,NaN,NaN
20-Oct-2000,NaN,NaN
23-Oct-2000,NaN,NaN
24-Oct-2000,NaN,NaN
25-Oct-2000,NaN,NaN
26-Oct-2000,NaN,NaN
27-Oct-2000,NaN,NaN
30-Oct-2000,NaN,NaN
31-Oct-2000,NaN,NaN
01-Nov-2000,NaN,NaN
02-Nov-2000,NaN,NaN
03-Nov-2000,NaN,NaN
06-Nov-2000,NaN,NaN
07-Nov-2000,NaN,NaN
08-Nov-2000,NaN,NaN
09-Nov-2000,NaN,NaN
10-Nov-2000,NaN,NaN
13-Nov-2000,NaN,NaN
14-Nov-2000,NaN,NaN
15-Nov-2000,NaN,NaN
16-Nov-2000,NaN,NaN
17-Nov-2000,NaN,NaN
20-Nov-2000,NaN,NaN
21-Nov-2000,NaN,NaN
22-Nov-2000,NaN,NaN
23-Nov-2000,NaN,NaN
24-Nov-2000,NaN,NaN
27-Nov-2000,NaN,NaN
28-Nov-2000,NaN,NaN
29-Nov-2000,NaN,NaN
30-Nov-2000,NaN,NaN
01-Dec-2000,NaN,NaN
04-Dec-2000,NaN,NaN
05-Dec-2000,NaN,NaN
06-Dec-2000,NaN,NaN
07-Dec-2000,NaN,NaN
08-Dec-2000,NaN,NaN
11-Dec-2000,NaN,NaN
12-Dec-2000,NaN,NaN
13-Dec-2000,NaN,NaN
14-Dec-2000,NaN,NaN
15-Dec-2000,NaN,NaN
18-Dec-2000,NaN,NaN
19-Dec-2000,NaN,NaN
20-Dec-2000,NaN,NaN
21-Dec-2000,NaN,NaN
22-Dec-2000,NaN,NaN
25-Dec-2000,NaN,NaN
26-Dec-2000,NaN,NaN
27-Dec-2000,NaN,NaN
28-Dec-2000,NaN,NaN
29-Dec-2000,NaN,NaN
01-Jan-2001,NaN,NaN
02-Jan-2001,NaN,NaN
03-Jan-2001,NaN,NaN
04-Jan-2001,NaN,NaN
05-Jan-2001,NaN,NaN
08-Jan-2001,NaN,NaN
09-Jan-2001,NaN,NaN
10-Jan-2001,NaN,NaN
11-Jan-2001,NaN,NaN
12-Jan-2001,NaN,NaN
15-Jan-2001,NaN,NaN
16-Jan-2001,NaN,NaN
17-Jan-2001,NaN,NaN
18-Jan-2001,NaN,NaN
19-Jan-2001,NaN,NaN
22-Jan-2001,NaN,NaN
23-Jan-2001,NaN,NaN
24-Jan-2001,NaN,NaN
25-Jan-2001,NaN,NaN
26-Jan-2001,NaN,NaN
29-Jan-2001,NaN,NaN
30-Jan-2001,NaN,NaN
31-Jan-2001,NaN,NaN
01-Feb-2001,NaN,NaN
02-Feb-2001,NaN,NaN
05-Feb-2001,NaN,NaN
06-Feb-2001,NaN,NaN
07-Feb-2001,NaN,NaN
08-Feb-2001,NaN,NaN
09-Feb-2001,NaN,NaN
12-Feb-2001,NaN,NaN
13-Feb-2001,NaN,NaN
14-Feb-2001,NaN,NaN
15-Feb-2001,NaN,NaN
16-Feb-2001,NaN,NaN
19-Feb-2001,NaN,NaN
20-Feb-2001,NaN,NaN
21-Feb-2001,NaN,NaN
22-Feb-2001,NaN,NaN
23-Feb-2001,NaN,NaN
26-Feb-2001,NaN,NaN
27-Feb-2001,NaN,NaN
28-Feb-2001,NaN,NaN
01-Mar-2001,NaN,NaN
02-Mar-2001,NaN,NaN
05-Mar-2001,NaN,NaN
06-Mar-2001,NaN,NaN
07-Mar-2001,NaN,NaN
08-Mar-2001,NaN,NaN
09-Mar-2001,NaN,NaN
12-Mar-2001,NaN,NaN
13-Mar-2001,NaN,NaN
14-Mar-2001,NaN,NaN
15-Mar-2001,NaN,NaN
16-Mar-2001,NaN,NaN
19-Mar-2001,NaN,NaN
20-Mar-2001,NaN,NaN
21-Mar-2001,NaN,NaN
22-Mar-2001,NaN,NaN
23-Mar-2001,NaN,NaN
26-Mar-2001,NaN,NaN
27-Mar-2001,NaN,NaN
28-Mar-2001,NaN,NaN
29-Mar-2001,NaN,NaN
30-Mar-2001,NaN,NaN
02-Apr-2001,NaN,NaN
03-Apr-2001,NaN,NaN
04-Apr-2001,NaN,NaN
05-Apr-2001,NaN,NaN
06-Apr-2001,NaN,NaN
09-Apr-2001,NaN,NaN
10-Apr-2001,NaN,NaN
11-Apr-2001,NaN,NaN
12-Apr-2001,NaN,NaN
13-Apr-2001,NaN,NaN
16-Apr-2001,NaN,NaN
17-Apr-2001,NaN,NaN
18-Apr-2001,NaN,NaN
19-Apr-2001,NaN,NaN
20-Apr-2001,NaN,NaN
23-Apr-2001,NaN,NaN
24-Apr-2001,NaN,NaN
25-Apr-2001,NaN,NaN
26-Apr-2001,NaN,NaN
27-Apr-2001,NaN,NaN
30-Apr-2001,NaN,NaN
01-May-2001,NaN,NaN
02-May-2001,NaN,NaN
03-May-2001,NaN,NaN
04-May-2001,NaN,NaN
07-May-2001,NaN,NaN
08-May-2001,NaN,NaN
09-May-2001,NaN,NaN
10-May-2001,NaN,NaN
11-May-2001,NaN,NaN
14-May-2001,NaN,NaN
15-May-2001,NaN,NaN
16-May-2001,NaN,NaN
17-May-2001,NaN,NaN
18-May-2001,NaN,NaN
21-May-2001,NaN,NaN
22-May-2001,NaN,NaN
23-May-2001,NaN,NaN
24-May-2001,NaN,NaN
25-May-2001,NaN,NaN
28-May-2001,NaN,NaN
29-May-2001,NaN,NaN
30-May-2001,NaN,NaN
31-May-2001,NaN,NaN
01-Jun-2001,NaN,NaN
04-Jun-2001,NaN,NaN
05-Jun-2001,NaN,NaN
06-Jun-2001,NaN,NaN
07-Jun-2001,NaN,NaN
08-Jun-2001,NaN,NaN
11-Jun-2001,NaN,NaN
12-Jun-2001,NaN,NaN
13-Jun-2001,NaN,NaN
14-Jun-2001,NaN,NaN
15-Jun-2001,NaN,NaN
18-Jun-2001,NaN,NaN
19-Jun-2001,NaN,NaN
20-Jun-2001,NaN,NaN
21-Jun-2001,NaN,NaN
22-Jun-2001,NaN,NaN
25-Jun-2001,NaN,NaN
26-Jun-2001,NaN,NaN
27-Jun-2001,NaN,NaN
28-Jun-2001,NaN,NaN
29-Jun-2001,NaN,NaN
02-Jul-2001,NaN,NaN
03-Jul-2001,NaN,NaN
04-Jul-2001,NaN,NaN
05-Jul-2001,NaN,NaN
06-Jul-2001,NaN,NaN
09-Jul-2001,NaN,NaN
10-Jul-2001,NaN,NaN
11-Jul-2001,NaN,NaN
12-Jul-2001,NaN,NaN
13-Jul-2001,NaN,NaN
16-Jul-2001,NaN,NaN
17-Jul-2001,NaN,NaN
18-Jul-2001,NaN,NaN
19-Jul-2001,NaN,NaN
20-Jul-2001,NaN,NaN
23-Jul-2001,NaN,NaN
24-Jul-2001,NaN,NaN
25-Jul-2001,NaN,NaN
26-Jul-2001,NaN,NaN
27-Jul-2001,NaN,NaN
30-Jul-2001,NaN,NaN
31-Jul-2001,NaN,NaN
01-Aug-2001,NaN,NaN
02-Aug-2001,NaN,NaN
03-Aug-2001,NaN,NaN
06-Aug-2001,NaN,NaN
07-Aug-2001,NaN,NaN
08-Aug-2001,NaN,NaN
09-Aug-2001,NaN,NaN
10-Aug-2001,NaN,NaN
13-Aug-2001,NaN,NaN
14-Aug-2001,NaN,NaN
15-Aug-2001,NaN,NaN
16-Aug-2001,NaN,NaN
17-Aug-2001,NaN,NaN
20-Aug-2001,NaN,NaN
21-Aug-2001,NaN,NaN
22-Aug-2001,NaN,NaN
23-Aug-2001,NaN,NaN
24-Aug-2001,NaN,NaN
27-Aug-2001,NaN,NaN
28-Aug-2001,NaN,NaN
29-Aug-2001,NaN,NaN
30-Aug-2001,NaN,NaN
31-Aug-2001,NaN,NaN
03-Sep-2001,NaN,NaN
04-Sep-2001,NaN,NaN
05-Sep-2001,NaN,NaN
06-Sep-2001,NaN,NaN
07-Sep-2001,NaN,NaN
10-Sep-2001,NaN,NaN
11-Sep-2001,NaN,NaN
12-Sep-2001,NaN,NaN
13-Sep-2001,NaN,NaN
14-Sep-2001,NaN,NaN
17-Sep-2001,NaN,NaN
18-Sep-2001,NaN,NaN
19-Sep-2001,NaN,NaN
20-Sep-2001,NaN,NaN
21-Sep-2001,NaN,NaN
24-Sep-2001,NaN,NaN
25-Sep-2001,NaN,NaN
26-Sep-2001,NaN,NaN
27-Sep-2001,NaN,NaN
28-Sep-2001,NaN,NaN
01-Oct-2001,NaN,NaN
02-Oct-2001,NaN,NaN
03-Oct-2001,NaN,NaN
04-Oct-2001,NaN,NaN
05-Oct-2001,NaN,NaN
08-Oct-2001,NaN,NaN
09-Oct-2001,NaN,NaN
10-Oct-2001,NaN,NaN
11-Oct-2001,NaN,NaN
12-Oct-2001,NaN,NaN
15-Oct-2001,NaN,NaN
16-Oct-2001,NaN,NaN
17-Oct-2001,NaN,NaN
18-Oct-2001,NaN,NaN
19-Oct-2001,NaN,NaN
22-Oct-2001,NaN,NaN
23-Oct-2001,NaN,NaN
24-Oct-2001,NaN,NaN
25-Oct-2001,NaN,NaN
26-Oct-2001,NaN,NaN
29-Oct-2001,NaN,NaN
30-Oct-2001,NaN,NaN
31-Oct-2001,NaN,NaN
01-Nov-2001,NaN,NaN
02-Nov-2001,NaN,NaN
05-Nov-2001,NaN,NaN
06-Nov-2001,NaN,NaN
07-Nov-2001,NaN,NaN
08-Nov-2001,NaN,NaN
09-Nov-2001,NaN,NaN
12-Nov-2001,NaN,NaN
13-Nov-2001,NaN,NaN
14-Nov-2001,NaN,NaN
15-Nov-2001,NaN,NaN
16-Nov-2001,NaN,NaN
19-Nov-2001,NaN,NaN
20-Nov-2001,NaN,NaN
21-Nov-2001,NaN,NaN
22-Nov-2001,NaN,NaN
23-Nov-2001,NaN,NaN
26-Nov-2001,NaN,NaN
27-Nov-2001,NaN,NaN
28-Nov-2001,NaN,NaN
29-Nov-2001,NaN,NaN
30-Nov-2001,NaN,NaN
03-Dec-2001,NaN,NaN
04-Dec-2001,NaN,NaN
05-Dec-2001,NaN,NaN
06-Dec-2001,NaN,NaN
07-Dec-2001,NaN,NaN
10-Dec-2001,NaN,NaN
11-Dec-2001,NaN,NaN
12-Dec-2001,NaN,NaN
13-Dec-2001,NaN,NaN
14-Dec-2001,NaN,NaN
17-Dec-2001,NaN,NaN
18-Dec-2001,NaN,NaN
19-Dec-2001,NaN,NaN
20-Dec-2001,NaN,NaN
21-Dec-2001,NaN,NaN
24-Dec-2001,NaN,NaN
25-Dec-2001,NaN,NaN
26-Dec-2001,NaN,NaN
27-Dec-2001,NaN,NaN
28-Dec-2001,NaN,NaN
31-Dec-2001,NaN,NaN
01-Jan-2002,NaN,NaN
02-Jan-2002,NaN,NaN
03-Jan-2002,NaN,NaN
04-Jan-2002,NaN,NaN
07-Jan-2002,NaN,NaN
08-Jan-2002,NaN,NaN
09-Jan-2002,NaN,NaN
10-Jan-2002,NaN,NaN
11-Jan-2002,NaN,NaN
14-Jan-2002,NaN,NaN
15-Jan-2002,NaN,NaN
16-Jan-2002,NaN,NaN
17-Jan-2002,NaN,NaN
18-Jan-2002,NaN,NaN
21-Jan-2002,NaN,NaN
22-Jan-2002,NaN,NaN
23-Jan-2002,NaN,NaN
24-Jan-2002,NaN,NaN
25-Jan-2002,NaN,NaN
28-Jan-2002,NaN,NaN
29-Jan-2002,NaN,NaN
30-Jan-2002,NaN,NaN
31-Jan-2002,NaN,NaN
01-Feb-2002,NaN,NaN
04-Feb-2002,NaN,NaN
05-Feb-2002,NaN,NaN
06-Feb-2002,NaN,NaN
07-Feb-2002,NaN,NaN
08-Feb-2002,NaN,NaN
11-Feb-2002,NaN,NaN
12-Feb-2002,NaN,NaN
13-Feb-2002,NaN,NaN
14-Feb-2002,NaN,NaN
15-Feb-2002,NaN,NaN
18-Feb-2002,NaN,NaN
19-Feb-2002,NaN,NaN
20-Feb-2002,NaN,NaN
21-Feb-2002,NaN,NaN
22-Feb-2002,NaN,NaN
25-Feb-2002,NaN,NaN
26-Feb-2002,NaN,NaN
27-Feb-2002,NaN,NaN
28-Feb-2002,NaN,NaN
01-Mar-2002,NaN,NaN
04-Mar-2002,NaN,NaN
05-Mar-2002,NaN,NaN
06-Mar-2002,NaN,NaN
07-Mar-2002,NaN,NaN
08-Mar-2002,NaN,NaN
11-Mar-2002,NaN,NaN
12-Mar-2002,NaN,NaN
13-Mar-2002,NaN,NaN
14-Mar-2002,NaN,NaN
15-Mar-2002,NaN,NaN
18-Mar-2002,NaN,NaN
19-Mar-2002,NaN,NaN
20-Mar-2002,NaN,NaN
21-Mar-2002,NaN,NaN
22-Mar-2002,NaN,NaN
25-Mar-2002,NaN,NaN
26-Mar-2002,NaN,NaN
27-Mar-2002,NaN,NaN
28-Mar-2002,NaN,NaN
29-Mar-2002,NaN,NaN
01-Apr-2002,NaN,NaN
02-Apr-2002,NaN,NaN
03-Apr-2002,NaN,NaN
04-Apr-2002,NaN,NaN
05-Apr-2002,NaN,NaN
08-Apr-2002,NaN,NaN
09-Apr-2002,NaN,NaN
10-Apr-2002,NaN,NaN
11-Apr-2002,NaN,NaN
12-Apr-2002,NaN,NaN
15-Apr-2002,NaN,NaN
16-Apr-2002,NaN,NaN
17-Apr-2002,NaN,NaN
18-Apr-2002,NaN,NaN
19-Apr-2002,NaN,NaN
22-Apr-2002,NaN,NaN
23-Apr-2002,NaN,NaN
24-Apr-2002,NaN,NaN
25-Apr-2002,NaN,NaN
26-Apr-2002,NaN,NaN
29-Apr-2002,NaN,NaN
30-Apr-2002,NaN,NaN
01-May-2002,NaN,NaN
02-May-2002,NaN,NaN
03-May-2002,NaN,NaN
06-May-2002,NaN,NaN
07-May-2002,NaN,NaN
08-May-2002,NaN,NaN
09-May-2002,NaN,NaN
10-May-2002,NaN,NaN
13-May-2002,NaN,NaN
14-May-2002,NaN,NaN
15-May-2002,NaN,NaN
16-May-2002,NaN,NaN
17-May-2002,NaN,NaN
20-May-2002,NaN,NaN
21-May-2002,NaN,NaN
22-May-2002,NaN,NaN
23-May-2002,NaN,NaN
24-May-2002,NaN,NaN
27-May-2002,NaN,NaN
28-May-2002,NaN,NaN
29-May-2002,NaN,NaN
30-May-2002,NaN,NaN
31-May-2002,NaN,NaN
03-Jun-2002,NaN,NaN
04-Jun-2002,NaN,NaN
05-Jun-2002,NaN,NaN
06-Jun-2002,NaN,NaN
07-Jun-2002,NaN,NaN
10-Jun-2002,NaN,NaN
11-Jun-2002,NaN,NaN
12-Jun-2002,NaN,NaN
13-Jun-2002,NaN,NaN
14-Jun-2002,NaN,NaN
17-Jun-2002,NaN,NaN
18-Jun-2002,NaN,NaN
19-Jun-2002,NaN,NaN
20-Jun-2002,NaN,NaN
21-Jun-2002,NaN,NaN
24-Jun-2002,NaN,NaN
25-Jun-2002,NaN,NaN
26-Jun-2002,NaN,NaN
27-Jun-2002,NaN,NaN
28-Jun-2002,NaN,NaN
01-Jul-2002,NaN,NaN
02-Jul-2002,NaN,NaN
03-Jul-2002,NaN,NaN
04-Jul-2002,NaN,NaN
05-Jul-2002,NaN,NaN
08-Jul-2002,NaN,NaN
09-Jul-2002,NaN,NaN
10-Jul-2002,NaN,NaN
11-Jul-2002,NaN,NaN
12-Jul-2002,NaN,NaN
15-Jul-2002,NaN,NaN
16-Jul-2002,NaN,NaN
17-Jul-2002,NaN,NaN
18-Jul-2002,NaN,NaN
19-Jul-2002,NaN,NaN
22-Jul-2002,NaN,NaN
23-Jul-2002,NaN,NaN
24-Jul-2002,NaN,NaN
25-Jul-2002,NaN,NaN
26-Jul-2002,NaN,NaN
29-Jul-2002,NaN,NaN
30-Jul-2002,NaN,NaN
31-Jul-2002,NaN,NaN
01-Aug-2002,NaN,NaN
02-Aug-2002,NaN,NaN
05-Aug-2002,NaN,NaN
06-Aug-2002,NaN,NaN
07-Aug-2002,NaN,NaN
08-Aug-2002,NaN,NaN
09-Aug-2002,NaN,NaN
12-Aug-2002,NaN,NaN
13-Aug-2002,NaN,NaN
14-Aug-2002,NaN,NaN
15-Aug-2002,NaN,NaN
16-Aug-2002,NaN,NaN
19-Aug-2002,NaN,NaN
20-Aug-2002,NaN,NaN
21-Aug-2002,NaN,NaN
22-Aug-2002,NaN,NaN
23-Aug-2002,NaN,NaN
26-Aug-2002,NaN,NaN
27-Aug-2002,NaN,NaN
28-Aug-2002,NaN,NaN
29-Aug-2002,NaN,NaN
30-Aug-2002,NaN,NaN
02-Sep-2002,NaN,NaN
03-Sep-2002,NaN,NaN
04-Sep-2002,NaN,NaN
05-Sep-2002,NaN,NaN
06-Sep-2002,NaN,NaN
09-Sep-2002,NaN,NaN
10-Sep-2002,NaN,NaN
11-Sep-2002,NaN,NaN
12-Sep-2002,NaN,NaN
13-Sep-2002,NaN,NaN
16-Sep-2002,NaN,NaN
17-Sep-2002,NaN,NaN
18-Sep-2002,NaN,NaN
19-Sep-2002,NaN,NaN
20-Sep-2002,NaN,NaN
23-Sep-2002,NaN,NaN
24-Sep-2002,NaN,NaN
25-Sep-2002,NaN,NaN
26-Sep-2002,NaN,NaN
27-Sep-2002,NaN,NaN
30-Sep-2002,NaN,NaN
01-Oct-2002,NaN,NaN
02-Oct-2002,NaN,NaN
03-Oct-2002,NaN,NaN
04-Oct-2002,NaN,NaN
07-Oct-2002,NaN,NaN
08-Oct-2002,NaN,NaN
09-Oct-2002,NaN,NaN
10-Oct-2002,NaN,NaN
11-Oct-2002,NaN,NaN
14-Oct-2002,NaN,NaN
15-Oct-2002,NaN,NaN
16-Oct-2002,NaN,NaN
17-Oct-2002,NaN,NaN
18-Oct-2002,NaN,NaN
21-Oct-2002,NaN,NaN
22-Oct-2002,NaN,NaN
23-Oct-2002,NaN,NaN
24-Oct-2002,NaN,NaN
25-Oct-2002,NaN,NaN
28-Oct-2002,NaN,NaN
29-Oct-2002,NaN,NaN
30-Oct-2002,NaN,NaN
31-Oct-2002,NaN,NaN
01-Nov-2002,NaN,NaN
04-Nov-2002,NaN,NaN
05-Nov-2002,NaN,NaN
06-Nov-2002,NaN,NaN
07-Nov-2002,NaN,NaN
08-Nov-2002,NaN,NaN
11-Nov-2002,NaN,NaN
12-Nov-2002,NaN,NaN
13-Nov-2002,NaN,NaN
14-Nov-2002,NaN,NaN
15-Nov-2002,NaN,NaN
18-Nov-2002,NaN,NaN
19-Nov-2002,NaN,NaN
20-Nov-2002,NaN,NaN
21-Nov-2002,NaN,NaN
22-Nov-2002,NaN,NaN
25-Nov-2002,NaN,NaN
26-Nov-2002,NaN,NaN
27-Nov-2002,NaN,NaN
28-Nov-2002,NaN,NaN
29-Nov-2002,NaN,NaN
02-Dec-2002,NaN,NaN
03-Dec-2002,NaN,NaN
04-Dec-2002,NaN,NaN
05-Dec-2002,NaN,NaN
06-Dec-2002,NaN,NaN
09-Dec-2002,NaN,NaN
10-Dec-2002,NaN,NaN
11-Dec-2002,NaN,NaN
12-Dec-2002,NaN,NaN
13-Dec-2002,NaN,NaN
16-Dec-2002,NaN,NaN
17-Dec-2002,NaN,NaN
18-Dec-2002,NaN,NaN
19-Dec-2002,NaN,NaN
20-Dec-2002,NaN,NaN
23-Dec-2002,NaN,NaN
24-Dec-2002,NaN,NaN
25-Dec-2002,NaN,NaN
26-Dec-2002,NaN,NaN
27-Dec-2002,NaN,NaN
30-Dec-2002,NaN,NaN
31-Dec-2002,NaN,NaN
01-Jan-2003,NaN,NaN
02-Jan-2003,NaN,NaN
03-Jan-2003,NaN,NaN
06-Jan-2003,NaN,NaN
07-Jan-2003,NaN,NaN
08-Jan-2003,NaN,NaN
09-Jan-2003,NaN,NaN
10-Jan-2003,NaN,NaN
13-Jan-2003,NaN,NaN
14-Jan-2003,NaN,NaN
15-Jan-2003,NaN,NaN
16-Jan-2003,NaN,NaN
17-Jan-2003,NaN,NaN
20-Jan-2003,NaN,NaN
21-Jan-2003,NaN,NaN
22-Jan-2003,NaN,NaN
23-Jan-2003,NaN,NaN
24-Jan-2003,NaN,NaN
27-Jan-2003,NaN,NaN
28-Jan-2003,NaN,NaN
29-Jan-2003,NaN,NaN
30-Jan-2003,NaN,NaN
31-Jan-2003,NaN,NaN
03-Feb-2003,NaN,NaN
04-Feb-2003,NaN,NaN
05-Feb-2003,NaN,NaN
06-Feb-2003,NaN,NaN
07-Feb-2003,NaN,NaN
10-Feb-2003,NaN,NaN
11-Feb-2003,NaN,NaN
12-Feb-2003,NaN,NaN
13-Feb-2003,NaN,NaN
14-Feb-2003,NaN,NaN
17-Feb-2003,NaN,NaN
18-Feb-2003,NaN,NaN
19-Feb-2003,NaN,NaN
20-Feb-2003,NaN,NaN
21-Feb-2003,NaN,NaN
24-Feb-2003,NaN,NaN
25-Feb-2003,NaN,NaN
26-Feb-2003,NaN,NaN
27-Feb-2003,NaN,NaN
28-Feb-2003,NaN,NaN
03-Mar-2003,NaN,NaN
04-Mar-2003,NaN,NaN
05-Mar-2003,NaN,NaN
06-Mar-2003,NaN,NaN
07-Mar-2003,NaN,NaN
10-Mar-2003,NaN,NaN
11-Mar-2003,NaN,NaN
12-Mar-2003,NaN,NaN
13-Mar-2003,NaN,NaN
14-Mar-2003,NaN,NaN
17-Mar-2003,NaN,NaN
18-Mar-2003,NaN,NaN
19-Mar-2003,NaN,NaN
20-Mar-2003,NaN,NaN
21-Mar-2003,NaN,NaN
24-Mar-2003,NaN,NaN
25-Mar-2003,NaN,NaN
26-Mar-2003,NaN,NaN
27-Mar-2003,NaN,NaN
28-Mar-2003,NaN,NaN
31-Mar-2003,NaN,NaN
01-Apr-2003,NaN,NaN
02-Apr-2003,NaN,NaN
03-Apr-2003,NaN,NaN
04-Apr-2003,NaN,NaN
07-Apr-2003,NaN,NaN
08-Apr-2003,NaN,NaN
09-Apr-2003,NaN,NaN
10-Apr-2003,NaN,NaN
11-Apr-2003,NaN,NaN
14-Apr-2003,NaN,NaN
15-Apr-2003,NaN,NaN
16-Apr-2003,NaN,NaN
17-Apr-2003,NaN,NaN
18-Apr-2003,NaN,NaN
21-Apr-2003,NaN,NaN
22-Apr-2003,NaN,NaN
23-Apr-2003,NaN,NaN
24-Apr-2003,NaN,NaN
25-Apr-2003,NaN,NaN
28-Apr-2003,NaN,NaN
29-Apr-2003,NaN,NaN
30-Apr-2003,NaN,NaN
01-May-2003,NaN,NaN
02-May-2003,NaN,NaN
05-May-2003,NaN,NaN
06-May-2003,NaN,NaN
07-May-2003,NaN,NaN
08-May-2003,NaN,NaN
09-May-2003,NaN,NaN
12-May-2003,NaN,NaN
13-May-2003,NaN,NaN
14-May-2003,NaN,NaN
15-May-2003,NaN,NaN
16-May-2003,NaN,NaN
19-May-2003,NaN,NaN
20-May-2003,NaN,NaN
21-May-2003,NaN,NaN
22-May-2003,NaN,NaN
23-May-2003,NaN,NaN
26-May-2003,NaN,NaN
27-May-2003,NaN,NaN
28-May-2003,NaN,NaN
29-May-2003,NaN,NaN
30-May-2003,NaN,NaN
02-Jun-2003,NaN,NaN
03-Jun-2003,NaN,NaN
04-Jun-2003,NaN,NaN
05-Jun-2003,NaN,NaN
06-Jun-2003,NaN,NaN
09-Jun-2003,NaN,NaN
10-Jun-2003,NaN,NaN
11-Jun-2003,NaN,NaN
12-Jun-2003,NaN,NaN
13-Jun-2003,NaN,NaN
16-Jun-2003,NaN,NaN
17-Jun-2003,NaN,NaN
18-Jun-2003,NaN,NaN
19-Jun-2003,NaN,NaN
20-Jun-2003,NaN,NaN
23-Jun-2003,NaN,NaN
24-Jun-2003,NaN,NaN
25-Jun-2003,NaN,NaN
26-Jun-2003,NaN,NaN
27-Jun-2003,NaN,NaN
30-Jun-2003,NaN,NaN
01-Jul-2003,NaN,NaN
02-Jul-2003,NaN,NaN
03-Jul-2003,NaN,NaN
04-Jul-2003,NaN,NaN
07-Jul-2003,NaN,NaN
08-Jul-2003,NaN,NaN
09-Jul-2003,NaN,NaN
10-Jul-2003,NaN,NaN
11-Jul-2003,NaN,NaN
14-Jul-2003,NaN,NaN
15-Jul-2003,NaN,NaN
16-Jul-2003,NaN,NaN
17-Jul-2003,NaN,NaN
18-Jul-2003,NaN,NaN
21-Jul-2003,NaN,NaN
22-Jul-2003,NaN,NaN
23-Jul-2003,NaN,NaN
24-Jul-2003,NaN,NaN
25-Jul-2003,NaN,NaN
28-Jul-2003,NaN,NaN
29-Jul-2003,NaN,NaN
30-Jul-2003,NaN,NaN
31-Jul-2003,NaN,NaN
01-Aug-2003,NaN,NaN
04-Aug-2003,NaN,NaN
05-Aug-2003,NaN,NaN
06-Aug-2003,NaN,NaN
07-Aug-2003,NaN,NaN
08-Aug-2003,NaN,NaN
11-Aug-2003,NaN,NaN
12-Aug-2003,NaN,NaN
13-Aug-2003,NaN,NaN
14-Aug-2003,NaN,NaN
15-Aug-2003,NaN,NaN
18-Aug-2003,NaN,NaN
19-Aug-2003,NaN,NaN
20-Aug-2003,NaN,NaN
21-Aug-2003,NaN,NaN
22-Aug-2003,NaN,NaN
25-Aug-2003,NaN,NaN
26-Aug-2003,NaN,NaN
27-Aug-2003,NaN,NaN
28-Aug-2003,NaN,NaN
29-Aug-2003,NaN,NaN
01-Sep-2003,NaN,NaN
02-Sep-2003,NaN,NaN
03-Sep-2003,NaN,NaN
04-Sep-2003,NaN,NaN
05-Sep-2003,NaN,NaN
08-Sep-2003,NaN,NaN
09-Sep-2003,NaN,NaN
10-Sep-2003,NaN,NaN
11-Sep-2003,NaN,NaN
12-Sep-2003,NaN,NaN
15-Sep-2003,NaN,NaN
16-Sep-2003,NaN,NaN
17-Sep-2003,NaN,NaN
18-Sep-2003,NaN,NaN
19-Sep-2003,NaN,NaN
22-Sep-2003,NaN,NaN
23-Sep-2003,NaN,NaN
24-Sep-2003,NaN,NaN
25-Sep-2003,NaN,NaN
26-Sep-2003,NaN,NaN
29-Sep-2003,NaN,NaN
30-Sep-2003,NaN,NaN
01-Oct-2003,NaN,NaN
02-Oct-2003,NaN,NaN
03-Oct-2003,NaN,NaN
06-Oct-2003,NaN,NaN
07-Oct-2003,NaN,NaN
08-Oct-2003,NaN,NaN
09-Oct-2003,NaN,NaN
10-Oct-2003,NaN,NaN
13-Oct-2003,NaN,NaN
14-Oct-2003,NaN,NaN
15-Oct-2003,NaN,NaN
16-Oct-2003,NaN,NaN
17-Oct-2003,NaN,NaN
20-Oct-2003,NaN,NaN
21-Oct-2003,NaN,NaN
22-Oct-2003,NaN,NaN
23-Oct-2003,NaN,NaN
24-Oct-2003,NaN,NaN
27-Oct-2003,NaN,NaN
28-Oct-2003,NaN,NaN
29-Oct-2003,NaN,NaN
30-Oct-2003,NaN,NaN
31-Oct-2003,NaN,NaN
03-Nov-2003,NaN,NaN
04-Nov-2003,NaN,NaN
05-Nov-2003,NaN,NaN
06-Nov-2003,NaN,NaN
07-Nov-2003,NaN,NaN
10-Nov-2003,NaN,NaN
11-Nov-2003,NaN,NaN
12-Nov-2003,NaN,NaN
13-Nov-2003,NaN,NaN
14-Nov-2003,NaN,NaN
17-Nov-2003,NaN,NaN
18-Nov-2003,NaN,NaN
19-Nov-2003,NaN,NaN
20-Nov-2003,NaN,NaN
21-Nov-2003,NaN,NaN
24-Nov-2003,NaN,NaN
25-Nov-2003,NaN,NaN
26-Nov-2003,NaN,NaN
27-Nov-2003,NaN,NaN
28-Nov-2003,NaN,NaN
01-Dec-2003,NaN,NaN
02-Dec-2003,NaN,NaN
03-Dec-2003,NaN,NaN
04-Dec-2003,NaN,NaN
05-Dec-2003,NaN,NaN
08-Dec-2003,NaN,NaN
09-Dec-2003,NaN,NaN
10-Dec-2003,NaN,NaN
11-Dec-2003,NaN,NaN
12-Dec-2003,NaN,NaN
15-Dec-2003,NaN,NaN
16-Dec-2003,NaN,NaN
17-Dec-2003,NaN,NaN
18-Dec-2003,NaN,NaN
19-Dec-2003,NaN,NaN
22-Dec-2003,NaN,NaN
23-Dec-2003,NaN,NaN
24-Dec-2003,NaN,NaN
25-Dec-2003,NaN,NaN
26-Dec-2003,NaN,NaN
29-Dec-2003,NaN,NaN
30-Dec-2003,NaN,NaN
31-Dec-2003,NaN,NaN
01-Jan-2004,NaN,NaN
02-Jan-2004,NaN,NaN
05-Jan-2004,NaN,NaN
06-Jan-2004,NaN,NaN
07-Jan-2004,NaN,NaN
08-Jan-2004,NaN,NaN
09-Jan-2004,NaN,NaN
12-Jan-2004,NaN,NaN
13-Jan-2004,NaN,NaN
14-Jan-2004,NaN,NaN
15-Jan-2004,NaN,NaN
16-Jan-2004,NaN,NaN
19-Jan-2004,NaN,NaN
20-Jan-2004,NaN,NaN
21-Jan-2004,NaN,NaN
22-Jan-2004,NaN,NaN
23-Jan-2004,NaN,NaN
26-Jan-2004,NaN,NaN
27-Jan-2004,NaN,NaN
28-Jan-2004,NaN,NaN
29-Jan-2004,NaN,NaN
30-Jan-2004,NaN,NaN
02-Feb-2004,NaN,NaN
03-Feb-2004,NaN,NaN
04-Feb-2004,NaN,NaN
05-Feb-2004,NaN,NaN
06-Feb-2004,NaN,NaN
09-Feb-2004,NaN,NaN
10-Feb-2004,NaN,NaN
11-Feb-2004,NaN,NaN
12-Feb-2004,NaN,NaN
13-Feb-2004,NaN,NaN
16-Feb-2004,NaN,NaN
17-Feb-2004,NaN,NaN
18-Feb-2004,NaN,NaN
19-Feb-2004,NaN,NaN
20-Feb-2004,NaN,NaN
23-Feb-2004,NaN,NaN
24-Feb-2004,NaN,NaN
25-Feb-2004,NaN,NaN
26-Feb-2004,NaN,NaN
27-Feb-2004,NaN,NaN
01-Mar-2004,NaN,NaN
02-Mar-2004,NaN,NaN
03-Mar-2004,NaN,NaN
04-Mar-2004,NaN,NaN
05-Mar-2004,NaN,NaN
08-Mar-2004,NaN,NaN
09-Mar-2004,NaN,NaN
10-Mar-2004,NaN,NaN
11-Mar-2004,NaN,NaN
12-Mar-2004,NaN,NaN
15-Mar-2004,NaN,NaN
16-Mar-2004,NaN,NaN
17-Mar-2004,NaN,NaN
18-Mar-2004,NaN,NaN
19-Mar-2004,NaN,NaN
22-Mar-2004,NaN,NaN
23-Mar-2004,NaN,NaN
24-Mar-2004,NaN,NaN
25-Mar-2004,NaN,NaN
26-Mar-2004,NaN,NaN
29-Mar-2004,NaN,NaN
30-Mar-2004,NaN,NaN
31-Mar-2004,NaN,NaN
01-Apr-2004,NaN,NaN
02-Apr-2004,NaN,NaN
05-Apr-2004,NaN,NaN
06-Apr-2004,NaN,NaN
07-Apr-2004,NaN,NaN
08-Apr-2004,NaN,NaN
09-Apr-2004,NaN,NaN
12-Apr-2004,NaN,NaN
13-Apr-2004,NaN,NaN
14-Apr-2004,NaN,NaN
15-Apr-2004,NaN,NaN
16-Apr-2004,NaN,NaN
19-Apr-2004,NaN,NaN
20-Apr-2004,NaN,NaN
21-Apr-2004,NaN,NaN
22-Apr-2004,NaN,NaN
23-Apr-2004,NaN,NaN
26-Apr-2004,NaN,NaN
27-Apr-2004,NaN,NaN
28-Apr-2004,NaN,NaN
29-Apr-2004,NaN,NaN
30-Apr-2004,NaN,NaN
03-May-2004,NaN,NaN
04-May-2004,NaN,NaN
05-May-2004,NaN,NaN
06-May-2004,NaN,NaN
07-May-2004,NaN,NaN
10-May-2004,NaN,NaN
11-May-2004,NaN,NaN
12-May-2004,NaN,NaN
13-May-2004,NaN,NaN
14-May-2004,NaN,NaN
17-May-2004,NaN,NaN
18-May-2004,NaN,NaN
19-May-2004,NaN,NaN
20-May-2004,NaN,NaN
21-May-2004,NaN,NaN
24-May-2004,NaN,NaN
25-May-2004,NaN,NaN
26-May-2004,NaN,NaN
27-May-2004,NaN,NaN
28-May-2004,NaN,NaN
31-May-2004,NaN,NaN
01-Jun-2004,NaN,NaN
02-Jun-2004,NaN,NaN
03-Jun-2004,NaN,NaN
04-Jun-2004,NaN,NaN
07-Jun-2004,NaN,NaN
08-Jun-2004,NaN,NaN
09-Jun-2004,NaN,NaN
10-Jun-2004,NaN,NaN
11-Jun-2004,NaN,NaN
14-Jun-2004,NaN,NaN
15-Jun-2004,NaN,NaN
16-Jun-2004,NaN,NaN
17-Jun-2004,NaN,NaN
18-Jun-2004,NaN,NaN
21-Jun-2004,NaN,NaN
22-Jun-2004,NaN,NaN
23-Jun-2004,NaN,NaN
24-Jun-2004,NaN,NaN
25-Jun-2004,NaN,NaN
28-Jun-2004,NaN,NaN
29-Jun-2004,NaN,NaN
30-Jun-2004,NaN,NaN
01-Jul-2004,NaN,NaN
02-Jul-2004,NaN,NaN
05-Jul-2004,NaN,NaN
06-Jul-2004,NaN,NaN
07-Jul-2004,NaN,NaN
08-Jul-2004,NaN,NaN
09-Jul-2004,NaN,NaN
12-Jul-2004,NaN,NaN
13-Jul-2004,NaN,NaN
14-Jul-2004,NaN,NaN
15-Jul-2004,NaN,NaN
16-Jul-2004,NaN,NaN
19-Jul-2004,NaN,NaN
20-Jul-2004,NaN,NaN
21-Jul-2004,NaN,NaN
22-Jul-2004,NaN,NaN
23-Jul-2004,NaN,NaN
26-Jul-2004,NaN,NaN
27-Jul-2004,NaN,NaN
28-Jul-2004,NaN,NaN
29-Jul-2004,NaN,NaN
30-Jul-2004,NaN,NaN
02-Aug-2004,NaN,NaN
03-Aug-2004,NaN,NaN
04-Aug-2004,NaN,NaN
05-Aug-2004,NaN,NaN
06-Aug-2004,NaN,NaN
09-Aug-2004,NaN,NaN
10-Aug-2004,NaN,NaN
11-Aug-2004,NaN,NaN
12-Aug-2004,NaN,NaN
13-Aug-2004,NaN,NaN
16-Aug-2004,NaN,NaN
17-Aug-2004,NaN,NaN
18-Aug-2004,NaN,NaN
19-Aug-2004,NaN,NaN
20-Aug-2004,NaN,NaN
23-Aug-2004,NaN,NaN
24-Aug-2004,NaN,NaN
25-Aug-2004,NaN,NaN
26-Aug-2004,NaN,NaN
27-Aug-2004,NaN,NaN
30-Aug-2004,NaN,NaN
31-Aug-2004,NaN,NaN
01-Sep-2004,NaN,NaN
02-Sep-2004,NaN,NaN
03-Sep-2004,NaN,NaN
06-Sep-2004,NaN,NaN
07-Sep-2004,NaN,NaN
08-Sep-2004,NaN,NaN
09-Sep-2004,NaN,NaN
10-Sep-2004,NaN,NaN
13-Sep-2004,NaN,NaN
14-Sep-2004,NaN,NaN
15-Sep-2004,NaN,NaN
16-Sep-2004,NaN,NaN
17-Sep-2004,NaN,NaN
20-Sep-2004,NaN,NaN
21-Sep-2004,NaN,NaN
22-Sep-2004,NaN,NaN
23-Sep-2004,NaN,NaN
24-Sep-2004,NaN,NaN
27-Sep-2004,NaN,NaN
28-Sep-2004,NaN,NaN
29-Sep-2004,NaN,NaN
30-Sep-2004,NaN,NaN
01-Oct-2004,NaN,NaN
04-Oct-2004,NaN,NaN
05-Oct-2004,NaN,NaN
06-Oct-2004,NaN,NaN
07-Oct-2004,NaN,NaN
08-Oct-2004,NaN,NaN
11-Oct-2004,NaN,NaN
12-Oct-2004,NaN,NaN
13-Oct-2004,NaN,NaN
14-Oct-2004,NaN,NaN
15-Oct-2004,NaN,NaN
18-Oct-2004,NaN,NaN
19-Oct-2004,NaN,NaN
20-Oct-2004,NaN,NaN
21-Oct-2004,NaN,NaN
22-Oct-2004,NaN,NaN
25-Oct-2004,NaN,NaN
26-Oct-2004,NaN,NaN
27-Oct-2004,NaN,NaN
28-Oct-2004,NaN,NaN
29-Oct-2004,NaN,NaN
01-Nov-2004,NaN,NaN
02-Nov-2004,NaN,NaN
03-Nov-2004,NaN,NaN
04-Nov-2004,NaN,NaN
05-Nov-2004,NaN,NaN
08-Nov-2004,NaN,NaN
09-Nov-2004,NaN,NaN
10-Nov-2004,NaN,NaN
11-Nov-2004,NaN,NaN
12-Nov-2004,NaN,NaN
15-Nov-2004,NaN,NaN
16-Nov-2004,NaN,NaN
17-Nov-2004,NaN,NaN
18-Nov-2004,NaN,NaN
19-Nov-2004,NaN,NaN
22-Nov-2004,NaN,NaN
23-Nov-2004,NaN,NaN
24-Nov-2004,NaN,NaN
25-Nov-2004,NaN,NaN
26-Nov-2004,NaN,NaN
29-Nov-2004,NaN,NaN
30-Nov-2004,NaN,NaN
01-Dec-2004,NaN,NaN
02-Dec-2004,NaN,NaN
03-Dec-2004,NaN,NaN
06-Dec-2004,NaN,NaN
07-Dec-2004,NaN,NaN
08-Dec-2004,NaN,NaN
09-Dec-2004,NaN,NaN
10-Dec-2004,NaN,NaN
13-Dec-2004,NaN,NaN
14-Dec-2004,NaN,NaN
15-Dec-2004,NaN,NaN
16-Dec-2004,NaN,NaN
17-Dec-2004,NaN,NaN
20-Dec-2004,NaN,NaN
21-Dec-2004,NaN,NaN
22-Dec-2004,NaN,NaN
23-Dec-2004,NaN,NaN
24-Dec-2004,NaN,NaN
27-Dec-2004,NaN,NaN
28-Dec-2004,NaN,NaN
29-Dec-2004,NaN,NaN
30-Dec-2004,NaN,NaN
31-Dec-2004,NaN,NaN
03-Jan-2005,NaN,20.1
04-Jan-2005,NaN,27
05-Jan-2005,NaN,26.1
06-Jan-2005,NaN,30.5
07-Jan-2005,NaN,24.8
10-Jan-2005,NaN,25
11-Jan-2005,NaN,25.5
12-Jan-2005,NaN,1.89999999999997
13-Jan-2005,NaN,11.6
14-Jan-2005,NaN,-1.09999999999997
17-Jan-2005,NaN,-1.09999999999997
18-Jan-2005,NaN,1.90000000000001
19-Jan-2005,NaN,-6.79999999999996
20-Jan-2005,NaN,-10.5
21-Jan-2005,NaN,4.89999999999999
24-Jan-2005,NaN,9.3
25-Jan-2005,NaN,-0.300000000000011
26-Jan-2005,NaN,4.69999999999997
27-Jan-2005,NaN,8.1
28-Jan-2005,NaN,19.2
31-Jan-2005,NaN,28.3
01-Feb-2005,NaN,24.7
02-Feb-2005,NaN,19.4
03-Feb-2005,NaN,7.60000000000001
04-Feb-2005,NaN,8.59999999999999
07-Feb-2005,NaN,10.4
08-Feb-2005,NaN,8.00000000000001
09-Feb-2005,NaN,9.49999999999998
10-Feb-2005,NaN,3.10000000000001
11-Feb-2005,NaN,3.80000000000003
14-Feb-2005,NaN,6.09999999999999
15-Feb-2005,NaN,8.99999999999999
16-Feb-2005,NaN,0.099999999999989
17-Feb-2005,NaN,74.9
18-Feb-2005,NaN,71.1
21-Feb-2005,NaN,71.1
22-Feb-2005,NaN,73.4
23-Feb-2005,NaN,74.4
24-Feb-2005,NaN,79
25-Feb-2005,NaN,80.6
28-Feb-2005,NaN,85.9
01-Mar-2005,NaN,75.8
02-Mar-2005,NaN,69.1
03-Mar-2005,NaN,74.5
04-Mar-2005,NaN,72
07-Mar-2005,NaN,74.7
08-Mar-2005,NaN,72.5
09-Mar-2005,NaN,73.9
10-Mar-2005,NaN,77
11-Mar-2005,NaN,77.3
14-Mar-2005,NaN,79.6
15-Mar-2005,NaN,86.1
16-Mar-2005,NaN,77
17-Mar-2005,NaN,85.1
18-Mar-2005,NaN,93.1
21-Mar-2005,NaN,94.3
22-Mar-2005,NaN,91.3
23-Mar-2005,NaN,89.6
24-Mar-2005,NaN,91.5
25-Mar-2005,NaN,91.5
28-Mar-2005,NaN,100
29-Mar-2005,NaN,97.1
30-Mar-2005,NaN,91.9
31-Mar-2005,NaN,83.8
01-Apr-2005,NaN,102.4
04-Apr-2005,NaN,101.9
05-Apr-2005,NaN,97.6
06-Apr-2005,NaN,96.8
07-Apr-2005,NaN,99.3
08-Apr-2005,NaN,100.3
11-Apr-2005,NaN,101.3
12-Apr-2005,NaN,100.6
13-Apr-2005,NaN,106.1
14-Apr-2005,NaN,106.8
15-Apr-2005,NaN,105
18-Apr-2005,NaN,94.7
19-Apr-2005,NaN,93.3
20-Apr-2005,NaN,92.5
21-Apr-2005,NaN,90.1
22-Apr-2005,NaN,92.6
25-Apr-2005,NaN,96.4
26-Apr-2005,NaN,102.6
27-Apr-2005,NaN,101.5
28-Apr-2005,NaN,106.5
29-Apr-2005,NaN,112.1
02-May-2005,NaN,119.7
03-May-2005,NaN,117.4
04-May-2005,NaN,115.7
05-May-2005,NaN,120.2
06-May-2005,NaN,119
09-May-2005,NaN,118.6
10-May-2005,NaN,116.4
11-May-2005,NaN,116.7
12-May-2005,NaN,119.3
13-May-2005,NaN,119.3
16-May-2005,NaN,123.3
17-May-2005,NaN,117.8
18-May-2005,NaN,119.2
19-May-2005,NaN,122
20-May-2005,NaN,118.7
23-May-2005,NaN,119.6
24-May-2005,NaN,118
25-May-2005,NaN,118.4
26-May-2005,NaN,119.8
27-May-2005,NaN,119.2
30-May-2005,NaN,119.2
31-May-2005,NaN,121.9
01-Jun-2005,NaN,122.7
02-Jun-2005,NaN,122
03-Jun-2005,NaN,121.2
06-Jun-2005,NaN,122.8
07-Jun-2005,NaN,125.5
08-Jun-2005,NaN,125.1
09-Jun-2005,NaN,126
10-Jun-2005,NaN,126.1
13-Jun-2005,NaN,129.3
14-Jun-2005,NaN,129.3
15-Jun-2005,NaN,129.5
16-Jun-2005,NaN,122.5
17-Jun-2005,NaN,121.9
20-Jun-2005,NaN,124
21-Jun-2005,NaN,121.6
22-Jun-2005,NaN,120.1
23-Jun-2005,NaN,123
24-Jun-2005,NaN,126.3
27-Jun-2005,NaN,134
28-Jun-2005,NaN,138.7
29-Jun-2005,NaN,137.9
30-Jun-2005,NaN,120
01-Jul-2005,NaN,150.8
04-Jul-2005,NaN,150.8
05-Jul-2005,NaN,142.3
06-Jul-2005,NaN,140.1
07-Jul-2005,NaN,139.8
08-Jul-2005,NaN,138.5
11-Jul-2005,NaN,142
12-Jul-2005,NaN,144.9
13-Jul-2005,NaN,144.3
14-Jul-2005,NaN,150.5
15-Jul-2005,NaN,155
18-Jul-2005,NaN,145.5
19-Jul-2005,NaN,141.8
20-Jul-2005,NaN,138
21-Jul-2005,NaN,147.3
22-Jul-2005,NaN,148.1
25-Jul-2005,NaN,149.1
26-Jul-2005,NaN,147
27-Jul-2005,NaN,146.1
28-Jul-2005,NaN,148.4
29-Jul-2005,NaN,152.7
01-Aug-2005,NaN,154.2
02-Aug-2005,NaN,144.9
03-Aug-2005,NaN,140.5
04-Aug-2005,NaN,154.9
05-Aug-2005,NaN,166.3
08-Aug-2005,NaN,170.1
09-Aug-2005,NaN,163.8
10-Aug-2005,NaN,162.4
11-Aug-2005,NaN,167.3
12-Aug-2005,NaN,174.8
15-Aug-2005,NaN,178.1
16-Aug-2005,NaN,168.1
17-Aug-2005,NaN,175
18-Aug-2005,NaN,177.4
19-Aug-2005,NaN,173
22-Aug-2005,NaN,174.7
23-Aug-2005,NaN,175.1
24-Aug-2005,NaN,-0.199999999999978
25-Aug-2005,NaN,3.69999999999999
26-Aug-2005,NaN,1.2
29-Aug-2005,NaN,1.39999999999998
30-Aug-2005,NaN,2.8
31-Aug-2005,NaN,4
01-Sep-2005,NaN,-0.700000000000012
02-Sep-2005,NaN,-8.40000000000001
05-Sep-2005,NaN,-8.40000000000001
06-Sep-2005,NaN,0.300000000000011
07-Sep-2005,NaN,0.300000000000011
08-Sep-2005,NaN,-0.4
09-Sep-2005,NaN,-1.79999999999998
12-Sep-2005,NaN,0.500000000000034
13-Sep-2005,NaN,0
14-Sep-2005,NaN,1.6
15-Sep-2005,NaN,18.8
16-Sep-2005,NaN,12
19-Sep-2005,NaN,9.40000000000003
20-Sep-2005,NaN,9.00000000000003
21-Sep-2005,NaN,19
22-Sep-2005,NaN,20.3
23-Sep-2005,NaN,21.1
26-Sep-2005,NaN,24.2
27-Sep-2005,NaN,22.4
28-Sep-2005,NaN,15.5
29-Sep-2005,NaN,14.6
30-Sep-2005,NaN,-10.5
03-Oct-2005,NaN,2.59999999999998
04-Oct-2005,NaN,3.50000000000001
05-Oct-2005,NaN,0.300000000000011
06-Oct-2005,NaN,4.4
07-Oct-2005,NaN,2.60000000000002
10-Oct-2005,NaN,2.60000000000002
11-Oct-2005,NaN,1.6
12-Oct-2005,NaN,-5.99999999999996
13-Oct-2005,NaN,1.30000000000003
14-Oct-2005,NaN,-1.89999999999997
17-Oct-2005,NaN,6.40000000000001
18-Oct-2005,NaN,0.700000000000012
19-Oct-2005,NaN,-1.09999999999997
20-Oct-2005,NaN,2.4
21-Oct-2005,NaN,-0.800000000000001
24-Oct-2005,NaN,3.00000000000002
25-Oct-2005,NaN,0.200000000000022
26-Oct-2005,NaN,-1.50000000000001
27-Oct-2005,NaN,9.79999999999999
28-Oct-2005,NaN,16.6
31-Oct-2005,NaN,26.4
01-Nov-2005,NaN,24.3
02-Nov-2005,NaN,21.6
03-Nov-2005,NaN,26.6
04-Nov-2005,NaN,24.3
07-Nov-2005,NaN,26.9
08-Nov-2005,NaN,0.700000000000012
09-Nov-2005,NaN,-1.39999999999998
10-Nov-2005,NaN,3.6
11-Nov-2005,NaN,3.6
14-Nov-2005,NaN,0.500000000000034
15-Nov-2005,NaN,6.00000000000001
16-Nov-2005,NaN,-4.49999999999999
17-Nov-2005,NaN,-1.29999999999999
18-Nov-2005,NaN,-2.69999999999997
21-Nov-2005,NaN,0.600000000000023
22-Nov-2005,NaN,-2.19999999999998
23-Nov-2005,NaN,-3.6
24-Nov-2005,NaN,-3.6
25-Nov-2005,NaN,0.200000000000022
28-Nov-2005,NaN,-3.49999999999997
29-Nov-2005,NaN,-6.59999999999998
30-Nov-2005,NaN,-3.89999999999997
01-Dec-2005,NaN,0.500000000000034
02-Dec-2005,NaN,2.90000000000004
05-Dec-2005,NaN,2
06-Dec-2005,NaN,0
07-Dec-2005,NaN,0.700000000000012
08-Dec-2005,NaN,10.3
09-Dec-2005,NaN,19.3
12-Dec-2005,NaN,25.9
13-Dec-2005,NaN,24.4
14-Dec-2005,NaN,1.6
15-Dec-2005,NaN,-23.7
16-Dec-2005,NaN,-1.00000000000007
19-Dec-2005,NaN,1.69999999999995
20-Dec-2005,NaN,5.89999999999993
21-Dec-2005,NaN,2.99999999999994
22-Dec-2005,NaN,0.199999999999978
23-Dec-2005,NaN,3.69999999999999
26-Dec-2005,NaN,3.69999999999999
27-Dec-2005,NaN,-3.10000000000006
28-Dec-2005,NaN,-4.20000000000007
29-Dec-2005,NaN,-13.2000000000001
30-Dec-2005,NaN,-72.1
02-Jan-2006,NaN,-72.1
03-Jan-2006,NaN,4.19999999999998
04-Jan-2006,NaN,-0.499999999999989
05-Jan-2006,NaN,-1.29999999999999
06-Jan-2006,NaN,-3.2
09-Jan-2006,NaN,0.999999999999979
10-Jan-2006,NaN,1.00000000000007
11-Jan-2006,NaN,1.6
12-Jan-2006,NaN,2.4
13-Jan-2006,NaN,4.69999999999997
16-Jan-2006,NaN,4.69999999999997
17-Jan-2006,NaN,5.99999999999996
18-Jan-2006,NaN,-2.09999999999999
19-Jan-2006,NaN,-2.00000000000005
20-Jan-2006,NaN,-6.40000000000001
23-Jan-2006,NaN,-4.30000000000001
24-Jan-2006,NaN,-3.09999999999997
25-Jan-2006,NaN,0.399999999999956
26-Jan-2006,NaN,8.09999999999995
27-Jan-2006,NaN,13.3
30-Jan-2006,NaN,18.1
31-Jan-2006,NaN,17.2
01-Feb-2006,NaN,18
02-Feb-2006,NaN,0.200000000000067
03-Feb-2006,NaN,-0.999999999999979
06-Feb-2006,NaN,27.8
07-Feb-2006,NaN,3.30000000000004
08-Feb-2006,NaN,4.10000000000004
09-Feb-2006,NaN,7.39999999999998
10-Feb-2006,NaN,1.80000000000007
13-Feb-2006,NaN,2.20000000000002
14-Feb-2006,NaN,1.10000000000001
15-Feb-2006,NaN,8.00000000000001
16-Feb-2006,NaN,2.30000000000006
17-Feb-2006,NaN,1.40000000000002
20-Feb-2006,NaN,1.40000000000002
21-Feb-2006,NaN,4.8
22-Feb-2006,NaN,2.20000000000002
23-Feb-2006,NaN,1.79999999999998
24-Feb-2006,NaN,0.300000000000011
27-Feb-2006,NaN,2.79999999999996
28-Feb-2006,NaN,4.69999999999997
01-Mar-2006,NaN,1.90000000000001
02-Mar-2006,NaN,4.99999999999998
03-Mar-2006,NaN,7.7
06-Mar-2006,NaN,5.90000000000002
07-Mar-2006,NaN,4.90000000000004
08-Mar-2006,NaN,5.49999999999997
09-Mar-2006,NaN,8.00000000000001
10-Mar-2006,NaN,6.40000000000001
13-Mar-2006,NaN,10.2
14-Mar-2006,NaN,8.10000000000004
15-Mar-2006,NaN,8.80000000000001
16-Mar-2006,NaN,6.9
17-Mar-2006,NaN,8.10000000000004
20-Mar-2006,NaN,-0.500000000000078
21-Mar-2006,NaN,3.29999999999995
22-Mar-2006,NaN,1.6
23-Mar-2006,NaN,8.59999999999994
24-Mar-2006,NaN,14.6
27-Mar-2006,NaN,-0.199999999999978
28-Mar-2006,NaN,1.80000000000007
29-Mar-2006,NaN,-5.19999999999996
30-Mar-2006,NaN,2.80000000000005
31-Mar-2006,NaN,-4.89999999999995
03-Apr-2006,NaN,16.4000000000001
04-Apr-2006,NaN,7.40000000000007
05-Apr-2006,NaN,9.3
06-Apr-2006,NaN,11.8
07-Apr-2006,NaN,1.50000000000006
10-Apr-2006,NaN,3.00000000000002
11-Apr-2006,NaN,3.10000000000006
12-Apr-2006,NaN,2.20000000000002
13-Apr-2006,NaN,11.7
14-Apr-2006,NaN,11.7
17-Apr-2006,NaN,6.00000000000005
18-Apr-2006,NaN,-4.49999999999999
19-Apr-2006,NaN,-2.20000000000002
20-Apr-2006,NaN,-2.00000000000005
21-Apr-2006,NaN,-1.90000000000001
24-Apr-2006,NaN,1.29999999999999
25-Apr-2006,NaN,-0.300000000000011
26-Apr-2006,NaN,-0.800000000000001
27-Apr-2006,NaN,0.400000000000045
28-Apr-2006,NaN,1.6
01-May-2006,NaN,-0.300000000000011
02-May-2006,NaN,-3.80000000000003
03-May-2006,NaN,-4.8
04-May-2006,NaN,-0.999999999999979
05-May-2006,NaN,0
08-May-2006,NaN,4.39999999999996
09-May-2006,NaN,1.20000000000005
10-May-2006,NaN,-1.79999999999998
11-May-2006,NaN,15.2
12-May-2006,NaN,19.6000000000001
15-May-2006,NaN,-9.79999999999999
16-May-2006,NaN,-19.9999999999999
17-May-2006,NaN,-20.7999999999999
18-May-2006,NaN,-2.89999999999999
19-May-2006,NaN,-0.100000000000033
22-May-2006,NaN,-0.899999999999945
23-May-2006,NaN,-1.6
24-May-2006,NaN,-15.9999999999999
25-May-2006,NaN,3.90000000000006
26-May-2006,NaN,4.30000000000001
29-May-2006,NaN,4.30000000000001
30-May-2006,NaN,-0.600000000000023
31-May-2006,NaN,-2.50000000000004
01-Jun-2006,NaN,-3.69999999999999
02-Jun-2006,NaN,1.40000000000002
05-Jun-2006,NaN,3.00000000000002
06-Jun-2006,NaN,3.90000000000006
07-Jun-2006,NaN,2.4
08-Jun-2006,NaN,4.10000000000004
09-Jun-2006,NaN,3.70000000000008
12-Jun-2006,NaN,2.79999999999996
13-Jun-2006,NaN,1.20000000000005
14-Jun-2006,NaN,1.6
15-Jun-2006,NaN,0.700000000000056
16-Jun-2006,NaN,-8.99999999999999
19-Jun-2006,NaN,-13
20-Jun-2006,NaN,-0.199999999999978
21-Jun-2006,NaN,0
22-Jun-2006,NaN,8.10000000000004
23-Jun-2006,NaN,1.50000000000006
26-Jun-2006,NaN,5.29999999999999
27-Jun-2006,NaN,6.09999999999999
28-Jun-2006,NaN,0.900000000000034
29-Jun-2006,NaN,4
30-Jun-2006,NaN,-19.9999999999999
03-Jul-2006,NaN,-15.5
04-Jul-2006,NaN,-15.5
05-Jul-2006,NaN,-16.7000000000001
06-Jul-2006,NaN,-13.0000000000001
07-Jul-2006,NaN,-14.6000000000001
10-Jul-2006,NaN,-12.8
11-Jul-2006,NaN,-13.9
12-Jul-2006,NaN,-13.1
13-Jul-2006,NaN,-8.70000000000006
14-Jul-2006,NaN,-8.10000000000004
17-Jul-2006,NaN,-8.30000000000002
18-Jul-2006,NaN,-15.3
19-Jul-2006,NaN,-18.1
20-Jul-2006,NaN,-13.5000000000001
21-Jul-2006,NaN,-14.8000000000001
24-Jul-2006,NaN,-13.2000000000001
25-Jul-2006,NaN,-12.3
26-Jul-2006,NaN,-11.5
27-Jul-2006,NaN,-10.1
28-Jul-2006,NaN,-10.7
31-Jul-2006,NaN,-4.90000000000004
01-Aug-2006,NaN,-5.30000000000008
02-Aug-2006,NaN,-11.2
03-Aug-2006,NaN,-9.00000000000007
04-Aug-2006,NaN,-8.20000000000007
07-Aug-2006,NaN,-10.0000000000001
08-Aug-2006,NaN,-11.4000000000001
09-Aug-2006,NaN,-13.8000000000001
10-Aug-2006,NaN,-12.1
11-Aug-2006,NaN,-12.8
14-Aug-2006,NaN,-11.1000000000001
15-Aug-2006,NaN,-6.80000000000005
16-Aug-2006,NaN,-10.6000000000001
17-Aug-2006,NaN,-9.40000000000003
18-Aug-2006,NaN,-14.5
21-Aug-2006,NaN,-10.4
22-Aug-2006,NaN,-10.4
23-Aug-2006,NaN,-10.1
24-Aug-2006,NaN,-9.10000000000002
25-Aug-2006,NaN,-10.3000000000001
28-Aug-2006,NaN,-10.5
29-Aug-2006,NaN,-9.3
30-Aug-2006,NaN,-12.5
31-Aug-2006,NaN,-8.30000000000002
01-Sep-2006,NaN,-8.10000000000004
04-Sep-2006,NaN,-8.10000000000004
05-Sep-2006,NaN,-5.90000000000002
06-Sep-2006,NaN,-7.40000000000007
07-Sep-2006,NaN,-7.90000000000006
08-Sep-2006,NaN,-8.70000000000006
11-Sep-2006,NaN,-7.90000000000006
12-Sep-2006,NaN,-8.60000000000003
13-Sep-2006,NaN,-9.10000000000002
14-Sep-2006,NaN,-5.00000000000007
15-Sep-2006,NaN,-8.00000000000001
18-Sep-2006,NaN,-9.10000000000002
19-Sep-2006,NaN,-8.30000000000002
20-Sep-2006,NaN,-9.80000000000008
21-Sep-2006,NaN,-8.5
22-Sep-2006,NaN,-8.60000000000003
25-Sep-2006,NaN,-6.70000000000002
26-Sep-2006,NaN,-4.10000000000004
27-Sep-2006,NaN,-3.50000000000001
28-Sep-2006,NaN,5.39999999999994
29-Sep-2006,NaN,-14.4
02-Oct-2006,NaN,-0.200000000000067
03-Oct-2006,NaN,-5.40000000000003
04-Oct-2006,NaN,-7.20000000000001
05-Oct-2006,NaN,-6.20000000000003
06-Oct-2006,NaN,-7.7
09-Oct-2006,NaN,-7.7
10-Oct-2006,NaN,-7.00000000000003
11-Oct-2006,NaN,-7.50000000000002
12-Oct-2006,NaN,-5.00000000000007
13-Oct-2006,NaN,-4.90000000000004
16-Oct-2006,NaN,-2.50000000000004
17-Oct-2006,NaN,-8.00000000000001
18-Oct-2006,NaN,-9.3
19-Oct-2006,NaN,-0.399999999999956
20-Oct-2006,NaN,-1.10000000000001
23-Oct-2006,NaN,-0.699999999999967
24-Oct-2006,NaN,-2.20000000000002
25-Oct-2006,NaN,-3.09999999999997
26-Oct-2006,NaN,0.600000000000023
27-Oct-2006,NaN,-1.19999999999996
30-Oct-2006,NaN,1.79999999999998
31-Oct-2006,NaN,8.30000000000002
01-Nov-2006,NaN,-0.999999999999979
02-Nov-2006,NaN,-1.6
03-Nov-2006,NaN,-4
06-Nov-2006,NaN,-3.30000000000004
07-Nov-2006,NaN,-4.49999999999999
08-Nov-2006,NaN,2.79999999999996
09-Nov-2006,NaN,4.49999999999999
10-Nov-2006,NaN,3.59999999999996
13-Nov-2006,NaN,4
14-Nov-2006,NaN,2.19999999999994
15-Nov-2006,NaN,2.59999999999998
16-Nov-2006,NaN,-0.600000000000023
17-Nov-2006,NaN,-1.79999999999998
20-Nov-2006,NaN,-1.90000000000001
21-Nov-2006,NaN,4.30000000000001
22-Nov-2006,NaN,4.8
23-Nov-2006,NaN,4.8
24-Nov-2006,NaN,8.99999999999999
27-Nov-2006,NaN,1.19999999999996
28-Nov-2006,NaN,1.19999999999996
29-Nov-2006,NaN,0.800000000000001
30-Nov-2006,NaN,6.49999999999995
01-Dec-2006,NaN,6.99999999999994
04-Dec-2006,NaN,5.6
05-Dec-2006,NaN,4.30000000000001
06-Dec-2006,NaN,0.399999999999956
07-Dec-2006,NaN,1.79999999999998
08-Dec-2006,NaN,1.19999999999996
11-Dec-2006,NaN,0.800000000000001
12-Dec-2006,NaN,0.199999999999978
13-Dec-2006,NaN,0.800000000000001
14-Dec-2006,NaN,3.79999999999994
15-Dec-2006,NaN,5.6
18-Dec-2006,NaN,-0.499999999999989
19-Dec-2006,NaN,-1.50000000000006
20-Dec-2006,NaN,-1.90000000000001
21-Dec-2006,NaN,-0.100000000000033
22-Dec-2006,NaN,0.600000000000023
25-Dec-2006,NaN,0.600000000000023
26-Dec-2006,NaN,0
27-Dec-2006,NaN,1.39999999999993
28-Dec-2006,NaN,3.10000000000006
29-Dec-2006,NaN,3.10000000000006
01-Jan-2007,NaN,3.10000000000006
02-Jan-2007,NaN,-2.50000000000004
03-Jan-2007,NaN,-4.60000000000003
04-Jan-2007,NaN,0.300000000000011
05-Jan-2007,NaN,-0.499999999999989
08-Jan-2007,NaN,-2.09999999999999
09-Jan-2007,NaN,-1.79999999999998
10-Jan-2007,NaN,-0.899999999999945
11-Jan-2007,NaN,0.400000000000045
12-Jan-2007,NaN,2.09999999999999
15-Jan-2007,NaN,2.09999999999999
16-Jan-2007,NaN,5.40000000000003
17-Jan-2007,NaN,1.10000000000001
18-Jan-2007,NaN,0.800000000000001
19-Jan-2007,NaN,-1.6
22-Jan-2007,NaN,-0.0999999999999446
23-Jan-2007,NaN,-3.00000000000002
24-Jan-2007,NaN,-1.99999999999996
25-Jan-2007,NaN,0.999999999999979
26-Jan-2007,NaN,-1.90000000000001
29-Jan-2007,NaN,-3.50000000000001
30-Jan-2007,NaN,-6.59999999999998
31-Jan-2007,NaN,-3.30000000000004
01-Feb-2007,NaN,-4
02-Feb-2007,NaN,-3.50000000000001
05-Feb-2007,NaN,-5.10000000000002
06-Feb-2007,NaN,-4.10000000000004
07-Feb-2007,NaN,0.199999999999978
08-Feb-2007,NaN,0.300000000000011
09-Feb-2007,NaN,-0.900000000000034
12-Feb-2007,NaN,0.499999999999989
13-Feb-2007,NaN,2.59999999999998
14-Feb-2007,NaN,2.19999999999994
15-Feb-2007,NaN,5.79999999999998
16-Feb-2007,NaN,0
19-Feb-2007,NaN,0
20-Feb-2007,NaN,2.49999999999995
21-Feb-2007,NaN,-0.700000000000056
22-Feb-2007,NaN,-0.600000000000023
23-Feb-2007,NaN,0.600000000000023
26-Feb-2007,NaN,3.00000000000002
27-Feb-2007,NaN,4.69999999999997
28-Feb-2007,NaN,6.70000000000002
01-Mar-2007,NaN,8.99999999999999
02-Mar-2007,NaN,7.29999999999995
05-Mar-2007,NaN,3.89999999999997
06-Mar-2007,NaN,3.2
07-Mar-2007,NaN,2.29999999999997
08-Mar-2007,NaN,4.89999999999995
09-Mar-2007,NaN,3.39999999999998
12-Mar-2007,NaN,3.39999999999998
13-Mar-2007,NaN,4.69999999999997
14-Mar-2007,NaN,5.90000000000002
15-Mar-2007,NaN,11.1
16-Mar-2007,NaN,3.59999999999996
19-Mar-2007,NaN,3.59999999999996
20-Mar-2007,NaN,3.50000000000001
21-Mar-2007,NaN,1.90000000000001
22-Mar-2007,NaN,3.09999999999997
23-Mar-2007,NaN,-0.300000000000011
26-Mar-2007,NaN,0.900000000000034
27-Mar-2007,NaN,0.600000000000023
28-Mar-2007,NaN,1.39999999999993
29-Mar-2007,NaN,1.70000000000003
30-Mar-2007,NaN,-2.29999999999997
02-Apr-2007,NaN,6.9
03-Apr-2007,NaN,-0.100000000000033
04-Apr-2007,NaN,-0.300000000000011
05-Apr-2007,NaN,2.09999999999999
06-Apr-2007,NaN,2.09999999999999
09-Apr-2007,NaN,3.60000000000005
10-Apr-2007,NaN,1.10000000000001
11-Apr-2007,NaN,-1.70000000000003
12-Apr-2007,NaN,0.300000000000011
13-Apr-2007,NaN,0.999999999999979
16-Apr-2007,NaN,11.9
17-Apr-2007,NaN,-2.60000000000007
18-Apr-2007,NaN,-6.70000000000002
19-Apr-2007,NaN,-0.900000000000034
20-Apr-2007,NaN,0
23-Apr-2007,NaN,-0.499999999999989
24-Apr-2007,NaN,-1.80000000000007
25-Apr-2007,NaN,-3.40000000000007
26-Apr-2007,NaN,-1.19999999999996
27-Apr-2007,NaN,-2.99999999999994
30-Apr-2007,NaN,-1.20000000000005
01-May-2007,NaN,-2.20000000000002
02-May-2007,NaN,2.60000000000007
03-May-2007,NaN,2.89999999999999
04-May-2007,NaN,-2.50000000000004
07-May-2007,NaN,0.699999999999967
08-May-2007,NaN,-0.300000000000011
09-May-2007,NaN,-0.200000000000067
10-May-2007,NaN,-1.10000000000001
11-May-2007,NaN,2.89999999999999
14-May-2007,NaN,2.4
15-May-2007,NaN,0.999999999999979
16-May-2007,NaN,-2.00000000000005
17-May-2007,NaN,0.999999999999979
18-May-2007,NaN,1.50000000000006
21-May-2007,NaN,2.30000000000006
22-May-2007,NaN,1.6
23-May-2007,NaN,1.6
24-May-2007,NaN,0.900000000000034
25-May-2007,NaN,3.00000000000002
28-May-2007,NaN,3.00000000000002
29-May-2007,NaN,-0.0999999999999446
30-May-2007,NaN,-1.29999999999999
31-May-2007,NaN,-4.69999999999997
01-Jun-2007,NaN,-1.79999999999998
04-Jun-2007,NaN,1.79999999999998
05-Jun-2007,NaN,2.59999999999998
06-Jun-2007,NaN,2.29999999999997
07-Jun-2007,NaN,2.89999999999999
08-Jun-2007,NaN,4
11-Jun-2007,NaN,4
12-Jun-2007,NaN,2.59999999999998
13-Jun-2007,NaN,0.199999999999978
14-Jun-2007,NaN,1.90000000000001
15-Jun-2007,NaN,-0.700000000000056
18-Jun-2007,NaN,-5.70000000000004
19-Jun-2007,NaN,-10.9
20-Jun-2007,NaN,-52.7
21-Jun-2007,NaN,-3.2
22-Jun-2007,NaN,6.09999999999999
25-Jun-2007,NaN,2.29999999999997
26-Jun-2007,NaN,9.10000000000002
27-Jun-2007,NaN,-0.899999999999945
28-Jun-2007,NaN,-3.00000000000002
29-Jun-2007,NaN,-56.3
02-Jul-2007,NaN,4.30000000000001
03-Jul-2007,NaN,1.6
04-Jul-2007,NaN,1.6
05-Jul-2007,NaN,2.80000000000005
06-Jul-2007,NaN,3.80000000000003
09-Jul-2007,NaN,1.40000000000002
10-Jul-2007,NaN,0.699999999999967
11-Jul-2007,NaN,0.999999999999979
12-Jul-2007,NaN,-0.400000000000045
13-Jul-2007,NaN,1.19999999999996
16-Jul-2007,NaN,2.70000000000001
17-Jul-2007,NaN,3.49999999999993
18-Jul-2007,NaN,3.10000000000006
19-Jul-2007,NaN,2.19999999999994
20-Jul-2007,NaN,2.70000000000001
23-Jul-2007,NaN,1.30000000000008
24-Jul-2007,NaN,0.699999999999967
25-Jul-2007,NaN,-0.900000000000034
26-Jul-2007,NaN,0.199999999999978
27-Jul-2007,NaN,1.70000000000003
30-Jul-2007,NaN,-1.6
31-Jul-2007,NaN,-1.29999999999999
01-Aug-2007,NaN,1.29999999999999
02-Aug-2007,NaN,1.99999999999996
03-Aug-2007,NaN,2.09999999999999
06-Aug-2007,NaN,2.09999999999999
07-Aug-2007,NaN,1.29999999999999
08-Aug-2007,NaN,0.999999999999979
09-Aug-2007,NaN,10.3
10-Aug-2007,NaN,7.89999999999997
13-Aug-2007,NaN,-1.70000000000003
14-Aug-2007,NaN,-10.2
15-Aug-2007,NaN,-63.9
16-Aug-2007,NaN,-60
17-Aug-2007,NaN,-51.3
20-Aug-2007,NaN,-82.3
21-Aug-2007,NaN,-262.7
22-Aug-2007,NaN,-251.7
23-Aug-2007,NaN,37
24-Aug-2007,NaN,190.6
27-Aug-2007,NaN,236.8
28-Aug-2007,NaN,5.6
29-Aug-2007,NaN,10.3
30-Aug-2007,NaN,1.50000000000006
31-Aug-2007,NaN,-5.10000000000002
03-Sep-2007,NaN,-5.10000000000002
04-Sep-2007,NaN,0.900000000000034
05-Sep-2007,NaN,1.6
06-Sep-2007,NaN,-1.69999999999995
07-Sep-2007,NaN,1.69999999999995
10-Sep-2007,NaN,-1.39999999999993
11-Sep-2007,NaN,2.49999999999995
12-Sep-2007,NaN,-2.80000000000005
13-Sep-2007,NaN,4.99999999999998
14-Sep-2007,NaN,-4
17-Sep-2007,NaN,1.10000000000001
18-Sep-2007,NaN,-15.7
19-Sep-2007,NaN,-4.30000000000001
20-Sep-2007,NaN,-1.6
21-Sep-2007,NaN,2.89999999999999
24-Sep-2007,NaN,1.19999999999996
25-Sep-2007,NaN,1.10000000000001
26-Sep-2007,NaN,0
27-Sep-2007,NaN,2.29999999999997
28-Sep-2007,NaN,-69.7
01-Oct-2007,NaN,8.40000000000005
02-Oct-2007,NaN,-4.60000000000003
03-Oct-2007,NaN,-2.89999999999999
04-Oct-2007,NaN,-0.700000000000056
05-Oct-2007,NaN,0.600000000000023
08-Oct-2007,NaN,0.600000000000023
09-Oct-2007,NaN,-0.900000000000034
10-Oct-2007,NaN,0.300000000000011
11-Oct-2007,NaN,1.90000000000001
12-Oct-2007,NaN,0.800000000000001
15-Oct-2007,NaN,-0.699999999999967
16-Oct-2007,NaN,0.999999999999979
17-Oct-2007,NaN,-6.99999999999994
18-Oct-2007,NaN,-0.700000000000056
19-Oct-2007,NaN,0.900000000000034
22-Oct-2007,NaN,1.50000000000006
23-Oct-2007,NaN,1.19999999999996
24-Oct-2007,NaN,-0.399999999999956
25-Oct-2007,NaN,5.50000000000006
26-Oct-2007,NaN,20.3
29-Oct-2007,NaN,2.60000000000007
30-Oct-2007,NaN,2.60000000000007
31-Oct-2007,NaN,-4.8
01-Nov-2007,NaN,3.69999999999999
02-Nov-2007,NaN,2.19999999999994
05-Nov-2007,NaN,-1.29999999999999
06-Nov-2007,NaN,-2.55000000000001
07-Nov-2007,NaN,-2.29999999999997
08-Nov-2007,NaN,-3.00000000000002
09-Nov-2007,NaN,-27.2
12-Nov-2007,NaN,-27.2
13-Nov-2007,NaN,-4.39999999999996
14-Nov-2007,NaN,5.29999999999999
15-Nov-2007,NaN,16.7
16-Nov-2007,NaN,5.10000000000002
19-Nov-2007,NaN,8.59999999999994
20-Nov-2007,NaN,4.69999999999997
21-Nov-2007,NaN,-2.4
22-Nov-2007,NaN,-2.4
23-Nov-2007,NaN,-1.90000000000001
26-Nov-2007,NaN,-2.89999999999999
27-Nov-2007,NaN,1.39999999999993
28-Nov-2007,NaN,-8.99999999999999
29-Nov-2007,NaN,13.5
30-Nov-2007,NaN,24.4
03-Dec-2007,NaN,-26
04-Dec-2007,NaN,-7.50000000000002
05-Dec-2007,NaN,0.900000000000034
06-Dec-2007,NaN,-0.299999999999923
07-Dec-2007,NaN,-3.29999999999995
10-Dec-2007,NaN,2.29999999999997
11-Dec-2007,NaN,4.39999999999996
12-Dec-2007,NaN,11.4
13-Dec-2007,NaN,5.6
14-Dec-2007,NaN,10.3
17-Dec-2007,NaN,-4.99999999999998
18-Dec-2007,NaN,32.5
19-Dec-2007,NaN,1.69999999999999
20-Dec-2007,NaN,28.8
21-Dec-2007,NaN,-0.600000000000023
24-Dec-2007,NaN,53.2999999999999
25-Dec-2007,NaN,53.2999999999999
26-Dec-2007,NaN,50.8
27-Dec-2007,NaN,4.19999999999998
28-Dec-2007,NaN,-38.1
31-Dec-2007,NaN,-33.7
01-Jan-2008,NaN,-33.7
02-Jan-2008,NaN,9.90000000000002
03-Jan-2008,NaN,0.400000000000045
04-Jan-2008,NaN,-0.999999999999979
07-Jan-2008,NaN,2.8
08-Jan-2008,NaN,10.2
09-Jan-2008,NaN,14
10-Jan-2008,NaN,-2.59999999999998
11-Jan-2008,NaN,1.90000000000001
14-Jan-2008,NaN,-2.79999999999996
15-Jan-2008,NaN,7.10000000000006
16-Jan-2008,NaN,3.2
17-Jan-2008,NaN,7.39999999999998
18-Jan-2008,NaN,10.8
21-Jan-2008,NaN,10.8
22-Jan-2008,NaN,-140
23-Jan-2008,NaN,4.2
24-Jan-2008,NaN,8.59999999999999
25-Jan-2008,NaN,-7.90000000000002
28-Jan-2008,NaN,2.60000000000002
29-Jan-2008,NaN,11.8
30-Jan-2008,NaN,-2.19999999999998
31-Jan-2008,NaN,-15.1
01-Feb-2008,NaN,11.7
04-Feb-2008,NaN,1.2
05-Feb-2008,NaN,-1.09999999999997
06-Feb-2008,NaN,5.59999999999996
07-Feb-2008,NaN,8.19999999999999
08-Feb-2008,NaN,1.6
11-Feb-2008,NaN,2.89999999999999
12-Feb-2008,NaN,-11
13-Feb-2008,NaN,-4.49999999999999
14-Feb-2008,NaN,0.500000000000034
15-Feb-2008,NaN,11.8
18-Feb-2008,NaN,11.8
19-Feb-2008,NaN,0.700000000000012
20-Feb-2008,NaN,-21.1
21-Feb-2008,NaN,-6.49999999999999
22-Feb-2008,NaN,0.200000000000022
25-Feb-2008,NaN,-6.09999999999999
26-Feb-2008,NaN,1.6
27-Feb-2008,NaN,4.60000000000003
28-Feb-2008,NaN,-5.59999999999998
29-Feb-2008,NaN,-11.7
03-Mar-2008,NaN,9.7
04-Mar-2008,NaN,0.700000000000012
05-Mar-2008,NaN,-17.9
06-Mar-2008,NaN,-34.7
07-Mar-2008,NaN,-31
10-Mar-2008,NaN,8.40000000000001
11-Mar-2008,NaN,4.30000000000001
12-Mar-2008,NaN,0.499999999999989
13-Mar-2008,NaN,27.6
14-Mar-2008,NaN,-5.29999999999999
17-Mar-2008,NaN,-20.3
18-Mar-2008,NaN,18.2
19-Mar-2008,NaN,13.2
20-Mar-2008,NaN,17.5
21-Mar-2008,NaN,17.5
24-Mar-2008,NaN,30
25-Mar-2008,NaN,2.9
26-Mar-2008,NaN,-22.8
27-Mar-2008,NaN,27.5
28-Mar-2008,NaN,-13.5
31-Mar-2008,NaN,-12.7
01-Apr-2008,NaN,8.40000000000001
02-Apr-2008,NaN,-11.6
03-Apr-2008,NaN,0.599999999999978
04-Apr-2008,NaN,1.09999999999997
07-Apr-2008,NaN,-7.80000000000003
08-Apr-2008,NaN,-16.4
09-Apr-2008,NaN,2.99999999999998
10-Apr-2008,NaN,0.599999999999978
11-Apr-2008,NaN,4.19999999999998
14-Apr-2008,NaN,1.6
15-Apr-2008,NaN,6.70000000000002
16-Apr-2008,NaN,-4
17-Apr-2008,NaN,-0.500000000000034
18-Apr-2008,NaN,2.8
21-Apr-2008,NaN,0.800000000000001
22-Apr-2008,NaN,-2
23-Apr-2008,NaN,-8.20000000000001
24-Apr-2008,NaN,0.700000000000012
25-Apr-2008,NaN,-0.099999999999989
28-Apr-2008,NaN,6.29999999999999
29-Apr-2008,NaN,5.00000000000003
30-Apr-2008,NaN,-2.89999999999999
01-May-2008,NaN,-2.69999999999999
02-May-2008,NaN,1.89999999999999
05-May-2008,NaN,-1.30000000000001
06-May-2008,NaN,-4.30000000000001
07-May-2008,NaN,-1.69999999999999
08-May-2008,NaN,1.50000000000001
09-May-2008,NaN,3.00000000000002
12-May-2008,NaN,-2
13-May-2008,NaN,-0.600000000000001
14-May-2008,NaN,2.2
15-May-2008,NaN,1.29999999999999
16-May-2008,NaN,-0.700000000000012
19-May-2008,NaN,-2.49999999999999
20-May-2008,NaN,0.500000000000012
21-May-2008,NaN,0
22-May-2008,NaN,0.89999999999999
23-May-2008,NaN,0.4
26-May-2008,NaN,0.4
27-May-2008,NaN,4.19999999999998
28-May-2008,NaN,11.8
29-May-2008,NaN,15.2
30-May-2008,NaN,-1.09999999999997
02-Jun-2008,NaN,3.49999999999997
03-Jun-2008,NaN,-1.2
04-Jun-2008,NaN,-1.00000000000002
05-Jun-2008,NaN,1.09999999999997
06-Jun-2008,NaN,-4.30000000000001
09-Jun-2008,NaN,-3.69999999999999
10-Jun-2008,NaN,-4.19999999999998
11-Jun-2008,NaN,1.39999999999998
12-Jun-2008,NaN,0.600000000000023
13-Jun-2008,NaN,2.30000000000001
16-Jun-2008,NaN,1.09999999999997
17-Jun-2008,NaN,-0.89999999999999
18-Jun-2008,NaN,-0.300000000000011
19-Jun-2008,NaN,-1.89999999999999
20-Jun-2008,NaN,2.30000000000001
23-Jun-2008,NaN,0.2
24-Jun-2008,NaN,1
25-Jun-2008,NaN,0.299999999999989
26-Jun-2008,NaN,5.6
27-Jun-2008,NaN,13.6
30-Jun-2008,NaN,3.09999999999999
01-Jul-2008,NaN,4.29999999999997
02-Jul-2008,NaN,-0.099999999999989
03-Jul-2008,NaN,-4.70000000000002
04-Jul-2008,NaN,-4.70000000000002
07-Jul-2008,NaN,1.90000000000001
08-Jul-2008,NaN,1.90000000000001
09-Jul-2008,NaN,-1.2
10-Jul-2008,NaN,4.30000000000001
11-Jul-2008,NaN,-2.50000000000001
14-Jul-2008,NaN,0.299999999999989
15-Jul-2008,NaN,0.700000000000012
16-Jul-2008,NaN,2.09999999999999
17-Jul-2008,NaN,-3.10000000000001
18-Jul-2008,NaN,1.69999999999999
21-Jul-2008,NaN,-5.80000000000001
22-Jul-2008,NaN,1.2
23-Jul-2008,NaN,0.900000000000012
24-Jul-2008,NaN,6.09999999999999
25-Jul-2008,NaN,1.29999999999999
28-Jul-2008,NaN,1.2
29-Jul-2008,NaN,-0.499999999999989
30-Jul-2008,NaN,-0.599999999999978
31-Jul-2008,NaN,3.2
01-Aug-2008,NaN,-0.4
04-Aug-2008,NaN,-6.39999999999996
05-Aug-2008,NaN,0.900000000000012
06-Aug-2008,NaN,-4.89999999999999
07-Aug-2008,NaN,3.50000000000001
08-Aug-2008,NaN,2.70000000000001
11-Aug-2008,NaN,-0.69999999999999
12-Aug-2008,NaN,2.10000000000001
13-Aug-2008,NaN,4
14-Aug-2008,NaN,4
15-Aug-2008,NaN,1.50000000000001
18-Aug-2008,NaN,-1.69999999999999
19-Aug-2008,NaN,1.6
20-Aug-2008,NaN,-0.89999999999999
21-Aug-2008,NaN,-2.49999999999999
22-Aug-2008,NaN,-1.6
25-Aug-2008,NaN,4.8
26-Aug-2008,NaN,2.70000000000001
27-Aug-2008,NaN,1.19999999999998
28-Aug-2008,NaN,0.200000000000022
29-Aug-2008,NaN,5.59999999999998
01-Sep-2008,NaN,5.59999999999998
02-Sep-2008,NaN,2.4
03-Sep-2008,NaN,0.300000000000011
04-Sep-2008,NaN,1.40000000000002
05-Sep-2008,NaN,-0.199999999999978
08-Sep-2008,NaN,1.2
09-Sep-2008,NaN,0.099999999999989
10-Sep-2008,NaN,0.499999999999989
11-Sep-2008,NaN,3.29999999999999
12-Sep-2008,NaN,0.999999999999979
15-Sep-2008,NaN,-10.2
16-Sep-2008,NaN,18.6
17-Sep-2008,NaN,-42.4
18-Sep-2008,NaN,-68.8
19-Sep-2008,NaN,-8.40000000000001
22-Sep-2008,NaN,2.2
23-Sep-2008,NaN,-26.2
24-Sep-2008,NaN,-48.4
25-Sep-2008,NaN,-10.8
26-Sep-2008,NaN,-46.3
29-Sep-2008,NaN,-72.7
30-Sep-2008,NaN,4.9
01-Oct-2008,NaN,-16.6
02-Oct-2008,NaN,-21.3
03-Oct-2008,NaN,-4
06-Oct-2008,NaN,4.3
07-Oct-2008,NaN,7.6
08-Oct-2008,NaN,-0.3
09-Oct-2008,NaN,-22.4
10-Oct-2008,NaN,4.2
13-Oct-2008,NaN,4.2
14-Oct-2008,NaN,7.2
15-Oct-2008,NaN,-4
16-Oct-2008,NaN,-0.999999999999998
17-Oct-2008,NaN,1.4
20-Oct-2008,NaN,12.4
21-Oct-2008,NaN,74.1
22-Oct-2008,NaN,70.2
23-Oct-2008,NaN,-1.29999999999999
24-Oct-2008,NaN,-3.7
27-Oct-2008,NaN,6.20000000000001
28-Oct-2008,NaN,-26.4
29-Oct-2008,NaN,8.7
30-Oct-2008,NaN,-4.1
31-Oct-2008,NaN,-13.2
03-Nov-2008,NaN,2.2
04-Nov-2008,NaN,4.1
05-Nov-2008,NaN,1.7
06-Nov-2008,NaN,3.5
07-Nov-2008,NaN,0.2
10-Nov-2008,NaN,-5.4
11-Nov-2008,NaN,-5.4
12-Nov-2008,NaN,6.7
13-Nov-2008,NaN,2.4
14-Nov-2008,NaN,-3.3
17-Nov-2008,NaN,12.3
18-Nov-2008,NaN,-0.600000000000001
19-Nov-2008,NaN,-3.3
20-Nov-2008,NaN,-0.699999999999995
21-Nov-2008,NaN,-3.9
24-Nov-2008,NaN,1.49999999999999
25-Nov-2008,NaN,4
26-Nov-2008,NaN,6.1
27-Nov-2008,NaN,6.1
28-Nov-2008,NaN,3.4
01-Dec-2008,NaN,-5
02-Dec-2008,NaN,7.7
03-Dec-2008,NaN,-1.1
04-Dec-2008,NaN,-2.4
05-Dec-2008,NaN,-13
08-Dec-2008,NaN,0
09-Dec-2008,NaN,-0.2
10-Dec-2008,NaN,-0.5
11-Dec-2008,NaN,4.9
12-Dec-2008,NaN,-2.5
15-Dec-2008,NaN,-4.1
16-Dec-2008,NaN,-7.2
17-Dec-2008,NaN,-1.9
18-Dec-2008,NaN,-3.8
19-Dec-2008,NaN,-0.3
22-Dec-2008,NaN,0.399999999999999
23-Dec-2008,NaN,1.5
24-Dec-2008,NaN,1.8
25-Dec-2008,NaN,1.8
26-Dec-2008,NaN,4
29-Dec-2008,NaN,-0.4
30-Dec-2008,NaN,1.6
31-Dec-2008,NaN,-2
01-Jan-2009,NaN,-2
02-Jan-2009,NaN,0.799999999999999
05-Jan-2009,NaN,-0.3
06-Jan-2009,NaN,1.5
07-Jan-2009,NaN,0.599999999999999
08-Jan-2009,NaN,-0.3
09-Jan-2009,NaN,0.399999999999999
12-Jan-2009,NaN,-2.8
13-Jan-2009,NaN,-1.6
14-Jan-2009,NaN,-0.800000000000001
15-Jan-2009,NaN,3.3
16-Jan-2009,NaN,-4.95
19-Jan-2009,NaN,-4.95
20-Jan-2009,NaN,-5.8
21-Jan-2009,NaN,-0.4
22-Jan-2009,NaN,-3.5
23-Jan-2009,NaN,6.1
26-Jan-2009,NaN,2.2
27-Jan-2009,NaN,-0.600000000000001
28-Jan-2009,NaN,6.3
29-Jan-2009,NaN,-1.9
30-Jan-2009,NaN,4.6
02-Feb-2009,NaN,1.9
03-Feb-2009,NaN,0.5
04-Feb-2009,NaN,-1.2
05-Feb-2009,NaN,-2.1
06-Feb-2009,NaN,-3.7
09-Feb-2009,NaN,-1.8
10-Feb-2009,NaN,-0.3
11-Feb-2009,NaN,-0.1
12-Feb-2009,NaN,2.3
13-Feb-2009,NaN,-1.5
16-Feb-2009,NaN,-1.5
17-Feb-2009,NaN,0.700000000000001
18-Feb-2009,NaN,0.700000000000001
19-Feb-2009,NaN,-1.1
20-Feb-2009,NaN,-0.900000000000001
23-Feb-2009,NaN,0.700000000000001
24-Feb-2009,NaN,1.4
25-Feb-2009,NaN,-0.600000000000001
26-Feb-2009,NaN,-0.700000000000001
27-Feb-2009,NaN,-1.9
02-Mar-2009,NaN,-0.2
03-Mar-2009,NaN,0.1
04-Mar-2009,NaN,-1.3
05-Mar-2009,NaN,1
06-Mar-2009,NaN,1.3
09-Mar-2009,NaN,-0.5
10-Mar-2009,NaN,0.3
11-Mar-2009,NaN,3.8
12-Mar-2009,NaN,2
13-Mar-2009,NaN,2
16-Mar-2009,NaN,-1.3
17-Mar-2009,NaN,0.700000000000001
18-Mar-2009,NaN,0.3
19-Mar-2009,NaN,0
20-Mar-2009,NaN,0.4
23-Mar-2009,NaN,0
24-Mar-2009,NaN,1.1
25-Mar-2009,NaN,0.600000000000001
26-Mar-2009,NaN,0.3
27-Mar-2009,NaN,-2.8
30-Mar-2009,NaN,0.2
31-Mar-2009,NaN,0.700000000000001
01-Apr-2009,NaN,-2.4
02-Apr-2009,NaN,-1.2
03-Apr-2009,NaN,0.3
06-Apr-2009,NaN,-0.2
07-Apr-2009,NaN,3.3
08-Apr-2009,NaN,-0.3
09-Apr-2009,NaN,2.6
10-Apr-2009,NaN,2.6
13-Apr-2009,NaN,-1.5
14-Apr-2009,NaN,-1.2
15-Apr-2009,NaN,-0.800000000000001
16-Apr-2009,NaN,1.8
17-Apr-2009,NaN,-3
20-Apr-2009,NaN,0.5
21-Apr-2009,NaN,2.5
22-Apr-2009,NaN,-0.3
23-Apr-2009,NaN,-1.5
24-Apr-2009,NaN,2.2
27-Apr-2009,NaN,-1.9
28-Apr-2009,NaN,2.5
29-Apr-2009,NaN,2.4
30-Apr-2009,NaN,3.9
01-May-2009,NaN,0.5
04-May-2009,NaN,0.2
05-May-2009,NaN,1.2
06-May-2009,NaN,2.5
07-May-2009,NaN,0.4
08-May-2009,NaN,3.1
11-May-2009,NaN,1.5
12-May-2009,NaN,0.800000000000001
13-May-2009,NaN,-0.299999999999997
14-May-2009,NaN,4.4
15-May-2009,NaN,-1.2
18-May-2009,NaN,1.8
19-May-2009,NaN,1.5
20-May-2009,NaN,-3.2
21-May-2009,NaN,-1.5
22-May-2009,NaN,-0.600000000000001
25-May-2009,NaN,-0.600000000000001
26-May-2009,NaN,2.2
27-May-2009,NaN,-2.8
28-May-2009,NaN,-0.699999999999998
29-May-2009,NaN,-0.599999999999998
01-Jun-2009,NaN,0.800000000000001
02-Jun-2009,NaN,-2.5
03-Jun-2009,NaN,0.4
04-Jun-2009,NaN,0.800000000000001
05-Jun-2009,NaN,0.600000000000001
08-Jun-2009,NaN,-1.9
09-Jun-2009,NaN,0.3
10-Jun-2009,NaN,-1.7
11-Jun-2009,NaN,-0.4
12-Jun-2009,NaN,-0.800000000000001
15-Jun-2009,NaN,1.1
16-Jun-2009,NaN,4.3
17-Jun-2009,NaN,0
18-Jun-2009,NaN,-2.2
19-Jun-2009,NaN,-4.2
22-Jun-2009,NaN,-0.5
23-Jun-2009,NaN,2.7
24-Jun-2009,NaN,-2.4
25-Jun-2009,NaN,2
26-Jun-2009,NaN,-1.3
29-Jun-2009,NaN,-0.2
30-Jun-2009,NaN,-1.8
01-Jul-2009,NaN,1
02-Jul-2009,NaN,-2.5
03-Jul-2009,NaN,-2.5
06-Jul-2009,NaN,37
07-Jul-2009,NaN,-0.799999999999998
08-Jul-2009,NaN,-2.2
09-Jul-2009,NaN,-1.2
10-Jul-2009,NaN,2.2
13-Jul-2009,NaN,1.1
14-Jul-2009,NaN,-1.1
15-Jul-2009,NaN,-1.2
16-Jul-2009,NaN,1.2
17-Jul-2009,NaN,2.6
20-Jul-2009,NaN,0
21-Jul-2009,NaN,1.3
22-Jul-2009,NaN,-0.5
23-Jul-2009,NaN,4.1
24-Jul-2009,NaN,-1.2
27-Jul-2009,NaN,-2
28-Jul-2009,NaN,2.4
29-Jul-2009,NaN,-5.1
30-Jul-2009,NaN,-0.699999999999998
31-Jul-2009,NaN,-1.9
03-Aug-2009,NaN,1.8
04-Aug-2009,NaN,-1.9
05-Aug-2009,NaN,0.1
06-Aug-2009,NaN,1.2
07-Aug-2009,NaN,-0.1
10-Aug-2009,NaN,-0.4
11-Aug-2009,NaN,0.199999999999997
12-Aug-2009,NaN,-0.2
13-Aug-2009,NaN,0.3
14-Aug-2009,NaN,0.600000000000001
17-Aug-2009,NaN,-2.8
18-Aug-2009,NaN,0
19-Aug-2009,NaN,0.2
20-Aug-2009,NaN,-0.600000000000001
21-Aug-2009,NaN,-0.2
24-Aug-2009,NaN,-3
25-Aug-2009,NaN,-0.1
26-Aug-2009,NaN,-1.4
27-Aug-2009,NaN,0.599999999999998
28-Aug-2009,NaN,0.999999999999998
31-Aug-2009,NaN,9.2
01-Sep-2009,NaN,-2
02-Sep-2009,NaN,1.4
03-Sep-2009,NaN,-0.199999999999997
04-Sep-2009,NaN,0.5
07-Sep-2009,NaN,0.5
08-Sep-2009,NaN,-1.3
09-Sep-2009,NaN,-1.2
10-Sep-2009,NaN,0.2
11-Sep-2009,NaN,-0.4
14-Sep-2009,NaN,2.4
15-Sep-2009,NaN,-1
16-Sep-2009,NaN,-0.800000000000001
17-Sep-2009,NaN,-0.700000000000001
18-Sep-2009,NaN,0.1
21-Sep-2009,NaN,4.7
22-Sep-2009,NaN,8.3
23-Sep-2009,NaN,4.9
24-Sep-2009,NaN,-2.7
25-Sep-2009,NaN,-0.700000000000001
28-Sep-2009,NaN,4.1
29-Sep-2009,NaN,-2
30-Sep-2009,NaN,-0.199999999999999
01-Oct-2009,NaN,1.1
02-Oct-2009,NaN,-0.4
05-Oct-2009,NaN,0
06-Oct-2009,NaN,-1
07-Oct-2009,NaN,-0.4
08-Oct-2009,NaN,-0.699999999999999
09-Oct-2009,NaN,0.4
12-Oct-2009,NaN,0.4
13-Oct-2009,NaN,2
14-Oct-2009,NaN,-1.4
15-Oct-2009,NaN,-0.700000000000001
16-Oct-2009,NaN,2.1
19-Oct-2009,NaN,-1.8
20-Oct-2009,NaN,-0.3
21-Oct-2009,NaN,1.2
22-Oct-2009,NaN,-1.1
23-Oct-2009,NaN,-0.3
26-Oct-2009,NaN,0.1
27-Oct-2009,NaN,1.6
28-Oct-2009,NaN,-1.5
29-Oct-2009,NaN,-1.5
30-Oct-2009,NaN,1.9
02-Nov-2009,NaN,1.2
03-Nov-2009,NaN,0.4
04-Nov-2009,NaN,-1.8
05-Nov-2009,NaN,0.599999999999999
06-Nov-2009,NaN,0
09-Nov-2009,NaN,-0.600000000000001
10-Nov-2009,NaN,0.4
11-Nov-2009,NaN,0.4
12-Nov-2009,NaN,-0.799999999999999
13-Nov-2009,NaN,0.4
16-Nov-2009,NaN,-1.2
17-Nov-2009,NaN,0
18-Nov-2009,NaN,0.5
19-Nov-2009,NaN,0.899999999999999
20-Nov-2009,NaN,2.3
23-Nov-2009,NaN,0.4
24-Nov-2009,NaN,1.4
25-Nov-2009,NaN,-0.2
26-Nov-2009,NaN,-0.2
27-Nov-2009,NaN,-3.2
30-Nov-2009,NaN,0.2
01-Dec-2009,NaN,0.4
02-Dec-2009,NaN,1.1
03-Dec-2009,NaN,1
04-Dec-2009,NaN,0.4
07-Dec-2009,NaN,2.5
08-Dec-2009,NaN,5.5
09-Dec-2009,NaN,2.5
10-Dec-2009,NaN,-1.7
11-Dec-2009,NaN,0.799999999999998
14-Dec-2009,NaN,-1.6
15-Dec-2009,NaN,-4.1
16-Dec-2009,NaN,-0.1
17-Dec-2009,NaN,0.499999999999998
18-Dec-2009,NaN,-1.3
21-Dec-2009,NaN,-1.2
22-Dec-2009,NaN,-2.5
23-Dec-2009,NaN,3.3
24-Dec-2009,NaN,0.599999999999999
25-Dec-2009,NaN,0.599999999999999
28-Dec-2009,NaN,1.3
29-Dec-2009,NaN,0.2
30-Dec-2009,NaN,-3.8
31-Dec-2009,NaN,-24.3
01-Jan-2010,NaN,-24.3
04-Jan-2010,NaN,-0.399999999999999
05-Jan-2010,NaN,0.600000000000001
06-Jan-2010,NaN,1.9
07-Jan-2010,NaN,-0.5
08-Jan-2010,NaN,-0.6
11-Jan-2010,NaN,-0.3
12-Jan-2010,NaN,1.9
13-Jan-2010,NaN,1.6
14-Jan-2010,NaN,-0.1
15-Jan-2010,NaN,2.6
18-Jan-2010,NaN,2.6
19-Jan-2010,NaN,0.2
20-Jan-2010,NaN,2.4
21-Jan-2010,NaN,0.600000000000001
22-Jan-2010,NaN,-1.4
25-Jan-2010,NaN,1.1
26-Jan-2010,NaN,1.1
27-Jan-2010,NaN,1.2
28-Jan-2010,NaN,-0.800000000000001
29-Jan-2010,NaN,-1.5
01-Feb-2010,NaN,0.699999999999998
02-Feb-2010,NaN,-2.7
03-Feb-2010,NaN,2.2
04-Feb-2010,NaN,1.3
05-Feb-2010,NaN,1.2
08-Feb-2010,NaN,0.1
09-Feb-2010,NaN,1.3
10-Feb-2010,NaN,1.5
11-Feb-2010,NaN,-1
12-Feb-2010,NaN,-2
15-Feb-2010,NaN,-2
16-Feb-2010,NaN,0.699999999999998
17-Feb-2010,NaN,0.5
18-Feb-2010,NaN,-0.3
19-Feb-2010,NaN,-1.6
22-Feb-2010,NaN,0.399999999999999
23-Feb-2010,NaN,-0.3
24-Feb-2010,NaN,-3.4
25-Feb-2010,NaN,-1.5
26-Feb-2010,NaN,-0.800000000000001
01-Mar-2010,NaN,-1.1
02-Mar-2010,NaN,0.800000000000001
03-Mar-2010,NaN,-0.2
04-Mar-2010,NaN,1.1
05-Mar-2010,NaN,-0.5
08-Mar-2010,NaN,0.900000000000001
09-Mar-2010,NaN,0.900000000000001
10-Mar-2010,NaN,-0.600000000000001
11-Mar-2010,NaN,2.1
12-Mar-2010,NaN,0.4
15-Mar-2010,NaN,-4.2
16-Mar-2010,NaN,-1
17-Mar-2010,NaN,-1.1
18-Mar-2010,NaN,-1.2
19-Mar-2010,NaN,-1.8
22-Mar-2010,NaN,-1.8
23-Mar-2010,NaN,-1.1
24-Mar-2010,NaN,1.5
25-Mar-2010,NaN,0.700000000000001
26-Mar-2010,NaN,0.600000000000001
29-Mar-2010,NaN,2
30-Mar-2010,NaN,-0.5
31-Mar-2010,NaN,-9
01-Apr-2010,NaN,1.5
02-Apr-2010,NaN,2.5
05-Apr-2010,NaN,0.900000000000001
06-Apr-2010,NaN,0
07-Apr-2010,NaN,0.1
08-Apr-2010,NaN,-0.1
09-Apr-2010,NaN,-0.2
12-Apr-2010,NaN,-1.8
13-Apr-2010,NaN,-0.4
14-Apr-2010,NaN,-1.9
15-Apr-2010,NaN,0.2
16-Apr-2010,NaN,0.5
19-Apr-2010,NaN,1.2
20-Apr-2010,NaN,1.5
21-Apr-2010,NaN,0.600000000000001
22-Apr-2010,NaN,-0.4
23-Apr-2010,NaN,-1.3
26-Apr-2010,NaN,-0.1
27-Apr-2010,NaN,-2.8
28-Apr-2010,NaN,0.3
29-Apr-2010,NaN,-0.800000000000001
30-Apr-2010,NaN,3.9
03-May-2010,NaN,-1.6
04-May-2010,NaN,-0.199999999999997
05-May-2010,NaN,-0.1
06-May-2010,NaN,-0.599999999999998
07-May-2010,NaN,-2.1
10-May-2010,NaN,0.3
11-May-2010,NaN,1.1
12-May-2010,NaN,0.1
13-May-2010,NaN,-0.4
14-May-2010,NaN,-0.5
17-May-2010,NaN,-0.4
18-May-2010,NaN,-1.9
19-May-2010,NaN,-0.299999999999997
20-May-2010,NaN,-1.1
21-May-2010,NaN,1
24-May-2010,NaN,0.900000000000001
25-May-2010,NaN,0.5
26-May-2010,NaN,-1
27-May-2010,NaN,-0.700000000000001
28-May-2010,NaN,0.800000000000001
31-May-2010,NaN,0.800000000000001
01-Jun-2010,NaN,-0.2
02-Jun-2010,NaN,-0.3
03-Jun-2010,NaN,0.4
04-Jun-2010,NaN,0.2
07-Jun-2010,NaN,0.1
08-Jun-2010,NaN,-0.199999999999997
09-Jun-2010,NaN,-0.2
10-Jun-2010,NaN,0.3
11-Jun-2010,NaN,0.799999999999998
14-Jun-2010,NaN,-1
15-Jun-2010,NaN,-0.600000000000001
16-Jun-2010,NaN,1.2
17-Jun-2010,NaN,-0.2
18-Jun-2010,NaN,-1.2
21-Jun-2010,NaN,-2.2
22-Jun-2010,NaN,-0.799999999999998
23-Jun-2010,NaN,1.5
24-Jun-2010,NaN,0.399999999999998
25-Jun-2010,NaN,-1.5
28-Jun-2010,NaN,-1.3
29-Jun-2010,NaN,-0.700000000000001
30-Jun-2010,NaN,13.5
01-Jul-2010,NaN,-1
02-Jul-2010,NaN,-0.5
05-Jul-2010,NaN,-0.5
06-Jul-2010,NaN,-1.9
07-Jul-2010,NaN,0.800000000000001
08-Jul-2010,NaN,-2.9
09-Jul-2010,NaN,-0.4
12-Jul-2010,NaN,-0.4
13-Jul-2010,NaN,0.3
14-Jul-2010,NaN,-0.4
15-Jul-2010,NaN,-1.7
16-Jul-2010,NaN,-2.2
19-Jul-2010,NaN,1.5
20-Jul-2010,NaN,-0.3
21-Jul-2010,NaN,-0.800000000000001
22-Jul-2010,NaN,-2
23-Jul-2010,NaN,-0.700000000000001
26-Jul-2010,NaN,-0.2
27-Jul-2010,NaN,0.600000000000001
28-Jul-2010,NaN,-1.7
29-Jul-2010,NaN,-0.4
30-Jul-2010,NaN,0.2
02-Aug-2010,NaN,-0.4
03-Aug-2010,NaN,-0.4
04-Aug-2010,NaN,0.1
05-Aug-2010,NaN,-1.2
06-Aug-2010,NaN,-0.499999999999998
09-Aug-2010,NaN,-0.600000000000001
10-Aug-2010,NaN,-0.699999999999998
11-Aug-2010,NaN,0.2
12-Aug-2010,NaN,-1.1
13-Aug-2010,NaN,-0.1
16-Aug-2010,NaN,-1.5
17-Aug-2010,NaN,-0.900000000000001
18-Aug-2010,NaN,-0.2
19-Aug-2010,NaN,-0.4
20-Aug-2010,NaN,0.800000000000001
23-Aug-2010,NaN,-1
24-Aug-2010,NaN,1.6
25-Aug-2010,NaN,0.600000000000001
26-Aug-2010,NaN,-1.7
27-Aug-2010,NaN,0.600000000000001
30-Aug-2010,NaN,-2.9
31-Aug-2010,NaN,-1.4
01-Sep-2010,NaN,2.4
02-Sep-2010,NaN,-0.4
03-Sep-2010,NaN,1.1
06-Sep-2010,NaN,1.1
07-Sep-2010,NaN,2.3
08-Sep-2010,NaN,2
09-Sep-2010,NaN,-0.2
10-Sep-2010,NaN,-0.4
13-Sep-2010,NaN,0.900000000000001
14-Sep-2010,NaN,2.2
15-Sep-2010,NaN,-0.900000000000001
16-Sep-2010,NaN,-2.3
17-Sep-2010,NaN,2.5
20-Sep-2010,NaN,-0.2
21-Sep-2010,NaN,-1.8
22-Sep-2010,NaN,-0.899999999999998
23-Sep-2010,NaN,1.7
24-Sep-2010,NaN,2
27-Sep-2010,NaN,1.7
28-Sep-2010,NaN,-0.5
29-Sep-2010,NaN,-0.700000000000001
30-Sep-2010,NaN,2.3
01-Oct-2010,NaN,0.4
04-Oct-2010,NaN,-0.600000000000001
05-Oct-2010,NaN,-1.9
06-Oct-2010,NaN,-0.1
07-Oct-2010,NaN,4
08-Oct-2010,NaN,0.800000000000001
11-Oct-2010,NaN,0.800000000000001
12-Oct-2010,NaN,0.700000000000001
13-Oct-2010,NaN,0.600000000000001
14-Oct-2010,NaN,-1.6
15-Oct-2010,NaN,0.3
18-Oct-2010,NaN,-1.4
19-Oct-2010,NaN,1.5
20-Oct-2010,NaN,0.900000000000001
21-Oct-2010,NaN,0.4
22-Oct-2010,NaN,-0.999999999999998
25-Oct-2010,NaN,-0.2
26-Oct-2010,NaN,0.3
27-Oct-2010,NaN,0.800000000000001
28-Oct-2010,NaN,-1.1
29-Oct-2010,NaN,-0.5
01-Nov-2010,NaN,-0.700000000000001
02-Nov-2010,NaN,0.600000000000001
03-Nov-2010,NaN,-0.2
04-Nov-2010,NaN,0.1
05-Nov-2010,NaN,-0.1
08-Nov-2010,NaN,0.4
09-Nov-2010,NaN,-0.900000000000001
10-Nov-2010,NaN,0.800000000000001
11-Nov-2010,NaN,0.800000000000001
12-Nov-2010,NaN,1.5
15-Nov-2010,NaN,-0.1
16-Nov-2010,NaN,0.2
17-Nov-2010,NaN,0.3
18-Nov-2010,NaN,3.1
19-Nov-2010,NaN,2.1
22-Nov-2010,NaN,0.4
23-Nov-2010,NaN,2.4
24-Nov-2010,NaN,0.799999999999998
25-Nov-2010,NaN,0.799999999999998
26-Nov-2010,NaN,0.800000000000001
29-Nov-2010,NaN,1.9
30-Nov-2010,NaN,0.800000000000001
01-Dec-2010,NaN,-0.4
02-Dec-2010,NaN,1.5
03-Dec-2010,NaN,-0.800000000000001
06-Dec-2010,NaN,0.4
07-Dec-2010,NaN,-0.600000000000001
08-Dec-2010,NaN,1.1
09-Dec-2010,NaN,0.900000000000001
10-Dec-2010,NaN,-0.4
13-Dec-2010,NaN,1.1
14-Dec-2010,NaN,-1.5
15-Dec-2010,NaN,-0.1
16-Dec-2010,NaN,3.1
17-Dec-2010,NaN,2.7
20-Dec-2010,NaN,1.9
21-Dec-2010,NaN,-0.800000000000001
22-Dec-2010,NaN,0.999999999999998
23-Dec-2010,NaN,-4.4
24-Dec-2010,NaN,-4.4
27-Dec-2010,NaN,0.3
28-Dec-2010,NaN,-4.9
29-Dec-2010,NaN,1.5
30-Dec-2010,NaN,0.799999999999998
31-Dec-2010,NaN,-3.6
03-Jan-2011,NaN,0.3
04-Jan-2011,NaN,0.4
05-Jan-2011,NaN,-1.6
06-Jan-2011,NaN,0.499999999999998
07-Jan-2011,NaN,-0.2
10-Jan-2011,NaN,-0.5
11-Jan-2011,NaN,0.3
12-Jan-2011,NaN,1.7
13-Jan-2011,NaN,-0.600000000000001
14-Jan-2011,NaN,3.6
17-Jan-2011,NaN,3.6
18-Jan-2011,NaN,2.1
19-Jan-2011,NaN,-0.1
20-Jan-2011,NaN,-0.900000000000001
21-Jan-2011,NaN,0.3
24-Jan-2011,NaN,0.5
25-Jan-2011,NaN,-0.1
26-Jan-2011,NaN,0.2
27-Jan-2011,NaN,0.699999999999998
28-Jan-2011,NaN,-1.5
31-Jan-2011,NaN,3.3
01-Feb-2011,NaN,-0.3
02-Feb-2011,NaN,-0.4
03-Feb-2011,NaN,-2
04-Feb-2011,NaN,-1.7
07-Feb-2011,NaN,0.3
08-Feb-2011,NaN,0.399999999999998
09-Feb-2011,NaN,0
10-Feb-2011,NaN,0
11-Feb-2011,NaN,0.0999999999999973
14-Feb-2011,NaN,0.0999999999999973
15-Feb-2011,NaN,0.599999999999998
16-Feb-2011,NaN,0.900000000000001
17-Feb-2011,NaN,-0.3
18-Feb-2011,NaN,-0.4
21-Feb-2011,NaN,-0.4
22-Feb-2011,NaN,0.700000000000001
23-Feb-2011,NaN,-0.4
24-Feb-2011,NaN,1
25-Feb-2011,NaN,0.900000000000001
28-Feb-2011,NaN,-0.1
01-Mar-2011,NaN,-1.1
02-Mar-2011,NaN,-0.4
03-Mar-2011,NaN,0.800000000000001
04-Mar-2011,NaN,-3
07-Mar-2011,NaN,0.800000000000001
08-Mar-2011,NaN,-0.4
09-Mar-2011,NaN,-0.600000000000001
10-Mar-2011,NaN,0.799999999999999
11-Mar-2011,NaN,0.600000000000001
14-Mar-2011,NaN,-1.1
15-Mar-2011,NaN,-0.600000000000001
16-Mar-2011,NaN,-1
17-Mar-2011,NaN,-1.5
18-Mar-2011,NaN,1.5
21-Mar-2011,NaN,-0.2
22-Mar-2011,NaN,0.1
23-Mar-2011,NaN,0.5
24-Mar-2011,NaN,0.700000000000001
25-Mar-2011,NaN,0.2
28-Mar-2011,NaN,2.6
29-Mar-2011,NaN,0.4
30-Mar-2011,NaN,-0.3
31-Mar-2011,NaN,-1.3
01-Apr-2011,NaN,-4.9
04-Apr-2011,NaN,-6.2
05-Apr-2011,NaN,-2.5
06-Apr-2011,NaN,1.4
07-Apr-2011,NaN,0.3
08-Apr-2011,NaN,-0.4
11-Apr-2011,NaN,1.1
12-Apr-2011,NaN,-0.1
13-Apr-2011,NaN,2.9
14-Apr-2011,NaN,9.1
15-Apr-2011,NaN,12.3
18-Apr-2011,NaN,-1.9
19-Apr-2011,NaN,-1.4
20-Apr-2011,NaN,-0.1
21-Apr-2011,NaN,-2.5
22-Apr-2011,NaN,-2.5
25-Apr-2011,NaN,-2.7
26-Apr-2011,NaN,0.5
27-Apr-2011,NaN,-1.3
28-Apr-2011,NaN,0.5
29-Apr-2011,NaN,-0.6
02-May-2011,NaN,-2.6
03-May-2011,NaN,1.5
04-May-2011,NaN,0
05-May-2011,NaN,0.8
06-May-2011,NaN,0.3
09-May-2011,NaN,1.6
10-May-2011,NaN,-2.7
11-May-2011,NaN,-0.6
12-May-2011,NaN,-0.1
13-May-2011,NaN,-1.9
16-May-2011,NaN,-1.7
17-May-2011,NaN,0.499999999999999
18-May-2011,NaN,-1.1
19-May-2011,NaN,0.699999999999999
20-May-2011,NaN,-2.8
23-May-2011,NaN,-2.8
24-May-2011,NaN,-0.1
25-May-2011,NaN,-0.5
26-May-2011,NaN,0.600000000000001
27-May-2011,NaN,-1.4
30-May-2011,NaN,-1.4
31-May-2011,NaN,2.7
01-Jun-2011,NaN,-2.7
02-Jun-2011,NaN,0.1
03-Jun-2011,NaN,3.5
06-Jun-2011,NaN,0.5
07-Jun-2011,NaN,0.2
08-Jun-2011,NaN,0
09-Jun-2011,NaN,0.4
10-Jun-2011,NaN,-2.1
13-Jun-2011,NaN,-1.3
14-Jun-2011,NaN,-0.700000000000001
15-Jun-2011,NaN,3.7
16-Jun-2011,NaN,3.1
17-Jun-2011,NaN,-3.7
20-Jun-2011,NaN,-0.599999999999999
21-Jun-2011,NaN,-0.4
22-Jun-2011,NaN,-1.2
23-Jun-2011,NaN,-0.6
24-Jun-2011,NaN,-0.3
27-Jun-2011,NaN,-0.5
28-Jun-2011,NaN,-1.8
29-Jun-2011,NaN,0
30-Jun-2011,NaN,0.8
01-Jul-2011,NaN,-0.2
04-Jul-2011,NaN,-0.2
05-Jul-2011,NaN,-3.3
06-Jul-2011,NaN,1.4
07-Jul-2011,NaN,-0.1
08-Jul-2011,NaN,-2.1
11-Jul-2011,NaN,-0.5
12-Jul-2011,NaN,0.3
13-Jul-2011,NaN,-0.2
14-Jul-2011,NaN,-0.7
15-Jul-2011,NaN,2
18-Jul-2011,NaN,0.9
19-Jul-2011,NaN,-0.3
20-Jul-2011,NaN,1.5
21-Jul-2011,NaN,0.2
22-Jul-2011,NaN,-0.7
25-Jul-2011,NaN,0.7
26-Jul-2011,NaN,0.4
27-Jul-2011,NaN,3.5
28-Jul-2011,NaN,1.7
29-Jul-2011,NaN,-4.7
01-Aug-2011,NaN,-5.8
02-Aug-2011,NaN,0.3
03-Aug-2011,NaN,1.6
04-Aug-2011,NaN,-1.5
05-Aug-2011,NaN,-1.2
08-Aug-2011,NaN,-1.4
09-Aug-2011,NaN,-0.7
10-Aug-2011,NaN,0.3
11-Aug-2011,NaN,0.599999999999999
12-Aug-2011,NaN,-1.2
15-Aug-2011,NaN,-1.2
16-Aug-2011,NaN,-0.2
17-Aug-2011,NaN,-2
18-Aug-2011,NaN,0.4
19-Aug-2011,NaN,-1
22-Aug-2011,NaN,-0.1
23-Aug-2011,NaN,-0.2
24-Aug-2011,NaN,-1
25-Aug-2011,NaN,0.6
26-Aug-2011,NaN,-3.2
29-Aug-2011,NaN,1.2
30-Aug-2011,NaN,0.4
31-Aug-2011,NaN,-0.3
01-Sep-2011,NaN,-0.900000000000001
02-Sep-2011,NaN,-1
05-Sep-2011,NaN,-1
06-Sep-2011,NaN,-1.6
07-Sep-2011,NaN,-0.699999999999999
08-Sep-2011,NaN,1.3
09-Sep-2011,NaN,-1.3
12-Sep-2011,NaN,0.5
13-Sep-2011,NaN,0.1
14-Sep-2011,NaN,1.2
15-Sep-2011,NaN,-1.7
16-Sep-2011,NaN,2
19-Sep-2011,NaN,-1.3
20-Sep-2011,NaN,-1.1
21-Sep-2011,NaN,1.4
22-Sep-2011,NaN,0.600000000000001
23-Sep-2011,NaN,2.7
26-Sep-2011,NaN,-2.1
27-Sep-2011,NaN,0.1
28-Sep-2011,NaN,2.8
29-Sep-2011,NaN,0.9
30-Sep-2011,NaN,-9
03-Oct-2011,NaN,-2.6
04-Oct-2011,NaN,1.6
05-Oct-2011,NaN,0.899999999999999
06-Oct-2011,NaN,-1.8
07-Oct-2011,NaN,0.3
10-Oct-2011,NaN,0.3
11-Oct-2011,NaN,-0.3
12-Oct-2011,NaN,0.1
13-Oct-2011,NaN,2.3
14-Oct-2011,NaN,4.9
17-Oct-2011,NaN,-1.9
18-Oct-2011,NaN,-1.9
19-Oct-2011,NaN,-0.2
20-Oct-2011,NaN,-0.700000000000001
21-Oct-2011,NaN,1.3
24-Oct-2011,NaN,1.6
25-Oct-2011,NaN,-1.1
26-Oct-2011,NaN,-0.700000000000001
27-Oct-2011,NaN,-2.4
28-Oct-2011,NaN,1.2
31-Oct-2011,NaN,-0.2
01-Nov-2011,NaN,0.900000000000001
02-Nov-2011,NaN,-2
03-Nov-2011,NaN,-0.800000000000001
04-Nov-2011,NaN,2.8
07-Nov-2011,NaN,-0.4
08-Nov-2011,NaN,0.3
09-Nov-2011,NaN,0.0999999999999987
10-Nov-2011,NaN,-1.1
11-Nov-2011,NaN,-1.1
14-Nov-2011,NaN,0.5
15-Nov-2011,NaN,-3.1
16-Nov-2011,NaN,-1.8
17-Nov-2011,NaN,1.1
18-Nov-2011,NaN,1.4
21-Nov-2011,NaN,-0.2
22-Nov-2011,NaN,-2.2
23-Nov-2011,NaN,0.5
24-Nov-2011,NaN,0.5
25-Nov-2011,NaN,0.1
28-Nov-2011,NaN,0
29-Nov-2011,NaN,-3.1
30-Nov-2011,NaN,1.5
01-Dec-2011,NaN,-1.7
02-Dec-2011,NaN,-0.700000000000001
05-Dec-2011,NaN,0.2
06-Dec-2011,NaN,0
07-Dec-2011,NaN,0
08-Dec-2011,NaN,0.1
09-Dec-2011,NaN,-0.900000000000001
12-Dec-2011,NaN,-1.2
13-Dec-2011,NaN,-2.2
14-Dec-2011,NaN,-1.4
15-Dec-2011,NaN,3.8
16-Dec-2011,NaN,2.3
19-Dec-2011,NaN,-0.899999999999999
20-Dec-2011,NaN,-0.899999999999999
21-Dec-2011,NaN,0.3
22-Dec-2011,NaN,0.0999999999999994
23-Dec-2011,NaN,-0.799999999999999
26-Dec-2011,NaN,-0.799999999999999
27-Dec-2011,NaN,-1.4
28-Dec-2011,NaN,1.2
29-Dec-2011,NaN,1.8
30-Dec-2011,NaN,-6.1
02-Jan-2012,NaN,-6.1
03-Jan-2012,NaN,-1.3
04-Jan-2012,NaN,-1
05-Jan-2012,NaN,-1.2
06-Jan-2012,NaN,2.3
09-Jan-2012,NaN,-1.4
10-Jan-2012,NaN,-0.900000000000001
11-Jan-2012,NaN,-1.8
12-Jan-2012,NaN,3
13-Jan-2012,NaN,0.299999999999997
16-Jan-2012,NaN,0.299999999999997
17-Jan-2012,NaN,-2.2
18-Jan-2012,NaN,0.600000000000001
19-Jan-2012,NaN,-2
20-Jan-2012,NaN,-1.2
23-Jan-2012,NaN,-0.3
24-Jan-2012,NaN,0.700000000000001
25-Jan-2012,NaN,-0.299999999999999
26-Jan-2012,NaN,0.2
27-Jan-2012,NaN,0.1
30-Jan-2012,NaN,0.600000000000001
31-Jan-2012,NaN,-0.4
01-Feb-2012,NaN,-3.5
02-Feb-2012,NaN,-0.2
03-Feb-2012,NaN,-0.800000000000001
06-Feb-2012,NaN,0.700000000000001
07-Feb-2012,NaN,0.1
08-Feb-2012,NaN,-2.2
09-Feb-2012,NaN,0.900000000000001
10-Feb-2012,NaN,-0.800000000000001
13-Feb-2012,NaN,-2.1
14-Feb-2012,NaN,-0.1
15-Feb-2012,NaN,-2.8
16-Feb-2012,NaN,-0.900000000000001
17-Feb-2012,NaN,0.699999999999999
20-Feb-2012,NaN,0.699999999999999
21-Feb-2012,NaN,1.4
22-Feb-2012,NaN,0.900000000000001
23-Feb-2012,NaN,1.6
24-Feb-2012,NaN,2.3
27-Feb-2012,NaN,-1.4
28-Feb-2012,NaN,0.1
29-Feb-2012,NaN,0.1
01-Mar-2012,NaN,-1.5
02-Mar-2012,NaN,-0.900000000000001
05-Mar-2012,NaN,-0.900000000000001
06-Mar-2012,NaN,-0.5
07-Mar-2012,NaN,-2.2
08-Mar-2012,NaN,1.4
09-Mar-2012,NaN,0.5
12-Mar-2012,NaN,-0.999999999999998
13-Mar-2012,NaN,-0.800000000000001
14-Mar-2012,NaN,0.1
15-Mar-2012,NaN,-0.2
16-Mar-2012,NaN,-0.2
19-Mar-2012,NaN,-1
20-Mar-2012,NaN,-1.7
21-Mar-2012,NaN,-1.5
22-Mar-2012,NaN,1.2
23-Mar-2012,NaN,0.2
26-Mar-2012,NaN,-1.1
27-Mar-2012,NaN,-4.8
28-Mar-2012,NaN,-6.5
29-Mar-2012,NaN,2.7
30-Mar-2012,NaN,-1.2
02-Apr-2012,NaN,8.4
03-Apr-2012,NaN,0.4
04-Apr-2012,NaN,-0.3
05-Apr-2012,NaN,1.4
06-Apr-2012,NaN,1.4
09-Apr-2012,NaN,-2.9
10-Apr-2012,NaN,-1.3
11-Apr-2012,NaN,-1.7
12-Apr-2012,NaN,-1.3
13-Apr-2012,NaN,0.600000000000001
16-Apr-2012,NaN,-1.9
17-Apr-2012,NaN,-0.700000000000001
18-Apr-2012,NaN,-1.3
19-Apr-2012,NaN,-0.800000000000001
20-Apr-2012,NaN,0.2
23-Apr-2012,NaN,0.299999999999999
24-Apr-2012,NaN,4.4
25-Apr-2012,NaN,5.3
26-Apr-2012,NaN,2.2
27-Apr-2012,NaN,1.4
30-Apr-2012,NaN,10.3
01-May-2012,NaN,7.5
02-May-2012,NaN,4.7
03-May-2012,NaN,6.1
04-May-2012,NaN,6.5
07-May-2012,NaN,6.2
08-May-2012,NaN,5.5
09-May-2012,NaN,4.8
10-May-2012,NaN,6.3
11-May-2012,NaN,6.5
14-May-2012,NaN,10.7
15-May-2012,NaN,11.8
16-May-2012,NaN,8.8
17-May-2012,NaN,9.8
18-May-2012,NaN,7.4
21-May-2012,NaN,6.7
22-May-2012,NaN,4.9
23-May-2012,NaN,1.4
24-May-2012,NaN,5.8
25-May-2012,NaN,7.1
28-May-2012,NaN,7.1
29-May-2012,NaN,4.4
30-May-2012,NaN,3.9
31-May-2012,NaN,13.9
01-Jun-2012,NaN,10.9
04-Jun-2012,NaN,10
05-Jun-2012,NaN,8.2
06-Jun-2012,NaN,5
07-Jun-2012,NaN,5.6
08-Jun-2012,NaN,7.9
11-Jun-2012,NaN,8.3
12-Jun-2012,NaN,10.4
13-Jun-2012,NaN,12.6
14-Jun-2012,NaN,12.5
15-Jun-2012,NaN,14
18-Jun-2012,NaN,8.8
19-Jun-2012,NaN,3.8
20-Jun-2012,NaN,3.3
21-Jun-2012,NaN,6.8
22-Jun-2012,NaN,12.1
25-Jun-2012,NaN,9.1
26-Jun-2012,NaN,4.2
27-Jun-2012,NaN,5.2
28-Jun-2012,NaN,8.5
29-Jun-2012,NaN,14.3
02-Jul-2012,NaN,16.2
03-Jul-2012,NaN,12.6
04-Jul-2012,NaN,12.6
05-Jul-2012,NaN,11.5
06-Jul-2012,NaN,8.9
09-Jul-2012,NaN,5
10-Jul-2012,NaN,5.9
11-Jul-2012,NaN,6.4
12-Jul-2012,NaN,9.1
13-Jul-2012,NaN,7.2
16-Jul-2012,NaN,10.2
17-Jul-2012,NaN,6.9
18-Jul-2012,NaN,0.799999999999998
19-Jul-2012,NaN,-1.5
20-Jul-2012,NaN,1.1
23-Jul-2012,NaN,0.5
24-Jul-2012,NaN,7.3
25-Jul-2012,NaN,7
26-Jul-2012,NaN,4.7
27-Jul-2012,NaN,3.7
30-Jul-2012,NaN,2.2
31-Jul-2012,NaN,10.3
01-Aug-2012,NaN,7.6
02-Aug-2012,NaN,9
03-Aug-2012,NaN,7.3
06-Aug-2012,NaN,5.5
07-Aug-2012,NaN,5.2
08-Aug-2012,NaN,7.4
09-Aug-2012,NaN,8.9
10-Aug-2012,NaN,5.7
13-Aug-2012,NaN,3.6
14-Aug-2012,NaN,3.5
15-Aug-2012,NaN,8.3
16-Aug-2012,NaN,6.4
17-Aug-2012,NaN,4
20-Aug-2012,NaN,3.4
21-Aug-2012,NaN,2.7
22-Aug-2012,NaN,3
23-Aug-2012,NaN,6.9
24-Aug-2012,NaN,7.8
27-Aug-2012,NaN,5.7
28-Aug-2012,NaN,2.7
29-Aug-2012,NaN,1.6
30-Aug-2012,NaN,5.5
31-Aug-2012,NaN,12.8
03-Sep-2012,NaN,12.8
04-Sep-2012,NaN,11.5
05-Sep-2012,NaN,11.1
06-Sep-2012,NaN,13.5
07-Sep-2012,NaN,12.2
10-Sep-2012,NaN,11.9
11-Sep-2012,NaN,12.8
12-Sep-2012,NaN,12.6
13-Sep-2012,NaN,15.4
14-Sep-2012,NaN,16.9
17-Sep-2012,NaN,12.8
18-Sep-2012,NaN,11.5
19-Sep-2012,NaN,11.4
20-Sep-2012,NaN,11.5
21-Sep-2012,NaN,11.4
24-Sep-2012,NaN,12.5
25-Sep-2012,NaN,12.9
26-Sep-2012,NaN,11.2
27-Sep-2012,NaN,10.1
28-Sep-2012,NaN,20.3
01-Oct-2012,NaN,17.1
02-Oct-2012,NaN,16.5
03-Oct-2012,NaN,14.5
04-Oct-2012,NaN,14.6
05-Oct-2012,NaN,14.2
08-Oct-2012,NaN,14.2
09-Oct-2012,NaN,12.9
10-Oct-2012,NaN,12.7
11-Oct-2012,NaN,14.3
12-Oct-2012,NaN,14.1
15-Oct-2012,NaN,16.2
16-Oct-2012,NaN,13.8
17-Oct-2012,NaN,12.7
18-Oct-2012,NaN,12.8
19-Oct-2012,NaN,10.4
22-Oct-2012,NaN,7.3
23-Oct-2012,NaN,5.7
24-Oct-2012,NaN,10.2
25-Oct-2012,NaN,12.6
26-Oct-2012,NaN,8.6
29-Oct-2012,NaN,39.1
30-Oct-2012,NaN,39.1
31-Oct-2012,NaN,26.5
01-Nov-2012,NaN,16.6
02-Nov-2012,NaN,11.5
05-Nov-2012,NaN,9.1
06-Nov-2012,NaN,7.4
07-Nov-2012,NaN,6
08-Nov-2012,NaN,11.2
09-Nov-2012,NaN,11.4
12-Nov-2012,NaN,11.4
13-Nov-2012,NaN,11.1
14-Nov-2012,NaN,11.7
15-Nov-2012,NaN,12.5
16-Nov-2012,NaN,8.9
19-Nov-2012,NaN,5.9
20-Nov-2012,NaN,7.3
21-Nov-2012,NaN,9.4
22-Nov-2012,NaN,9.4
23-Nov-2012,NaN,15.3
26-Nov-2012,NaN,11.2
27-Nov-2012,NaN,7.4
28-Nov-2012,NaN,5.6
29-Nov-2012,NaN,7.7
30-Nov-2012,NaN,14
03-Dec-2012,NaN,12.2
04-Dec-2012,NaN,12.9
05-Dec-2012,NaN,13.1
06-Dec-2012,NaN,14.6
07-Dec-2012,NaN,12.5
10-Dec-2012,NaN,9.4
11-Dec-2012,NaN,11.6
12-Dec-2012,NaN,8.9
13-Dec-2012,NaN,9.5
14-Dec-2012,NaN,12
17-Dec-2012,NaN,12.7
18-Dec-2012,NaN,10.3
19-Dec-2012,NaN,9.5
20-Dec-2012,NaN,9.8
21-Dec-2012,NaN,8.8
24-Dec-2012,NaN,12.1
25-Dec-2012,NaN,12.1
26-Dec-2012,NaN,8.7
27-Dec-2012,NaN,8.1
28-Dec-2012,NaN,8.6
31-Dec-2012,NaN,15.5
01-Jan-2013,NaN,15.5
02-Jan-2013,NaN,9.6
03-Jan-2013,NaN,4.9
04-Jan-2013,NaN,3.7
07-Jan-2013,NaN,1.8
08-Jan-2013,NaN,0.599999999999998
09-Jan-2013,NaN,-1.2
10-Jan-2013,NaN,-0.4
11-Jan-2013,NaN,1.3
14-Jan-2013,NaN,4.3
15-Jan-2013,NaN,5.8
16-Jan-2013,NaN,1.3
17-Jan-2013,NaN,-1.7
18-Jan-2013,NaN,-3.6
21-Jan-2013,NaN,-3.6
22-Jan-2013,NaN,-5.5
23-Jan-2013,NaN,-5
24-Jan-2013,NaN,3.7
25-Jan-2013,NaN,1.9
28-Jan-2013,NaN,-5.3
29-Jan-2013,NaN,-8.4
30-Jan-2013,NaN,-4.3
31-Jan-2013,NaN,6
01-Feb-2013,NaN,1.3
04-Feb-2013,NaN,-1.8
05-Feb-2013,NaN,-5.4
06-Feb-2013,NaN,-5.8
07-Feb-2013,NaN,-2
08-Feb-2013,NaN,-0.1
11-Feb-2013,NaN,-4.1
12-Feb-2013,NaN,-3.8
13-Feb-2013,NaN,0.599999999999998
14-Feb-2013,NaN,3.6
15-Feb-2013,NaN,6.5
18-Feb-2013,NaN,6.5
19-Feb-2013,NaN,2.3
20-Feb-2013,NaN,5.3
21-Feb-2013,NaN,5.9
22-Feb-2013,NaN,5.8
25-Feb-2013,NaN,0.899999999999998
26-Feb-2013,NaN,-2.8
27-Feb-2013,NaN,-1.4
28-Feb-2013,NaN,10.4
01-Mar-2013,NaN,8.4
04-Mar-2013,NaN,6.3
05-Mar-2013,NaN,3.3
06-Mar-2013,NaN,5.4
07-Mar-2013,NaN,6.3
08-Mar-2013,NaN,6.4
11-Mar-2013,NaN,3.9
12-Mar-2013,NaN,0.799999999999998
13-Mar-2013,NaN,-2.4
14-Mar-2013,NaN,3.4
15-Mar-2013,NaN,7.6
18-Mar-2013,NaN,2.7
19-Mar-2013,NaN,2.6
20-Mar-2013,NaN,2.5
21-Mar-2013,NaN,0.799999999999998
22-Mar-2013,NaN,3
25-Mar-2013,NaN,2
26-Mar-2013,NaN,-1.5
27-Mar-2013,NaN,0.799999999999998
28-Mar-2013,NaN,13.3
29-Mar-2013,NaN,13.3
01-Apr-2013,NaN,10.9
02-Apr-2013,NaN,4.4
03-Apr-2013,NaN,0.3
04-Apr-2013,NaN,5.8
05-Apr-2013,NaN,5.6
08-Apr-2013,NaN,4.5
09-Apr-2013,NaN,5.7
10-Apr-2013,NaN,6.7
11-Apr-2013,NaN,8.1
12-Apr-2013,NaN,6.6
15-Apr-2013,NaN,5.9
16-Apr-2013,NaN,6.1
17-Apr-2013,NaN,4.5
18-Apr-2013,NaN,3
19-Apr-2013,NaN,1.7
22-Apr-2013,NaN,-2.2
23-Apr-2013,NaN,-6.3
24-Apr-2013,NaN,-2
25-Apr-2013,NaN,-2.1
26-Apr-2013,NaN,-3.7
29-Apr-2013,NaN,-3.3
30-Apr-2013,NaN,7.8
01-May-2013,NaN,5.9
02-May-2013,NaN,5.3
03-May-2013,NaN,1.8
06-May-2013,NaN,-0.4
07-May-2013,NaN,-2.8
08-May-2013,NaN,-3.4
09-May-2013,NaN,-3.3
10-May-2013,NaN,-3.1
13-May-2013,NaN,-5
14-May-2013,NaN,-5.8
15-May-2013,NaN,-2.3
16-May-2013,NaN,-6
17-May-2013,NaN,-7.3
20-May-2013,NaN,-8.5
21-May-2013,NaN,-11.3
22-May-2013,NaN,-11.7
23-May-2013,NaN,-9.4
24-May-2013,NaN,-7.5
27-May-2013,NaN,-7.5
28-May-2013,NaN,-9.9
29-May-2013,NaN,-11.9
30-May-2013,NaN,-11.3
31-May-2013,NaN,-1.2
03-Jun-2013,NaN,-2.4
04-Jun-2013,NaN,-1.6
05-Jun-2013,NaN,-6.3
06-Jun-2013,NaN,-4.9
07-Jun-2013,NaN,-3.2
10-Jun-2013,NaN,-2.2
11-Jun-2013,NaN,-1.7
12-Jun-2013,NaN,-1.8
13-Jun-2013,NaN,-1.2
14-Jun-2013,NaN,-0.5
17-Jun-2013,NaN,-1.9
18-Jun-2013,NaN,-2.3
19-Jun-2013,NaN,-2.1
20-Jun-2013,NaN,-1.7
21-Jun-2013,NaN,-1.5
24-Jun-2013,NaN,-3.7
25-Jun-2013,NaN,-2.5
26-Jun-2013,NaN,-2.3
27-Jun-2013,NaN,1.6
28-Jun-2013,NaN,-0.700000000000001
01-Jul-2013,NaN,-4.7
02-Jul-2013,NaN,-1.8
03-Jul-2013,NaN,-1.1
04-Jul-2013,NaN,-1.1
05-Jul-2013,NaN,-2.6
08-Jul-2013,NaN,-2.6
09-Jul-2013,NaN,-1.1
10-Jul-2013,NaN,0.4
11-Jul-2013,NaN,-1.4
12-Jul-2013,NaN,0.4
15-Jul-2013,NaN,-4.7
16-Jul-2013,NaN,-1.6
17-Jul-2013,NaN,-0.9
18-Jul-2013,NaN,-0.8
19-Jul-2013,NaN,-0.7
22-Jul-2013,NaN,-1.2
23-Jul-2013,NaN,-1
24-Jul-2013,NaN,-0.3
25-Jul-2013,NaN,-1.8
26-Jul-2013,NaN,-0.5
29-Jul-2013,NaN,-1
30-Jul-2013,NaN,-0.700000000000001
31-Jul-2013,NaN,-3.4
01-Aug-2013,NaN,0.3
02-Aug-2013,NaN,0
05-Aug-2013,NaN,0.3
06-Aug-2013,NaN,-1.2
07-Aug-2013,NaN,-3.5
08-Aug-2013,NaN,-0.700000000000001
09-Aug-2013,NaN,-0.4
12-Aug-2013,NaN,-0.2
13-Aug-2013,NaN,-0.199999999999999
14-Aug-2013,NaN,1.6
15-Aug-2013,NaN,-1.6
16-Aug-2013,NaN,-0.8
19-Aug-2013,NaN,-0.7
20-Aug-2013,NaN,-2.1
21-Aug-2013,NaN,-3.3
22-Aug-2013,NaN,-0.8
23-Aug-2013,NaN,-1.8
26-Aug-2013,NaN,-1.5
27-Aug-2013,NaN,-2.7
28-Aug-2013,NaN,-0.2
29-Aug-2013,NaN,2.5
30-Aug-2013,NaN,3.6
02-Sep-2013,NaN,3.6
03-Sep-2013,NaN,6.7
04-Sep-2013,NaN,-1
05-Sep-2013,NaN,-0.5
06-Sep-2013,NaN,-0.600000000000001
09-Sep-2013,NaN,-0.1
10-Sep-2013,NaN,0.0999999999999994
11-Sep-2013,NaN,0
12-Sep-2013,NaN,-1
13-Sep-2013,NaN,0.299999999999999
16-Sep-2013,NaN,1.5
17-Sep-2013,NaN,0.0999999999999987
18-Sep-2013,NaN,0.4
19-Sep-2013,NaN,0.199999999999999
20-Sep-2013,NaN,-0.9
23-Sep-2013,NaN,-1
24-Sep-2013,NaN,-2.1
25-Sep-2013,NaN,-1.3
26-Sep-2013,NaN,-1.7
27-Sep-2013,NaN,-1.3
30-Sep-2013,NaN,-0.899999999999999
01-Oct-2013,NaN,-3.8
02-Oct-2013,NaN,0.0999999999999987
03-Oct-2013,NaN,-0.700000000000001
04-Oct-2013,NaN,-0.1
07-Oct-2013,NaN,-0.700000000000001
08-Oct-2013,NaN,-0.2
09-Oct-2013,NaN,-0.299999999999997
10-Oct-2013,NaN,8.7
11-Oct-2013,NaN,0.599999999999998
14-Oct-2013,NaN,0.599999999999998
15-Oct-2013,NaN,-0.1
16-Oct-2013,NaN,0.5
17-Oct-2013,NaN,-6.3
18-Oct-2013,NaN,-11.5
21-Oct-2013,NaN,-18.6
22-Oct-2013,NaN,-20.8
23-Oct-2013,NaN,-20.5
24-Oct-2013,NaN,0
25-Oct-2013,NaN,1.8
28-Oct-2013,NaN,1.1
29-Oct-2013,NaN,0.800000000000001
30-Oct-2013,NaN,-1
31-Oct-2013,NaN,4
01-Nov-2013,NaN,-1.8
04-Nov-2013,NaN,-1.3
05-Nov-2013,NaN,-2.1
06-Nov-2013,NaN,-2.5
07-Nov-2013,NaN,1.1
08-Nov-2013,NaN,-1.3
11-Nov-2013,NaN,-1.3
12-Nov-2013,NaN,-2
13-Nov-2013,NaN,-2.7
14-Nov-2013,NaN,1.7
15-Nov-2013,NaN,2.8
18-Nov-2013,NaN,-1.2
19-Nov-2013,NaN,-2
20-Nov-2013,NaN,-3
21-Nov-2013,NaN,-1.3
22-Nov-2013,NaN,0.399999999999999
25-Nov-2013,NaN,-0.899999999999999
26-Nov-2013,NaN,-2.6
27-Nov-2013,NaN,-1.1
28-Nov-2013,NaN,-1.1
29-Nov-2013,NaN,0
02-Dec-2013,NaN,2.2
03-Dec-2013,NaN,-0.800000000000001
04-Dec-2013,NaN,-0.699999999999999
05-Dec-2013,NaN,0
06-Dec-2013,NaN,-0.499999999999999
09-Dec-2013,NaN,-0.4
10-Dec-2013,NaN,-1.4
11-Dec-2013,NaN,-1.3
12-Dec-2013,NaN,0
13-Dec-2013,NaN,1
16-Dec-2013,NaN,-1.7
17-Dec-2013,NaN,1.2
18-Dec-2013,NaN,0.699999999999999
19-Dec-2013,NaN,-0.1
20-Dec-2013,NaN,-0.800000000000001
23-Dec-2013,NaN,-0.4
24-Dec-2013,NaN,-0.5
25-Dec-2013,NaN,-0.5
26-Dec-2013,NaN,-0.5
27-Dec-2013,NaN,-0.8
30-Dec-2013,NaN,-2.3
31-Dec-2013,NaN,-3
01-Jan-2014,NaN,-3
02-Jan-2014,NaN,1.1
03-Jan-2014,NaN,-1.7
06-Jan-2014,NaN,-1.3
07-Jan-2014,NaN,0.1
08-Jan-2014,NaN,-1.1
09-Jan-2014,NaN,-0.4
10-Jan-2014,NaN,-0.4
13-Jan-2014,NaN,-0.5
14-Jan-2014,NaN,-0.3
15-Jan-2014,NaN,-0.2
16-Jan-2014,NaN,-0.8
17-Jan-2014,NaN,-1.1
20-Jan-2014,NaN,-1.1
21-Jan-2014,NaN,-1.2
22-Jan-2014,NaN,-0.4
23-Jan-2014,NaN,-0.7
24-Jan-2014,NaN,-0.0999999999999997
27-Jan-2014,NaN,-0.5
28-Jan-2014,NaN,-0.9
29-Jan-2014,NaN,-0.3
30-Jan-2014,NaN,-0.6
31-Jan-2014,NaN,-0.1
03-Feb-2014,NaN,-0.1
04-Feb-2014,NaN,-0.3
05-Feb-2014,NaN,-0.6
06-Feb-2014,NaN,-0.4
07-Feb-2014,NaN,-0.5
10-Feb-2014,NaN,-0.6
11-Feb-2014,NaN,1.1
12-Feb-2014,NaN,-0.1
13-Feb-2014,NaN,-0.2
14-Feb-2014,NaN,0.4
17-Feb-2014,NaN,0.4
18-Feb-2014,NaN,0.5
19-Feb-2014,NaN,-0.1
20-Feb-2014,NaN,-0.3
21-Feb-2014,NaN,-1.1
24-Feb-2014,NaN,-1
25-Feb-2014,NaN,-0.9
26-Feb-2014,NaN,-0.2
27-Feb-2014,NaN,0.4
28-Feb-2014,NaN,4.6
03-Mar-2014,NaN,3.9
04-Mar-2014,NaN,3.6
05-Mar-2014,NaN,-1
06-Mar-2014,NaN,0.199999999999999
07-Mar-2014,NaN,-0.700000000000001
10-Mar-2014,NaN,-1.6
11-Mar-2014,NaN,-2.5
12-Mar-2014,NaN,-3.3
13-Mar-2014,NaN,-2.2
14-Mar-2014,NaN,-2.8
17-Mar-2014,NaN,0.799999999999999
18-Mar-2014,NaN,-1.8
19-Mar-2014,NaN,-3.1
20-Mar-2014,NaN,-0.900000000000001
21-Mar-2014,NaN,-1.4
24-Mar-2014,NaN,-3.7
25-Mar-2014,NaN,-4.2
26-Mar-2014,NaN,-4.2
27-Mar-2014,NaN,-3.6
28-Mar-2014,NaN,-3.9
31-Mar-2014,NaN,-0.1
01-Apr-2014,NaN,-3.3
02-Apr-2014,NaN,-3.1
03-Apr-2014,NaN,-2.8
04-Apr-2014,NaN,-3
07-Apr-2014,NaN,-3
08-Apr-2014,NaN,-1.4
09-Apr-2014,NaN,-3.3
10-Apr-2014,NaN,-3.3
11-Apr-2014,NaN,-3.3
14-Apr-2014,NaN,-1.2
15-Apr-2014,NaN,0.4
16-Apr-2014,NaN,-1.5
17-Apr-2014,NaN,-2.4
18-Apr-2014,NaN,-2.4
21-Apr-2014,3559,-3.2
22-Apr-2014,3557,-3.6
23-Apr-2014,3557,0.1
24-Apr-2014,3057,-0.1
25-Apr-2014,3065,-0.4
28-Apr-2014,3055,-0.9
29-Apr-2014,3555,-1
30-Apr-2014,3563,-2.7
01-May-2014,3571,-3.2
02-May-2014,3552,-2.9
05-May-2014,3552,-3.1
06-May-2014,3558,-3.3
07-May-2014,3558,-3.4
08-May-2014,3557,-0.800000000000001
09-May-2014,3557,-1.3
12-May-2014,3557,-1.5
13-May-2014,3556,-0.6
14-May-2014,3557,-0.6
15-May-2014,3557,-1.8
16-May-2014,3557,-2
19-May-2014,3556,-2.2
20-May-2014,3556,-2.4
21-May-2014,3553,-2.4
22-May-2014,3553,-2.1
23-May-2014,3553,-0.900000000000001
26-May-2014,3553,-0.900000000000001
27-May-2014,3556,-0.600000000000001
28-May-2014,3557,0
29-May-2014,3553,-1.5
30-May-2014,3550,-3.9
02-Jun-2014,3550,-0.299999999999999
03-Jun-2014,3552,-1.3
04-Jun-2014,3552,-2.4
05-Jun-2014,3851,-1.2
06-Jun-2014,3863,-2.6
09-Jun-2014,3852,-1.5
10-Jun-2014,3851,-2
11-Jun-2014,3851,0.1
12-Jun-2014,3851,-1.6
13-Jun-2014,3851,-0.900000000000001
16-Jun-2014,3852,0.4
17-Jun-2014,3857,-1.5
18-Jun-2014,3856,-2.7
19-Jun-2014,3855,-3.6
20-Jun-2014,3854,-4.3
23-Jun-2014,3854,-1.7
24-Jun-2014,3854,-2.5
25-Jun-2014,4052,-1.6
26-Jun-2014,4052,0.899999999999998
27-Jun-2014,4057,2.3
30-Jun-2014,4057,1.5
01-Jul-2014,4057,-1.7
02-Jul-2014,4056,-5.1
03-Jul-2014,4057,-4.3
04-Jul-2014,4050,-4.3
07-Jul-2014,4054,-5.4
08-Jul-2014,4052,-6.2
09-Jul-2014,4252,-6.2
10-Jul-2014,4252,-5.2
11-Jul-2014,4252,-5
14-Jul-2014,4252,-5
15-Jul-2014,4248,-0.900000000000001
16-Jul-2014,4250,-2.7
17-Jul-2014,4249,-2.3
18-Jul-2014,4249,-4.1
21-Jul-2014,4251,-0.699999999999999
22-Jul-2014,4249,-1.7
23-Jul-2014,4255,-1.6
24-Jul-2014,4253,2.4
25-Jul-2014,4254,1.9
28-Jul-2014,4253,0.4
29-Jul-2014,4252,-0.1
30-Jul-2014,4254,-0.2
31-Jul-2014,4254,5.4
01-Aug-2014,4254,2.4
04-Aug-2014,4255,-2.7
05-Aug-2014,4254,-0.899999999999999
06-Aug-2014,4254,-1.3
07-Aug-2014,4253,-0.3
08-Aug-2014,4255,-1.3
11-Aug-2014,4254,-0.699999999999999
12-Aug-2014,4255,-1.4
13-Aug-2014,4255,-2
14-Aug-2014,4256,0.1
15-Aug-2014,4256,-1.1
18-Aug-2014,4253,-1.8
19-Aug-2014,4255,-1
20-Aug-2014,4255,-2
21-Aug-2014,4255,-0.2
22-Aug-2014,4255,-0.2
25-Aug-2014,4255,-0.299999999999999
26-Aug-2014,4258,-0.700000000000001
27-Aug-2014,4257,-0.6
28-Aug-2014,4254,-0.2
29-Aug-2014,4254,-0.1
01-Sep-2014,4254,-0.1
02-Sep-2014,4254,0.5
03-Sep-2014,4254,0.2
04-Sep-2014,4254,0.3
05-Sep-2014,4252,-0.600000000000001
08-Sep-2014,4250,-0.1
09-Sep-2014,4250,-0.499999999999999
10-Sep-2014,4247,0
11-Sep-2014,4552,-0.4
12-Sep-2014,4552,2.2
15-Sep-2014,4550,-1
16-Sep-2014,4550,-0.700000000000001
17-Sep-2014,4548,-0.4
18-Sep-2014,4550,0.4
19-Sep-2014,4553,-0.4
22-Sep-2014,4452,-0.6
23-Sep-2014,4352,0.2
24-Sep-2014,4355,0.2
25-Sep-2014,4351,0.3
26-Sep-2014,4353,-0.600000000000001
29-Sep-2014,4351,-1.2
30-Sep-2014,4351,1.7
01-Oct-2014,4354,0.1
02-Oct-2014,4454,0.2
03-Oct-2014,4454,0.1
06-Oct-2014,4451,0.599999999999999
07-Oct-2014,4452,-0.199999999999999
08-Oct-2014,4448,0.600000000000001
09-Oct-2014,4449,0.1
10-Oct-2014,4449,-0.1
13-Oct-2014,4446,-0.1
14-Oct-2014,4452,0.700000000000001
15-Oct-2014,4449,0
16-Oct-2014,4450,3
17-Oct-2014,4448,-0.900000000000001
20-Oct-2014,4451,0
21-Oct-2014,4451,0.2
22-Oct-2014,4451,-0.5
23-Oct-2014,4450,-0.1
24-Oct-2014,4450,1.5
27-Oct-2014,4450,-1.1
28-Oct-2014,4551,0.5
29-Oct-2014,4550,0
30-Oct-2014,4550,-0.499999999999998
31-Oct-2014,4554,1
03-Nov-2014,4551,-0.4
04-Nov-2014,4555,0.699999999999999
05-Nov-2014,4554,-0.5
06-Nov-2014,4554,0.1
07-Nov-2014,4552,0.2
10-Nov-2014,4554,0.399999999999999
11-Nov-2014,4554,0.399999999999999
12-Nov-2014,4554,-0.3
13-Nov-2014,4553,-0.5
14-Nov-2014,4552,-0.5
17-Nov-2014,4552,-0.899999999999998
18-Nov-2014,4754,-0.700000000000001
19-Nov-2014,4754,0.699999999999999
20-Nov-2014,4754,-0.1
21-Nov-2014,4754,-0.600000000000001
24-Nov-2014,4753,-0.2
25-Nov-2014,4754,0
26-Nov-2014,4954,0.0999999999999973
27-Nov-2014,4953,0.0999999999999973
28-Nov-2014,4953,2.1
01-Dec-2014,4952,0.900000000000001
02-Dec-2014,4953,-1.4
03-Dec-2014,4951,0.399999999999998
04-Dec-2014,4952,0.700000000000001
05-Dec-2014,4952,-0.4
08-Dec-2014,4953,-0.700000000000001
09-Dec-2014,4552,-0.2
10-Dec-2014,4553,0.2
11-Dec-2014,4554,0.600000000000001
12-Dec-2014,4553,-0.4
15-Dec-2014,3754,0.900000000000001
16-Dec-2014,3750,-0.3
17-Dec-2014,3755,0.700000000000001
18-Dec-2014,3752,-0.600000000000001
19-Dec-2014,3752,-1.7
22-Dec-2014,3754,-0.600000000000001
23-Dec-2014,3754,-0.699999999999998
24-Dec-2014,3754,-2.1
25-Dec-2014,3754,-2.1
26-Dec-2014,3754,0.899999999999998
29-Dec-2014,3754,0.1
30-Dec-2014,3754,-0.999999999999998
31-Dec-2014,3754,-1.1
01-Jan-2015,3754,-1.1
02-Jan-2015,4249,-0.1
05-Jan-2015,4249,-0.4
06-Jan-2015,4255,-0.299999999999999
07-Jan-2015,4255,0.700000000000001
08-Jan-2015,4448,0.5
09-Jan-2015,4448,-1.1
12-Jan-2015,4448,0.5
13-Jan-2015,4448,0.199999999999997
14-Jan-2015,4452,0.1
15-Jan-2015,4453,0.3
16-Jan-2015,4450,-2
19-Jan-2015,4447,-2
20-Jan-2015,4348,-1.1
21-Jan-2015,4353,-0.1
22-Jan-2015,4347,-1
23-Jan-2015,4348,-1.3
26-Jan-2015,4347,-1.3
27-Jan-2015,4346,-0.4
28-Jan-2015,4448,-0.899999999999999
29-Jan-2015,4452,0.600000000000001
30-Jan-2015,4454,-0.600000000000001
02-Feb-2015,4454,1.6
03-Feb-2015,4454,0.5
04-Feb-2015,4454,0.499999999999998
05-Feb-2015,4451,0.800000000000001
06-Feb-2015,4254,1.4
09-Feb-2015,4254,-0.5
10-Feb-2015,4553,-0.700000000000001
11-Feb-2015,4553,0.2
12-Feb-2015,4549,-1.5
13-Feb-2015,4549,0.2
16-Feb-2015,4549,0.2
17-Feb-2015,4549,-0.1
18-Feb-2015,4450,-0.4
19-Feb-2015,4448,-1.5
20-Feb-2015,4454,-0.5
23-Feb-2015,4450,-1.3
24-Feb-2015,4450,0.8
25-Feb-2015,4453,-0.700000000000001
26-Feb-2015,4453,3.1
27-Feb-2015,4453,-0.1
02-Mar-2015,4449,0.2
03-Mar-2015,4451,1.9
04-Mar-2015,4450,1
05-Mar-2015,4449,-0.2
06-Mar-2015,4450,0.2
09-Mar-2015,4451,0.700000000000001
10-Mar-2015,4448,-1.4
11-Mar-2015,4449,-0.2
12-Mar-2015,4451,-0.1
13-Mar-2015,4451,1.9
16-Mar-2015,4452,0.700000000000001
17-Mar-2015,4450,-0.599999999999998
18-Mar-2015,4445,-6
19-Mar-2015,4449,0
20-Mar-2015,4451,-1.8
23-Mar-2015,4452,0.4
24-Mar-2015,4451,1.9
25-Mar-2015,4449,-1.8
26-Mar-2015,4450,-0.600000000000001
27-Mar-2015,4450,-0.4
30-Mar-2015,4451,-1.3
31-Mar-2015,4451,3.7
01-Apr-2015,4447,-1.4
02-Apr-2015,4447,0.700000000000001
03-Apr-2015,4447,0.700000000000001
06-Apr-2015,4447,0.4
07-Apr-2015,4448,0.1
08-Apr-2015,4448,0.2
09-Apr-2015,4448,0.900000000000001
10-Apr-2015,4448,0.900000000000001
13-Apr-2015,4448,0.2
14-Apr-2015,4448,0.3
15-Apr-2015,4445,0
16-Apr-2015,4445,0.1
17-Apr-2015,4445,-0.800000000000001
20-Apr-2015,4445,-0.700000000000001
21-Apr-2015,4448,-0.5
22-Apr-2015,4446,-0.3
23-Apr-2015,4449,-0.599999999999999
24-Apr-2015,4449,0.2
27-Apr-2015,4449,-1
28-Apr-2015,4445,-0.1
29-Apr-2015,4448,0.2
30-Apr-2015,4448,-0.2
01-May-2015,4449,-0.800000000000001
04-May-2015,4449,0.5
05-May-2015,4449,-0.700000000000001
06-May-2015,4448,0
07-May-2015,4447,0.2
08-May-2015,4447,-0.699999999999998
11-May-2015,4447,-0.700000000000001
12-May-2015,4447,0.1
13-May-2015,4449,-2
14-May-2015,4448,0.199999999999997
15-May-2015,4449,1.7
18-May-2015,4449,-0.3
19-May-2015,4450,-0.5
20-May-2015,4448,-0.3
21-May-2015,4448,-0.199999999999999
22-May-2015,4349,-0.2
25-May-2015,4349,-0.2
26-May-2015,4347,-0.2
27-May-2015,4349,-0.5
28-May-2015,4349,0.600000000000001
29-May-2015,4346,-0.1
01-Jun-2015,4449,0.700000000000001
02-Jun-2015,4448,0.5
03-Jun-2015,4448,-0.700000000000001
04-Jun-2015,4448,-0.199999999999997
05-Jun-2015,4449,-0.5
08-Jun-2015,4449,-0.2
09-Jun-2015,4449,0.199999999999997
10-Jun-2015,4746,0.800000000000001
11-Jun-2015,4745,-0.4
12-Jun-2015,4745,-0.199999999999997
15-Jun-2015,4747,1.8
16-Jun-2015,4747,-0.4
17-Jun-2015,4748,-0.600000000000001
18-Jun-2015,4748,0.5
19-Jun-2015,4749,0.1
22-Jun-2015,4749,-0.1
23-Jun-2015,4749,0.600000000000001
24-Jun-2015,4750,1.7
25-Jun-2015,4751,-1
26-Jun-2015,4749,1.6
29-Jun-2015,4745,0
30-Jun-2015,4746,-3
01-Jul-2015,4750,0
02-Jul-2015,4251,0
03-Jul-2015,4248,0
06-Jul-2015,4248,0.699999999999998
07-Jul-2015,4250,-0.700000000000001
08-Jul-2015,4249,0.2
09-Jul-2015,4249,0.399999999999998
10-Jul-2015,4251,0
13-Jul-2015,4250,0.3
14-Jul-2015,4250,0.4
15-Jul-2015,4250,-1.3
16-Jul-2015,4252,0.900000000000001
17-Jul-2015,4252,-0.3
20-Jul-2015,4253,0.2
21-Jul-2015,4253,-0.1
22-Jul-2015,4251,1.2
23-Jul-2015,4251,-0.5
24-Jul-2015,3451,-0.1
27-Jul-2015,3451,-0.499999999999998
28-Jul-2015,3451,0.5
29-Jul-2015,3451,-0.699999999999998
30-Jul-2015,2951,0.1
31-Jul-2015,2954,0
03-Aug-2015,2956,0.1
04-Aug-2015,2957,-0.1
05-Aug-2015,2958,-0.2
06-Aug-2015,2958,0.4
07-Aug-2015,2959,-0.800000000000001
10-Aug-2015,2960,0.3
11-Aug-2015,2958,-0.800000000000001
12-Aug-2015,2957,0.299999999999995
13-Aug-2015,2956,-0.3
14-Aug-2015,3457,0.3
17-Aug-2015,3457,0.2
18-Aug-2015,3457,-0.600000000000001
19-Aug-2015,3453,-0.3
20-Aug-2015,3453,0.1
21-Aug-2015,3453,0.5
24-Aug-2015,3451,-0.600000000000001
25-Aug-2015,3450,-1.1
26-Aug-2015,3449,-0.800000000000001
27-Aug-2015,3449,0.1
28-Aug-2015,3449,0.4
31-Aug-2015,3449,-0.900000000000001
01-Sep-2015,3449,-1.2
02-Sep-2015,3450,-0.699999999999998
03-Sep-2015,3950,0
04-Sep-2015,3950,0.2
07-Sep-2015,3950,0.2
08-Sep-2015,3949,-0.1
09-Sep-2015,3949,1.4
10-Sep-2015,3950,-0.700000000000001
11-Sep-2015,3950,0
14-Sep-2015,3950,-0.1
15-Sep-2015,3950,-0.4
16-Sep-2015,3950,0.3
17-Sep-2015,3948,0.2
18-Sep-2015,3948,0.600000000000001
21-Sep-2015,3948,-0.3
22-Sep-2015,3948,-1.8
23-Sep-2015,3949,-0.3
24-Sep-2015,3951,-0.900000000000001
25-Sep-2015,3450,0.2
28-Sep-2015,3451,-1.6
29-Sep-2015,3452,-0.3
30-Sep-2015,3451,0
01-Oct-2015,3451,1
02-Oct-2015,3451,-1.9
05-Oct-2015,3451,-0.2
06-Oct-2015,3450,-0.700000000000001
07-Oct-2015,3449,-0.3
08-Oct-2015,3447,0
09-Oct-2015,3451,0
12-Oct-2015,3452,0
13-Oct-2015,3449,2.4
14-Oct-2015,3449,-0.2
15-Oct-2015,3449,0.5
16-Oct-2015,3448,-0.299999999999997
19-Oct-2015,3449,-0.4
20-Oct-2015,3449,-0.699999999999998
21-Oct-2015,3448,-0.3
22-Oct-2015,3448,-0.700000000000001
23-Oct-2015,3448,-0.899999999999998
26-Oct-2015,3247,-2.5
27-Oct-2015,3248,-0.3
28-Oct-2015,3248,-0.199999999999999
29-Oct-2015,3250,-0.900000000000001
30-Oct-2015,3251,-1
02-Nov-2015,3251,0.700000000000001
03-Nov-2015,3249,0
04-Nov-2015,1950,0.5
05-Nov-2015,1950,6.2
06-Nov-2015,1950,0.1
09-Nov-2015,1951,-0.2
10-Nov-2015,1951,0.2
11-Nov-2015,1951,0.2
12-Nov-2015,1951,0.199999999999997
13-Nov-2015,1950,-0.5
16-Nov-2015,1950,0.1
17-Nov-2015,1951,-0.2
18-Nov-2015,1951,-0.3
19-Nov-2015,1952,0.700000000000001
20-Nov-2015,1953,-1.5
23-Nov-2015,1951,0.3
24-Nov-2015,2250,8
25-Nov-2015,2248,-1.7
26-Nov-2015,2249,-1.7
27-Nov-2015,2750,0.5
30-Nov-2015,2750,2.1
01-Dec-2015,2753,-0.3
02-Dec-2015,3154,1.7
03-Dec-2015,3158,0.3
04-Dec-2015,3152,0.600000000000001
07-Dec-2015,3152,1.2
08-Dec-2015,2458,-0.5
09-Dec-2015,2459,5.3
10-Dec-2015,2460,0.600000000000001
11-Dec-2015,2460,0.3
14-Dec-2015,2460,2.8
15-Dec-2015,1960,-1.6
16-Dec-2015,1960,-2.5
17-Dec-2015,1960,0.700000000000001
18-Dec-2015,1960,-0.900000000000001
21-Dec-2015,1967,-1.4
22-Dec-2015,1967,0.1
23-Dec-2015,1967,-0.1
24-Dec-2015,1967,-0.800000000000001
25-Dec-2015,1967,-0.800000000000001
28-Dec-2015,1967,-4.19999999999999
29-Dec-2015,1967,-5.6
30-Dec-2015,1967,-1.9
31-Dec-2015,1967,14.5
01-Jan-2016,1967,14.5
04-Jan-2016,1966,0.599999999999995
05-Jan-2016,1965,-0.2
06-Jan-2016,1961,0.4
07-Jan-2016,1961,0
08-Jan-2016,1961,-0.800000000000001
11-Jan-2016,1957,-0.1
12-Jan-2016,1957,-0.5
13-Jan-2016,1957,0.5
14-Jan-2016,1957,-0.3
15-Jan-2016,1957,-0.2
18-Jan-2016,1958,-0.2
19-Jan-2016,1956,1.1
20-Jan-2016,1958,0.0999999999999945
21-Jan-2016,1957,1.6
22-Jan-2016,1958,-2.1
25-Jan-2016,1956,-4.2
26-Jan-2016,1957,0.600000000000001
27-Jan-2016,1954,-0.799999999999995
28-Jan-2016,3256,-0.3
29-Jan-2016,3256,1.6
01-Feb-2016,3256,0.900000000000001
02-Feb-2016,3256,0
03-Feb-2016,3256,-0.3
04-Feb-2016,3256,1
05-Feb-2016,3256,-0.700000000000001
08-Feb-2016,3255,-0.4
09-Feb-2016,3255,0.2
10-Feb-2016,3256,-0.5
11-Feb-2016,3256,0.2
12-Feb-2016,3257,1.4
15-Feb-2016,3256,1.4
16-Feb-2016,3557,-1.4
17-Feb-2016,3557,-0.4
18-Feb-2016,3557,-1
19-Feb-2016,3558,2.4
22-Feb-2016,3558,-1.1
23-Feb-2016,3757,0.1
24-Feb-2016,3756,-1.3
25-Feb-2016,3755,-0.700000000000001
26-Feb-2016,3755,-0.700000000000001
29-Feb-2016,3757,0.600000000000001
01-Mar-2016,3757,0
02-Mar-2016,3759,-0.1
03-Mar-2016,3761,-0.600000000000001
04-Mar-2016,3460,-1.3
07-Mar-2016,3460,-0.2
08-Mar-2016,3460,-0.800000000000001
09-Mar-2016,3460,-0.2
10-Mar-2016,3464,0.4
11-Mar-2016,3460,-0.3
14-Mar-2016,3461,-0.600000000000001
15-Mar-2016,3461,-0.4
16-Mar-2016,3463,0.1
17-Mar-2016,3465,-0.700000000000001
18-Mar-2016,3965,-0.1
21-Mar-2016,3971,-0.1
22-Mar-2016,3970,0.600000000000001
23-Mar-2016,3968,-2.9
24-Mar-2016,3967,-0.1
25-Mar-2016,3967,-0.1
28-Mar-2016,3967,-3.5
29-Mar-2016,3766,-1.9
30-Mar-2016,3766,0
31-Mar-2016,3768,-0.1
01-Apr-2016,3767,-0.600000000000001
04-Apr-2016,3766,-0.699999999999995
05-Apr-2016,3765,-0.2
06-Apr-2016,3766,-0.1
07-Apr-2016,3771,0.1
08-Apr-2016,3771,0.2
11-Apr-2016,3771,-0.700000000000001
12-Apr-2016,3772,0.600000000000001
13-Apr-2016,3773,-1
14-Apr-2016,3772,1
15-Apr-2016,3774,4.2
18-Apr-2016,3774,0.2
19-Apr-2016,4374,3.6
20-Apr-2016,4373,0.999999999999995
21-Apr-2016,4373,1.4
22-Apr-2016,4373,-3.5
25-Apr-2016,4373,-0.1
26-Apr-2016,4373,-0.900000000000001
27-Apr-2016,4373,0.5
28-Apr-2016,4373,-2.7
29-Apr-2016,4374,2.5
02-May-2016,4374,-2.6
03-May-2016,3574,-0.3
04-May-2016,3576,-1.6
05-May-2016,3578,0.1
06-May-2016,3580,0.800000000000001
09-May-2016,3578,-0.2
10-May-2016,3576,0.1
11-May-2016,3576,0.1
12-May-2016,3576,-6.4
13-May-2016,3676,0.5
16-May-2016,3676,-0.1
17-May-2016,3678,-0.2
18-May-2016,3678,-0.3
19-May-2016,3678,-0.1
20-May-2016,3678,-1.4
23-May-2016,3780,-0.1
24-May-2016,3776,-1.2
25-May-2016,3775,1.7
26-May-2016,3775,-1.9
27-May-2016,3775,-0.4
30-May-2016,3775,-0.4
31-May-2016,3774,0.4
01-Jun-2016,3774,-1
02-Jun-2016,3774,-0.900000000000001
03-Jun-2016,3774,-0.4
06-Jun-2016,3775,-0.2
07-Jun-2016,3772,0.4
08-Jun-2016,3773,-1.3
09-Jun-2016,3769,1.4
10-Jun-2016,3768,1.2
13-Jun-2016,3771,-0.700000000000001
14-Jun-2016,3770,0.800000000000001
15-Jun-2016,3771,-0.5
16-Jun-2016,3769,0.900000000000001
17-Jun-2016,3771,0.2
20-Jun-2016,3772,0.3
21-Jun-2016,3775,0.4
22-Jun-2016,3775,-1.99999999999999
23-Jun-2016,3775,-2.3
24-Jun-2016,3775,0.1
27-Jun-2016,2469,-0.2
28-Jun-2016,2472,-0.5
29-Jun-2016,2474,1.69999999999999
30-Jun-2016,2472,5.1
01-Jul-2016,2472,-6.20000000000001
04-Jul-2016,2475,-6.20000000000001
05-Jul-2016,2478,0.600000000000001
06-Jul-2016,2477,-1.9
07-Jul-2016,2474,0.4
08-Jul-2016,2474,0.600000000000001
11-Jul-2016,2475,-2.6
12-Jul-2016,2472,0.2
13-Jul-2016,2472,0.1
14-Jul-2016,2475,-2.2
15-Jul-2016,2475,-1.4
18-Jul-2016,2477,-1.4
19-Jul-2016,2478,0.3
20-Jul-2016,2478,-2.2
21-Jul-2016,2978,-1.5
22-Jul-2016,2978,1.5
25-Jul-2016,2978,-0.900000000000001
26-Jul-2016,2974,0.4
27-Jul-2016,2973,-0.2
28-Jul-2016,2973,1.1
29-Jul-2016,2973,-0.1
01-Aug-2016,2973,-0.800000000000001
02-Aug-2016,2975,-1
03-Aug-2016,2975,-0.700000000000001
04-Aug-2016,2978,0.1
05-Aug-2016,2976,0.5
08-Aug-2016,2976,-1.8
09-Aug-2016,2976,0.1
10-Aug-2016,2976,1.4
11-Aug-2016,2976,-0.5
12-Aug-2016,2976,-1.5
15-Aug-2016,2978,0.700000000000001
16-Aug-2016,2975,-0.700000000000001
17-Aug-2016,2975,-1.2
18-Aug-2016,2976,-0.4
19-Aug-2016,2977,1.5
22-Aug-2016,2977,2.4
23-Aug-2016,2977,-9.5
24-Aug-2016,2977,-1.4
25-Aug-2016,2977,-1.9
26-Aug-2016,2976,-1.9
29-Aug-2016,2976,0.700000000000001
30-Aug-2016,2975,-0.5
31-Aug-2016,2976,-0.1
01-Sep-2016,2976,-0.1
02-Sep-2016,2976,0.600000000000001
05-Sep-2016,2974,0.600000000000001
06-Sep-2016,2972,-0.3
07-Sep-2016,2971,0.5
08-Sep-2016,1472,2.1
09-Sep-2016,1472,-0.700000000000001
12-Sep-2016,1472,-0.3
13-Sep-2016,1473,-1.3
14-Sep-2016,1474,-3.1
15-Sep-2016,1475,-3.59999999999999
16-Sep-2016,1475,0
19-Sep-2016,975,0.799999999999995
20-Sep-2016,975,-0.3
21-Sep-2016,976,1.4
22-Sep-2016,975,-1.7
23-Sep-2016,976,1.1
26-Sep-2016,976,5.89999999999999
27-Sep-2016,976,-4.39999999999999
28-Sep-2016,976,2.6
29-Sep-2016,-24,-4.4
30-Sep-2016,-24,5.29999999999999
03-Oct-2016,-24,-0.800000000000001
04-Oct-2016,-25,-0.2
05-Oct-2016,-25,-2
06-Oct-2016,-24,-4.3
07-Oct-2016,-25,3.3
10-Oct-2016,-25,3.3
11-Oct-2016,-25,2
12-Oct-2016,-26,-2.3
13-Oct-2016,-26,-0.1
14-Oct-2016,-26,0.800000000000001
17-Oct-2016,-26,0.1
18-Oct-2016,-26,0.800000000000001
19-Oct-2016,-25,-0.5
20-Oct-2016,-24,4
21-Oct-2016,-18,0.4
24-Oct-2016,-18,2.6
25-Oct-2016,-18,3.8
26-Oct-2016,-18,0.1
27-Oct-2016,-18,0.1
28-Oct-2016,-18,-1.3
31-Oct-2016,-18,-2.2
01-Nov-2016,-18,-0.5
02-Nov-2016,-21,0.5
03-Nov-2016,-21,-0.3
04-Nov-2016,-21,-3.5
07-Nov-2016,-21,-0.600000000000001
08-Nov-2016,-22,-0.700000000000001
09-Nov-2016,-22,-0.600000000000001
10-Nov-2016,-18,3.9
11-Nov-2016,-23,3.9
14-Nov-2016,-23,1.1
15-Nov-2016,-22,-1.4
16-Nov-2016,-22,1.8
17-Nov-2016,-22,4
18-Nov-2016,-20,1.7
21-Nov-2016,480,-0.800000000000001
22-Nov-2016,480,-2.1
23-Nov-2016,480,0.1
24-Nov-2016,479,0.1
25-Nov-2016,479,1.2
28-Nov-2016,479,1.2
29-Nov-2016,479,-2.4
30-Nov-2016,479,-1.3
01-Dec-2016,479,-0.3
02-Dec-2016,478,1.4
05-Dec-2016,-21,-2
06-Dec-2016,-21,-2.7
07-Dec-2016,-21,-1.2
08-Dec-2016,-21,0.5
09-Dec-2016,-21,-0.4
12-Dec-2016,-21,-0.5
13-Dec-2016,-24,2.1
14-Dec-2016,-44,-0.700000000000001
15-Dec-2016,-44,-1
16-Dec-2016,-44,3.4
19-Dec-2016,-44,-1.7
20-Dec-2016,-44,-0.5
21-Dec-2016,-44,-3.1
22-Dec-2016,-44,1.3
23-Dec-2016,-44,8.70000000000001
26-Dec-2016,-44,8.70000000000001
27-Dec-2016,-44,2.69999999999999
28-Dec-2016,-64,2.7
29-Dec-2016,-64,1.09999999999999
30-Dec-2016,-64,-2.9
02-Jan-2017,-64,-2.9
03-Jan-2017,-64,8.8
04-Jan-2017,-34,-2.69999999999999
05-Jan-2017,-38,0.800000000000001
06-Jan-2017,-39,-0.1
09-Jan-2017,-39,-1.4
10-Jan-2017,-45,1.4
11-Jan-2017,-49,-1.59999999999999
12-Jan-2017,-50,-2.9
13-Jan-2017,-50,0.700000000000001
16-Jan-2017,-50,0.700000000000001
17-Jan-2017,-25,3.9
18-Jan-2017,-25,-4.1
19-Jan-2017,-25,-1.1
20-Jan-2017,-24,-0.2
23-Jan-2017,-28,-0.700000000000001
24-Jan-2017,-26,1.3
25-Jan-2017,-26,-0.900000000000001
26-Jan-2017,-26,-1.1
27-Jan-2017,-26,-0.2
30-Jan-2017,-26,-0.2
31-Jan-2017,-26,8.5
01-Feb-2017,-26,-0.900000000000001
02-Feb-2017,-23,-1.4
03-Feb-2017,-22,-0.5
06-Feb-2017,-22,-1.2
07-Feb-2017,-22,0.79999999999999
08-Feb-2017,-23,0.3
09-Feb-2017,-23,0.2
10-Feb-2017,-20,0.5
13-Feb-2017,-14,0.1
14-Feb-2017,-14,-0.5
15-Feb-2017,-13,0
16-Feb-2017,-13,-1.2
17-Feb-2017,-13,0.2
20-Feb-2017,-13,0.2
21-Feb-2017,-13,-0.2
22-Feb-2017,-13,-0.1
23-Feb-2017,-11,0.900000000000001
24-Feb-2017,-9,-0.800000000000001
27-Feb-2017,-9,1.2
28-Feb-2017,-9,-0.1
01-Mar-2017,-11,-1.9
02-Mar-2017,-9,-0.2
03-Mar-2017,-16,0.600000000000001
06-Mar-2017,-14,1.2
07-Mar-2017,-14,-0.3
08-Mar-2017,-13,-0.600000000000001
09-Mar-2017,-13,1.3
10-Mar-2017,-12,-1.3
13-Mar-2017,-12,-1.4
14-Mar-2017,-9,0.800000000000001
15-Mar-2017,-9,-1.5
16-Mar-2017,-9,5.2
17-Mar-2017,-9,0
20-Mar-2017,-9,-0.1
21-Mar-2017,-9,-0.4
22-Mar-2017,-14,-0.800000000000001
23-Mar-2017,-15,0.600000000000001
24-Mar-2017,-16,-0.1
27-Mar-2017,-20,-1.5
28-Mar-2017,-20,0
29-Mar-2017,-28,-1
30-Mar-2017,-35,-0.900000000000001
31-Mar-2017,-35,-1.10000000000001
03-Apr-2017,-35,0.2
04-Apr-2017,-35,0.2
05-Apr-2017,-35,-0.700000000000001
06-Apr-2017,-35,0.800000000000001
07-Apr-2017,-29,-0.3
10-Apr-2017,-30,0.900000000000001
11-Apr-2017,-30,0.3
12-Apr-2017,-30,-0.5
13-Apr-2017,-30,-1.8
14-Apr-2017,-30,-1.8
17-Apr-2017,-30,-3.39999999999999
18-Apr-2017,-30,-1.5
19-Apr-2017,-30,-1.7
20-Apr-2017,-30,-4.99999999999999
21-Apr-2017,-29,-0.5
24-Apr-2017,-29,6.19999999999999
25-Apr-2017,-29,0.600000000000001
26-Apr-2017,-29,-0.4
27-Apr-2017,-29,-0.3
28-Apr-2017,-29,3.2
01-May-2017,-29,-3.5
02-May-2017,-29,-0.600000000000001
03-May-2017,-27,-0.600000000000001
04-May-2017,-27,0.3
05-May-2017,-27,2.3
08-May-2017,-27,-1.1
09-May-2017,-27,-0.1
10-May-2017,-27,-0.5
11-May-2017,-26,-2.1
12-May-2017,-26,-0.79999999999999
15-May-2017,-26,3.4
16-May-2017,-25,0.4
17-May-2017,-25,0.1
18-May-2017,-25,-2.1
19-May-2017,-25,-1.49999999999999
22-May-2017,-25,0.1
23-May-2017,-25,0.2
24-May-2017,-25,-0.2
25-May-2017,-25,5
26-May-2017,-25,-0.900000000000001
29-May-2017,-25,-0.900000000000001
30-May-2017,-25,-0.5
31-May-2017,-18,2.5
01-Jun-2017,-17,-1
02-Jun-2017,-22,1.5
05-Jun-2017,-21,0.5
06-Jun-2017,1179,0.79999999999999
07-Jun-2017,1178,1.1
08-Jun-2017,1179,-1
09-Jun-2017,1179,-1.4
12-Jun-2017,1179,-2.7
13-Jun-2017,1176,-1.2
14-Jun-2017,1174,5.49999999999999
15-Jun-2017,1174,1.2
16-Jun-2017,1174,-1.4
19-Jun-2017,1172,-9.39999999999999
20-Jun-2017,1172,1.09999999999999
21-Jun-2017,1172,0
22-Jun-2017,672,-0.800000000000001
23-Jun-2017,703,-1.6
26-Jun-2017,703,-1
27-Jun-2017,704,-0.600000000000001
28-Jun-2017,704,-1.2
29-Jun-2017,711,4
30-Jun-2017,711,-1.59999999999998
03-Jul-2017,711,-1.10000000000001
04-Jul-2017,1112,-1.10000000000001
05-Jul-2017,1111,-9.90000000000002
06-Jul-2017,1111,2.49999999999999
07-Jul-2017,1111,-2.6
10-Jul-2017,1111,0.89999999999999
11-Jul-2017,1112,-1.4
12-Jul-2017,1112,1.4
13-Jul-2017,1112,-0.500000000000012
14-Jul-2017,1012,0.89999999999999
17-Jul-2017,1012,1.69999999999999
18-Jul-2017,1012,2.09999999999999
19-Jul-2017,1012,0.499999999999989
20-Jul-2017,1014,-0.800000000000001
21-Jul-2017,1014,-0.300000000000011
24-Jul-2017,1014,-1
25-Jul-2017,1014,-1.29999999999999
26-Jul-2017,1014,3.4
27-Jul-2017,1015,-1.89999999999999
28-Jul-2017,1012,0.499999999999989
31-Jul-2017,1012,-1.89999999999999
01-Aug-2017,1012,2.2
02-Aug-2017,1012,1.29999999999999
03-Aug-2017,1012,0.800000000000001
04-Aug-2017,1012,0.100000000000011
07-Aug-2017,1011,0.600000000000001
08-Aug-2017,1011,0
09-Aug-2017,1011,1.6
10-Aug-2017,1011,0.799999999999979
11-Aug-2017,1011,0.4
14-Aug-2017,1012,0
15-Aug-2017,1012,0.100000000000011
16-Aug-2017,1012,0.500000000000012
17-Aug-2017,1012,-0.299999999999989
18-Aug-2017,1012,-0.89999999999999
21-Aug-2017,1012,-0.500000000000012
22-Aug-2017,1012,0.2
23-Aug-2017,1011,-0.500000000000012
24-Aug-2017,1011,8.7
25-Aug-2017,1011,0.2
28-Aug-2017,1011,0
29-Aug-2017,1011,-1.2
30-Aug-2017,1011,0.2
31-Aug-2017,1013,11.5
01-Sep-2017,1013,-0.099999999999989
04-Sep-2017,1013,-0.099999999999989
05-Sep-2017,1013,-1.79999999999998
06-Sep-2017,1013,0.100000000000011
07-Sep-2017,1016,-2.29999999999999
08-Sep-2017,1016,-0.300000000000011
11-Sep-2017,1014,0.099999999999989
12-Sep-2017,815,-2.50000000000001
13-Sep-2017,815,-2.2
14-Sep-2017,816,0.2
15-Sep-2017,816,-0.600000000000001
18-Sep-2017,816,-2.69999999999999
19-Sep-2017,816,1.29999999999999
20-Sep-2017,816,5.2
21-Sep-2017,1016,-1.30000000000001
22-Sep-2017,1017,-0.600000000000001
25-Sep-2017,1017,-0.800000000000001
26-Sep-2017,1017,-1
27-Sep-2017,1016,-0.499999999999989
28-Sep-2017,1016,1.2
29-Sep-2017,1014,-3.69999999999999
02-Oct-2017,1014,-11.8
03-Oct-2017,1014,1.29999999999999
04-Oct-2017,1012,0.4
05-Oct-2017,1012,1.49999999999999
06-Oct-2017,978,0.499999999999989
09-Oct-2017,978,0.499999999999989
10-Oct-2017,978,-1.29999999999999
11-Oct-2017,1978,-0.299999999999989
12-Oct-2017,1977,-4.89999999999999
13-Oct-2017,1977,6.79999999999998
16-Oct-2017,1977,0.69999999999999
17-Oct-2017,1977,-0.89999999999999
18-Oct-2017,1977,-0.099999999999989
19-Oct-2017,2778,2.8
20-Oct-2017,2778,-0.89999999999999
23-Oct-2017,2778,-1.49999999999999
24-Oct-2017,2778,-2.6
25-Oct-2017,2778,0
26-Oct-2017,2778,-0.4
27-Oct-2017,2778,-2.29999999999999
30-Oct-2017,2778,-0.099999999999989
31-Oct-2017,2978,0.2
01-Nov-2017,2978,3.2
02-Nov-2017,2978,-0.2
03-Nov-2017,2978,0.099999999999989
06-Nov-2017,2978,-0.499999999999989
07-Nov-2017,2978,1
08-Nov-2017,2978,-2.89999999999999
09-Nov-2017,3278,-0.100000000000011
10-Nov-2017,3278,-0.500000000000012
13-Nov-2017,3278,0.499999999999989
14-Nov-2017,3278,5.29999999999999
15-Nov-2017,3178,0.300000000000011
16-Nov-2017,3178,0.299999999999989
17-Nov-2017,3178,-0.600000000000001
20-Nov-2017,3178,-1.69999999999999
21-Nov-2017,3178,-2
22-Nov-2017,3178,-0.2
23-Nov-2017,3178,-0.2
24-Nov-2017,3178,-1.29999999999999
27-Nov-2017,3178,0.100000000000011
28-Nov-2017,3178,-1
29-Nov-2017,2778,-1.4
30-Nov-2017,2777,-4
01-Dec-2017,2777,0.4
04-Dec-2017,3177,3
05-Dec-2017,3177,-1.50000000000001
06-Dec-2017,3178,0.2
07-Dec-2017,3178,-0.300000000000011
08-Dec-2017,3179,-1.4
11-Dec-2017,3178,-1.69999999999999
12-Dec-2017,3178,-0.299999999999989
13-Dec-2017,3178,0.4
14-Dec-2017,3180,1.6
15-Dec-2017,3180,0.800000000000001
18-Dec-2017,3186,-2.2
19-Dec-2017,3186,-0.299999999999989
20-Dec-2017,3186,0.300000000000011
21-Dec-2017,3185,-0.900000000000012
22-Dec-2017,3185,-2.6
25-Dec-2017,3185,-2.6
26-Dec-2017,3185,-1
27-Dec-2017,3185,-3.79999999999998
28-Dec-2017,3185,3.4
29-Dec-2017,3185,-15.9
01-Jan-2018,3185,-15.9
02-Jan-2018,3185,-1.69999999999999
03-Jan-2018,3180,-1.4
04-Jan-2018,2980,-6.40000000000001
05-Jan-2018,2977,-15.5
08-Jan-2018,2977,-1.2
09-Jan-2018,2977,-0.4
10-Jan-2018,2976,-0.4
11-Jan-2018,2976,-2.50000000000001
12-Jan-2018,2976,0.2
15-Jan-2018,2976,0.2
16-Jan-2018,2976,-0.300000000000011
17-Jan-2018,2976,0
18-Jan-2018,2976,0.2
19-Jan-2018,2976,-1.70000000000001
22-Jan-2018,2976,-1.09999999999999
23-Jan-2018,2976,-1.79999999999998
24-Jan-2018,2976,-1.10000000000001
25-Jan-2018,2976,-2.6
26-Jan-2018,2973,0.300000000000011
29-Jan-2018,2973,0
30-Jan-2018,2973,1.49999999999999
31-Jan-2018,973,6.29999999999999
01-Feb-2018,974,2.50000000000001
02-Feb-2018,974,-2.49999999999999
05-Feb-2018,974,0.600000000000001
06-Feb-2018,974,1.8
07-Feb-2018,974,0.89999999999999
08-Feb-2018,974,-3.2
09-Feb-2018,974,-1.69999999999999
12-Feb-2018,974,-3
13-Feb-2018,974,-3
14-Feb-2018,974,0
15-Feb-2018,980,-0.600000000000001
16-Feb-2018,980,-1.49999999999999
19-Feb-2018,980,-1.49999999999999
20-Feb-2018,980,-3.8
21-Feb-2018,980,-2.70000000000001
22-Feb-2018,980,-1.4
23-Feb-2018,980,-3.29999999999999
26-Feb-2018,980,1.90000000000001
27-Feb-2018,980,-2.30000000000001
28-Feb-2018,980,-4.4
01-Mar-2018,1480,5.49999999999999
02-Mar-2018,1480,-1.29999999999999
05-Mar-2018,1480,-0.4
06-Mar-2018,1480,-0.499999999999989
07-Mar-2018,1480,-1
08-Mar-2018,1480,0.099999999999989
09-Mar-2018,1480,-0.4
12-Mar-2018,1980,-0.800000000000001
13-Mar-2018,1980,-0.2
14-Mar-2018,1980,-0.2
15-Mar-2018,1980,-0.600000000000001
16-Mar-2018,1980,0.300000000000011
19-Mar-2018,2186,0
20-Mar-2018,2183,0.700000000000012
21-Mar-2018,2183,-6.80000000000001
22-Mar-2018,2185,-0.500000000000012
23-Mar-2018,2185,-0.600000000000001
26-Mar-2018,2185,-3.09999999999999
27-Mar-2018,2185,-1.2
28-Mar-2018,1485,-1.10000000000001
29-Mar-2018,1485,-3.10000000000001
30-Mar-2018,1485,-3.10000000000001
02-Apr-2018,1485,-0.700000000000012
03-Apr-2018,1485,-3.2
04-Apr-2018,1485,-0.4
05-Apr-2018,1479,1.10000000000001
06-Apr-2018,1479,0.2
09-Apr-2018,1479,1.10000000000001
10-Apr-2018,1479,-0.500000000000012
11-Apr-2018,1479,0.299999999999989
12-Apr-2018,1479,0.4
13-Apr-2018,1479,0.600000000000001
16-Apr-2018,1479,1.10000000000001
17-Apr-2018,1479,-0.100000000000011
18-Apr-2018,2679,0.4
19-Apr-2018,2678,-0.800000000000001
20-Apr-2018,2678,-0.100000000000011
23-Apr-2018,2678,1.4
24-Apr-2018,2678,-2.50000000000001
25-Apr-2018,2678,0.100000000000011
26-Apr-2018,2678,0
27-Apr-2018,2679,0.100000000000011
30-Apr-2018,2678,-0.300000000000011
01-May-2018,2678,-0.499999999999989
02-May-2018,2678,-0.800000000000001
03-May-2018,1978,0.4
04-May-2018,1977,0.69999999999999
07-May-2018,1977,-0.4
08-May-2018,1977,-0.89999999999999
09-May-2018,1976,-0.700000000000012
10-May-2018,1977,0.299999999999989
11-May-2018,1978,1.6
14-May-2018,1978,0.800000000000001
15-May-2018,1978,-1.30000000000001
16-May-2018,1978,0.2
17-May-2018,1978,1.30000000000001
18-May-2018,1978,0.100000000000011
21-May-2018,2278,0.500000000000012
22-May-2018,2278,-0.300000000000011
23-May-2018,2278,-6.60000000000001
24-May-2018,2277,-0.900000000000012
25-May-2018,2277,-0.500000000000012
28-May-2018,2277,-0.500000000000012
29-May-2018,2277,-0.600000000000001
30-May-2018,2279,0.099999999999989
31-May-2018,1779,9.50000000000002
01-Jun-2018,1783,-0.600000000000001
04-Jun-2018,1783,1.09999999999999
05-Jun-2018,1783,-1.29999999999999
06-Jun-2018,1783,-0.700000000000012
07-Jun-2018,1783,-1.8
08-Jun-2018,1783,0.499999999999989
11-Jun-2018,2483,-0.299999999999989
12-Jun-2018,2483,2
13-Jun-2018,2482,-4.69999999999999
14-Jun-2018,2482,2.50000000000001
15-Jun-2018,2481,2.29999999999999
18-Jun-2018,2481,-1.09999999999999
19-Jun-2018,2481,-1
20-Jun-2018,2481,-0.89999999999999
21-Jun-2018,2481,0.600000000000001
22-Jun-2018,2481,-1
25-Jun-2018,2481,-3
26-Jun-2018,2481,0.4
27-Jun-2018,2481,-1.69999999999999
28-Jun-2018,2481,-10.7
29-Jun-2018,2479,8.1
02-Jul-2018,2479,-0.900000000000034
03-Jul-2018,2479,-0.600000000000023
04-Jul-2018,2479,-0.600000000000023
05-Jul-2018,2479,0.4
06-Jul-2018,2479,-0.600000000000001
09-Jul-2018,2479,-0.500000000000012
10-Jul-2018,2478,1.2
11-Jul-2018,2478,-3
12-Jul-2018,2478,-1.10000000000001
13-Jul-2018,2478,1.50000000000001
16-Jul-2018,2478,-0.4
17-Jul-2018,2478,-2
18-Jul-2018,2478,-2.89999999999999
19-Jul-2018,2478,-1.6
20-Jul-2018,2478,0.800000000000001
23-Jul-2018,2478,-2.69999999999999
24-Jul-2018,2476,-7.40000000000001
25-Jul-2018,2476,-0.900000000000012
26-Jul-2018,2476,-4.69999999999999
27-Jul-2018,2476,-3.8
30-Jul-2018,2474,-0.4
31-Jul-2018,2474,-0.600000000000001
01-Aug-2018,2474,1
02-Aug-2018,2474,-1.4
03-Aug-2018,2474,3.09999999999999
06-Aug-2018,2474,2.2
07-Aug-2018,2474,-1.10000000000001
08-Aug-2018,2473,-1.09999999999999
09-Aug-2018,2473,-0.299999999999989
10-Aug-2018,2473,2.29999999999997
13-Aug-2018,2473,-1.29999999999999
14-Aug-2018,2474,1.00000000000002
15-Aug-2018,2474,-0.300000000000011
16-Aug-2018,2474,-2.49999999999999
17-Aug-2018,2474,0.500000000000012
20-Aug-2018,2474,0.300000000000011
21-Aug-2018,2474,0.2
22-Aug-2018,2473,0.300000000000011
23-Aug-2018,2473,1.10000000000001
24-Aug-2018,2473,0.099999999999989
27-Aug-2018,2473,-1.50000000000001
28-Aug-2018,2473,-2.8
29-Aug-2018,2474,-2
30-Aug-2018,2474,-2.49999999999999
31-Aug-2018,2474,2.90000000000004
03-Sep-2018,5474,2.90000000000004
04-Sep-2018,5474,0.800000000000001
05-Sep-2018,5474,-1.29999999999999
06-Sep-2018,5474,-0.800000000000001
07-Sep-2018,5474,0.499999999999989
10-Sep-2018,5474,-0.800000000000001
11-Sep-2018,5474,-1.69999999999999
12-Sep-2018,5774,-2.10000000000004
13-Sep-2018,5774,-0.900000000000012
14-Sep-2018,5774,2.89999999999999
17-Sep-2018,5774,1.29999999999999
18-Sep-2018,5774,-0.600000000000001
19-Sep-2018,5773,0.800000000000001
20-Sep-2018,5773,-2.10000000000001
21-Sep-2018,5773,0.4
24-Sep-2018,5773,-5.39999999999998
25-Sep-2018,5773,-0.900000000000012
26-Sep-2018,5473,-3.4
27-Sep-2018,5474,0.199999999999978
28-Sep-2018,5474,-0.200000000000022
01-Oct-2018,5474,-0.599999999999978
02-Oct-2018,5474,0
03-Oct-2018,5473,-0.499999999999989
04-Oct-2018,5473,-0.999999999999979
05-Oct-2018,5473,-0.500000000000034
08-Oct-2018,5473,-0.500000000000034
09-Oct-2018,5473,1.6
10-Oct-2018,5473,0.199999999999978
11-Oct-2018,5473,-0.4
12-Oct-2018,5473,0.199999999999978
15-Oct-2018,5473,-0.499999999999989
16-Oct-2018,5473,-0.4
17-Oct-2018,5474,0
18-Oct-2018,5474,-0.300000000000011
19-Oct-2018,5474,0.100000000000033
22-Oct-2018,5474,-1.2
23-Oct-2018,5474,-0.4
24-Oct-2018,5474,-0.800000000000001
25-Oct-2018,5474,-0.499999999999989
26-Oct-2018,5474,-0.599999999999978
29-Oct-2018,5474,-1.39999999999998
30-Oct-2018,5474,0.099999999999989
31-Oct-2018,5474,1.40000000000002
01-Nov-2018,5474,9.80000000000003
02-Nov-2018,5474,-3.6
05-Nov-2018,5474,-1.39999999999998
06-Nov-2018,5474,-2.49999999999999
07-Nov-2018,5474,-0.700000000000012
08-Nov-2018,5374,0.600000000000023
09-Nov-2018,5374,-0.500000000000034
12-Nov-2018,5374,-0.500000000000034
13-Nov-2018,5374,0.099999999999989
14-Nov-2018,5374,0.300000000000011
15-Nov-2018,5374,-2.8
16-Nov-2018,5374,-0.700000000000012
19-Nov-2018,5274,-0.4
20-Nov-2018,5274,-1.99999999999996
21-Nov-2018,5274,-1.19999999999996
22-Nov-2018,5274,-1.19999999999996
23-Nov-2018,5274,0.300000000000011
26-Nov-2018,5274,-0.499999999999989
27-Nov-2018,5671,0.499999999999989
28-Nov-2018,5671,-0.300000000000011
29-Nov-2018,5671,-1.80000000000002
30-Nov-2018,5671,-0.299999999999967
03-Dec-2018,5671,1.40000000000002
04-Dec-2018,5771,-28.9
05-Dec-2018,5771,-28.9
06-Dec-2018,5771,-16.3
07-Dec-2018,5771,-5.50000000000002
10-Dec-2018,5771,1.50000000000001
11-Dec-2018,5771,2.09999999999999
12-Dec-2018,5772,0.199999999999978
13-Dec-2018,5772,0.200000000000022
14-Dec-2018,5772,-0.700000000000012
17-Dec-2018,5772,-0.200000000000022
18-Dec-2018,5572,-3.6
19-Dec-2018,5572,1.69999999999999
20-Dec-2018,5572,-0.800000000000001
21-Dec-2018,5572,-2.50000000000004
24-Dec-2018,5572,0.099999999999989
25-Dec-2018,5572,0.099999999999989
26-Dec-2018,5572,-0.499999999999989
27-Dec-2018,5572,0.4
28-Dec-2018,5572,0.100000000000033
31-Dec-2018,5572,259.9
01-Jan-2019,5572,259.9
02-Jan-2019,5979,-1.40000000000002
03-Jan-2019,5979,-1.29999999999999
04-Jan-2019,5977,1.69999999999999
07-Jan-2019,5977,1.10000000000001
08-Jan-2019,5977,-0.499999999999989
09-Jan-2019,5974,-0.699999999999967
10-Jan-2019,5974,-0.4
11-Jan-2019,5974,-0.300000000000011
14-Jan-2019,5974,-1.39999999999998
15-Jan-2019,5974,-0.300000000000011
16-Jan-2019,5974,-0.300000000000011
17-Jan-2019,6173,0.099999999999989
18-Jan-2019,6173,-0.300000000000011
21-Jan-2019,6173,-0.300000000000011
22-Jan-2019,6173,-0.200000000000022
23-Jan-2019,6173,-1.29999999999999
24-Jan-2019,6173,0.199999999999978
25-Jan-2019,6173,0.200000000000022
28-Jan-2019,6373,-0.300000000000011
29-Jan-2019,6373,-0.600000000000023
30-Jan-2019,6372,0.300000000000011
31-Jan-2019,6372,3.90000000000001
01-Feb-2019,6372,-1.2
04-Feb-2019,6372,-1.2
05-Feb-2019,6372,0.499999999999989
06-Feb-2019,5971,-0.300000000000011
07-Feb-2019,5971,-0.4
08-Feb-2019,5971,-0.599999999999978
11-Feb-2019,5971,-1.50000000000001
12-Feb-2019,5971,-1.29999999999999
13-Feb-2019,5971,-0.4
14-Feb-2019,5971,-0.299999999999967
15-Feb-2019,6271,2.60000000000002
18-Feb-2019,6271,2.60000000000002
19-Feb-2019,6271,0.800000000000001
20-Feb-2019,5971,0.700000000000012
21-Feb-2019,5971,-0.4
22-Feb-2019,5971,-0.599999999999978
25-Feb-2019,5971,-0.89999999999999
26-Feb-2019,5971,-9.79999999999999
27-Feb-2019,5971,-0.4
28-Feb-2019,6471,-6.40000000000001
01-Mar-2019,6471,-0.499999999999989
04-Mar-2019,6471,0.4
05-Mar-2019,6471,0
06-Mar-2019,6471,0.300000000000011
07-Mar-2019,6471,-0.600000000000023
08-Mar-2019,6471,-0.4
11-Mar-2019,6471,-0.300000000000011
12-Mar-2019,6471,-0.200000000000022
13-Mar-2019,6471,0.300000000000011
14-Mar-2019,6473,0.099999999999989
15-Mar-2019,6473,0.700000000000012
18-Mar-2019,6473,0.100000000000033
19-Mar-2019,6473,-0.699999999999967
20-Mar-2019,6473,-3.29999999999999
21-Mar-2019,7273,-0.89999999999999
22-Mar-2019,7273,0.099999999999989
25-Mar-2019,7273,0.199999999999978
26-Mar-2019,7273,0.299999999999967
27-Mar-2019,7273,-1.10000000000001
28-Mar-2019,7273,9.80000000000003
29-Mar-2019,6473,-1.09999999999997
01-Apr-2019,6473,-0.700000000000012
02-Apr-2019,6473,-6.40000000000001
03-Apr-2019,6473,-1.50000000000001
04-Apr-2019,6473,-0.099999999999989
05-Apr-2019,6473,-1.80000000000002
08-Apr-2019,6473,-1.39999999999998
09-Apr-2019,6473,-1.40000000000002
10-Apr-2019,6473,-0.89999999999999
11-Apr-2019,6473,0.500000000000034
12-Apr-2019,6473,1.2
15-Apr-2019,6473,2.50000000000004
16-Apr-2019,6473,6.50000000000004
17-Apr-2019,6473,-1.50000000000001
18-Apr-2019,6473,3.2
19-Apr-2019,6473,3.2
22-Apr-2019,6473,1.70000000000003
23-Apr-2019,6473,-2.69999999999997
24-Apr-2019,6473,-0.4
25-Apr-2019,6473,1.39999999999998
26-Apr-2019,6473,-1.09999999999997
29-Apr-2019,6473,-1.6
30-Apr-2019,6973,-0.800000000000001
01-May-2019,6973,0.699999999999967
02-May-2019,6973,-0.700000000000012
03-May-2019,6973,-7.09999999999997
06-May-2019,6973,0.4
07-May-2019,6973,-0.800000000000001
08-May-2019,6973,0.699999999999967
09-May-2019,6973,0.4
10-May-2019,6973,0.4
13-May-2019,6973,0.299999999999967
14-May-2019,6973,1.6
15-May-2019,6773,-0.700000000000012
16-May-2019,6773,0.300000000000011
17-May-2019,6773,-0.599999999999978
20-May-2019,6773,0.800000000000001
21-May-2019,6773,5.40000000000003
22-May-2019,6773,-0.4
23-May-2019,6773,-1.30000000000003
24-May-2019,6773,-0.600000000000023
27-May-2019,6773,-0.600000000000023
28-May-2019,6773,0.499999999999989
29-May-2019,6773,1.39999999999998
30-May-2019,6673,-0.100000000000033
31-May-2019,6673,2
03-Jun-2019,6673,0.700000000000012
04-Jun-2019,6673,0.200000000000022
05-Jun-2019,6673,0.099999999999989
06-Jun-2019,6673,0.300000000000011
07-Jun-2019,6673,0.700000000000012
10-Jun-2019,6673,-0.200000000000022
11-Jun-2019,6673,0
12-Jun-2019,6673,-0.499999999999989
13-Jun-2019,6673,-0.600000000000023
14-Jun-2019,6673,0.300000000000011
17-Jun-2019,6673,-0.500000000000034
18-Jun-2019,6774,2.09999999999999
19-Jun-2019,6774,-0.4
20-Jun-2019,6774,-2.50000000000004
21-Jun-2019,6775,0.600000000000023
24-Jun-2019,6775,0.200000000000022
25-Jun-2019,6771,-1.90000000000001
26-Jun-2019,6771,1.2
27-Jun-2019,6771,-0.299999999999967
28-Jun-2019,6970,-4.29999999999997
01-Jul-2019,6970,22.5
02-Jul-2019,6970,-10.3
03-Jul-2019,6970,3.6
04-Jul-2019,6968,3.6
05-Jul-2019,6968,1.29999999999999
08-Jul-2019,6968,-1.09999999999997
09-Jul-2019,6967,-0.599999999999978
10-Jul-2019,7167,0.599999999999978
11-Jul-2019,7167,3.10000000000001
12-Jul-2019,7167,-7.09999999999997
15-Jul-2019,7167,1.90000000000001
16-Jul-2019,7167,1.69999999999999
17-Jul-2019,7167,-1.39999999999998
18-Jul-2019,7167,0
19-Jul-2019,7167,-0.300000000000011
22-Jul-2019,7167,0.4
23-Jul-2019,7167,0.200000000000022
24-Jul-2019,7067,1.09999999999997
25-Jul-2019,7071,-0.499999999999989
26-Jul-2019,7067,-1.2
29-Jul-2019,7067,-0.700000000000012
30-Jul-2019,7068,-1.50000000000001
31-Jul-2019,7068,-2.09999999999999
01-Aug-2019,7067,-2
02-Aug-2019,6967,0.600000000000023
05-Aug-2019,6967,0.4
06-Aug-2019,6967,-4.99999999999998
07-Aug-2019,6967,-0.100000000000033
08-Aug-2019,6967,-3.6
09-Aug-2019,6967,0.4
12-Aug-2019,7046,-1.90000000000001
13-Aug-2019,7046,5.6
14-Aug-2019,6846,1.10000000000001
15-Aug-2019,6846,0.599999999999978
16-Aug-2019,6846,-0.299999999999967
19-Aug-2019,6846,-0.100000000000033
20-Aug-2019,6846,1.10000000000001
21-Aug-2019,6847,0
22-Aug-2019,6850,0.199999999999978
23-Aug-2019,6850,-0.499999999999989
26-Aug-2019,6850,-0.700000000000012
27-Aug-2019,6850,-1.30000000000003
28-Aug-2019,6850,1.90000000000001
29-Aug-2019,6851,0.200000000000022
30-Aug-2019,6851,-2.8
02-Sep-2019,6851,-2.8
03-Sep-2019,6853,-0.4
04-Sep-2019,6853,-1.69999999999999
05-Sep-2019,6853,-0.499999999999989
06-Sep-2019,6856,2.90000000000004
09-Sep-2019,6857,0.499999999999989
10-Sep-2019,6857,0.89999999999999
11-Sep-2019,6857,1.6
12-Sep-2019,6857,3.99999999999996
13-Sep-2019,6854,3.69999999999999
16-Sep-2019,6854,17.2
17-Sep-2019,6853,207.3
18-Sep-2019,6853,64.2
19-Sep-2019,6853,-3.6
20-Sep-2019,6853,-1.10000000000001
23-Sep-2019,6853,9.00000000000001
24-Sep-2019,6853,2.39999999999998
25-Sep-2019,6753,-6.20000000000003
26-Sep-2019,6753,0.800000000000001
27-Sep-2019,6753,1.50000000000001
30-Sep-2019,6753,-4
01-Oct-2019,6753,-4.19999999999998
02-Oct-2019,6623,1.4
03-Oct-2019,6623,-3.4
04-Oct-2019,6623,-0.4
07-Oct-2019,6623,-0.800000000000001
08-Oct-2019,6623,-0.2
09-Oct-2019,6622,-0.099999999999989
10-Oct-2019,6620,-1.6
11-Oct-2019,6620,-0.800000000000001
14-Oct-2019,6620,-0.800000000000001
15-Oct-2019,6620,-20.3
16-Oct-2019,6620,1.69999999999999
17-Oct-2019,6620,0
18-Oct-2019,6620,-1.10000000000001
21-Oct-2019,6620,-1.30000000000001
22-Oct-2019,6620,-1
23-Oct-2019,6621,0.4
24-Oct-2019,6621,-0.800000000000001
25-Oct-2019,6620,-1.2
28-Oct-2019,6620,0.099999999999989
29-Oct-2019,6620,0.499999999999989
30-Oct-2019,6620,-0.299999999999989
31-Oct-2019,7021,-3.2
01-Nov-2019,7021,-0.300000000000011
04-Nov-2019,7021,0.100000000000011
05-Nov-2019,7022,-0.300000000000011
06-Nov-2019,7022,-1.50000000000001
07-Nov-2019,7022,-0.100000000000011
08-Nov-2019,7021,-0.700000000000012
11-Nov-2019,7021,-0.700000000000012
12-Nov-2019,7221,0.600000000000001
13-Nov-2019,7221,-1.49999999999999
14-Nov-2019,7221,1
15-Nov-2019,7221,0.600000000000001
18-Nov-2019,7221,0.700000000000012
19-Nov-2019,7221,2
20-Nov-2019,7221,-1.39999999999998
21-Nov-2019,7221,-0.2
22-Nov-2019,7221,0.4
25-Nov-2019,7220,0.4
26-Nov-2019,7220,0.100000000000011
27-Nov-2019,7220,-0.299999999999989
28-Nov-2019,6820,-0.299999999999989
29-Nov-2019,6820,0
02-Dec-2019,6820,-3.90000000000001
03-Dec-2019,6820,0.500000000000012
04-Dec-2019,6820,0.500000000000012
05-Dec-2019,6820,-0.600000000000001
06-Dec-2019,6820,0.800000000000001
09-Dec-2019,6820,0.4
10-Dec-2019,6508,-0.100000000000011
11-Dec-2019,6508,-0.69999999999999
12-Dec-2019,6521,-0.099999999999989
13-Dec-2019,6521,2.4
16-Dec-2019,6521,3.69999999999999
17-Dec-2019,6521,-1.4
18-Dec-2019,6521,-0.4
19-Dec-2019,6521,-0.099999999999989
20-Dec-2019,6321,0.4
23-Dec-2019,6321,-3.70000000000001
24-Dec-2019,6321,-5.10000000000002
25-Dec-2019,6321,-5.10000000000002
26-Dec-2019,6321,0.4
27-Dec-2019,6321,1
30-Dec-2019,6321,1
31-Dec-2019,6321,1
01-Jan-2020,6321,1
02-Jan-2020,7421,0.600000000000001
03-Jan-2020,7420,-0.4
06-Jan-2020,7420,-0.600000000000001
07-Jan-2020,7420,-0.299999999999989
08-Jan-2020,7420,0.600000000000001
09-Jan-2020,7420,-0.099999999999989
10-Jan-2020,7420,-1.4
13-Jan-2020,7420,-0.2
14-Jan-2020,7420,-0.700000000000012
15-Jan-2020,7422,0.2
16-Jan-2020,7422,-0.2
17-Jan-2020,7421,0.4
20-Jan-2020,4421,0.4
21-Jan-2020,4421,0.499999999999989
22-Jan-2020,4422,0
23-Jan-2020,4422,-0.2
24-Jan-2020,4422,-0.4
27-Jan-2020,4423,-0.2
28-Jan-2020,4424,-0.300000000000011
29-Jan-2020,4424,-0.2
30-Jan-2020,4425,-0.2
31-Jan-2020,4422,-0.100000000000011
03-Feb-2020,4422,-0.4
04-Feb-2020,6322,-0.69999999999999
05-Feb-2020,6322,-1.09999999999999
06-Feb-2020,6322,1.6
07-Feb-2020,6322,-1.70000000000001
10-Feb-2020,6322,0
11-Feb-2020,6321,0.100000000000011
12-Feb-2020,6321,-0.500000000000012
13-Feb-2020,6721,0
14-Feb-2020,6721,0.4
17-Feb-2020,6722,0.4
18-Feb-2020,6722,-0.600000000000001
19-Feb-2020,6722,-0.499999999999989
20-Feb-2020,6722,-0.800000000000001
21-Feb-2020,6722,0.89999999999999
24-Feb-2020,6723,-0.69999999999999
25-Feb-2020,6323,0.800000000000001
26-Feb-2020,6323,-0.100000000000011
27-Feb-2020,6323,0.299999999999989
28-Feb-2020,6323,0.2
02-Mar-2020,6323,1.10000000000001
03-Mar-2020,6324,-0.500000000000012
04-Mar-2020,6324,3.10000000000001
05-Mar-2020,6338,0.4
06-Mar-2020,6328,0.2
09-Mar-2020,6328,1.50000000000001
10-Mar-2020,6338,0.100000000000011
11-Mar-2020,6338,-0.499999999999989
12-Mar-2020,6366,-1.2
13-Mar-2020,6366,0.600000000000001
16-Mar-2020,6366,55.9
17-Mar-2020,6366,3.3
18-Mar-2020,6373,2
19-Mar-2020,6373,1.2
20-Mar-2020,6373,-1
23-Mar-2020,1973,-0.499999999999999
24-Mar-2020,1977,0.6
25-Mar-2020,1977,-1.8
26-Mar-2020,1977,-0.1
27-Mar-2020,1978,-3
30-Mar-2020,1978,-5.2
31-Mar-2020,1978,2.8
01-Apr-2020,1978,-0.7
02-Apr-2020,1478,0.1
03-Apr-2020,1478,-2.8
06-Apr-2020,1478,0.800000000000001
07-Apr-2020,1481,1.3
08-Apr-2020,1481,0.5
09-Apr-2020,1481,0.3
10-Apr-2020,1481,0.3
13-Apr-2020,1481,-0.799999999999999
14-Apr-2020,1481,-2.4
15-Apr-2020,1481,-0.899999999999999
16-Apr-2020,481,2.2
17-Apr-2020,481,-0.4
20-Apr-2020,482,0.1
21-Apr-2020,482,1.8
22-Apr-2020,482,0
23-Apr-2020,284,1.4
24-Apr-2020,284,-0.599999999999999
27-Apr-2020,284,2.2
28-Apr-2020,284,0.9
29-Apr-2020,284,2.4
30-Apr-2020,293,-0.2
01-May-2020,284,0.1
04-May-2020,287,-0.1
05-May-2020,287,0.399999999999999
06-May-2020,287,0.899999999999999
07-May-2020,287,1.9
08-May-2020,287,0.1
11-May-2020,387,-0.1
12-May-2020,387,-0.399999999999999
13-May-2020,387,2.5
14-May-2020,187,-2.9
15-May-2020,187,-0.4
18-May-2020,187,-0.799999999999999
19-May-2020,187,-0.1
20-May-2020,187,3.6
21-May-2020,287,1.3
22-May-2020,287,5.3
25-May-2020,287,5.3
26-May-2020,287,-0.399999999999999
27-May-2020,287,-0.4
28-May-2020,187,-0.4
29-May-2020,188,0.700000000000001
01-Jun-2020,188,-0.800000000000001
02-Jun-2020,188,-0.5
03-Jun-2020,-12,-1.5
04-Jun-2020,-12,0.4
05-Jun-2020,-9,0.499999999999999
08-Jun-2020,-9,0.2
09-Jun-2020,-9,-0.2
10-Jun-2020,-9,0.1
11-Jun-2020,-209,0
12-Jun-2020,-209,-0.3
15-Jun-2020,-209,0.1
16-Jun-2020,-209,0
17-Jun-2020,-209,0.499999999999999
18-Jun-2020,191,0.2
19-Jun-2020,191,0.3
22-Jun-2020,191,0.2
23-Jun-2020,191,0
24-Jun-2020,191,0.1
25-Jun-2020,291,-0.5
26-Jun-2020,291,-0.4
29-Jun-2020,291,-0.600000000000001
30-Jun-2020,294,-0.1
01-Jul-2020,294,-0.2
02-Jul-2020,294,0.600000000000001
03-Jul-2020,294,0.600000000000001
06-Jul-2020,294,-0.1
07-Jul-2020,294,-1.4
08-Jul-2020,294,-0.2
09-Jul-2020,294,-0.2
10-Jul-2020,294,0.399999999999998
13-Jul-2020,294,-0.1
14-Jul-2020,294,1.3
15-Jul-2020,294,0.1
16-Jul-2020,394,-0.1
17-Jul-2020,394,0.499999999999998
20-Jul-2020,394,1.1
21-Jul-2020,394,-1
22-Jul-2020,394,0.3
23-Jul-2020,794,0.2
24-Jul-2020,794,0.3
27-Jul-2020,791,-0.5
28-Jul-2020,791,-0.600000000000001
29-Jul-2020,791,0.3
30-Jul-2020,291,0.3
31-Jul-2020,291,2.4
03-Aug-2020,291,-0.1
04-Aug-2020,291,-0.600000000000001
05-Aug-2020,291,0
06-Aug-2020,291,-0.1
07-Aug-2020,291,-0.700000000000001
10-Aug-2020,291,-0.2
11-Aug-2020,290,0.1
12-Aug-2020,289,0.1
13-Aug-2020,89,-0.1
14-Aug-2020,89,0
17-Aug-2020,91,0
18-Aug-2020,91,0.299999999999999
19-Aug-2020,91,-3
20-Aug-2020,291,1.1
21-Aug-2020,291,-0.4
24-Aug-2020,290,-1.1
25-Aug-2020,290,0.4
26-Aug-2020,291,-1.5
27-Aug-2020,391,-1.2
28-Aug-2020,391,-1.9
31-Aug-2020,391,0.4
01-Sep-2020,391,1.2
02-Sep-2020,391,0.3
03-Sep-2020,391,-0.800000000000001
04-Sep-2020,391,-1
07-Sep-2020,391,-1
08-Sep-2020,390,-0.1
09-Sep-2020,391,-0.5
10-Sep-2020,191,-0.1
11-Sep-2020,191,-0.2
14-Sep-2020,191,0
15-Sep-2020,191,-0.900000000000001
16-Sep-2020,191,0
17-Sep-2020,191,-0.3
18-Sep-2020,191,-3.7
21-Sep-2020,191,0.800000000000001
22-Sep-2020,191,1.7
23-Sep-2020,191,-0.1
24-Sep-2020,191,-1.1
25-Sep-2020,191,-0.1
28-Sep-2020,191,1
29-Sep-2020,191,1.1
30-Sep-2020,194,0
01-Oct-2020,-9,0.1
02-Oct-2020,-9,0
05-Oct-2020,-9,-0.900000000000001
06-Oct-2020,-9,-0.600000000000001
07-Oct-2020,-9,0
08-Oct-2020,-9,0.2
09-Oct-2020,-9,-0.5
12-Oct-2020,-9,-0.5
13-Oct-2020,-9,0.1
14-Oct-2020,-9,0.3
15-Oct-2020,-9,0
16-Oct-2020,-9,0.2
19-Oct-2020,-9,0.3
20-Oct-2020,-9,-0.1
21-Oct-2020,-9,-1.5
22-Oct-2020,191,-0.699999999999999
23-Oct-2020,191,0
26-Oct-2020,191,-0.2
27-Oct-2020,191,0.4
28-Oct-2020,191,1.3
29-Oct-2020,91,-0.5
30-Oct-2020,91,-0.599999999999999
02-Nov-2020,91,0.5
03-Nov-2020,91,-0.1
04-Nov-2020,91,0.3
05-Nov-2020,-9,0
06-Nov-2020,-9,-0.800000000000001
09-Nov-2020,-9,-0.499999999999999
10-Nov-2020,-9,0.2
11-Nov-2020,-9,0.2
12-Nov-2020,91,-0.799999999999999
13-Nov-2020,91,0
16-Nov-2020,91,1.5
17-Nov-2020,91,-0.1
18-Nov-2020,91,0.2
19-Nov-2020,191,-0.800000000000001
20-Nov-2020,191,-0.2
23-Nov-2020,191,-0.3
24-Nov-2020,192,0.2
25-Nov-2020,192,-0.1
26-Nov-2020,-8,-0.1
27-Nov-2020,-8,-0.5
30-Nov-2020,-8,-0.2
01-Dec-2020,-8,0.2
02-Dec-2020,-6,-0.699999999999999
03-Dec-2020,-8,0.4
04-Dec-2020,-8,-0.299999999999999
07-Dec-2020,-8,0.1
08-Dec-2020,-8,-0.2
09-Dec-2020,-8,-0.600000000000001
10-Dec-2020,-8,0.299999999999999
11-Dec-2020,-7,0.199999999999999
14-Dec-2020,-7,-1.8
15-Dec-2020,-7,0.2
16-Dec-2020,-7,-0.1
17-Dec-2020,-205,0.3
18-Dec-2020,-205,0.3
21-Dec-2020,-205,-0.2
22-Dec-2020,-202,-2.6
23-Dec-2020,-202,-3
24-Dec-2020,-202,0.699999999999999
25-Dec-2020,-202,0.699999999999999
28-Dec-2020,-202,-0.2
29-Dec-2020,-202,1.1
30-Dec-2020,-202,-1.2
31-Dec-2020,-176,-2.8
01-Jan-2021,-176,-2.8
04-Jan-2021,-204,0.3
05-Jan-2021,-204,-0.4
06-Jan-2021,-204,-0.5
07-Jan-2021,-504,0
08-Jan-2021,-504,0.4
11-Jan-2021,-508,-0.899999999999999
12-Jan-2021,-508,-0.3
13-Jan-2021,-508,0
14-Jan-2021,-16,-0.2
15-Jan-2021,-16,-0.1
18-Jan-2021,-16,-0.1
19-Jan-2021,-16,0.2
20-Jan-2021,-16,-1.7
21-Jan-2021,-17,-0.3
22-Jan-2021,-17,0.599999999999999
25-Jan-2021,-17,0.499999999999999
26-Jan-2021,-17,0.5
27-Jan-2021,-17,0.9
28-Jan-2021,-17,-0.600000000000001
29-Jan-2021,-17,-0.600000000000001
01-Feb-2021,-17,-0.299999999999999
02-Feb-2021,-17,0.1
03-Feb-2021,-17,-0.800000000000001
04-Feb-2021,-18,0
05-Feb-2021,-18,-0.4
08-Feb-2021,-18,1.8
09-Feb-2021,-18,5.3
10-Feb-2021,-18,0.0999999999999987
11-Feb-2021,-16,0.1
12-Feb-2021,-16,-0.3
15-Feb-2021,-16,-0.3
16-Feb-2021,-16,-0.1
17-Feb-2021,-16,-0.5
18-Feb-2021,-15,0.1
19-Feb-2021,-15,0
22-Feb-2021,-15,-0.4
23-Feb-2021,-15,-1.1
24-Feb-2021,-15,1.6
25-Feb-2021,-22,0.4
26-Feb-2021,-18,-2.5
01-Mar-2021,-22,2.6
02-Mar-2021,-22,1.5
03-Mar-2021,-22,-0.5
04-Mar-2021,-22,-0.2
05-Mar-2021,-22,-0.5
08-Mar-2021,-22,-0.5
09-Mar-2021,-22,0.2
10-Mar-2021,-22,-0.1
11-Mar-2021,-22,-0.1
12-Mar-2021,-16,0.2
15-Mar-2021,-16,-0.7
16-Mar-2021,-16,-1.8
17-Mar-2021,-16,0
18-Mar-2021,-19,-1.8
19-Mar-2021,-19,0
22-Mar-2021,-19,-0.5
23-Mar-2021,-19,-0.4
24-Mar-2021,-19,0.6
25-Mar-2021,-23,3
26-Mar-2021,-23,2.6
29-Mar-2021,-23,-1.1
30-Mar-2021,-23,-3.7
31-Mar-2021,-19,-2.8
01-Apr-2021,-15,0.8
02-Apr-2021,-15,0.8
05-Apr-2021,-15,0
06-Apr-2021,-15,0.8
07-Apr-2021,-15,0.3
08-Apr-2021,-14,-0.1
09-Apr-2021,-14,-0.3
12-Apr-2021,-14,0.1
13-Apr-2021,-14,0.1
14-Apr-2021,-14,0.6
15-Apr-2021,-15,0.5
16-Apr-2021,-15,-0.2
19-Apr-2021,-15,0
20-Apr-2021,-15,-0.3
21-Apr-2021,-15,0.1
22-Apr-2021,-15,0.0999999999999999
23-Apr-2021,-15,-0.5
26-Apr-2021,-15,-1.1
27-Apr-2021,-15,-1.8
28-Apr-2021,-15,-1
29-Apr-2021,-14,-50
30-Apr-2021,-14,0.8
03-May-2021,-14,-0.7
04-May-2021,-14,-0.1
05-May-2021,-14,0
06-May-2021,-15,-0.0999999999999999
07-May-2021,-15,0
10-May-2021,-15,0.0999999999999999
11-May-2021,-15,0.0999999999999999
12-May-2021,-15,-0.2
13-May-2021,-16,1.1
14-May-2021,-16,0.7
17-May-2021,-16,-0.4
18-May-2021,-16,-0.1
19-May-2021,-16,-0.1
20-May-2021,-16,-0.4
21-May-2021,-16,-1.1
24-May-2021,-16,-0.6
25-May-2021,-16,-0.5
26-May-2021,-16,-0.35
27-May-2021,-17,-50.1
28-May-2021,-17,-49.7
31-May-2021,-17,-49.7
01-Jun-2021,-17,-48
02-Jun-2021,-17,-48.2
03-Jun-2021,-17,0.4
04-Jun-2021,-17,0.3
07-Jun-2021,-17,-0.1
08-Jun-2021,-17,0
09-Jun-2021,-19,0
10-Jun-2021,-16,-0.1
11-Jun-2021,-15,-0.1
14-Jun-2021,-16,-0.6
15-Jun-2021,-16,-0.1
16-Jun-2021,-16,0
17-Jun-2021,-17,-0.1
18-Jun-2021,-17,0.3
21-Jun-2021,-17,0
22-Jun-2021,-17,0
23-Jun-2021,-17,-0.2
24-Jun-2021,-16,0.9
25-Jun-2021,-16,-0.3
28-Jun-2021,-16,-0.7
29-Jun-2021,-16,-0.6
30-Jun-2021,-5,-0.6
01-Jul-2021,-6,-0.1
02-Jul-2021,-17,-0.1
05-Jul-2021,-17,-0.1
06-Jul-2021,-17,0
07-Jul-2021,-17,-0.2
08-Jul-2021,-17,0
09-Jul-2021,-17,0.0999999999999994
12-Jul-2021,-17,-0.2
13-Jul-2021,-17,0.0999999999999994
14-Jul-2021,-17,0.3
15-Jul-2021,-17,-0.5
16-Jul-2021,-17,-0.700000000000001
19-Jul-2021,-17,-0.3
20-Jul-2021,-17,0
21-Jul-2021,-17,-0.2
22-Jul-2021,-18,-0.1
23-Jul-2021,-18,-0.5
26-Jul-2021,-18,0
27-Jul-2021,-18,0.1
28-Jul-2021,-18,0
29-Jul-2021,-18,0
30-Jul-2021,-18,0
02-Aug-2021,-18,2.6
03-Aug-2021,-18,0.800000000000001
04-Aug-2021,-18,0.4
05-Aug-2021,-18,0.3
06-Aug-2021,-18,0.1
09-Aug-2021,-18,0.7
10-Aug-2021,-18,-0.4
11-Aug-2021,-18,-0.4
12-Aug-2021,-19,0.4
13-Aug-2021,-19,0.0999999999999994
16-Aug-2021,-18,0.5
17-Aug-2021,-18,0.3
18-Aug-2021,-18,0.1
19-Aug-2021,-17,0.2
20-Aug-2021,-17,0.1
23-Aug-2021,-18,0.2
24-Aug-2021,-18,0.2
25-Aug-2021,-17,-0.199999999999999
26-Aug-2021,-17,0
27-Aug-2021,-16,0
30-Aug-2021,-16,0.3
31-Aug-2021,-12,0.1
01-Sep-2021,-18,1.1
02-Sep-2021,-20,0
03-Sep-2021,-19,-0.1
06-Sep-2021,-19,-0.1
07-Sep-2021,-19,0
08-Sep-2021,-19,-0.3
09-Sep-2021,-17,-0.1
10-Sep-2021,-17,-0.199999999999999
13-Sep-2021,-17,-0.4
14-Sep-2021,-17,0.3
15-Sep-2021,-17,0.2
16-Sep-2021,-17,-0.4
17-Sep-2021,-17,0
20-Sep-2021,-17,0.1
21-Sep-2021,-17,0.4
22-Sep-2021,-17,0.4
23-Sep-2021,-17,-0.1
24-Sep-2021,-17,0.199999999999999
27-Sep-2021,-17,0.1
28-Sep-2021,-17,0.600000000000001
29-Sep-2021,-18,-0.3
30-Sep-2021,4,-0.9
01-Oct-2021,4,0
04-Oct-2021,4,0
05-Oct-2021,4,0
06-Oct-2021,4,-0.9
07-Oct-2021,4,0.3
08-Oct-2021,-12,0.2
11-Oct-2021,-13,0.2
12-Oct-2021,-12,0.1
13-Oct-2021,-12,-0.1
14-Oct-2021,-14,-0.2
15-Oct-2021,-14,0
18-Oct-2021,-14,0.6
19-Oct-2021,-14,-0.1
20-Oct-2021,-14,-0.2
21-Oct-2021,-5,0.5
22-Oct-2021,-5,-0.2
25-Oct-2021,-5,0.3
26-Oct-2021,-5,0.5
27-Oct-2021,-6,0.4
28-Oct-2021,12,-0.199999999999999
29-Oct-2021,22,0.6
01-Nov-2021,4,0
02-Nov-2021,4,0.6
03-Nov-2021,4,0.3
04-Nov-2021,-9,0.2
05-Nov-2021,-9,0.5
08-Nov-2021,-9,-0.1
09-Nov-2021,-8,0.3
10-Nov-2021,-8,0.3
11-Nov-2021,-25,0.3
12-Nov-2021,-25,0.4
15-Nov-2021,-25,0.2
16-Nov-2021,-24,-51.9
17-Nov-2021,-24,-0.1
18-Nov-2021,-19,-0.2
19-Nov-2021,-19,0.3
22-Nov-2021,-20,0.600000000000001
23-Nov-2021,-20,-0.4
24-Nov-2021,-20,0.199999999999999
25-Nov-2021,-24,0.199999999999999
26-Nov-2021,-24,-0.700000000000001
29-Nov-2021,-23,-0.1
30-Nov-2021,-21,0.4
01-Dec-2021,-21,2.1
02-Dec-2021,-18,0.5
03-Dec-2021,-18,0.5
06-Dec-2021,-19,0.1
07-Dec-2021,-18,0.1
08-Dec-2021,-20,0.199999999999999
09-Dec-2021,-23,-0.5
10-Dec-2021,-23,1.1
13-Dec-2021,-23,0.3
14-Dec-2021,-23,0.3
15-Dec-2021,-23,0.4
16-Dec-2021,-18,-0.5
17-Dec-2021,-21,-0.7
20-Dec-2021,-21,-1
21-Dec-2021,-21,-0.2
22-Dec-2021,-21,2.3
23-Dec-2021,-11,-0.2
24-Dec-2021,-11,-0.2
27-Dec-2021,-11,1.2
28-Dec-2021,-11,0.2
29-Dec-2021,-8,-0.1
30-Dec-2021,-2,-0.4
31-Dec-2021,3,3.2
03-Jan-2022,0,2
04-Jan-2022,-7,-0.3
05-Jan-2022,-13,-0.3
06-Jan-2022,-9,1.1
07-Jan-2022,-12,1.6
10-Jan-2022,-15,-3
11-Jan-2022,-18,-2.3
12-Jan-2022,-20,0.5
13-Jan-2022,-15,0.3
14-Jan-2022,-17,0.1
17-Jan-2022,-17,0.1
18-Jan-2022,-12,0.2
19-Jan-2022,-12,-0.6
20-Jan-2022,-6,1.7
21-Jan-2022,-6,1.7
24-Jan-2022,3,1.9
25-Jan-2022,-7,-0.2
26-Jan-2022,-7,-0.2
27-Jan-2022,-0.999999999999998,-1.2
28-Jan-2022,-0.999999999999998,3.1
31-Jan-2022,-0.999999999999998,0
01-Feb-2022,11,-0.9
02-Feb-2022,14,-0.600000000000001
03-Feb-2022,29,-1.3
04-Feb-2022,-9,0.0999999999999994
07-Feb-2022,-7,2.1
08-Feb-2022,-7,2.1
09-Feb-2022,-6,1.1
10-Feb-2022,-6,-0.6
11-Feb-2022,-6,-0.8
14-Feb-2022,-6,-0.700000000000001
15-Feb-2022,-8,0.199999999999999
16-Feb-2022,-9,-0.4
17-Feb-2022,8,0.5
18-Feb-2022,8,0.199999999999999
21-Feb-2022,11,0.199999999999999
22-Feb-2022,11,-0.1
23-Feb-2022,13,-0.4
24-Feb-2022,1,0
25-Feb-2022,1,-0.1
28-Feb-2022,1,0.1
01-Mar-2022,-17,-0.8
02-Mar-2022,-17,-0.3
03-Mar-2022,-6,0.2
04-Mar-2022,-6,0
07-Mar-2022,-11,-0.6
08-Mar-2022,-13,-0.4
09-Mar-2022,-13,0.199999999999999
10-Mar-2022,-3,-1.4
11-Mar-2022,-0.999999999999995,-0.3
14-Mar-2022,-0.999999999999995,2
15-Mar-2022,-6,-0.6
16-Mar-2022,-6,-0.5
17-Mar-2022,-16,-3.3
18-Mar-2022,-20,-0.600000000000001
21-Mar-2022,-19,-1.2
22-Mar-2022,-17,-0.4
23-Mar-2022,-1.99999999999999,-1.1
24-Mar-2022,-7.00000000000001,-1.3
25-Mar-2022,-9,-0.600000000000001
28-Mar-2022,-10,1.5
29-Mar-2022,-7.00000000000001,1.4
30-Mar-2022,-7.00000000000001,-0.700000000000001
31-Mar-2022,-4,18.2
01-Apr-2022,-8,0
04-Apr-2022,-8,-1.2
05-Apr-2022,-8,-0.700000000000001
06-Apr-2022,-8,0
07-Apr-2022,-3.99999999999999,0.3
08-Apr-2022,-4.99999999999999,0.600000000000001
11-Apr-2022,-4.99999999999999,-0.5
12-Apr-2022,-6.99999999999999,-2.3
13-Apr-2022,-6.99999999999999,0.4
14-Apr-2022,0,-0.2
15-Apr-2022,0,-0.2
18-Apr-2022,0,0.1
19-Apr-2022,-1,-1.6
20-Apr-2022,-1,-1.3
21-Apr-2022,2,-6.6
22-Apr-2022,2,-2.7
25-Apr-2022,2,-2
26-Apr-2022,2,-2.3
27-Apr-2022,2,-0.899999999999995
28-Apr-2022,15,-0.4
29-Apr-2022,15,-0.800000000000001
02-May-2022,15,-0.700000000000001
03-May-2022,15,0
04-May-2022,15,0.5
05-May-2022,-9,-1.5
06-May-2022,-5.99999999999999,-0.4
09-May-2022,-6.99999999999999,0.800000000000001
10-May-2022,-9,0.3
11-May-2022,-9,0.600000000000001
12-May-2022,-9,-0.3
13-May-2022,-9,-0.3
16-May-2022,-9,0.600000000000001
17-May-2022,-9,0
18-May-2022,-9,-0.1
19-May-2022,1,-0.600000000000001
20-May-2022,1,-1.1
23-May-2022,1,-1.5
24-May-2022,1,-0.800000000000001
25-May-2022,0,0.2
26-May-2022,6.00000000000001,-0.1
27-May-2022,6.00000000000001,0.800000000000001
30-May-2022,6.00000000000001,0.800000000000001
31-May-2022,-2,-0.4
01-Jun-2022,-6.00000000000001,0.3
02-Jun-2022,-6.00000000000001,-0.5
03-Jun-2022,-6.00000000000001,1.8
06-Jun-2022,-6.00000000000001,0.3
07-Jun-2022,-7.00000000000001,1.6
08-Jun-2022,-8.00000000000001,0.4
09-Jun-2022,6.00000000000001,-0.1
10-Jun-2022,6.00000000000001,-0.600000000000001
13-Jun-2022,5,0.700000000000001
14-Jun-2022,-1,-0.900000000000001
15-Jun-2022,-1,-1.9
16-Jun-2022,-21,-5
17-Jun-2022,-21,0.4
20-Jun-2022,-19,0.4
21-Jun-2022,-19,-1.2
22-Jun-2022,-19,-0.600000000000001
23-Jun-2022,-44,0.500000000000012
24-Jun-2022,-44,-0.100000000000011
27-Jun-2022,-45,-0.89999999999999
28-Jun-2022,-45,-3.4
29-Jun-2022,-43,-6.29999999999999
30-Jun-2022,-25,0.700000000000012
01-Jul-2022,-23,0.099999999999989
04-Jul-2022,-23,0.099999999999989
05-Jul-2022,-26,7.60000000000001
06-Jul-2022,-27,-0.2
07-Jul-2022,-22,0.2
08-Jul-2022,-26,-37.4
11-Jul-2022,-28,0
12-Jul-2022,-32,-0.300000000000011
13-Jul-2022,-38,-0.900000000000012
14-Jul-2022,-38,-3.30000000000001
15-Jul-2022,-40,0.099999999999989
18-Jul-2022,-41,-0.89999999999999
19-Jul-2022,-43,-0.100000000000011
20-Jul-2022,-43,0
21-Jul-2022,-23,0
22-Jul-2022,-23,0
25-Jul-2022,-23,-1.4
26-Jul-2022,-23,-0.700000000000012
27-Jul-2022,-23,-2.2
28-Jul-2022,-15,0.099999999999989
29-Jul-2022,-15,-3.79999999999998
01-Aug-2022,-15,-0.200000000000022
02-Aug-2022,8.00000000000001,0.199999999999978
03-Aug-2022,13,-0.800000000000001
04-Aug-2022,-25,-0.700000000000012
05-Aug-2022,-25,-1.10000000000001
08-Aug-2022,-23,-1.10000000000001
09-Aug-2022,-23,0.199999999999978
10-Aug-2022,-23,-3.30000000000004
11-Aug-2022,-29,-0.800000000000001
12-Aug-2022,-29,0.499999999999989
15-Aug-2022,-29,-0.300000000000011
16-Aug-2022,-29,0.199999999999978
17-Aug-2022,-33,0
18-Aug-2022,-13,0.099999999999989
19-Aug-2022,-13,-1.29999999999999
22-Aug-2022,-13,-2.30000000000001
23-Aug-2022,-15,-0.4
24-Aug-2022,-15,-1.30000000000003
25-Aug-2022,0,1.10000000000001
26-Aug-2022,-5,1.00000000000002
29-Aug-2022,-5,0.800000000000001
30-Aug-2022,-5,1.29999999999999
31-Aug-2022,-2,0.300000000000011
01-Sep-2022,32,0.300000000000011
02-Sep-2022,32,0
05-Sep-2022,32,0
06-Sep-2022,32,0.800000000000001
07-Sep-2022,38,-2.09999999999999
08-Sep-2022,33,-1.30000000000003
09-Sep-2022,33,-0.099999999999989
12-Sep-2022,43,-0.099999999999989
13-Sep-2022,43,-1.2
14-Sep-2022,43,-1.6
15-Sep-2022,68,-0.599999999999978
16-Sep-2022,68,-0.300000000000011
19-Sep-2022,68,-0.200000000000022
20-Sep-2022,68,-2.19999999999998
21-Sep-2022,68,-0.89999999999999
22-Sep-2022,40,1.89999999999997
23-Sep-2022,88,-2.8
26-Sep-2022,57,-0.599999999999978
27-Sep-2022,53,-3.29999999999999
28-Sep-2022,23,-1.10000000000001
29-Sep-2022,32,-0.999999999999979
30-Sep-2022,85,2.09999999999999
03-Oct-2022,88,-0.89999999999999
04-Oct-2022,88,1.40000000000002
05-Oct-2022,81,0.099999999999989
06-Oct-2022,81,-0.300000000000011
07-Oct-2022,68,0.100000000000033
10-Oct-2022,63,0.100000000000033
11-Oct-2022,56,-0.4
12-Oct-2022,57,-0.700000000000012
13-Oct-2022,57,1.6
14-Oct-2022,58,0.200000000000022
17-Oct-2022,58,-0.199999999999978
18-Oct-2022,58,-1.29999999999999
19-Oct-2022,58,-0.4
20-Oct-2022,43,-0.500000000000034
21-Oct-2022,43,-1.90000000000001
24-Oct-2022,43,-0.199999999999978
25-Oct-2022,43,0
26-Oct-2022,43,0.4
27-Oct-2022,-60,0.4
28-Oct-2022,-60,-0.4
31-Oct-2022,-2,-1.30000000000003
01-Nov-2022,-2,0.700000000000012
02-Nov-2022,-2,-1.2
03-Nov-2022,-79,-2.59999999999998
04-Nov-2022,29,0.999999999999979
07-Nov-2022,26,0.200000000000022
08-Nov-2022,26,0
09-Nov-2022,24,0
10-Nov-2022,21,0.300000000000011
11-Nov-2022,21,0.300000000000011
14-Nov-2022,21,0.099999999999989
15-Nov-2022,22,-0.199999999999978
16-Nov-2022,24,0.500000000000034
17-Nov-2022,23,0.199999999999978
18-Nov-2022,29,-0.300000000000011
21-Nov-2022,29,-1.69999999999999
22-Nov-2022,29,-0.099999999999989
23-Nov-2022,29,1.2
24-Nov-2022,42,1.2
25-Nov-2022,42,1.40000000000002
28-Nov-2022,42,-0.199999999999978
29-Nov-2022,42,-0.200000000000022
30-Nov-2022,42,-2
01-Dec-2022,54,0.600000000000023
02-Dec-2022,54,0.199999999999978
05-Dec-2022,54,-0.700000000000012
06-Dec-2022,54,-0.89999999999999
07-Dec-2022,44,0
08-Dec-2022,44,-0.500000000000034
09-Dec-2022,44,-0.200000000000022
12-Dec-2022,44,-1.00000000000002
13-Dec-2022,44,-0.499999999999989
14-Dec-2022,44,0.200000000000022
15-Dec-2022,51,-1.70000000000003
16-Dec-2022,-0.999999999999979,1.29999999999999
19-Dec-2022,5.00000000000003,-0.499999999999989
20-Dec-2022,5.00000000000003,0.900000000000034
21-Dec-2022,5.00000000000003,0
22-Dec-2022,-50,0.199999999999978
23-Dec-2022,-50,1.30000000000008
26-Dec-2022,-50,1.30000000000008
27-Dec-2022,-50,-1.10000000000001
28-Dec-2022,-50,-0.100000000000033
29-Dec-2022,-50,0.399999999999956
30-Dec-2022,-62,0
02-Jan-2023,-62,0
03-Jan-2023,-52,-0.399999999999956
04-Jan-2023,-54,-0.100000000000033
05-Jan-2023,-5.00000000000003,-0.200000000000067
06-Jan-2023,-8.00000000000001,0.600000000000023
09-Jan-2023,-10,-0.499999999999989
10-Jan-2023,-10,-0.999999999999979
11-Jan-2023,-10,-0.500000000000078
12-Jan-2023,15,-0.900000000000034
13-Jan-2023,15,-0.499999999999989
16-Jan-2023,15,-0.499999999999989
17-Jan-2023,15,0
18-Jan-2023,15,-0.700000000000056
19-Jan-2023,20,0.999999999999979
20-Jan-2023,20,-0.699999999999967
23-Jan-2023,20,-1.10000000000001
24-Jan-2023,20,0.900000000000034
25-Jan-2023,20,0.200000000000067
26-Jan-2023,30,0.199999999999978
27-Jan-2023,30,-0.700000000000056
30-Jan-2023,7.99999999999996,-0.999999999999979
31-Jan-2023,-7.00000000000003,-0.299999999999923
01-Feb-2023,-7.00000000000003,-26.3999999999999
02-Feb-2023,-4.99999999999998,-0.699999999999967
03-Feb-2023,-6.00000000000001,-1.10000000000001
06-Feb-2023,0,-0.699999999999967
07-Feb-2023,-8.00000000000001,-0.699999999999967
08-Feb-2023,-8.00000000000001,-0.800000000000001
09-Feb-2023,-15,1.10000000000001
10-Feb-2023,-15,-0.399999999999956
13-Feb-2023,-17,-0.399999999999956
14-Feb-2023,-17,0.199999999999978
15-Feb-2023,-17,-0.999999999999979
16-Feb-2023,-9.00000000000003,0.100000000000033
17-Feb-2023,-9.00000000000003,0.199999999999978
20-Feb-2023,-9.00000000000003,0.199999999999978
21-Feb-2023,-9.00000000000003,-1.20000000000005
22-Feb-2023,-9.00000000000003,0.499999999999989
23-Feb-2023,-2,0.100000000000033
24-Feb-2023,-2,0
27-Feb-2023,-4.99999999999998,-0.599999999999934
28-Feb-2023,-4.99999999999998,-1.29999999999999
01-Mar-2023,-4.99999999999998,-1.70000000000003
02-Mar-2023,4.99999999999998,-0.300000000000011
03-Mar-2023,4.99999999999998,1.79999999999998
06-Mar-2023,4.99999999999998,-0.400000000000045
07-Mar-2023,4,-0.200000000000067
08-Mar-2023,0.999999999999979,-1.40000000000002
09-Mar-2023,9.99999999999996,0.600000000000023
10-Mar-2023,9.99999999999996,-0.600000000000023
13-Mar-2023,13,-0.499999999999989
14-Mar-2023,13,-3.89999999999997
15-Mar-2023,9.99999999999996,-3.2
16-Mar-2023,-8.99999999999999,1.10000000000001
17-Mar-2023,-8.99999999999999,-1.6
20-Mar-2023,-8.99999999999999,0.100000000000033
21-Mar-2023,-9.99999999999996,0.400000000000045
22-Mar-2023,-9.99999999999996,0
23-Mar-2023,-16,-0.300000000000011
24-Mar-2023,-16,0.699999999999967
27-Mar-2023,-15,0.999999999999979
28-Mar-2023,-15,0.899999999999945
29-Mar-2023,-15,2.29999999999997
30-Mar-2023,-10.0000000000001,1.20000000000005
31-Mar-2023,-14.0000000000001,3.60000000000005
03-Apr-2023,-11,-1.79999999999998
04-Apr-2023,-11,-1.30000000000008
05-Apr-2023,-11,-1.39999999999993
06-Apr-2023,-12,-1.40000000000002
07-Apr-2023,-12,-1.40000000000002
10-Apr-2023,-12,2.70000000000001
11-Apr-2023,-12,0.800000000000001
12-Apr-2023,-16,-0.800000000000001
13-Apr-2023,-8.00000000000001,1.50000000000006
14-Apr-2023,-10.0000000000001,-3.00000000000002
17-Apr-2023,-11,-0.0999999999999446
18-Apr-2023,-11,1.40000000000002
19-Apr-2023,-15,1.10000000000001
20-Apr-2023,-3.00000000000002,0.400000000000045
21-Apr-2023,-4.99999999999998,0.399999999999956
24-Apr-2023,-4.99999999999998,-1.6
25-Apr-2023,-4.99999999999998,-0.200000000000067
26-Apr-2023,-6.00000000000005,0.400000000000045
27-Apr-2023,-4,-2.09999999999999
28-Apr-2023,-5.99999999999996,2.4
01-May-2023,-5.99999999999996,-0.200000000000067
02-May-2023,2.00000000000005,0.0999999999999446
03-May-2023,2.00000000000005,-0.899999999999945
04-May-2023,1.99999999999996,-1.19999999999996
05-May-2023,1.99999999999996,0.300000000000011
08-May-2023,1.99999999999996,-0.600000000000023
09-May-2023,1.99999999999996,-1.20000000000005
10-May-2023,1.99999999999996,1.10000000000001
11-May-2023,1.99999999999996,0.600000000000023
12-May-2023,-18.0000000000001,-1.20000000000005
15-May-2023,-18.0000000000001,-0.600000000000023
16-May-2023,-18.0000000000001,0.800000000000001
17-May-2023,-18.0000000000001,0.199999999999978
18-May-2023,-3.00000000000002,-0.100000000000033
19-May-2023,-4,1.50000000000006
22-May-2023,-4,-1.19999999999996
23-May-2023,-4.99999999999998,-1.6
24-May-2023,-6.99999999999994,3.50000000000001
25-May-2023,11,-0.400000000000045
26-May-2023,8.00000000000001,-1.6
29-May-2023,8.00000000000001,-1.6
30-May-2023,8.00000000000001,-2.89999999999999
31-May-2023,8.00000000000001,-0.199999999999978
01-Jun-2023,8.00000000000001,-1.49999999999997
02-Jun-2023,7.00000000000003,-0.900000000000034
05-Jun-2023,5.00000000000007,0.600000000000023
06-Jun-2023,12,1.40000000000002
07-Jun-2023,12,1.39999999999993
08-Jun-2023,16,-1.10000000000001
09-Jun-2023,16,-1.00000000000007
12-Jun-2023,16,-0.999999999999979
13-Jun-2023,16,1.29999999999999
14-Jun-2023,16,0
15-Jun-2023,26,-0.100000000000033
16-Jun-2023,26,-0.300000000000011
19-Jun-2023,26,-0.300000000000011
20-Jun-2023,24,-1.6
21-Jun-2023,24,-2.09999999999999
22-Jun-2023,56,-0.699999999999967
23-Jun-2023,15,0.399999999999956
26-Jun-2023,15,0.699999999999967
27-Jun-2023,15,0.100000000000033
28-Jun-2023,15,-0.900000000000034
29-Jun-2023,21,-0.400000000000045
30-Jun-2023,19.9999999999999,-6.20000000000003
03-Jul-2023,19.9999999999999,-4.39999999999996
04-Jul-2023,19.9999999999999,-4.39999999999996
05-Jul-2023,19,-1.10000000000001
06-Jul-2023,27,0.199999999999978
07-Jul-2023,27,-0.399999999999956
10-Jul-2023,27,-0.600000000000023
11-Jul-2023,27,-3.59999999999996
12-Jul-2023,27,-1.70000000000003
13-Jul-2023,33,-0.100000000000033
14-Jul-2023,33,0.699999999999967
17-Jul-2023,33,-1.70000000000003
18-Jul-2023,33,0.999999999999979
19-Jul-2023,33,-0.699999999999967
20-Jul-2023,33,-2.09999999999999
21-Jul-2023,33,0.800000000000001
24-Jul-2023,33,-1.40000000000002
25-Jul-2023,33,-1.00000000000007
26-Jul-2023,33,1.50000000000006
27-Jul-2023,35.9999999999999,-0.499999999999989
28-Jul-2023,35.9999999999999,-7.20000000000001
31-Jul-2023,35.9999999999999,-0.800000000000001
01-Aug-2023,35.9999999999999,-0.700000000000056
02-Aug-2023,35.9999999999999,-0.200000000000067
03-Aug-2023,31,-3.59999999999996
04-Aug-2023,8.00000000000001,1.10000000000001
07-Aug-2023,8.00000000000001,0.100000000000033
08-Aug-2023,8.00000000000001,0.399999999999956
09-Aug-2023,8.00000000000001,-0.199999999999978
10-Aug-2023,8.00000000000001,-1.29999999999999
11-Aug-2023,8.00000000000001,0.900000000000034
14-Aug-2023,8.00000000000001,-1.09999999999992
15-Aug-2023,8.00000000000001,-0.200000000000067
16-Aug-2023,8.00000000000001,-0.800000000000001
17-Aug-2023,16,-1.09999999999992
18-Aug-2023,16,0.199999999999978
21-Aug-2023,16,-1.29999999999999
22-Aug-2023,13,4.90000000000004
23-Aug-2023,13,0
24-Aug-2023,15,0.199999999999978
25-Aug-2023,15,-0.999999999999979
28-Aug-2023,15,-0.100000000000033
29-Aug-2023,15,-1.00000000000007
30-Aug-2023,13.0000000000001,-2.20000000000002
31-Aug-2023,13,-0.800000000000001
01-Sep-2023,13,-1.19999999999996
04-Sep-2023,13,-1.19999999999996
05-Sep-2023,12,-0.600000000000023
06-Sep-2023,12,-0.800000000000001
07-Sep-2023,12,0.300000000000011
08-Sep-2023,12,-0.700000000000056
11-Sep-2023,12,0.900000000000034
12-Sep-2023,12,0
13-Sep-2023,12,0.400000000000045
14-Sep-2023,8.99999999999999,-0.600000000000023
15-Sep-2023,8.99999999999999,-0.100000000000033
18-Sep-2023,8.99999999999999,-0.499999999999989
19-Sep-2023,8.99999999999999,-0.100000000000033
20-Sep-2023,8.99999999999999,-0.399999999999956
21-Sep-2023,-0.999999999999979,0.100000000000033
22-Sep-2023,-0.999999999999979,-0.0999999999999446
25-Sep-2023,-0.999999999999979,-1.69999999999995
26-Sep-2023,-0.999999999999979,-0.500000000000078
27-Sep-2023,-0.999999999999979,-0.600000000000023
28-Sep-2023,-1.99999999999996,-2.29999999999997
29-Sep-2023,-1.99999999999996,-2.89999999999999
02-Oct-2023,-1.99999999999996,0.199999999999978
03-Oct-2023,-4,-0.100000000000033
04-Oct-2023,-4,-0.0999999999999446
05-Oct-2023,-4,-0.300000000000011
06-Oct-2023,-4,-0.800000000000001
09-Oct-2023,-4,-0.800000000000001
10-Oct-2023,-4,0.400000000000045
11-Oct-2023,-4,-0.899999999999945
12-Oct-2023,-3.00000000000002,-0.100000000000033
13-Oct-2023,-3.00000000000002,-0.600000000000023
16-Oct-2023,-3.00000000000002,-0.400000000000045
17-Oct-2023,-3.00000000000002,-5.99999999999996
18-Oct-2023,-3.00000000000002,-4.8
19-Oct-2023,2.00000000000005,-0.899999999999945
20-Oct-2023,4,-0.300000000000011
23-Oct-2023,4,-2.4
24-Oct-2023,3.00000000000002,-2.19999999999994
25-Oct-2023,2.00000000000005,-0.299999999999923
26-Oct-2023,-4,-0.100000000000033
27-Oct-2023,-4,0.499999999999989
30-Oct-2023,-4,0.499999999999989
31-Oct-2023,-4,0.499999999999989
01-Nov-2023,-4,0.299999999999923
02-Nov-2023,-4.99999999999998,-0.699999999999967
03-Nov-2023,-4.99999999999998,-0.899999999999945
06-Nov-2023,-4.99999999999998,-0.599999999999934
07-Nov-2023,-4.99999999999998,-0.700000000000056
08-Nov-2023,-4.99999999999998,-0.399999999999956
09-Nov-2023,-4,-0.500000000000078
10-Nov-2023,-4,-1.30000000000008
13-Nov-2023,-4,0.400000000000045
14-Nov-2023,-4,2.29999999999997
15-Nov-2023,-4,-0.300000000000011
16-Nov-2023,-12,-0.500000000000078
17-Nov-2023,-12,3.10000000000006
20-Nov-2023,-10.0000000000001,1.10000000000001
21-Nov-2023,-10.0000000000001,0.199999999999978
22-Nov-2023,-10.0000000000001,-4.60000000000003
23-Nov-2023,-10.0000000000001,-4.60000000000003
24-Nov-2023,-10.0000000000001,-0.800000000000001
27-Nov-2023,-10.0000000000001,-1.40000000000002
28-Nov-2023,-10.0000000000001,-1.70000000000003
29-Nov-2023,-10.0000000000001,-1.70000000000003
30-Nov-2023,-303,-1.6
01-Dec-2023,-303,-0.800000000000001
04-Dec-2023,-303,-1.29999999999999
05-Dec-2023,-303,4.09999999999995
06-Dec-2023,-303,2.4
07-Dec-2023,-303,-1.10000000000001
08-Dec-2023,-4.99999999999998,-3.80000000000003
11-Dec-2023,-4.99999999999998,-0.499999999999989
12-Dec-2023,-4.99999999999998,-0.100000000000033
13-Dec-2023,-4.99999999999998,-3.09999999999997
14-Dec-2023,-4.99999999999998,-2.89999999999999
15-Dec-2023,-13,-2.50000000000004
18-Dec-2023,-13,-0.0999999999999446
19-Dec-2023,-11,1.30000000000008
20-Dec-2023,-11,-1.00000000000007
21-Dec-2023,-3.00000000000002,-3.59999999999996
22-Dec-2023,-3.00000000000002,-0.500000000000078
25-Dec-2023,-3.00000000000002,-0.500000000000078
26-Dec-2023,-3.00000000000002,0.199999999999978
27-Dec-2023,-3.00000000000002,3.2
28-Dec-2023,-3.00000000000002,-2.09999999999999
29-Dec-2023,-4,1.20000000000005
01-Jan-2024,-4,1.20000000000005
02-Jan-2024,-4,-2.20000000000002
03-Jan-2024,-4,1.39999999999993
04-Jan-2024,-7.00000000000003,-2.30000000000006
05-Jan-2024,-7.00000000000003,1.20000000000005
08-Jan-2024,-7.00000000000003,0.800000000000001
09-Jan-2024,-7.00000000000003,1.99999999999996
10-Jan-2024,-7.00000000000003,1.20000000000005
11-Jan-2024,-8.99999999999999,1.00000000000007
12-Jan-2024,-8.99999999999999,0.600000000000023
15-Jan-2024,-6.99999999999994,0.600000000000023
16-Jan-2024,-6.99999999999994,1.29999999999999
17-Jan-2024,-6.99999999999994,-2.20000000000002
18-Jan-2024,-7.00000000000003,0.600000000000023
19-Jan-2024,-7.00000000000003,0.699999999999967
22-Jan-2024,-7.00000000000003,-1.6
23-Jan-2024,-7.00000000000003,-0.800000000000001
24-Jan-2024,-7.00000000000003,-0.999999999999979
25-Jan-2024,-7.00000000000003,0
26-Jan-2024,-7.00000000000003,-2.79999999999996
29-Jan-2024,-7.00000000000003,-6.70000000000002
30-Jan-2024,-7.00000000000003,-4.09999999999995
31-Jan-2024,-7.00000000000003,-1.49999999999997
01-Feb-2024,-7.00000000000003,-1.19999999999996
02-Feb-2024,-7.00000000000003,-4.29999999999993
05-Feb-2024,-7.00000000000003,-6.99999999999994
06-Feb-2024,-7.00000000000003,-1.70000000000003
07-Feb-2024,-7.00000000000003,-0.199999999999978
08-Feb-2024,-7.00000000000003,-1.69999999999995
09-Feb-2024,-7.00000000000003,-2.29999999999997
12-Feb-2024,-7.00000000000003,-1.79999999999998
13-Feb-2024,-7.00000000000003,-4
14-Feb-2024,-7.00000000000003,-1.39999999999993
15-Feb-2024,-14,1.90000000000001
16-Feb-2024,-14,-1.20000000000005
19-Feb-2024,-14,-1.20000000000005
20-Feb-2024,-14,-0.900000000000034
21-Feb-2024,-14,-0.699999999999967
22-Feb-2024,-11,0.100000000000033
23-Feb-2024,-11,-0.0999999999999446
26-Feb-2024,-11,0.600000000000023
27-Feb-2024,-11,0
28-Feb-2024,-11,-1.19999999999996
29-Feb-2024,-13,3.10000000000006
01-Mar-2024,-13,0.0999999999999446
04-Mar-2024,-13,-0.899999999999945
05-Mar-2024,-13,-1.80000000000007
06-Mar-2024,-13,0.699999999999967
07-Mar-2024,-12,-3.29999999999995
08-Mar-2024,-12,-5.20000000000005
11-Mar-2024,-12,-6.29999999999997
12-Mar-2024,-12,-1.70000000000003
13-Mar-2024,-12,-2.00000000000005
14-Mar-2024,-12,-2.00000000000005
15-Mar-2024,-12,0
18-Mar-2024,-12,0.299999999999923
19-Mar-2024,-12,-18.1
20-Mar-2024,-12,0.399999999999956
21-Mar-2024,-8.99999999999999,1.6
22-Mar-2024,-8.99999999999999,-2.20000000000002
25-Mar-2024,-8.99999999999999,-2.70000000000001
26-Mar-2024,-8.99999999999999,0.999999999999979
27-Mar-2024,-8.99999999999999,-3.59999999999996
28-Mar-2024,-8.99999999999999,-1.79999999999998
29-Mar-2024,-8.99999999999999,-1.79999999999998
01-Apr-2024,-8.99999999999999,0.800000000000001
02-Apr-2024,-8.99999999999999,-0.399999999999956
03-Apr-2024,-8.99999999999999,-5.40000000000003
04-Apr-2024,-11,-4.69999999999997
05-Apr-2024,-11,0.900000000000034
08-Apr-2024,-11,-0.199999999999978
09-Apr-2024,-11,-0.199999999999978
10-Apr-2024,-11,0.100000000000033
11-Apr-2024,-7.00000000000003,-0.199999999999978
12-Apr-2024,-7.00000000000003,0.200000000000067
15-Apr-2024,-7.00000000000003,-0.800000000000001
16-Apr-2024,-7.00000000000003,0.199999999999978
17-Apr-2024,-7.00000000000003,-1.29999999999999
18-Apr-2024,-8.99999999999999,0.900000000000034
19-Apr-2024,-8.99999999999999,-0.200000000000067
22-Apr-2024,-8.99999999999999,0.399999999999956
23-Apr-2024,-9.99999999999996,0.100000000000033
24-Apr-2024,-9.99999999999996,-2.09999999999999
25-Apr-2024,-9.99999999999996,-1.10000000000001
26-Apr-2024,-9.99999999999996,0.0999999999999446
29-Apr-2024,-9.99999999999996,-0.900000000000034
30-Apr-2024,-9.99999999999996,-1.6
01-May-2024,-9.99999999999996,-1.89999999999992
02-May-2024,-9.99999999999996,0.699999999999967
03-May-2024,-9.99999999999996,-2.09999999999999
06-May-2024,-9.99999999999996,-0.399999999999956
07-May-2024,-9.99999999999996,-0.900000000000034
08-May-2024,-9.99999999999996,-1.90000000000001
09-May-2024,-10.9999999999999,0
10-May-2024,-10.9999999999999,0.300000000000011
13-May-2024,-11.9999999999999,-1.30000000000008
14-May-2024,-11.9999999999999,0.800000000000001
15-May-2024,-11.9999999999999,-0.300000000000011
16-May-2024,-19,-1.70000000000003
17-May-2024,-19,-0.199999999999978
20-May-2024,-19.9999999999999,0.300000000000011
21-May-2024,-19.9999999999999,0.100000000000033
22-May-2024,-19.9999999999999,1.29999999999999
23-May-2024,-13,-1.70000000000003
24-May-2024,-13,-0.400000000000045
27-May-2024,-13,-0.400000000000045
28-May-2024,-13,-0.999999999999979
29-May-2024,-13,-1.30000000000008
30-May-2024,-13,6.79999999999996
31-May-2024,-13,-2.79999999999996
03-Jun-2024,-13,-0.0999999999999446
04-Jun-2024,-13,0.0999999999999446
05-Jun-2024,-13,0.199999999999978
06-Jun-2024,-14,-1.40000000000002
07-Jun-2024,-14,-2.50000000000004
10-Jun-2024,-14,-2.79999999999996
11-Jun-2024,-14,-0.100000000000033
12-Jun-2024,-14,0.600000000000023
13-Jun-2024,-11.9999999999999,0.100000000000033
14-Jun-2024,-11.9999999999999,0.600000000000023
17-Jun-2024,-11.9999999999999,-1.39999999999993
18-Jun-2024,-10.9999999999999,-0.499999999999989
19-Jun-2024,-10.9999999999999,-0.499999999999989
20-Jun-2024,-14.9999999999999,-3.50000000000001
21-Jun-2024,-14.9999999999999,0.300000000000011
24-Jun-2024,-14.9999999999999,-0.300000000000011
25-Jun-2024,-14.9999999999999,0.999999999999979
26-Jun-2024,-14.9999999999999,8.99999999999999
27-Jun-2024,-14.9999999999999,1.00000000000007
28-Jun-2024,-14.9999999999999,4
01-Jul-2024,-14.9999999999999,-4.10000000000004
02-Jul-2024,-14.9999999999999,-3.2
03-Jul-2024,-14.9999999999999,12.3
04-Jul-2024,-18,12.3
05-Jul-2024,-17,1.80000000000007
08-Jul-2024,-17,0.600000000000023
09-Jul-2024,-17,0
10-Jul-2024,-14.9999999999999,2.4
11-Jul-2024,-13,-1.99999999999996
12-Jul-2024,-13,5.20000000000005
15-Jul-2024,-13,0.699999999999967
16-Jul-2024,-13,0.600000000000023
17-Jul-2024,-13,0.800000000000001
18-Jul-2024,-13,0.600000000000023
19-Jul-2024,-13,-1.70000000000003
22-Jul-2024,-13,-2.50000000000004
23-Jul-2024,-13,0.499999999999989
24-Jul-2024,-11.9999999999999,-0.300000000000011
25-Jul-2024,-19,-0.900000000000034
26-Jul-2024,-19,1.69999999999995
29-Jul-2024,-18,1.10000000000001
30-Jul-2024,-18,-0.499999999999989
31-Jul-2024,-18,-2.59999999999998
01-Aug-2024,-22,0.200000000000067
02-Aug-2024,-22,1.50000000000006
05-Aug-2024,-22,-0.199999999999978
06-Aug-2024,-0.999999999999979,0.300000000000011
07-Aug-2024,-0.999999999999979,-0.300000000000011
08-Aug-2024,-12,-0.399999999999956
09-Aug-2024,-12,-3.39999999999998
12-Aug-2024,-12,1.79999999999998
13-Aug-2024,-12,1.6
14-Aug-2024,-12,6.50000000000004
15-Aug-2024,-14.9999999999999,-0.300000000000011
16-Aug-2024,-14.9999999999999,4.99999999999998
19-Aug-2024,-14.9999999999999,0.800000000000001
20-Aug-2024,-14.9999999999999,-0.699999999999967
21-Aug-2024,-14.9999999999999,0.100000000000033
22-Aug-2024,-14.9999999999999,-1.6
23-Aug-2024,-17,-1.20000000000005
26-Aug-2024,-17,0.600000000000023
27-Aug-2024,-17,-4.8
28-Aug-2024,-17,0.700000000000056
29-Aug-2024,-19,4.99999999999998
30-Aug-2024,-19,0.100000000000033
02-Sep-2024,-19,0.999999999999979
03-Sep-2024,-19,-1.29999999999999
04-Sep-2024,-18,-0.300000000000011
05-Sep-2024,-18,0.300000000000011
06-Sep-2024,-21,0.0999999999999446
09-Sep-2024,-21,-0.200000000000067
10-Sep-2024,-21,0
11-Sep-2024,-21,0
12-Sep-2024,-18,1.40000000000002
13-Sep-2024,-18,-0.399999999999956
16-Sep-2024,-18,0.100000000000033
17-Sep-2024,-18,-0.699999999999967
18-Sep-2024,-18,-0.399999999999956
19-Sep-2024,-21,0.199999999999978
20-Sep-2024,-21,0.499999999999989
23-Sep-2024,-21,-1.19999999999996
24-Sep-2024,-21,1.70000000000003
25-Sep-2024,-21,0.699999999999967
26-Sep-2024,-19,-0.100000000000033
27-Sep-2024,-19,0.600000000000023
30-Sep-2024,-19,-6.9
01-Oct-2024,-19,-2.70000000000001
02-Oct-2024,-19,2.09999999999999
03-Oct-2024,-22,0.499999999999989
04-Oct-2024,-22,0.499999999999989
07-Oct-2024,-22,0.199999999999978
08-Oct-2024,-22,0.199999999999978
09-Oct-2024,-22,-0.399999999999956
10-Oct-2024,-22,0.699999999999967
11-Oct-2024,-19,1.39999999999993
14-Oct-2024,-19,1.39999999999993
15-Oct-2024,-19,-1.6
16-Oct-2024,-17,0.600000000000023
17-Oct-2024,-24,0.499999999999989
18-Oct-2024,-24,0.899999999999945
21-Oct-2024,-24,2.70000000000001
22-Oct-2024,-24,1.20000000000005
23-Oct-2024,-26.0000000000001,0.300000000000011
24-Oct-2024,-22.0000000000001,0.200000000000067
25-Oct-2024,-20,0.900000000000034
28-Oct-2024,-20,2.79999999999996
29-Oct-2024,-16,0.199999999999978
30-Oct-2024,-16,0
31-Oct-2024,-13,-1.80000000000007
01-Nov-2024,-13,0.400000000000045
04-Nov-2024,-10.9999999999999,1.39999999999993
05-Nov-2024,-10.9999999999999,0.100000000000033
06-Nov-2024,-5.99999999999996,1.40000000000002
07-Nov-2024,-14.0000000000001,-0.300000000000011
08-Nov-2024,-14.0000000000001,-0.600000000000023
11-Nov-2024,-13,-0.600000000000023
12-Nov-2024,-13,-0.299999999999923
13-Nov-2024,-13,-0.300000000000011
14-Nov-2024,-11.9999999999999,4.60000000000003
15-Nov-2024,-11.9999999999999,0.0999999999999446
18-Nov-2024,-11.9999999999999,0.499999999999989
19-Nov-2024,-11.9999999999999,1.6
20-Nov-2024,-11.9999999999999,1.49999999999997
21-Nov-2024,-10.9999999999999,-0.499999999999989
22-Nov-2024,-10.9999999999999,1.6
25-Nov-2024,-10.9999999999999,1.80000000000007
26-Nov-2024,-10.9999999999999,0.699999999999967
27-Nov-2024,-10.9999999999999,1.90000000000001
28-Nov-2024,-10.9999999999999,1.90000000000001
29-Nov-2024,-11.9999999999999,-0.800000000000001
02-Dec-2024,-11.9999999999999,0.399999999999956
03-Dec-2024,-11.9999999999999,1.10000000000001
04-Dec-2024,-11.9999999999999,0.0999999999999446
05-Dec-2024,-11.9999999999999,1.6
06-Dec-2024,-11.9999999999999,0
09-Dec-2024,-11.9999999999999,0.100000000000033
10-Dec-2024,-11.9999999999999,1.50000000000006
11-Dec-2024,-11.9999999999999,1.29999999999999
12-Dec-2024,-11.9999999999999,1.50000000000006
13-Dec-2024,-11.9999999999999,-0.499999999999989
16-Dec-2024,-11.9999999999999,0.699999999999967
17-Dec-2024,-11.9999999999999,-0.0999999999999446
18-Dec-2024,-9.99999999999996,0.800000000000001
19-Dec-2024,-8.99999999999999,-4.10000000000004
20-Dec-2024,-8.99999999999999,-0.399999999999956
23-Dec-2024,-4,-0.300000000000011
24-Dec-2024,-4,0.400000000000045
25-Dec-2024,-4,0.400000000000045
26-Dec-2024,-4,9.10000000000002
27-Dec-2024,-4,1.49999999999997
30-Dec-2024,-4,4.60000000000003
31-Dec-2024,-4,4.49999999999999
01-Jan-2025,-4,4.49999999999999
02-Jan-2025,-11,1.89999999999992
03-Jan-2025,-11,2.80000000000005
06-Jan-2025,-10.0000000000001,0.999999999999979
07-Jan-2025,-10.0000000000001,-3.50000000000001
08-Jan-2025,-10.0000000000001,-0.400000000000045
09-Jan-2025,-11,-1.6
10-Jan-2025,-9.99999999999996,0.900000000000034
13-Jan-2025,-8.00000000000001,-0.300000000000011
14-Jan-2025,-8.00000000000001,-1.6
15-Jan-2025,-7.00000000000003,-0.0999999999999446
16-Jan-2025,-7.00000000000003,1.6
17-Jan-2025,-7.00000000000003,0
20-Jan-2025,-7.00000000000003,0
21-Jan-2025,-5.99999999999996,0
22-Jan-2025,-4.99999999999998,-2.80000000000005
23-Jan-2025,-19.9999999999999,-1.50000000000006
24-Jan-2025,-18,-1.39999999999993
27-Jan-2025,-18,0.800000000000001
28-Jan-2025,-17,-1.10000000000001
29-Jan-2025,-16,-0.499999999999989
30-Jan-2025,-16,-0.700000000000056
31-Jan-2025,-14,-0.899999999999945
03-Feb-2025,-13,0.300000000000011
04-Feb-2025,-9.99999999999996,-0.199999999999978
05-Feb-2025,-8.00000000000001,-0.400000000000045
06-Feb-2025,-8.00000000000001,-0.399999999999956
07-Feb-2025,-8.00000000000001,-1.09999999999992
10-Feb-2025,-8.00000000000001,-0.300000000000011
11-Feb-2025,-8.00000000000001,0.999999999999979
12-Feb-2025,-8.00000000000001,-0.499999999999989
13-Feb-2025,-8.00000000000001,-0.399999999999956
14-Feb-2025,-8.00000000000001,1.29999999999999
17-Feb-2025,-8.00000000000001,1.29999999999999
18-Feb-2025,-8.00000000000001,0.699999999999967
19-Feb-2025,-8.00000000000001,-0.499999999999989
20-Feb-2025,-8.00000000000001,-0.0999999999999446
21-Feb-2025,-8.00000000000001,0
24-Feb-2025,-8.00000000000001,-0.600000000000023
25-Feb-2025,-8.00000000000001,0.199999999999978
26-Feb-2025,-7.00000000000003,-3.10000000000006
27-Feb-2025,-7.00000000000003,-1.40000000000002
28-Feb-2025,-7.00000000000003,1.6
03-Mar-2025,-7.00000000000003,0.899999999999945
04-Mar-2025,-7.00000000000003,0.100000000000033
05-Mar-2025,-7.00000000000003,-0.699999999999967
06-Mar-2025,-9.99999999999996,-0.100000000000033
07-Mar-2025,-9.99999999999996,0
10-Mar-2025,-9.99999999999996,-1.40000000000002
11-Mar-2025,-9.99999999999996,0.300000000000011
12-Mar-2025,-9.99999999999996,0.199999999999978
13-Mar-2025,-9.99999999999996,-0.300000000000011
14-Mar-2025,-9.99999999999996,-1.19999999999996
17-Mar-2025,-9.99999999999996,0.100000000000033
18-Mar-2025,-9.99999999999996,1.20000000000005
19-Mar-2025,-9.99999999999996,0.300000000000011
20-Mar-2025,-9.99999999999996,-0.500000000000078
21-Mar-2025,-10.9999999999999,-0.499999999999989
24-Mar-2025,-10.9999999999999,-0.300000000000011
25-Mar-2025,-10.9999999999999,0.800000000000001
26-Mar-2025,-10.9999999999999,0.100000000000033
27-Mar-2025,-13,0.499999999999989
28-Mar-2025,-13,-0.699999999999967
31-Mar-2025,-13,-0.999999999999979
01-Apr-2025,-13,-0.300000000000011
02-Apr-2025,-13,-0.699999999999967
03-Apr-2025,-15.9999999999999,0.999999999999979
04-Apr-2025,-15.9999999999999,0.199999999999978
07-Apr-2025,-15.9999999999999,-1.40000000000002
08-Apr-2025,-15.9999999999999,-0.600000000000023
09-Apr-2025,-15.9999999999999,-1.99999999999996
10-Apr-2025,-21,-1.29999999999999
11-Apr-2025,-21,0.999999999999979
14-Apr-2025,-21,3.39999999999998
15-Apr-2025,-20,3.00000000000002
16-Apr-2025,-22.0000000000001,-0.399999999999956
17-Apr-2025,-23,0.400000000000045
18-Apr-2025,-23,0.400000000000045
21-Apr-2025,-23,1.40000000000002
22-Apr-2025,-23,1.49999999999997
23-Apr-2025,-23,2.20000000000002
24-Apr-2025,-23,-0.600000000000023
25-Apr-2025,-23,0.499999999999989
28-Apr-2025,-27,3.10000000000006
29-Apr-2025,-31,1.40000000000002
30-Apr-2025,-35,-2.69999999999992
01-May-2025,-38,-0.700000000000056
02-May-2025,-38,0
05-May-2025,-37,1.69999999999995
06-May-2025,-37,0
07-May-2025,-37,3.39999999999998
08-May-2025,-12,-0.699999999999967
09-May-2025,-14,0
12-May-2025,-14,-0.800000000000001
13-May-2025,-14,-0.499999999999989
14-May-2025,-14,0.300000000000011
15-May-2025,-8.00000000000001,-0.700000000000056
16-May-2025,-8.00000000000001,1.10000000000001
19-May-2025,-8.00000000000001,-0.999999999999979
20-May-2025,-8.00000000000001,-0.499999999999989
21-May-2025,-7.00000000000003,-0.399999999999956
22-May-2025,-9.99999999999996,0.999999999999979
23-May-2025,-8.00000000000001,-0.400000000000045
26-May-2025,-8.00000000000001,-0.400000000000045
27-May-2025,-4.99999999999998,7.59999999999996
28-May-2025,-6.99999999999994,6.70000000000002
29-May-2025,-12,6.09999999999999
30-May-2025,-16,8.59999999999994
02-Jun-2025,-12,8.09999999999995
03-Jun-2025,-14.0000000000001,5.79999999999998
04-Jun-2025,-14.0000000000001,-4.10000000000004
05-Jun-2025,-7.00000000000003,0.499999999999989
06-Jun-2025,-9.00000000000007,-0.199999999999978
09-Jun-2025,-9.00000000000007,-1.19999999999996
10-Jun-2025,-7.00000000000003,-1.6
11-Jun-2025,-7.00000000000003,-0.600000000000023
12-Jun-2025,-8.99999999999999,-0.700000000000056
13-Jun-2025,-7.00000000000003,0.699999999999967
16-Jun-2025,-7.00000000000003,4.69999999999997
17-Jun-2025,-7.00000000000003,-0.999999999999979
18-Jun-2025,-7.00000000000003,-4.10000000000004
19-Jun-2025,-7.00000000000003,-4.10000000000004
20-Jun-2025,-4.99999999999998,-3.89999999999997
23-Jun-2025,-4.99999999999998,0.300000000000011
24-Jun-2025,-4.99999999999998,2.09999999999999
25-Jun-2025,-7.00000000000003,-0.199999999999978
26-Jun-2025,-7.00000000000003,-1.79999999999998
27-Jun-2025,-23,-2.49999999999995
30-Jun-2025,-23,8.39999999999996
01-Jul-2025,-23,-2.30000000000006
02-Jul-2025,-18,-5.10000000000002
03-Jul-2025,-15,-0.100000000000033
04-Jul-2025,-15,-0.100000000000033
07-Jul-2025,-15,0.699999999999967
08-Jul-2025,-15,0.699999999999967
09-Jul-2025,-15,0.300000000000011
10-Jul-2025,-18,-1.99999999999996
11-Jul-2025,-18,-0.800000000000001
14-Jul-2025,-19.9999999999999,-2.70000000000001
15-Jul-2025,-18,4.30000000000001
16-Jul-2025,-18,-0.199999999999978
17-Jul-2025,-17,-0.699999999999967
18-Jul-2025,-15,-6.40000000000001
21-Jul-2025,-15,-4
22-Jul-2025,-15,-3.09999999999997
23-Jul-2025,-16,0.100000000000033
24-Jul-2025,-20,1.20000000000005
25-Jul-2025,-20,-0.0999999999999446
28-Jul-2025,-20,-2.79999999999996
29-Jul-2025,-20,-1.90000000000001
30-Jul-2025,-21,0
31-Jul-2025,-26,-1.20000000000005
01-Aug-2025,-26,-0.199999999999978
04-Aug-2025,-22,-0.199999999999978
05-Aug-2025,-22,0.800000000000001
06-Aug-2025,-16,-0.300000000000011
07-Aug-2025,2.00000000000005,0
08-Aug-2025,-6.99999999999994,-0.899999999999945
11-Aug-2025,-6.99999999999994,-1.6
12-Aug-2025,-6.99999999999994,-0.399999999999956
13-Aug-2025,-5.99999999999996,-3.39999999999998
14-Aug-2025,-4,1.49999999999997
15-Aug-2025,-4,3.59999999999996
18-Aug-2025,-4,1.40000000000002
19-Aug-2025,-4,0.800000000000001
20-Aug-2025,-4,-1.10000000000001
21-Aug-2025,-5.99999999999996,0.999999999999979
22-Aug-2025,-5.99999999999996,0.599999999999934
25-Aug-2025,-5.99999999999996,2.69999999999992
26-Aug-2025,-5.99999999999996,-1.99999999999996
27-Aug-2025,-5.99999999999996,-5.19999999999996
28-Aug-2025,-1.99999999999996,0.300000000000011
29-Aug-2025,-1.99999999999996,0.100000000000033
01-Sep-2025,-6.99999999999994,0.100000000000033
02-Sep-2025,-6.99999999999994,9.90000000000002
03-Sep-2025,-6.99999999999994,0.200000000000067
04-Sep-2025,-6.99999999999994,0
05-Sep-2025,-6.99999999999994,-2.79999999999996
08-Sep-2025,-4.99999999999998,-3.09999999999997
09-Sep-2025,-4.99999999999998,-0.199999999999978
10-Sep-2025,-4,-0.999999999999979
11-Sep-2025,-4,0.999999999999979
12-Sep-2025,-4,0.999999999999979
15-Sep-2025,-4.99999999999998,4.49999999999999
16-Sep-2025,-4,2.20000000000002
17-Sep-2025,-2.99999999999994,0.100000000000033
18-Sep-2025,-2.99999999999994,0.299999999999923
19-Sep-2025,-4.99999999999998,-1.19999999999996
22-Sep-2025,-4.99999999999998,-1.49999999999997
23-Sep-2025,-4.99999999999998,-1.89999999999992
24-Sep-2025,-6.99999999999994,-2.80000000000005
25-Sep-2025,-5.99999999999996,1.79999999999998
26-Sep-2025,-5.99999999999996,0.300000000000011
29-Sep-2025,-4.99999999999998,-2.30000000000006
30-Sep-2025,-4.99999999999998,11.6
01-Oct-2025,-5.99999999999996,0.499999999999989
02-Oct-2025,-4.99999999999998,0.800000000000001
03-Oct-2025,-4.99999999999998,0.100000000000033
06-Oct-2025,-4.99999999999998,-1.6
07-Oct-2025,-4,0.300000000000011
08-Oct-2025,-4,0.699999999999967
09-Oct-2025,-4.99999999999998,2.19999999999994
10-Oct-2025,-3.00000000000002,1.90000000000001
13-Oct-2025,-3.00000000000002,1.90000000000001
14-Oct-2025,0,0.999999999999979
15-Oct-2025,-1.99999999999996,6.9
16-Oct-2025,-2.99999999999994,-1.80000000000007
17-Oct-2025,-2.99999999999994,-0.999999999999979
20-Oct-2025,-4.99999999999998,1.69999999999995
21-Oct-2025,-5.99999999999996,5.19999999999996
22-Oct-2025,-5.99999999999996,2.69999999999992
23-Oct-2025,-5.99999999999996,-0.300000000000011
24-Oct-2025,-5.99999999999996,0.999999999999979
27-Oct-2025,-5.99999999999996,3.10000000000006
28-Oct-2025,-5.99999999999996,5.6
29-Oct-2025,-27.9999999999999,-2.29999999999997
30-Oct-2025,-31.9999999999999,-19
31-Oct-2025,-8.00000000000001,-0.199999999999978
03-Nov-2025,-8.99999999999999,-18.8
04-Nov-2025,-6.99999999999994,-26
05-Nov-2025,-4.99999999999998,-1.10000000000001
06-Nov-2025,-3.00000000000002,2.49999999999999
07-Nov-2025,-18.0000000000001,1.6
10-Nov-2025,-16,0.89999999999999
11-Nov-2025,-16,0.89999999999999
12-Nov-2025,-16,1.69999999999999
13-Nov-2025,-13,-4.49999999999999
14-Nov-2025,-13,-0.100000000000033
17-Nov-2025,-11,2.00000000000005
18-Nov-2025,-11,-4.99999999999994
19-Nov-2025,-11,0.499999999999989
20-Nov-2025,-15,-0.600000000000023
21-Nov-2025,-15,-2.70000000000001
24-Nov-2025,-15,-0.099999999999989
25-Nov-2025,-15,4.8
26-Nov-2025,-15,0.4
27-Nov-2025,-18,0.4
28-Nov-2025,-20,-3.59999999999996
01-Dec-2025,-20,0.900000000000034
02-Dec-2025,-19,-0.400000000000045
03-Dec-2025,-19,-1.79999999999998
04-Dec-2025,-21,1.2
05-Dec-2025,-21,2.09999999999999
08-Dec-2025,-19,2
09-Dec-2025,-19,-0.700000000000012
10-Dec-2025,-19,-0.199999999999978
11-Dec-2025,-21,-21.6
12-Dec-2025,-21,1.00000000000002
15-Dec-2025,-22,-0.800000000000001
16-Dec-2025,-22,0
17-Dec-2025,-22,-1.2
18-Dec-2025,-23,-2.8
19-Dec-2025,-2,-1.30000000000003
22-Dec-2025,-6.99999999999998,0.4
23-Dec-2025,-6.99999999999998,-3.10000000000001
24-Dec-2025,-20,-5.30000000000004
25-Dec-2025,-20,-5.30000000000004
26-Dec-2025,-20,-5.2
29-Dec-2025,-2.99999999999998,-5.79999999999998
30-Dec-2025,-0.999999999999979,-8.5
31-Dec-2025,-8.99999999999999,-0.300000000000011
01-Jan-2026,-8.99999999999999,-0.300000000000011
02-Jan-2026,-4,-11.8
05-Jan-2026,-4,0.300000000000011
06-Jan-2026,-4,-2.4
07-Jan-2026,-2,-0.200000000000022
08-Jan-2026,-8.99999999999999,0.199999999999978
09-Jan-2026,-6.99999999999998,0.099999999999989
12-Jan-2026,-6.99999999999998,0.099999999999989
13-Jan-2026,-6.99999999999998,-0.600000000000023
14-Jan-2026,-6.99999999999998,-2.20000000000002
15-Jan-2026,-6.99999999999998,1.6
16-Jan-2026,-6.99999999999998,0.199999999999978
19-Jan-2026,-6.99999999999998,0.199999999999978
20-Jan-2026,-6.99999999999998,-1.30000000000003
21-Jan-2026,-6.99999999999998,-2.30000000000001
22-Jan-2026,-5.00000000000003,-0.500000000000034
23-Jan-2026,-5.00000000000003,-0.800000000000001
26-Jan-2026,-6.00000000000001,-0.499999999999989
27-Jan-2026,-6.00000000000001,1.69999999999999
28-Jan-2026,-6.00000000000001,0.499999999999989
29-Jan-2026,-4,3.29999999999999
30-Jan-2026,-4,-0.700000000000012
02-Feb-2026,-4,-0.099999999999989
03-Feb-2026,-4,-0.300000000000011
04-Feb-2026,-2,-5.90000000000002
05-Feb-2026,-7.99999999999996,-0.300000000000011
06-Feb-2026,-7.99999999999996,-0.800000000000001
09-Feb-2026,-6.99999999999998,0.299999999999967
10-Feb-2026,-6.99999999999998,4.8
11-Feb-2026,-6.99999999999998,3.29999999999999
12-Feb-2026,-8.00000000000001,-1.50000000000001
13-Feb-2026,-8.00000000000001,-0.300000000000011
16-Feb-2026,-8.00000000000001,-0.300000000000011
17-Feb-2026,-8.00000000000001,2.99999999999998
18-Feb-2026,-8.00000000000001,-0.89999999999999
19-Feb-2026,-16,0.4
20-Feb-2026,-16,-2
23-Feb-2026,-18,1.00000000000002
24-Feb-2026,-18,3.2
25-Feb-2026,-18,0.4
26-Feb-2026,-18,0.600000000000023
27-Feb-2026,-25,-3.2
02-Mar-2026,-22,1.09999999999997
03-Mar-2026,-22,0.89999999999999
04-Mar-2026,-19,-0.89999999999999
05-Mar-2026,-9.99999999999996,-1.6
06-Mar-2026,-9.99999999999996,-2.99999999999998
09-Mar-2026,-9.99999999999996,-0.700000000000012
10-Mar-2026,-8.99999999999999,-0.100000000000033
11-Mar-2026,-8.99999999999999,-0.600000000000023
12-Mar-2026,-5.00000000000003,-0.800000000000001
13-Mar-2026,-5.00000000000003,-0.099999999999989
16-Mar-2026,-5.00000000000003,5.10000000000002
17-Mar-2026,-5.00000000000003,0.499999999999989
18-Mar-2026,-5.00000000000003,0.099999999999989
19-Mar-2026,4,0.599999999999978
20-Mar-2026,4,0
23-Mar-2026,4,-0.4
24-Mar-2026,4,1.79999999999998
25-Mar-2026,4,-0.099999999999989
26-Mar-2026,10,-0.999999999999979
27-Mar-2026,10,-2.09999999999999
30-Mar-2026,10,-0.499999999999989
31-Mar-2026,4,-0.300000000000011
01-Apr-2026,10,-3.50000000000001
02-Apr-2026,7.00000000000003,-0.600000000000023
03-Apr-2026,7.00000000000003,-0.600000000000023
06-Apr-2026,7.00000000000003,-4.20000000000003
07-Apr-2026,7.00000000000003,-4.09999999999999
08-Apr-2026,7.00000000000003,0.300000000000011
09-Apr-2026,8.00000000000001,1.6
10-Apr-2026,8.00000000000001,0
13-Apr-2026,8.00000000000001,0.099999999999989
14-Apr-2026,8.00000000000001,0.800000000000001
15-Apr-2026,8.00000000000001,-0.800000000000001
16-Apr-2026,8.00000000000001,0.4
17-Apr-2026,8.00000000000001,0
20-Apr-2026,8.00000000000001,0
21-Apr-2026,8.00000000000001,0
22-Apr-2026,8.00000000000001,0
23-Apr-2026,2.99999999999998,0.499999999999989
24-Apr-2026,2.99999999999998,-1.30000000000003
27-Apr-2026,2.99999999999998,-1.10000000000001
28-Apr-2026,2.99999999999998,-1.2
29-Apr-2026,2.99999999999998,-0.300000000000011
30-Apr-2026,2,3.2
01-May-2026,2,0
04-May-2026,2,-0.500000000000034
05-May-2026,2,-1.6
06-May-2026,2,-2
07-May-2026,-3.00000000000002,0.4
08-May-2026,-3.00000000000002,-0.800000000000001
11-May-2026,-3.00000000000002,0.4
12-May-2026,-3.00000000000002,0.199999999999978
13-May-2026,-4,-4.49999999999999
14-May-2026,-8.99999999999999,-5.80000000000003
15-May-2026,-8.99999999999999,-4
18-May-2026,-8.99999999999999,-9.50000000000002
19-May-2026,-8.99999999999999,-12
20-May-2026,-8.99999999999999,-12
